0	0.337	0.103	0	0	0.987	500.988	0	0.04905	0	0	-3.30597	
0.01	0.337	0.103	2.19976	0	0.433161	-223.219	0	-113.045	0	0	-3.30597	
0.02	0.337	0.103	-0.0324341	0	-0.698268	-223.219	0	-113.143	0	0	-3.30597	
0.03	0.337	0.103	-1.74356	0	-1.40946	70.2785	0	103.855	0	0	-3.30597	
0.04	0.337	0.103	-1.04077	0	-0.371887	70.2785	0	103.757	0	0	-3.30597	
0.05	0.337	0.103	-0.337988	0	0.664702	70.2785	0	103.659	0	0	-3.30597	
0.06	0.337	0.103	0.364797	0	1.70031	70.2785	0	103.561	0	0	-3.30597	
0.07	0.337	0.103	0.815254	0	2.08852	-3.56856	0	-62.746	0	0	-3.30597	
0.08	0.337	0.103	0.779568	0	1.46008	-3.56856	0	-62.8441	0	0	-3.30597	
0.09	0.337	0.103	0.743883	0	0.830659	-3.56856	0	-62.9422	0	0	-3.30597	
0.1	0.337	0.103	0.708197	0	0.200256	-3.56856	0	-63.0403	0	0	-3.30597	
0.11	0.337	0.103	0.672511	0	-0.431128	-3.56856	0	-63.1384	0	0	-3.30597	
0.12	0.337	0.103	0.636826	0	-1.06349	-3.56856	0	-63.2365	0	0	-3.30597	
0.13	0.337	0.103	0.60114	0	-1.69684	-3.56856	0	-63.3346	0	0	-3.30597	
0.14	0.337	0.103	0.528501	0	-2.17882	-19.5544	0	25.9147	0	0	-3.30597	
0.15	0.337	0.103	0.332956	0	-1.92065	-19.5544	0	25.8166	0	0	-3.30597	
0.16	0.337	0.103	0.137412	0	-1.66347	-19.5544	0	25.7185	0	0	-3.30597	
0.17	0.337	0.103	-0.0581323	0	-1.40726	-19.5544	0	25.6204	0	0	-3.30597	
0.18	0.337	0.103	-0.253677	0	-1.15204	-19.5544	0	25.5223	0	0	-3.30597	
0.19	0.337	0.103	-0.449221	0	-0.897799	-19.5544	0	25.4242	0	0	-3.30597	
0.2	0.337	0.103	-0.644765	0	-0.644538	-19.5544	0	25.3261	0	0	-3.30597	
0.21	0.337	0.103	-0.84031	0	-0.392258	-19.5544	0	25.228	0	0	-3.30597	
0.22	0.337	0.103	-1.03585	0	-0.140959	-19.5544	0	25.1299	0	0	-3.30597	
0.23	0.337	0.103	-1.2314	0	0.109359	-19.5544	0	25.0318	0	0	-3.30597	
0.24	0.337	0.103	-1.42694	0	0.358696	-19.5544	0	24.9337	0	0	-3.30597	
0.25	0.337	0.103	-1.62249	0	0.607052	-19.5544	0	24.8356	0	0	-3.30597	
0.26	0.337	0.103	-1.81803	0	0.854427	-19.5544	0	24.7375	0	0	-3.30597	
0.27	0.337	0.103	-1.96721	0	1.07547	16.5683	0	0.706405	0	0	-3.30597	
0.28	0.337	0.103	-1.80153	0	1.08156	16.5683	0	0.608305	0	0	-3.30597	
0.29	0.337	0.103	-1.63585	0	1.08666	16.5683	0	0.510205	0	0	-3.30597	
0.3	0.337	0.103	-1.47016	0	1.09078	16.5683	0	0.412105	0	0	-3.30597	
0.31	0.337	0.103	-1.30448	0	1.09392	16.5683	0	0.314005	0	0	-3.30597	
0.32	0.337	0.103	-1.1388	0	1.09608	16.5683	0	0.215905	0	0	-3.30597	
0.33	0.337	0.103	-0.973112	0	1.09726	16.5683	0	0.117805	0	0	-3.30597	
0.34	0.337	0.103	-0.807428	0	1.09745	16.5683	0	0.0197048	0	0	-3.30597	
0.35	0.337	0.103	-0.641745	0	1.09667	16.5683	0	-0.0783952	0	0	-3.30597	
0.36	0.337	0.103	-0.476062	0	1.0949	16.5683	0	-0.176495	0	0	-3.30597	
0.37	0.337	0.103	-0.310379	0	1.09216	16.5683	0	-0.274595	0	0	-3.30597	
0.38	0.337	0.103	-0.144695	0	1.08843	16.5683	0	-0.372695	0	0	-3.30597	
0.39	0.337	0.103	0.020988	0	1.08372	16.5683	0	-0.470795	0	0	-3.30597	
0.4	0.337	0.103	0.186671	0	1.07803	16.5683	0	-0.568895	0	0	-3.30597	
0.41	0.337	0.103	0.352355	0	1.07136	16.5683	0	-0.666995	0	0	-3.30597	
0.42	0.337	0.103	0.518038	0	1.06371	16.5683	0	-0.765095	0	0	-3.30597	
0.43	0.337	0.103	0.683721	0	1.05508	16.5683	0	-0.863195	0	0	-3.30597	
0.44	0.337	0.103	0.849405	0	1.04547	16.5683	0	-0.961295	0	0	-3.30597	
0.45	0.337	0.103	1.01509	0	1.03487	16.5683	0	-1.0594	0	0	-3.30597	
0.46	0.337	0.103	1.18077	0	1.0233	16.5683	0	-1.1575	0	0	-3.30597	
0.47	0.337	0.103	1.34645	0	1.01074	16.5683	0	-1.2556	0	0	-3.30597	
0.48	0.337	0.103	1.51214	0	0.997207	16.5683	0	-1.3537	0	0	-3.30597	
0.49	0.337	0.103	1.67782	0	0.982689	16.5683	0	-1.4518	0	0	-3.30597	
0.5	0.337	0.103	1.8435	0	0.96719	16.5683	0	-1.5499	0	0	-3.30597	
0.51	0.337	0.103	2.00919	0	0.95071	16.5683	0	-1.648	0	0	-3.30597	
0.52	0.337	0.103	2.06032	0	0.884097	-4.29964	0	-8.04396	0	0	-3.30597	
0.53	0.337	0.103	2.01733	0	0.802676	-4.29964	0	-8.14206	0	0	-3.30597	
0.54	0.337	0.103	1.97433	0	0.720275	-4.29964	0	-8.24016	0	0	-3.30597	
0.55	0.337	0.103	1.93134	0	0.636892	-4.29964	0	-8.33826	0	0	-3.30597	
0.56	0.337	0.103	1.88834	0	0.552528	-4.29964	0	-8.43636	0	0	-3.30597	
0.57	0.337	0.103	1.84534	0	0.467184	-4.29964	0	-8.53446	0	0	-3.30597	
0.58	0.337	0.103	1.80235	0	0.380858	-4.29964	0	-8.63256	0	0	-3.30597	
0.59	0.337	0.103	1.75935	0	0.293552	-4.29964	0	-8.73066	0	0	-3.30597	
0.6	0.337	0.103	1.71635	0	0.205264	-4.29964	0	-8.82876	0	0	-3.30597	
0.61	0.337	0.103	1.67336	0	0.115995	-4.29964	0	-8.92686	0	0	-3.30597	
0.62	0.337	0.103	1.63036	0	0.0257458	-4.29964	0	-9.02496	0	0	-3.30597	
0.63	0.337	0.103	1.58736	0	-0.0654848	-4.29964	0	-9.12306	0	0	-3.30597	
0.64	0.337	0.103	1.54437	0	-0.157696	-4.29964	0	-9.22116	0	0	-3.30597	
0.65	0.337	0.103	1.50137	0	-0.250889	-4.29964	0	-9.31926	0	0	-3.30597	
0.66	0.337	0.103	1.45838	0	-0.345063	-4.29964	0	-9.41736	0	0	-3.30597	
0.67	0.337	0.103	1.41538	0	-0.440217	-4.29964	0	-9.51546	0	0	-3.30597	
0.68	0.337	0.103	1.37238	0	-0.536353	-4.29964	0	-9.61356	0	0	-3.30597	
0.69	0.337	0.103	1.32939	0	-0.633469	-4.29964	0	-9.71166	0	0	-3.30597	
0.7	0.337	0.103	1.28639	0	-0.731567	-4.29964	0	-9.80976	0	0	-3.30597	
0.71	0.337	0.103	1.24339	0	-0.830646	-4.29964	0	-9.90786	0	0	-3.30597	
0.72	0.337	0.103	1.2004	0	-0.930705	-4.29964	0	-10.006	0	0	-3.30597	
0.73	0.337	0.103	1.1574	0	-1.03175	-4.29964	0	-10.1041	0	0	-3.30597	
0.74	0.337	0.103	1.1144	0	-1.13377	-4.29964	0	-10.2022	0	0	-3.30597	
0.75	0.337	0.103	1.07141	0	-1.23677	-4.29964	0	-10.3003	0	0	-3.30597	
0.76	0.337	0.103	1.02841	0	-1.34075	-4.29964	0	-10.3984	0	0	-3.30597	
0.77	0.337	0.103	0.985415	0	-1.44572	-4.29964	0	-10.4965	0	0	-3.30597	
0.78	0.337	0.103	0.942419	0	-1.55166	-4.29964	0	-10.5946	0	0	-3.30597	
0.79	0.337	0.103	0.899422	0	-1.65859	-4.29964	0	-10.6927	0	0	-3.30597	
0.8	0.337	0.103	0.856426	0	-1.7665	-4.29964	0	-10.7908	0	0	-3.30597	
0.81	0.337	0.103	0.81343	0	-1.87539	-4.29964	0	-10.8889	0	0	-3.30597	
0.82	0.337	0.103	0.770433	0	-1.98526	-4.29964	0	-10.987	0	0	-3.30597	
0.83	0.337	0.103	0.727437	0	-2.09611	-4.29964	0	-11.0851	0	0	-3.30597	
0.84	0.337	0.103	0.663835	0	-2.14147	-6.32485	0	2.86601	0	0	-3.30597	
0.85	0.337	0.103	0.600587	0	-2.11379	-6.32485	0	2.76791	0	0	-3.30597	
0.86	0.337	0.103	0.537338	0	-2.08709	-6.32485	0	2.66981	0	0	-3.30597	
0.87	0.337	0.103	0.47409	0	-2.06137	-6.32485	0	2.57171	0	0	-3.30597	
0.88	0.337	0.103	0.410841	0	-2.03664	-6.32485	0	2.47361	0	0	-3.30597	
0.89	0.337	0.103	0.347593	0	-2.01288	-6.32485	0	2.37551	0	0	-3.30597	
0.9	0.337	0.103	0.284344	0	-1.99011	-6.32485	0	2.27741	0	0	-3.30597	
0.91	0.337	0.103	0.221096	0	-1.96832	-6.32485	0	2.17931	0	0	-3.30597	
0.92	0.337	0.103	0.157847	0	-1.9475	-6.32485	0	2.08121	0	0	-3.30597	
0.93	0.337	0.103	0.0945985	0	-1.92767	-6.32485	0	1.98311	0	0	-3.30597	
0.94	0.337	0.103	0.0313499	0	-1.90882	-6.32485	0	1.88501	0	0	-3.30597	
0.95	0.337	0.103	-0.0318986	0	-1.89095	-6.32485	0	1.78691	0	0	-3.30597	
0.96	0.337	0.103	-0.0951472	0	-1.87407	-6.32485	0	1.68881	0	0	-3.30597	
0.97	0.337	0.103	-0.158396	0	-1.85816	-6.32485	0	1.59071	0	0	-3.30597	
0.98	0.337	0.103	-0.221644	0	-1.84323	-6.32485	0	1.49261	0	0	-3.30597	
0.99	0.337	0.103	-0.284893	0	-1.82929	-6.32485	0	1.39451	0	0	-3.30597	
1	0.337	0.103	-0.348141	0	-1.81632	-6.32485	0	1.29641	0	0	-3.30597	
1.01	0.337	0.103	-0.41139	0	-1.80434	-6.32485	0	1.19831	0	0	-3.30597	
1.02	0.337	0.103	-0.474638	0	-1.79334	-6.32485	0	1.10021	0	0	-3.30597	
1.03	0.337	0.103	-0.537887	0	-1.78332	-6.32485	0	1.00211	0	0	-3.30597	
1.04	0.337	0.103	-0.601136	0	-1.77428	-6.32485	0	0.904006	0	0	-3.30597	
1.05	0.337	0.103	-0.664384	0	-1.76622	-6.32485	0	0.805906	0	0	-3.30597	
1.06	0.337	0.103	-0.727633	0	-1.75914	-6.32485	0	0.707806	0	0	-3.30597	
1.07	0.337	0.103	-0.790881	0	-1.75304	-6.32485	0	0.609706	0	0	-3.30597	
1.08	0.337	0.103	-0.85413	0	-1.74793	-6.32485	0	0.511606	0	0	-3.30597	
1.09	0.337	0.103	-0.917378	0	-1.74379	-6.32485	0	0.413506	0	0	-3.30597	
1.1	0.337	0.103	-0.980627	0	-1.74064	-6.32485	0	0.315406	0	0	-3.30597	
1.11	0.337	0.103	-1.04388	0	-1.73846	-6.32485	0	0.217306	0	0	-3.30597	
1.12	0.337	0.103	-1.10712	0	-1.73727	-6.32485	0	0.119206	0	0	-3.30597	
1.13	0.337	0.103	-1.17037	0	-1.73706	-6.32485	0	0.0211058	0	0	-3.30597	
1.14	0.337	0.103	-1.23362	0	-1.73783	-6.32485	0	-0.0769942	0	0	-3.30597	
1.15	0.337	0.103	-1.29687	0	-1.73958	-6.32485	0	-0.175094	0	0	-3.30597	
1.16	0.337	0.103	-1.36012	0	-1.74231	-6.32485	0	-0.273194	0	0	-3.30597	
1.17	0.337	0.103	-1.41662	0	-1.73775	-1.20611	0	3.69162	0	0	-3.30597	
1.18	0.337	0.103	-1.42868	0	-1.70181	-1.20611	0	3.59352	0	0	-3.30597	
1.19	0.337	0.103	-1.44074	0	-1.66686	-1.20611	0	3.49542	0	0	-3.30597	
1.2	0.337	0.103	-1.4528	0	-1.63288	-1.20611	0	3.39732	0	0	-3.30597	
1.21	0.337	0.103	-1.46486	0	-1.59989	-1.20611	0	3.29922	0	0	-3.30597	
1.22	0.337	0.103	-1.47692	0	-1.56788	-1.20611	0	3.20112	0	0	-3.30597	
1.23	0.337	0.103	-1.48898	0	-1.53685	-1.20611	0	3.10302	0	0	-3.30597	
1.24	0.337	0.103	-1.50104	0	-1.5068	-1.20611	0	3.00492	0	0	-3.30597	
1.25	0.337	0.103	-1.5131	0	-1.47773	-1.20611	0	2.90682	0	0	-3.30597	
1.26	0.337	0.103	-1.52517	0	-1.44965	-1.20611	0	2.80872	0	0	-3.30597	
1.27	0.337	0.103	-1.53723	0	-1.42254	-1.20611	0	2.71062	0	0	-3.30597	
1.28	0.337	0.103	-1.54929	0	-1.39641	-1.20611	0	2.61252	0	0	-3.30597	
1.29	0.337	0.103	-1.56135	0	-1.37127	-1.20611	0	2.51442	0	0	-3.30597	
1.3	0.337	0.103	-1.57341	0	-1.34711	-1.20611	0	2.41632	0	0	-3.30597	
1.31	0.337	0.103	-1.58547	0	-1.32393	-1.20611	0	2.31822	0	0	-3.30597	
1.32	0.337	0.103	-1.59753	0	-1.30172	-1.20611	0	2.22012	0	0	-3.30597	
1.33	0.337	0.103	-1.60959	0	-1.2805	-1.20611	0	2.12202	0	0	-3.30597	
1.34	0.337	0.103	-1.62165	0	-1.26026	-1.20611	0	2.02392	0	0	-3.30597	
1.35	0.337	0.103	-1.63372	0	-1.24101	-1.20611	0	1.92582	0	0	-3.30597	
1.36	0.337	0.103	-1.64578	0	-1.22273	-1.20611	0	1.82772	0	0	-3.30597	
1.37	0.337	0.103	-1.65784	0	-1.20543	-1.20611	0	1.72962	0	0	-3.30597	
1.38	0.337	0.103	-1.6699	0	-1.18912	-1.20611	0	1.63152	0	0	-3.30597	
1.39	0.337	0.103	-1.68196	0	-1.17378	-1.20611	0	1.53342	0	0	-3.30597	
1.4	0.337	0.103	-1.69402	0	-1.15943	-1.20611	0	1.43532	0	0	-3.30597	
1.41	0.337	0.103	-1.70608	0	-1.14606	-1.20611	0	1.33722	0	0	-3.30597	
1.42	0.337	0.103	-1.71814	0	-1.13367	-1.20611	0	1.23912	0	0	-3.30597	
1.43	0.337	0.103	-1.7302	0	-1.12226	-1.20611	0	1.14102	0	0	-3.30597	
1.44	0.337	0.103	-1.74226	0	-1.11183	-1.20611	0	1.04292	0	0	-3.30597	
1.45	0.337	0.103	-1.75433	0	-1.10238	-1.20611	0	0.944816	0	0	-3.30597	
1.46	0.337	0.103	-1.76639	0	-1.09391	-1.20611	0	0.846716	0	0	-3.30597	
1.47	0.337	0.103	-1.77845	0	-1.08643	-1.20611	0	0.748616	0	0	-3.30597	
1.48	0.337	0.103	-1.79051	0	-1.07992	-1.20611	0	0.650516	0	0	-3.30597	
1.49	0.337	0.103	-1.80257	0	-1.0744	-1.20611	0	0.552416	0	0	-3.30597	
1.5	0.337	0.103	-1.81463	0	-1.06985	-1.20611	0	0.454316	0	0	-3.30597	
1.51	0.337	0.103	-1.82669	0	-1.06629	-1.20611	0	0.356216	0	0	-3.30597	
1.52	0.337	0.103	-1.83875	0	-1.06371	-1.20611	0	0.258116	0	0	-3.30597	
1.53	0.337	0.103	-1.85081	0	-1.06211	-1.20611	0	0.160016	0	0	-3.30597	
1.54	0.337	0.103	-1.86288	0	-1.06149	-1.20611	0	0.0619155	0	0	-3.30597	
1.55	0.337	0.103	-1.87494	0	-1.06185	-1.20611	0	-0.0361845	0	0	-3.30597	
1.56	0.337	0.103	-1.887	0	-1.0632	-1.20611	0	-0.134284	0	0	-3.30597	
1.57	0.337	0.103	-1.89906	0	-1.06552	-1.20611	0	-0.232384	0	0	-3.30597	
1.58	0.337	0.103	-1.91112	0	-1.06883	-1.20611	0	-0.330484	0	0	-3.30597	
1.59	0.337	0.103	-1.92318	0	-1.07311	-1.20611	0	-0.428584	0	0	-3.30597	
1.6	0.337	0.103	-1.93524	0	-1.07838	-1.20611	0	-0.526684	0	0	-3.30597	
1.61	0.337	0.103	-1.9473	0	-1.08463	-1.20611	0	-0.624784	0	0	-3.30597	
1.62	0.337	0.103	-1.95845	0	-1.09135	0.616688	0	0.308101	0	0	-3.30597	
1.63	0.337	0.103	-1.95228	0	-1.08925	0.616688	0	0.210001	0	0	-3.30597	
1.64	0.337	0.103	-1.94612	0	-1.08813	0.616688	0	0.111901	0	0	-3.30597	
1.65	0.337	0.103	-1.93995	0	-1.08799	0.616688	0	0.0138014	0	0	-3.30597	
1.66	0.337	0.103	-1.93378	0	-1.08883	0.616688	0	-0.0842986	0	0	-3.30597	
1.67	0.337	0.103	-1.92762	0	-1.09066	0.616688	0	-0.182399	0	0	-3.30597	
1.68	0.337	0.103	-1.92145	0	-1.09346	0.616688	0	-0.280499	0	0	-3.30597	
1.69	0.337	0.103	-1.91528	0	-1.09725	0.616688	0	-0.378599	0	0	-3.30597	
1.7	0.337	0.103	-1.90912	0	-1.10201	0.616688	0	-0.476699	0	0	-3.30597	
1.71	0.337	0.103	-1.90295	0	-1.10776	0.616688	0	-0.574799	0	0	-3.30597	
1.72	0.337	0.103	-1.89678	0	-1.11449	0.616688	0	-0.672899	0	0	-3.30597	
1.73	0.337	0.103	-1.89061	0	-1.1222	0.616688	0	-0.770999	0	0	-3.30597	
1.74	0.337	0.103	-1.88445	0	-1.13089	0.616688	0	-0.869099	0	0	-3.30597	
1.75	0.337	0.103	-1.87828	0	-1.14056	0.616688	0	-0.967199	0	0	-3.30597	
1.76	0.337	0.103	-1.87211	0	-1.15122	0.616688	0	-1.0653	0	0	-3.30597	
1.77	0.337	0.103	-1.86595	0	-1.16285	0.616688	0	-1.1634	0	0	-3.30597	
1.78	0.337	0.103	-1.85978	0	-1.17547	0.616688	0	-1.2615	0	0	-3.30597	
1.79	0.337	0.103	-1.85361	0	-1.18906	0.616688	0	-1.3596	0	0	-3.30597	
1.8	0.337	0.103	-1.84745	0	-1.20364	0.616688	0	-1.4577	0	0	-3.30597	
1.81	0.337	0.103	-1.84128	0	-1.2192	0.616688	0	-1.5558	0	0	-3.30597	
1.82	0.337	0.103	-1.83511	0	-1.23574	0.616688	0	-1.6539	0	0	-3.30597	
1.83	0.337	0.103	-1.82895	0	-1.25326	0.616688	0	-1.752	0	0	-3.30597	
1.84	0.337	0.103	-1.82278	0	-1.27176	0.616688	0	-1.8501	0	0	-3.30597	
1.85	0.337	0.103	-1.81661	0	-1.29124	0.616688	0	-1.9482	0	0	-3.30597	
1.86	0.337	0.103	-1.81045	0	-1.3117	0.616688	0	-2.0463	0	0	-3.30597	
1.87	0.337	0.103	-1.80318	0	-1.33233	1.17662	0	-0.950655	0	0	-3.30597	
1.88	0.337	0.103	-1.79141	0	-1.34282	1.17662	0	-1.04876	0	0	-3.30597	
1.89	0.337	0.103	-1.77965	0	-1.35429	1.17662	0	-1.14686	0	0	-3.30597	
1.9	0.337	0.103	-1.76788	0	-1.36674	1.17662	0	-1.24496	0	0	-3.30597	
1.91	0.337	0.103	-1.75611	0	-1.38017	1.17662	0	-1.34306	0	0	-3.30597	
1.92	0.337	0.103	-1.74435	0	-1.39458	1.17662	0	-1.44116	0	0	-3.30597	
1.93	0.337	0.103	-1.73258	0	-1.40997	1.17662	0	-1.53926	0	0	-3.30597	
1.94	0.337	0.103	-1.72082	0	-1.42635	1.17662	0	-1.63736	0	0	-3.30597	
1.95	0.337	0.103	-1.70905	0	-1.4437	1.17662	0	-1.73546	0	0	-3.30597	
1.96	0.337	0.103	-1.69728	0	-1.46204	1.17662	0	-1.83356	0	0	-3.30597	
1.97	0.337	0.103	-1.68404	0	-1.48006	1.17347	0	-1.0447	0	0	-3.30597	
1.98	0.337	0.103	-1.67231	0	-1.49148	1.17347	0	-1.1428	0	0	-3.30597	
1.99	0.337	0.103	-1.66057	0	-1.50389	1.17347	0	-1.2409	0	0	-3.30597	
2	0.337	0.103	-1.64884	0	-1.51728	1.17347	0	-1.339	0	0	-3.30597	
2.01	0.337	0.103	-1.6371	0	-1.53165	1.17347	0	-1.4371	0	0	-3.30597	
2.02	0.337	0.103	-1.624	0	-1.5457	1.00107	0	-0.903659	0	0	-3.30597	
2.03	0.337	0.103	-1.61399	0	-1.55572	1.00107	0	-1.00176	0	0	-3.30597	
2.04	0.337	0.103	-1.60385	0	-1.5666	0.745352	0	-0.726336	0	0	-3.30597	
2.05	0.337	0.103	-1.59607	0	-1.57452	0.562727	0	-0.536678	0	0	-3.30597	
2.06	0.337	0.103	-1.59011	0	-1.58054	0.43475	0	-0.403749	0	0	-3.30597	
2.07	0.337	0.103	-1.58544	0	-1.58523	0.344215	0	-0.31141	0	0	-3.30597	
2.08	0.337	0.103	-1.58167	0	-1.58899	0.280745	0	-0.246678	0	0	-3.30597	
2.09	0.337	0.103	-1.57853	0	-1.59211	0.236044	0	-0.201482	0	0	-3.30597	
2.1	0.337	0.103	-1.57584	0	-1.59477	0.2047	0	-0.169764	0	0	-3.30597	
2.11	0.337	0.103	-1.57346	0	-1.59712	0.182672	0	-0.147531	0	0	-3.30597	
2.12	0.337	0.103	-1.57131	0	-1.59924	0.167223	0	-0.131889	0	0	-3.30597	
2.13	0.337	0.103	-1.56931	0	-1.6012	0.156376	0	-0.120874	0	0	-3.30597	
2.14	0.337	0.103	-1.56741	0	-1.60305	0.148767	0	-0.113084	0	0	-3.30597	
2.15	0.337	0.103	-1.5656	0	-1.60483	0.143427	0	-0.107554	0	0	-3.30597	
2.16	0.337	0.103	-1.56383	0	-1.60655	0.139679	0	-0.103605	0	0	-3.30597	
2.17	0.337	0.103	-1.56211	0	-1.60822	0.137047	0	-0.100762	0	0	-3.30597	
2.18	0.337	0.103	-1.56041	0	-1.60987	0.135199	0	-0.0986925	0	0	-3.30597	
2.19	0.337	0.103	-1.55873	0	-1.6115	0.1339	0	-0.0971648	0	0	-3.30597	
2.2	0.337	0.103	-1.55706	0	-1.61311	0.132986	0	-0.0960162	0	0	-3.30597	
2.21	0.337	0.103	-1.5554	0	-1.61471	0.132342	0	-0.095133	0	0	-3.30597	
2.22	0.337	0.103	-1.55375	0	-1.6163	0.131887	0	-0.0944356	0	0	-3.30597	
2.23	0.337	0.103	-1.5521	0	-1.61789	0.131564	0	-0.0938684	0	0	-3.30597	
2.24	0.337	0.103	-1.55045	0	-1.61946	0.131334	0	-0.0933923	0	0	-3.30597	
2.25	0.337	0.103	-1.54881	0	-1.62103	0.131169	0	-0.0929801	0	0	-3.30597	
2.26	0.337	0.103	-1.54717	0	-1.6226	0.131049	0	-0.0926127	0	0	-3.30597	
2.27	0.337	0.103	-1.54553	0	-1.62416	0.130961	0	-0.0922768	0	0	-3.30597	
2.28	0.337	0.103	-1.54389	0	-1.62572	0.130895	0	-0.091963	0	0	-3.30597	
2.29	0.337	0.103	-1.54226	0	-1.62727	0.130844	0	-0.0916647	0	0	-3.30597	
2.3	0.337	0.103	-1.54062	0	-1.62882	0.130804	0	-0.0913774	0	0	-3.30597	
2.31	0.337	0.103	-1.53898	0	-1.63037	0.130771	0	-0.0910979	0	0	-3.30597	
2.32	0.337	0.103	-1.53735	0	-1.63191	0.130743	0	-0.0908239	0	0	-3.30597	
2.33	0.337	0.103	-1.53571	0	-1.63345	0.130718	0	-0.0905539	0	0	-3.30597	
2.34	0.337	0.103	-1.53407	0	-1.63499	0.130695	0	-0.0902868	0	0	-3.30597	
2.35	0.337	0.103	-1.53244	0	-1.63652	0.130674	0	-0.0900217	0	0	-3.30597	
2.36	0.337	0.103	-1.5308	0	-1.63805	0.130654	0	-0.0897583	0	0	-3.30597	
2.37	0.337	0.103	-1.52917	0	-1.63958	0.130634	0	-0.089496	0	0	-3.30597	
2.38	0.337	0.103	-1.52753	0	-1.6411	0.130614	0	-0.0892346	0	0	-3.30597	
2.39	0.337	0.103	-1.5259	0	-1.64262	0.130594	0	-0.088974	0	0	-3.30597	
2.4	0.337	0.103	-1.52426	0	-1.64414	0.130574	0	-0.088714	0	0	-3.30597	
2.41	0.337	0.103	-1.52263	0	-1.64565	0.130554	0	-0.0884545	0	0	-3.30597	
2.42	0.337	0.103	-1.521	0	-1.64716	0.130534	0	-0.0881955	0	0	-3.30597	
2.43	0.337	0.103	-1.51936	0	-1.64867	0.130513	0	-0.0879369	0	0	-3.30597	
2.44	0.337	0.103	-1.51773	0	-1.65017	0.130491	0	-0.0876787	0	0	-3.30597	
2.45	0.337	0.103	-1.5161	0	-1.65167	0.130469	0	-0.0874209	0	0	-3.30597	
2.46	0.337	0.103	-1.51446	0	-1.65317	0.130447	0	-0.0871634	0	0	-3.30597	
2.47	0.337	0.103	-1.51283	0	-1.65466	0.130424	0	-0.0869063	0	0	-3.30597	
2.48	0.337	0.103	-1.5112	0	-1.65615	0.130401	0	-0.0866495	0	0	-3.30597	
2.49	0.337	0.103	-1.50957	0	-1.65764	0.130378	0	-0.086393	0	0	-3.30597	
2.5	0.337	0.103	-1.50794	0	-1.65912	0.130353	0	-0.0861369	0	0	-3.30597	
2.51	0.337	0.103	-1.50631	0	-1.6606	0.130329	0	-0.0858811	0	0	-3.30597	
2.52	0.337	0.103	-1.50467	0	-1.66208	0.130304	0	-0.0856256	0	0	-3.30597	
2.53	0.337	0.103	-1.50304	0	-1.66356	0.130278	0	-0.0853705	0	0	-3.30597	
2.54	0.337	0.103	-1.50141	0	-1.66503	0.130252	0	-0.0851157	0	0	-3.30597	
2.55	0.337	0.103	-1.49978	0	-1.6665	0.130226	0	-0.0848612	0	0	-3.30597	
2.56	0.337	0.103	-1.49815	0	-1.66796	0.130199	0	-0.084607	0	0	-3.30597	
2.57	0.337	0.103	-1.49652	0	-1.66942	0.130171	0	-0.0843532	0	0	-3.30597	
2.58	0.337	0.103	-1.4949	0	-1.67088	0.130143	0	-0.0840997	0	0	-3.30597	
2.59	0.337	0.103	-1.49327	0	-1.67234	0.130115	0	-0.0838465	0	0	-3.30597	
2.6	0.337	0.103	-1.49164	0	-1.67379	0.130086	0	-0.0835937	0	0	-3.30597	
2.61	0.337	0.103	-1.49001	0	-1.67524	0.130057	0	-0.0833412	0	0	-3.30597	
2.62	0.337	0.103	-1.48838	0	-1.67669	0.130027	0	-0.083089	0	0	-3.30597	
2.63	0.337	0.103	-1.48676	0	-1.67813	0.129997	0	-0.0828372	0	0	-3.30597	
2.64	0.337	0.103	-1.48513	0	-1.67957	0.129966	0	-0.0825856	0	0	-3.30597	
2.65	0.337	0.103	-1.4835	0	-1.68101	0.129935	0	-0.0823345	0	0	-3.30597	
2.66	0.337	0.103	-1.48188	0	-1.68244	0.129904	0	-0.0820836	0	0	-3.30597	
2.67	0.337	0.103	-1.48025	0	-1.68387	0.129872	0	-0.0818331	0	0	-3.30597	
2.68	0.337	0.103	-1.47863	0	-1.6853	0.129839	0	-0.0815829	0	0	-3.30597	
2.69	0.337	0.103	-1.477	0	-1.68672	0.129806	0	-0.0813331	0	0	-3.30597	
2.7	0.337	0.103	-1.47538	0	-1.68814	0.129773	0	-0.0810836	0	0	-3.30597	
2.71	0.337	0.103	-1.47375	0	-1.68956	0.129739	0	-0.0808344	0	0	-3.30597	
2.72	0.337	0.103	-1.47213	0	-1.69097	0.129705	0	-0.0805856	0	0	-3.30597	
2.73	0.337	0.103	-1.47051	0	-1.69239	0.12967	0	-0.0803371	0	0	-3.30597	
2.74	0.337	0.103	-1.46888	0	-1.6938	0.129635	0	-0.080089	0	0	-3.30597	
2.75	0.337	0.103	-1.46726	0	-1.6952	0.1296	0	-0.0798412	0	0	-3.30597	
2.76	0.337	0.103	-1.46564	0	-1.6966	0.129564	0	-0.0795937	0	0	-3.30597	
2.77	0.337	0.103	-1.46402	0	-1.698	0.129527	0	-0.0793466	0	0	-3.30597	
2.78	0.337	0.103	-1.4624	0	-1.6994	0.12949	0	-0.0790998	0	0	-3.30597	
2.79	0.337	0.103	-1.46078	0	-1.70079	0.129453	0	-0.0788534	0	0	-3.30597	
2.8	0.337	0.103	-1.45916	0	-1.70218	0.129415	0	-0.0786073	0	0	-3.30597	
2.81	0.337	0.103	-1.45754	0	-1.70357	0.129377	0	-0.0783615	0	0	-3.30597	
2.82	0.337	0.103	-1.45592	0	-1.70495	0.129339	0	-0.0781161	0	0	-3.30597	
2.83	0.337	0.103	-1.4543	0	-1.70633	0.1293	0	-0.077871	0	0	-3.30597	
2.84	0.337	0.103	-1.45268	0	-1.70771	0.12926	0	-0.0776263	0	0	-3.30597	
2.85	0.337	0.103	-1.45107	0	-1.70908	0.129221	0	-0.0773819	0	0	-3.30597	
2.86	0.337	0.103	-1.44945	0	-1.71046	0.12918	0	-0.0771379	0	0	-3.30597	
2.87	0.337	0.103	-1.44783	0	-1.71182	0.12914	0	-0.0768942	0	0	-3.30597	
2.88	0.337	0.103	-1.44622	0	-1.71319	0.129099	0	-0.0766509	0	0	-3.30597	
2.89	0.337	0.103	-1.4446	0	-1.71455	0.129057	0	-0.0764079	0	0	-3.30597	
2.9	0.337	0.103	-1.44299	0	-1.71591	0.129015	0	-0.0761653	0	0	-3.30597	
2.91	0.337	0.103	-1.44137	0	-1.71727	0.128973	0	-0.075923	0	0	-3.30597	
2.92	0.337	0.103	-1.43976	0	-1.71862	0.12893	0	-0.0756811	0	0	-3.30597	
2.93	0.337	0.103	-1.43814	0	-1.71997	0.128887	0	-0.0754395	0	0	-3.30597	
2.94	0.337	0.103	-1.43653	0	-1.72132	0.128844	0	-0.0751983	0	0	-3.30597	
2.95	0.337	0.103	-1.43492	0	-1.72266	0.1288	0	-0.0749574	0	0	-3.30597	
2.96	0.337	0.103	-1.43331	0	-1.724	0.128755	0	-0.0747169	0	0	-3.30597	
2.97	0.337	0.103	-1.4317	0	-1.72534	0.128711	0	-0.0744767	0	0	-3.30597	
2.98	0.337	0.103	-1.43009	0	-1.72668	0.128665	0	-0.0742369	0	0	-3.30597	
2.99	0.337	0.103	-1.42848	0	-1.72801	0.12862	0	-0.0739974	0	0	-3.30597	
3	0.337	0.103	-1.42687	0	-1.72934	0.128574	0	-0.0737583	0	0	-3.30597	
3.01	0.337	0.103	-1.42526	0	-1.73067	0.128528	0	-0.0735195	0	0	-3.30597	
3.02	0.337	0.103	-1.42365	0	-1.73199	0.128481	0	-0.0732811	0	0	-3.30597	
3.03	0.337	0.103	-1.42204	0	-1.73331	0.128434	0	-0.073043	0	0	-3.30597	
3.04	0.337	0.103	-1.42043	0	-1.73463	0.128386	0	-0.0728053	0	0	-3.30597	
3.05	0.337	0.103	-1.41883	0	-1.73594	0.128338	0	-0.072568	0	0	-3.30597	
3.06	0.337	0.103	-1.41722	0	-1.73725	0.12829	0	-0.072331	0	0	-3.30597	
3.07	0.337	0.103	-1.41562	0	-1.73856	0.128242	0	-0.0720944	0	0	-3.30597	
3.08	0.337	0.103	-1.41401	0	-1.73987	0.128193	0	-0.0718581	0	0	-3.30597	
3.09	0.337	0.103	-1.41241	0	-1.74117	0.128143	0	-0.0716222	0	0	-3.30597	
3.1	0.337	0.103	-1.4108	0	-1.74247	0.128093	0	-0.0713866	0	0	-3.30597	
3.11	0.337	0.103	-1.4092	0	-1.74376	0.128043	0	-0.0711514	0	0	-3.30597	
3.12	0.337	0.103	-1.4076	0	-1.74506	0.127993	0	-0.0709166	0	0	-3.30597	
3.13	0.337	0.103	-1.406	0	-1.74635	0.127942	0	-0.0706821	0	0	-3.30597	
3.14	0.337	0.103	-1.4044	0	-1.74764	0.12789	0	-0.070448	0	0	-3.30597	
3.15	0.337	0.103	-1.4028	0	-1.74892	0.127839	0	-0.0702142	0	0	-3.30597	
3.16	0.337	0.103	-1.4012	0	-1.7502	0.127787	0	-0.0699808	0	0	-3.30597	
3.17	0.337	0.103	-1.3996	0	-1.75148	0.127734	0	-0.0697478	0	0	-3.30597	
3.18	0.337	0.103	-1.398	0	-1.75276	0.127682	0	-0.0695151	0	0	-3.30597	
3.19	0.337	0.103	-1.3964	0	-1.75403	0.127628	0	-0.0692828	0	0	-3.30597	
3.2	0.337	0.103	-1.39481	0	-1.7553	0.127575	0	-0.0690508	0	0	-3.30597	
3.21	0.337	0.103	-1.39321	0	-1.75657	0.127521	0	-0.0688192	0	0	-3.30597	
3.22	0.337	0.103	-1.39161	0	-1.75783	0.127467	0	-0.068588	0	0	-3.30597	
3.23	0.337	0.103	-1.39002	0	-1.75909	0.127412	0	-0.0683571	0	0	-3.30597	
3.24	0.337	0.103	-1.38842	0	-1.76035	0.127357	0	-0.0681266	0	0	-3.30597	
3.25	0.337	0.103	-1.38683	0	-1.76161	0.127302	0	-0.0678964	0	0	-3.30597	
3.26	0.337	0.103	-1.38524	0	-1.76286	0.127247	0	-0.0676666	0	0	-3.30597	
3.27	0.337	0.103	-1.38365	0	-1.76411	0.127191	0	-0.0674372	0	0	-3.30597	
3.28	0.337	0.103	-1.38205	0	-1.76536	0.127134	0	-0.0672082	0	0	-3.30597	
3.29	0.337	0.103	-1.38046	0	-1.7666	0.127078	0	-0.0669795	0	0	-3.30597	
3.3	0.337	0.103	-1.37887	0	-1.76784	0.12702	0	-0.0667512	0	0	-3.30597	
3.31	0.337	0.103	-1.37728	0	-1.76908	0.126963	0	-0.0665232	0	0	-3.30597	
3.32	0.337	0.103	-1.37569	0	-1.77032	0.126905	0	-0.0662956	0	0	-3.30597	
3.33	0.337	0.103	-1.37411	0	-1.77155	0.126847	0	-0.0660684	0	0	-3.30597	
3.34	0.337	0.103	-1.37252	0	-1.77278	0.126789	0	-0.0658415	0	0	-3.30597	
3.35	0.337	0.103	-1.37093	0	-1.77401	0.12673	0	-0.065615	0	0	-3.30597	
3.36	0.337	0.103	-1.36935	0	-1.77523	0.126671	0	-0.0653889	0	0	-3.30597	
3.37	0.337	0.103	-1.36776	0	-1.77645	0.126612	0	-0.0651631	0	0	-3.30597	
3.38	0.337	0.103	-1.36618	0	-1.77767	0.126552	0	-0.0649377	0	0	-3.30597	
3.39	0.337	0.103	-1.36459	0	-1.77889	0.126492	0	-0.0647126	0	0	-3.30597	
3.4	0.337	0.103	-1.36301	0	-1.7801	0.126431	0	-0.064488	0	0	-3.30597	
3.41	0.337	0.103	-1.36143	0	-1.78131	0.126371	0	-0.0642637	0	0	-3.30597	
3.42	0.337	0.103	-1.35985	0	-1.78252	0.12631	0	-0.0640397	0	0	-3.30597	
3.43	0.337	0.103	-1.35827	0	-1.78372	0.126248	0	-0.0638162	0	0	-3.30597	
3.44	0.337	0.103	-1.35669	0	-1.78493	0.126187	0	-0.063593	0	0	-3.30597	
3.45	0.337	0.103	-1.35511	0	-1.78612	0.126125	0	-0.0633701	0	0	-3.30597	
3.46	0.337	0.103	-1.35353	0	-1.78732	0.126062	0	-0.0631477	0	0	-3.30597	
3.47	0.337	0.103	-1.35195	0	-1.78851	0.125999	0	-0.0629256	0	0	-3.30597	
3.48	0.337	0.103	-1.35038	0	-1.78971	0.125936	0	-0.0627039	0	0	-3.30597	
3.49	0.337	0.103	-1.3488	0	-1.79089	0.125873	0	-0.0624825	0	0	-3.30597	
3.5	0.337	0.103	-1.34723	0	-1.79208	0.12581	0	-0.0622615	0	0	-3.30597	
3.51	0.337	0.103	-1.34565	0	-1.79326	0.125746	0	-0.0620409	0	0	-3.30597	
3.52	0.337	0.103	-1.34408	0	-1.79444	0.125681	0	-0.0618207	0	0	-3.30597	
3.53	0.337	0.103	-1.34251	0	-1.79562	0.125617	0	-0.0616008	0	0	-3.30597	
3.54	0.337	0.103	-1.34093	0	-1.79679	0.125552	0	-0.0613813	0	0	-3.30597	
3.55	0.337	0.103	-1.33936	0	-1.79796	0.125487	0	-0.0611621	0	0	-3.30597	
3.56	0.337	0.103	-1.33779	0	-1.79913	0.125421	0	-0.0609434	0	0	-3.30597	
3.57	0.337	0.103	-1.33622	0	-1.8003	0.125355	0	-0.060725	0	0	-3.30597	
3.58	0.337	0.103	-1.33466	0	-1.80146	0.125289	0	-0.0605069	0	0	-3.30597	
3.59	0.337	0.103	-1.33309	0	-1.80262	0.125223	0	-0.0602893	0	0	-3.30597	
3.6	0.337	0.103	-1.33152	0	-1.80378	0.125156	0	-0.060072	0	0	-3.30597	
3.61	0.337	0.103	-1.32995	0	-1.80493	0.125089	0	-0.0598551	0	0	-3.30597	
3.62	0.337	0.103	-1.32839	0	-1.80609	0.125022	0	-0.0596385	0	0	-3.30597	
3.63	0.337	0.103	-1.32683	0	-1.80723	0.124954	0	-0.0594223	0	0	-3.30597	
3.64	0.337	0.103	-1.32526	0	-1.80838	0.124886	0	-0.0592065	0	0	-3.30597	
3.65	0.337	0.103	-1.3237	0	-1.80953	0.124818	0	-0.0589911	0	0	-3.30597	
3.66	0.337	0.103	-1.32214	0	-1.81067	0.12475	0	-0.058776	0	0	-3.30597	
3.67	0.337	0.103	-1.32058	0	-1.81181	0.124681	0	-0.0585613	0	0	-3.30597	
3.68	0.337	0.103	-1.31902	0	-1.81294	0.124612	0	-0.058347	0	0	-3.30597	
3.69	0.337	0.103	-1.31746	0	-1.81408	0.124542	0	-0.0581331	0	0	-3.30597	
3.7	0.337	0.103	-1.3159	0	-1.81521	0.124473	0	-0.0579195	0	0	-3.30597	
3.71	0.337	0.103	-1.31434	0	-1.81633	0.124403	0	-0.0577063	0	0	-3.30597	
3.72	0.337	0.103	-1.31278	0	-1.81746	0.124333	0	-0.0574934	0	0	-3.30597	
3.73	0.337	0.103	-1.31123	0	-1.81858	0.124262	0	-0.057281	0	0	-3.30597	
3.74	0.337	0.103	-1.30967	0	-1.8197	0.124191	0	-0.0570689	0	0	-3.30597	
3.75	0.337	0.103	-1.30812	0	-1.82082	0.12412	0	-0.0568571	0	0	-3.30597	
3.76	0.337	0.103	-1.30657	0	-1.82193	0.124049	0	-0.0566458	0	0	-3.30597	
3.77	0.337	0.103	-1.30502	0	-1.82305	0.123977	0	-0.0564348	0	0	-3.30597	
3.78	0.337	0.103	-1.30346	0	-1.82416	0.123906	0	-0.0562242	0	0	-3.30597	
3.79	0.337	0.103	-1.30191	0	-1.82526	0.123833	0	-0.056014	0	0	-3.30597	
3.8	0.337	0.103	-1.30036	0	-1.82637	0.123761	0	-0.0558041	0	0	-3.30597	
3.81	0.337	0.103	-1.29882	0	-1.82747	0.123688	0	-0.0555946	0	0	-3.30597	
3.82	0.337	0.103	-1.29727	0	-1.82857	0.123615	0	-0.0553855	0	0	-3.30597	
3.83	0.337	0.103	-1.29572	0	-1.82966	0.123542	0	-0.0551768	0	0	-3.30597	
3.84	0.337	0.103	-1.29418	0	-1.83076	0.123469	0	-0.0549684	0	0	-3.30597	
3.85	0.337	0.103	-1.29263	0	-1.83185	0.123395	0	-0.0547604	0	0	-3.30597	
3.86	0.337	0.103	-1.29109	0	-1.83294	0.123321	0	-0.0545527	0	0	-3.30597	
3.87	0.337	0.103	-1.28954	0	-1.83402	0.123247	0	-0.0543455	0	0	-3.30597	
3.88	0.337	0.103	-1.288	0	-1.83511	0.123172	0	-0.0541386	0	0	-3.30597	
3.89	0.337	0.103	-1.28646	0	-1.83619	0.123097	0	-0.0539321	0	0	-3.30597	
3.9	0.337	0.103	-1.28492	0	-1.83727	0.123022	0	-0.0537259	0	0	-3.30597	
3.91	0.337	0.103	-1.28338	0	-1.83834	0.122947	0	-0.0535202	0	0	-3.30597	
3.92	0.337	0.103	-1.28184	0	-1.83941	0.122871	0	-0.0533148	0	0	-3.30597	
3.93	0.337	0.103	-1.28031	0	-1.84048	0.122796	0	-0.0531097	0	0	-3.30597	
3.94	0.337	0.103	-1.27877	0	-1.84155	0.122719	0	-0.0529051	0	0	-3.30597	
3.95	0.337	0.103	-1.27723	0	-1.84262	0.122643	0	-0.0527008	0	0	-3.30597	
3.96	0.337	0.103	-1.2757	0	-1.84368	0.122567	0	-0.0524969	0	0	-3.30597	
3.97	0.337	0.103	-1.27417	0	-1.84474	0.12249	0	-0.0522933	0	0	-3.30597	
3.98	0.337	0.103	-1.27263	0	-1.8458	0.122413	0	-0.0520902	0	0	-3.30597	
3.99	0.337	0.103	-1.2711	0	-1.84685	0.122335	0	-0.0518874	0	0	-3.30597	
4	0.337	0.103	-1.26957	0	-1.84791	0.122258	0	-0.051685	0	0	-3.30597	
4.01	0.337	0.103	-1.26804	0	-1.84896	0.12218	0	-0.0514829	0	0	-3.30597	
4.02	0.337	0.103	-1.26651	0	-1.85	0.122102	0	-0.0512812	0	0	-3.30597	
4.03	0.337	0.103	-1.26498	0	-1.85105	0.122024	0	-0.0510799	0	0	-3.30597	
4.04	0.337	0.103	-1.26346	0	-1.85209	0.121945	0	-0.050879	0	0	-3.30597	
4.05	0.337	0.103	-1.26193	0	-1.85313	0.121867	0	-0.0506784	0	0	-3.30597	
4.06	0.337	0.103	-1.26041	0	-1.85417	0.121788	0	-0.0504782	0	0	-3.30597	
4.07	0.337	0.103	-1.25888	0	-1.8552	0.121708	0	-0.0502784	0	0	-3.30597	
4.08	0.337	0.103	-1.25736	0	-1.85624	0.121629	0	-0.0500789	0	0	-3.30597	
4.09	0.337	0.103	-1.25584	0	-1.85727	0.121549	0	-0.0498798	0	0	-3.30597	
4.1	0.337	0.103	-1.25432	0	-1.85829	0.121469	0	-0.0496811	0	0	-3.30597	
4.11	0.337	0.103	-1.2528	0	-1.85932	0.121389	0	-0.0494828	0	0	-3.30597	
4.12	0.337	0.103	-1.25128	0	-1.86034	0.121309	0	-0.0492848	0	0	-3.30597	
4.13	0.337	0.103	-1.24976	0	-1.86136	0.121228	0	-0.0490872	0	0	-3.30597	
4.14	0.337	0.103	-1.24824	0	-1.86238	0.121147	0	-0.04889	0	0	-3.30597	
4.15	0.337	0.103	-1.24673	0	-1.86339	0.121066	0	-0.0486931	0	0	-3.30597	
4.16	0.337	0.103	-1.24521	0	-1.86441	0.120985	0	-0.0484966	0	0	-3.30597	
4.17	0.337	0.103	-1.2437	0	-1.86542	0.120904	0	-0.0483005	0	0	-3.30597	
4.18	0.337	0.103	-1.24219	0	-1.86642	0.120822	0	-0.0481047	0	0	-3.30597	
4.19	0.337	0.103	-1.24068	0	-1.86743	0.12074	0	-0.0479094	0	0	-3.30597	
4.2	0.337	0.103	-1.23916	0	-1.86843	0.120658	0	-0.0477144	0	0	-3.30597	
4.21	0.337	0.103	-1.23766	0	-1.86943	0.120575	0	-0.0475197	0	0	-3.30597	
4.22	0.337	0.103	-1.23615	0	-1.87043	0.120493	0	-0.0473254	0	0	-3.30597	
4.23	0.337	0.103	-1.23464	0	-1.87142	0.12041	0	-0.0471315	0	0	-3.30597	
4.24	0.337	0.103	-1.23313	0	-1.87242	0.120327	0	-0.046938	0	0	-3.30597	
4.25	0.337	0.103	-1.23163	0	-1.87341	0.120244	0	-0.0467448	0	0	-3.30597	
4.26	0.337	0.103	-1.23012	0	-1.8744	0.120161	0	-0.046552	0	0	-3.30597	
4.27	0.337	0.103	-1.22862	0	-1.87538	0.120077	0	-0.0463596	0	0	-3.30597	
4.28	0.337	0.103	-1.22712	0	-1.87637	0.119993	0	-0.0461676	0	0	-3.30597	
4.29	0.337	0.103	-1.22562	0	-1.87735	0.119909	0	-0.0459759	0	0	-3.30597	
4.3	0.337	0.103	-1.22411	0	-1.87833	0.119825	0	-0.0457845	0	0	-3.30597	
4.31	0.337	0.103	-1.22262	0	-1.8793	0.11974	0	-0.0455936	0	0	-3.30597	
4.32	0.337	0.103	-1.22112	0	-1.88028	0.119656	0	-0.045403	0	0	-3.30597	
4.33	0.337	0.103	-1.21962	0	-1.88125	0.119571	0	-0.0452128	0	0	-3.30597	
4.34	0.337	0.103	-1.21812	0	-1.88222	0.119486	0	-0.0450229	0	0	-3.30597	
4.35	0.337	0.103	-1.21663	0	-1.88318	0.119401	0	-0.0448335	0	0	-3.30597	
4.36	0.337	0.103	-1.21514	0	-1.88415	0.119315	0	-0.0446443	0	0	-3.30597	
4.37	0.337	0.103	-1.21364	0	-1.88511	0.11923	0	-0.0444556	0	0	-3.30597	
4.38	0.337	0.103	-1.21215	0	-1.88607	0.119144	0	-0.0442672	0	0	-3.30597	
4.39	0.337	0.103	-1.21066	0	-1.88703	0.119058	0	-0.0440792	0	0	-3.30597	
4.4	0.337	0.103	-1.20917	0	-1.88798	0.118972	0	-0.0438915	0	0	-3.30597	
4.41	0.337	0.103	-1.20768	0	-1.88893	0.118885	0	-0.0437043	0	0	-3.30597	
4.42	0.337	0.103	-1.20619	0	-1.88988	0.118799	0	-0.0435173	0	0	-3.30597	
4.43	0.337	0.103	-1.20471	0	-1.89083	0.118712	0	-0.0433308	0	0	-3.30597	
4.44	0.337	0.103	-1.20322	0	-1.89178	0.118625	0	-0.0431446	0	0	-3.30597	
4.45	0.337	0.103	-1.20174	0	-1.89272	0.118538	0	-0.0429588	0	0	-3.30597	
4.46	0.337	0.103	-1.20026	0	-1.89366	0.11845	0	-0.0427733	0	0	-3.30597	
4.47	0.337	0.103	-1.19877	0	-1.8946	0.118363	0	-0.0425882	0	0	-3.30597	
4.48	0.337	0.103	-1.19729	0	-1.89554	0.118275	0	-0.0424035	0	0	-3.30597	
4.49	0.337	0.103	-1.19581	0	-1.89647	0.118187	0	-0.0422192	0	0	-3.30597	
4.5	0.337	0.103	-1.19433	0	-1.8974	0.118099	0	-0.0420352	0	0	-3.30597	
4.51	0.337	0.103	-1.19286	0	-1.89833	0.118011	0	-0.0418515	0	0	-3.30597	
4.52	0.337	0.103	-1.19138	0	-1.89926	0.117923	0	-0.0416683	0	0	-3.30597	
4.53	0.337	0.103	-1.1899	0	-1.90018	0.117834	0	-0.0414854	0	0	-3.30597	
4.54	0.337	0.103	-1.18843	0	-1.9011	0.117745	0	-0.0413028	0	0	-3.30597	
4.55	0.337	0.103	-1.18696	0	-1.90202	0.117656	0	-0.0411206	0	0	-3.30597	
4.56	0.337	0.103	-1.18548	0	-1.90294	0.117567	0	-0.0409388	0	0	-3.30597	
4.57	0.337	0.103	-1.18401	0	-1.90386	0.117478	0	-0.0407574	0	0	-3.30597	
4.58	0.337	0.103	-1.18254	0	-1.90477	0.117389	0	-0.0405763	0	0	-3.30597	
4.59	0.337	0.103	-1.18108	0	-1.90568	0.117299	0	-0.0403955	0	0	-3.30597	
4.6	0.337	0.103	-1.17961	0	-1.90659	0.117209	0	-0.0402152	0	0	-3.30597	
4.61	0.337	0.103	-1.17814	0	-1.9075	0.117119	0	-0.0400352	0	0	-3.30597	
4.62	0.337	0.103	-1.17668	0	-1.9084	0.117029	0	-0.0398555	0	0	-3.30597	
4.63	0.337	0.103	-1.17521	0	-1.9093	0.116939	0	-0.0396763	0	0	-3.30597	
4.64	0.337	0.103	-1.17375	0	-1.9102	0.116848	0	-0.0394973	0	0	-3.30597	
4.65	0.337	0.103	-1.17229	0	-1.9111	0.116758	0	-0.0393188	0	0	-3.30597	
4.66	0.337	0.103	-1.17083	0	-1.912	0.116667	0	-0.0391406	0	0	-3.30597	
4.67	0.337	0.103	-1.16937	0	-1.91289	0.116576	0	-0.0389627	0	0	-3.30597	
4.68	0.337	0.103	-1.16791	0	-1.91378	0.116485	0	-0.0387853	0	0	-3.30597	
4.69	0.337	0.103	-1.16645	0	-1.91467	0.116394	0	-0.0386081	0	0	-3.30597	
4.7	0.337	0.103	-1.16499	0	-1.91556	0.116302	0	-0.0384314	0	0	-3.30597	
4.71	0.337	0.103	-1.16354	0	-1.91644	0.116211	0	-0.038255	0	0	-3.30597	
4.72	0.337	0.103	-1.16208	0	-1.91732	0.116119	0	-0.0380789	0	0	-3.30597	
4.73	0.337	0.103	-1.16063	0	-1.9182	0.116027	0	-0.0379032	0	0	-3.30597	
4.74	0.337	0.103	-1.15918	0	-1.91908	0.115935	0	-0.0377279	0	0	-3.30597	
4.75	0.337	0.103	-1.15773	0	-1.91995	0.115843	0	-0.037553	0	0	-3.30597	
4.76	0.337	0.103	-1.15628	0	-1.92083	0.115751	0	-0.0373783	0	0	-3.30597	
4.77	0.337	0.103	-1.15483	0	-1.9217	0.115658	0	-0.0372041	0	0	-3.30597	
4.78	0.337	0.103	-1.15339	0	-1.92257	0.115566	0	-0.0370302	0	0	-3.30597	
4.79	0.337	0.103	-1.15194	0	-1.92343	0.115473	0	-0.0368567	0	0	-3.30597	
4.8	0.337	0.103	-1.15049	0	-1.9243	0.11538	0	-0.0366835	0	0	-3.30597	
4.81	0.337	0.103	-1.14905	0	-1.92516	0.115287	0	-0.0365106	0	0	-3.30597	
4.82	0.337	0.103	-1.14761	0	-1.92602	0.115194	0	-0.0363382	0	0	-3.30597	
4.83	0.337	0.103	-1.14617	0	-1.92688	0.115101	0	-0.0361661	0	0	-3.30597	
4.84	0.337	0.103	-1.14473	0	-1.92774	0.115007	0	-0.0359943	0	0	-3.30597	
4.85	0.337	0.103	-1.14329	0	-1.92859	0.114914	0	-0.0358229	0	0	-3.30597	
4.86	0.337	0.103	-1.14185	0	-1.92944	0.11482	0	-0.0356518	0	0	-3.30597	
4.87	0.337	0.103	-1.14041	0	-1.93029	0.114726	0	-0.0354811	0	0	-3.30597	
4.88	0.337	0.103	-1.13898	0	-1.93114	0.114632	0	-0.0353108	0	0	-3.30597	
4.89	0.337	0.103	-1.13754	0	-1.93198	0.114538	0	-0.0351408	0	0	-3.30597	
4.9	0.337	0.103	-1.13611	0	-1.93283	0.114444	0	-0.0349712	0	0	-3.30597	
4.91	0.337	0.103	-1.13468	0	-1.93367	0.114349	0	-0.0348019	0	0	-3.30597	
4.92	0.337	0.103	-1.13325	0	-1.93451	0.114255	0	-0.0346329	0	0	-3.30597	
4.93	0.337	0.103	-1.13182	0	-1.93534	0.11416	0	-0.0344644	0	0	-3.30597	
4.94	0.337	0.103	-1.13039	0	-1.93618	0.114065	0	-0.0342961	0	0	-3.30597	
4.95	0.337	0.103	-1.12896	0	-1.93701	0.11397	0	-0.0341283	0	0	-3.30597	
4.96	0.337	0.103	-1.12754	0	-1.93784	0.113875	0	-0.0339607	0	0	-3.30597	
4.97	0.337	0.103	-1.12611	0	-1.93867	0.11378	0	-0.0337936	0	0	-3.30597	
4.98	0.337	0.103	-1.12469	0	-1.93949	0.113685	0	-0.0336267	0	0	-3.30597	
4.99	0.337	0.103	-1.12327	0	-1.94032	0.113589	0	-0.0334603	0	0	-3.30597	
5	0.337	0.103	-1.12185	0	-1.94114	0.113494	0	-0.0332941	0	0	-3.30597	
5.01	0.337	0.103	-1.12043	0	-1.94196	0.113398	0	-0.0331284	0	0	-3.30597	
5.02	0.337	0.103	-1.11901	0	-1.94278	0.113302	0	-0.0329629	0	0	-3.30597	
5.03	0.337	0.103	-1.11759	0	-1.94359	0.113206	0	-0.0327979	0	0	-3.30597	
5.04	0.337	0.103	-1.11617	0	-1.94441	0.11311	0	-0.0326331	0	0	-3.30597	
5.05	0.337	0.103	-1.11476	0	-1.94522	0.113014	0	-0.0324688	0	0	-3.30597	
5.06	0.337	0.103	-1.11334	0	-1.94603	0.112918	0	-0.0323047	0	0	-3.30597	
5.07	0.337	0.103	-1.11193	0	-1.94684	0.112822	0	-0.032141	0	0	-3.30597	
5.08	0.337	0.103	-1.11052	0	-1.94764	0.112725	0	-0.0319777	0	0	-3.30597	
5.09	0.337	0.103	-1.10911	0	-1.94845	0.112628	0	-0.0318147	0	0	-3.30597	
5.1	0.337	0.103	-1.1077	0	-1.94925	0.112532	0	-0.0316521	0	0	-3.30597	
5.11	0.337	0.103	-1.10629	0	-1.95005	0.112435	0	-0.0314898	0	0	-3.30597	
5.12	0.337	0.103	-1.10489	0	-1.95084	0.112338	0	-0.0313278	0	0	-3.30597	
5.13	0.337	0.103	-1.10348	0	-1.95164	0.112241	0	-0.0311662	0	0	-3.30597	
5.14	0.337	0.103	-1.10208	0	-1.95243	0.112144	0	-0.0310049	0	0	-3.30597	
5.15	0.337	0.103	-1.10067	0	-1.95322	0.112046	0	-0.030844	0	0	-3.30597	
5.16	0.337	0.103	-1.09927	0	-1.95401	0.111949	0	-0.0306835	0	0	-3.30597	
5.17	0.337	0.103	-1.09787	0	-1.9548	0.111852	0	-0.0305232	0	0	-3.30597	
5.18	0.337	0.103	-1.09647	0	-1.95559	0.111754	0	-0.0303633	0	0	-3.30597	
5.19	0.337	0.103	-1.09507	0	-1.95637	0.111656	0	-0.0302038	0	0	-3.30597	
5.2	0.337	0.103	-1.09368	0	-1.95715	0.111558	0	-0.0300446	0	0	-3.30597	
5.21	0.337	0.103	-1.09228	0	-1.95793	0.11146	0	-0.0298857	0	0	-3.30597	
5.22	0.337	0.103	-1.09089	0	-1.95871	0.111362	0	-0.0297272	0	0	-3.30597	
5.23	0.337	0.103	-1.08949	0	-1.95948	0.111264	0	-0.029569	0	0	-3.30597	
5.24	0.337	0.103	-1.0881	0	-1.96026	0.111166	0	-0.0294112	0	0	-3.30597	
5.25	0.337	0.103	-1.08671	0	-1.96103	0.111068	0	-0.0292537	0	0	-3.30597	
5.26	0.337	0.103	-1.08532	0	-1.9618	0.110969	0	-0.0290965	0	0	-3.30597	
5.27	0.337	0.103	-1.08393	0	-1.96256	0.110871	0	-0.0289397	0	0	-3.30597	
5.28	0.337	0.103	-1.08255	0	-1.96333	0.110772	0	-0.0287833	0	0	-3.30597	
5.29	0.337	0.103	-1.08116	0	-1.96409	0.110674	0	-0.0286271	0	0	-3.30597	
5.3	0.337	0.103	-1.07977	0	-1.96485	0.110575	0	-0.0284713	0	0	-3.30597	
5.31	0.337	0.103	-1.07839	0	-1.96561	0.110476	0	-0.0283159	0	0	-3.30597	
5.32	0.337	0.103	-1.07701	0	-1.96637	0.110377	0	-0.0281607	0	0	-3.30597	
5.33	0.337	0.103	-1.07563	0	-1.96713	0.110278	0	-0.028006	0	0	-3.30597	
5.34	0.337	0.103	-1.07425	0	-1.96788	0.110179	0	-0.0278515	0	0	-3.30597	
5.35	0.337	0.103	-1.07287	0	-1.96863	0.110079	0	-0.0276974	0	0	-3.30597	
5.36	0.337	0.103	-1.07149	0	-1.96938	0.10998	0	-0.0275436	0	0	-3.30597	
5.37	0.337	0.103	-1.07012	0	-1.97013	0.109881	0	-0.0273902	0	0	-3.30597	
5.38	0.337	0.103	-1.06874	0	-1.97088	0.109781	0	-0.0272371	0	0	-3.30597	
5.39	0.337	0.103	-1.06737	0	-1.97162	0.109682	0	-0.0270843	0	0	-3.30597	
5.4	0.337	0.103	-1.066	0	-1.97236	0.109582	0	-0.0269319	0	0	-3.30597	
5.41	0.337	0.103	-1.06463	0	-1.9731	0.109482	0	-0.0267798	0	0	-3.30597	
5.42	0.337	0.103	-1.06326	0	-1.97384	0.109382	0	-0.026628	0	0	-3.30597	
5.43	0.337	0.103	-1.06189	0	-1.97458	0.109282	0	-0.0264766	0	0	-3.30597	
5.44	0.337	0.103	-1.06052	0	-1.97531	0.109182	0	-0.0263255	0	0	-3.30597	
5.45	0.337	0.103	-1.05915	0	-1.97605	0.109082	0	-0.0261747	0	0	-3.30597	
5.46	0.337	0.103	-1.05779	0	-1.97678	0.108982	0	-0.0260243	0	0	-3.30597	
5.47	0.337	0.103	-1.05643	0	-1.97751	0.108882	0	-0.0258742	0	0	-3.30597	
5.48	0.337	0.103	-1.05506	0	-1.97823	0.108781	0	-0.0257244	0	0	-3.30597	
5.49	0.337	0.103	-1.0537	0	-1.97896	0.108681	0	-0.025575	0	0	-3.30597	
5.5	0.337	0.103	-1.05234	0	-1.97968	0.108581	0	-0.0254258	0	0	-3.30597	
5.51	0.337	0.103	-1.05098	0	-1.9804	0.10848	0	-0.0252771	0	0	-3.30597	
5.52	0.337	0.103	-1.04963	0	-1.98112	0.108379	0	-0.0251286	0	0	-3.30597	
5.53	0.337	0.103	-1.04827	0	-1.98184	0.108279	0	-0.0249805	0	0	-3.30597	
5.54	0.337	0.103	-1.04692	0	-1.98256	0.108178	0	-0.0248327	0	0	-3.30597	
5.55	0.337	0.103	-1.04556	0	-1.98327	0.108077	0	-0.0246852	0	0	-3.30597	
5.56	0.337	0.103	-1.04421	0	-1.98398	0.107976	0	-0.0245381	0	0	-3.30597	
5.57	0.337	0.103	-1.04286	0	-1.98469	0.107875	0	-0.0243913	0	0	-3.30597	
5.58	0.337	0.103	-1.04151	0	-1.9854	0.107774	0	-0.0242448	0	0	-3.30597	
5.59	0.337	0.103	-1.04016	0	-1.98611	0.107673	0	-0.0240986	0	0	-3.30597	
5.6	0.337	0.103	-1.03882	0	-1.98681	0.107572	0	-0.0239528	0	0	-3.30597	
5.61	0.337	0.103	-1.03747	0	-1.98752	0.10747	0	-0.0238073	0	0	-3.30597	
5.62	0.337	0.103	-1.03612	0	-1.98822	0.107369	0	-0.0236621	0	0	-3.30597	
5.63	0.337	0.103	-1.03478	0	-1.98892	0.107268	0	-0.0235172	0	0	-3.30597	
5.64	0.337	0.103	-1.03344	0	-1.98961	0.107166	0	-0.0233727	0	0	-3.30597	
5.65	0.337	0.103	-1.0321	0	-1.99031	0.107065	0	-0.0232285	0	0	-3.30597	
5.66	0.337	0.103	-1.03076	0	-1.991	0.106963	0	-0.0230846	0	0	-3.30597	
5.67	0.337	0.103	-1.02942	0	-1.9917	0.106862	0	-0.0229411	0	0	-3.30597	
5.68	0.337	0.103	-1.02808	0	-1.99239	0.10676	0	-0.0227978	0	0	-3.30597	
5.69	0.337	0.103	-1.02675	0	-1.99308	0.106658	0	-0.0226549	0	0	-3.30597	
5.7	0.337	0.103	-1.02541	0	-1.99376	0.106556	0	-0.0225123	0	0	-3.30597	
5.71	0.337	0.103	-1.02408	0	-1.99445	0.106454	0	-0.02237	0	0	-3.30597	
5.72	0.337	0.103	-1.02275	0	-1.99513	0.106352	0	-0.0222281	0	0	-3.30597	
5.73	0.337	0.103	-1.02142	0	-1.99581	0.10625	0	-0.0220864	0	0	-3.30597	
5.74	0.337	0.103	-1.02009	0	-1.99649	0.106148	0	-0.0219451	0	0	-3.30597	
5.75	0.337	0.103	-1.01876	0	-1.99717	0.106046	0	-0.0218041	0	0	-3.30597	
5.76	0.337	0.103	-1.01743	0	-1.99785	0.105944	0	-0.0216634	0	0	-3.30597	
5.77	0.337	0.103	-1.01611	0	-1.99852	0.105842	0	-0.0215231	0	0	-3.30597	
5.78	0.337	0.103	-1.01479	0	-1.99919	0.10574	0	-0.021383	0	0	-3.30597	
5.79	0.337	0.103	-1.01346	0	-1.99986	0.105637	0	-0.0212433	0	0	-3.30597	
5.8	0.337	0.103	-1.01214	0	-2.00053	0.105535	0	-0.0211039	0	0	-3.30597	
5.81	0.337	0.103	-1.01082	0	-2.0012	0.105432	0	-0.0209648	0	0	-3.30597	
5.82	0.337	0.103	-1.0095	0	-2.00187	0.10533	0	-0.0208261	0	0	-3.30597	
5.83	0.337	0.103	-1.00818	0	-2.00253	0.105227	0	-0.0206876	0	0	-3.30597	
5.84	0.337	0.103	-1.00687	0	-2.00319	0.105125	0	-0.0205495	0	0	-3.30597	
5.85	0.337	0.103	-1.00555	0	-2.00385	0.105022	0	-0.0204116	0	0	-3.30597	
5.86	0.337	0.103	-1.00424	0	-2.00451	0.10492	0	-0.0202741	0	0	-3.30597	
5.87	0.337	0.103	-1.00293	0	-2.00517	0.104817	0	-0.0201369	0	0	-3.30597	
5.88	0.337	0.103	-1.00161	0	-2.00582	0.104714	0	-0.02	0	0	-3.30597	
5.89	0.337	0.103	-1.0003	0	-2.00648	0.104611	0	-0.0198635	0	0	-3.30597	
5.9	0.337	0.103	-0.998995	0	-2.00713	0.104508	0	-0.0197272	0	0	-3.30597	
5.91	0.337	0.103	-0.997688	0	-2.00778	0.104405	0	-0.0195912	0	0	-3.30597	
5.92	0.337	0.103	-0.996382	0	-2.00843	0.104303	0	-0.0194556	0	0	-3.30597	
5.93	0.337	0.103	-0.995077	0	-2.00908	0.1042	0	-0.0193203	0	0	-3.30597	
5.94	0.337	0.103	-0.993773	0	-2.00972	0.104097	0	-0.0191853	0	0	-3.30597	
5.95	0.337	0.103	-0.992471	0	-2.01036	0.103993	0	-0.0190506	0	0	-3.30597	
5.96	0.337	0.103	-0.99117	0	-2.01101	0.10389	0	-0.0189162	0	0	-3.30597	
5.97	0.337	0.103	-0.98987	0	-2.01165	0.103787	0	-0.0187821	0	0	-3.30597	
5.98	0.337	0.103	-0.988572	0	-2.01228	0.103684	0	-0.0186483	0	0	-3.30597	
5.99	0.337	0.103	-0.987274	0	-2.01292	0.103581	0	-0.0185148	0	0	-3.30597	
6	0.337	0.103	-0.985979	0	-2.01356	0.103478	0	-0.0183817	0	0	-3.30597	
6.01	0.337	0.103	-0.984684	0	-2.01419	0.103374	0	-0.0182488	0	0	-3.30597	
6.02	0.337	0.103	-0.983391	0	-2.01482	0.103271	0	-0.0181163	0	0	-3.30597	
6.03	0.337	0.103	-0.982099	0	-2.01545	0.103168	0	-0.017984	0	0	-3.30597	
6.04	0.337	0.103	-0.980808	0	-2.01608	0.103064	0	-0.0178521	0	0	-3.30597	
6.05	0.337	0.103	-0.979519	0	-2.01671	0.102961	0	-0.0177204	0	0	-3.30597	
6.06	0.337	0.103	-0.978231	0	-2.01733	0.102857	0	-0.0175891	0	0	-3.30597	
6.07	0.337	0.103	-0.976944	0	-2.01796	0.102754	0	-0.0174581	0	0	-3.30597	
6.08	0.337	0.103	-0.975658	0	-2.01858	0.10265	0	-0.0173274	0	0	-3.30597	
6.09	0.337	0.103	-0.974374	0	-2.0192	0.102547	0	-0.017197	0	0	-3.30597	
6.1	0.337	0.103	-0.973091	0	-2.01982	0.102443	0	-0.0170668	0	0	-3.30597	
6.11	0.337	0.103	-0.971809	0	-2.02043	0.10234	0	-0.016937	0	0	-3.30597	
6.12	0.337	0.103	-0.970529	0	-2.02105	0.102236	0	-0.0168075	0	0	-3.30597	
6.13	0.337	0.103	-0.96925	0	-2.02166	0.102132	0	-0.0166783	0	0	-3.30597	
6.14	0.337	0.103	-0.967972	0	-2.02227	0.102029	0	-0.0165494	0	0	-3.30597	
6.15	0.337	0.103	-0.966696	0	-2.02288	0.101925	0	-0.0164208	0	0	-3.30597	
6.16	0.337	0.103	-0.965421	0	-2.02349	0.101821	0	-0.0162925	0	0	-3.30597	
6.17	0.337	0.103	-0.964147	0	-2.0241	0.101717	0	-0.0161645	0	0	-3.30597	
6.18	0.337	0.103	-0.962874	0	-2.02471	0.101614	0	-0.0160368	0	0	-3.30597	
6.19	0.337	0.103	-0.961603	0	-2.02531	0.10151	0	-0.0159094	0	0	-3.30597	
6.2	0.337	0.103	-0.960333	0	-2.02591	0.101406	0	-0.0157823	0	0	-3.30597	
6.21	0.337	0.103	-0.959065	0	-2.02651	0.101302	0	-0.0156555	0	0	-3.30597	
6.22	0.337	0.103	-0.957797	0	-2.02711	0.101198	0	-0.0155289	0	0	-3.30597	
6.23	0.337	0.103	-0.956531	0	-2.02771	0.101094	0	-0.0154027	0	0	-3.30597	
6.24	0.337	0.103	-0.955266	0	-2.02831	0.10099	0	-0.0152768	0	0	-3.30597	
6.25	0.337	0.103	-0.954003	0	-2.0289	0.100886	0	-0.0151512	0	0	-3.30597	
6.26	0.337	0.103	-0.952741	0	-2.02949	0.100783	0	-0.0150258	0	0	-3.30597	
6.27	0.337	0.103	-0.95148	0	-2.03009	0.100679	0	-0.0149008	0	0	-3.30597	
6.28	0.337	0.103	-0.95022	0	-2.03068	0.100575	0	-0.0147761	0	0	-3.30597	
6.29	0.337	0.103	-0.948962	0	-2.03126	0.100471	0	-0.0146516	0	0	-3.30597	
6.3	0.337	0.103	-0.947705	0	-2.03185	0.100366	0	-0.0145274	0	0	-3.30597	
6.31	0.337	0.103	-0.94645	0	-2.03244	0.100262	0	-0.0144036	0	0	-3.30597	
6.32	0.337	0.103	-0.945195	0	-2.03302	0.100158	0	-0.01428	0	0	-3.30597	
6.33	0.337	0.103	-0.943942	0	-2.0336	0.100054	0	-0.0141567	0	0	-3.30597	
6.34	0.337	0.103	-0.942691	0	-2.03418	0.0999502	0	-0.0140337	0	0	-3.30597	
6.35	0.337	0.103	-0.94144	0	-2.03476	0.0998461	0	-0.013911	0	0	-3.30597	
6.36	0.337	0.103	-0.940191	0	-2.03534	0.099742	0	-0.0137886	0	0	-3.30597	
6.37	0.337	0.103	-0.938943	0	-2.03591	0.0996379	0	-0.0136665	0	0	-3.30597	
6.38	0.337	0.103	-0.937697	0	-2.03649	0.0995337	0	-0.0135447	0	0	-3.30597	
6.39	0.337	0.103	-0.936451	0	-2.03706	0.0994296	0	-0.0134232	0	0	-3.30597	
6.4	0.337	0.103	-0.935208	0	-2.03763	0.0993254	0	-0.0133019	0	0	-3.30597	
6.41	0.337	0.103	-0.933965	0	-2.0382	0.0992212	0	-0.0131809	0	0	-3.30597	
6.42	0.337	0.103	-0.932724	0	-2.03877	0.0991171	0	-0.0130603	0	0	-3.30597	
6.43	0.337	0.103	-0.931484	0	-2.03934	0.0990129	0	-0.0129399	0	0	-3.30597	
6.44	0.337	0.103	-0.930245	0	-2.0399	0.0989087	0	-0.0128198	0	0	-3.30597	
6.45	0.337	0.103	-0.929008	0	-2.04047	0.0988045	0	-0.0127	0	0	-3.30597	
6.46	0.337	0.103	-0.927771	0	-2.04103	0.0987003	0	-0.0125804	0	0	-3.30597	
6.47	0.337	0.103	-0.926537	0	-2.04159	0.098596	0	-0.0124612	0	0	-3.30597	
6.48	0.337	0.103	-0.925303	0	-2.04215	0.0984918	0	-0.0123422	0	0	-3.30597	
6.49	0.337	0.103	-0.924071	0	-2.04271	0.0983876	0	-0.0122235	0	0	-3.30597	
6.5	0.337	0.103	-0.92284	0	-2.04326	0.0982834	0	-0.0121051	0	0	-3.30597	
6.51	0.337	0.103	-0.921611	0	-2.04382	0.0981791	0	-0.011987	0	0	-3.30597	
6.52	0.337	0.103	-0.920382	0	-2.04437	0.0980749	0	-0.0118692	0	0	-3.30597	
6.53	0.337	0.103	-0.919155	0	-2.04492	0.0979706	0	-0.0117516	0	0	-3.30597	
6.54	0.337	0.103	-0.91793	0	-2.04548	0.0978664	0	-0.0116344	0	0	-3.30597	
6.55	0.337	0.103	-0.916705	0	-2.04602	0.0977621	0	-0.0115174	0	0	-3.30597	
6.56	0.337	0.103	-0.915482	0	-2.04657	0.0976579	0	-0.0114007	0	0	-3.30597	
6.57	0.337	0.103	-0.914261	0	-2.04712	0.0975536	0	-0.0112843	0	0	-3.30597	
6.58	0.337	0.103	-0.91304	0	-2.04766	0.0974494	0	-0.0111681	0	0	-3.30597	
6.59	0.337	0.103	-0.911821	0	-2.04821	0.0973452	0	-0.0110522	0	0	-3.30597	
6.6	0.337	0.103	-0.910603	0	-2.04875	0.0972409	0	-0.0109367	0	0	-3.30597	
6.61	0.337	0.103	-0.909387	0	-2.04929	0.0971367	0	-0.0108213	0	0	-3.30597	
6.62	0.337	0.103	-0.908171	0	-2.04983	0.0970324	0	-0.0107063	0	0	-3.30597	
6.63	0.337	0.103	-0.906958	0	-2.05036	0.0969282	0	-0.0105915	0	0	-3.30597	
6.64	0.337	0.103	-0.905745	0	-2.0509	0.096824	0	-0.0104771	0	0	-3.30597	
6.65	0.337	0.103	-0.904534	0	-2.05143	0.0967197	0	-0.0103629	0	0	-3.30597	
6.66	0.337	0.103	-0.903324	0	-2.05197	0.0966155	0	-0.0102489	0	0	-3.30597	
6.67	0.337	0.103	-0.902115	0	-2.0525	0.0965113	0	-0.0101353	0	0	-3.30597	
6.68	0.337	0.103	-0.900908	0	-2.05303	0.0964071	0	-0.0100219	0	0	-3.30597	
6.69	0.337	0.103	-0.899702	0	-2.05356	0.0963028	0	-0.00990879	0	0	-3.30597	
6.7	0.337	0.103	-0.898497	0	-2.05409	0.0961986	0	-0.00979596	0	0	-3.30597	
6.71	0.337	0.103	-0.897293	0	-2.05461	0.0960944	0	-0.0096834	0	0	-3.30597	
6.72	0.337	0.103	-0.896091	0	-2.05514	0.0959903	0	-0.00957111	0	0	-3.30597	
6.73	0.337	0.103	-0.89489	0	-2.05566	0.0958861	0	-0.00945909	0	0	-3.30597	
6.74	0.337	0.103	-0.893691	0	-2.05618	0.0957819	0	-0.00934735	0	0	-3.30597	
6.75	0.337	0.103	-0.892492	0	-2.0567	0.0956777	0	-0.00923587	0	0	-3.30597	
6.76	0.337	0.103	-0.891295	0	-2.05722	0.0955736	0	-0.00912467	0	0	-3.30597	
6.77	0.337	0.103	-0.8901	0	-2.05774	0.0954695	0	-0.00901374	0	0	-3.30597	
6.78	0.337	0.103	-0.888905	0	-2.05825	0.0953653	0	-0.00890307	0	0	-3.30597	
6.79	0.337	0.103	-0.887712	0	-2.05877	0.0952612	0	-0.00879268	0	0	-3.30597	
6.8	0.337	0.103	-0.886521	0	-2.05928	0.0951571	0	-0.00868255	0	0	-3.30597	
6.81	0.337	0.103	-0.88533	0	-2.05979	0.095053	0	-0.00857269	0	0	-3.30597	
6.82	0.337	0.103	-0.884141	0	-2.06031	0.0949489	0	-0.0084631	0	0	-3.30597	
6.83	0.337	0.103	-0.882953	0	-2.06081	0.0948448	0	-0.00835378	0	0	-3.30597	
6.84	0.337	0.103	-0.881767	0	-2.06132	0.0947408	0	-0.00824472	0	0	-3.30597	
6.85	0.337	0.103	-0.880581	0	-2.06183	0.0946367	0	-0.00813593	0	0	-3.30597	
6.86	0.337	0.103	-0.879398	0	-2.06233	0.0945327	0	-0.0080274	0	0	-3.30597	
6.87	0.337	0.103	-0.878215	0	-2.06284	0.0944287	0	-0.00791914	0	0	-3.30597	
6.88	0.337	0.103	-0.877034	0	-2.06334	0.0943247	0	-0.00781115	0	0	-3.30597	
6.89	0.337	0.103	-0.875854	0	-2.06384	0.0942207	0	-0.00770341	0	0	-3.30597	
6.9	0.337	0.103	-0.874675	0	-2.06434	0.0941168	0	-0.00759594	0	0	-3.30597	
6.91	0.337	0.103	-0.873497	0	-2.06484	0.0940128	0	-0.00748874	0	0	-3.30597	
6.92	0.337	0.103	-0.872321	0	-2.06534	0.0939089	0	-0.00738179	0	0	-3.30597	
6.93	0.337	0.103	-0.871146	0	-2.06583	0.093805	0	-0.00727511	0	0	-3.30597	
6.94	0.337	0.103	-0.869973	0	-2.06633	0.0937011	0	-0.00716869	0	0	-3.30597	
6.95	0.337	0.103	-0.868801	0	-2.06682	0.0935972	0	-0.00706253	0	0	-3.30597	
6.96	0.337	0.103	-0.86763	0	-2.06731	0.0934934	0	-0.00695663	0	0	-3.30597	
6.97	0.337	0.103	-0.86646	0	-2.0678	0.0933895	0	-0.00685099	0	0	-3.30597	
6.98	0.337	0.103	-0.865292	0	-2.06829	0.0932857	0	-0.00674561	0	0	-3.30597	
6.99	0.337	0.103	-0.864125	0	-2.06878	0.0931819	0	-0.00664049	0	0	-3.30597	
7	0.337	0.103	-0.862959	0	-2.06927	0.0930782	0	-0.00653563	0	0	-3.30597	
7.01	0.337	0.103	-0.861795	0	-2.06975	0.0929744	0	-0.00643103	0	0	-3.30597	
7.02	0.337	0.103	-0.860632	0	-2.07024	0.0928707	0	-0.00632668	0	0	-3.30597	
7.03	0.337	0.103	-0.85947	0	-2.07072	0.092767	0	-0.00622259	0	0	-3.30597	
7.04	0.337	0.103	-0.858309	0	-2.0712	0.0926633	0	-0.00611876	0	0	-3.30597	
7.05	0.337	0.103	-0.85715	0	-2.07168	0.0925596	0	-0.00601518	0	0	-3.30597	
7.06	0.337	0.103	-0.855992	0	-2.07216	0.092456	0	-0.00591186	0	0	-3.30597	
7.07	0.337	0.103	-0.854835	0	-2.07264	0.0923524	0	-0.00580879	0	0	-3.30597	
7.08	0.337	0.103	-0.85368	0	-2.07311	0.0922488	0	-0.00570598	0	0	-3.30597	
7.09	0.337	0.103	-0.852526	0	-2.07359	0.0921453	0	-0.00560342	0	0	-3.30597	
7.1	0.337	0.103	-0.851373	0	-2.07406	0.0920417	0	-0.00550112	0	0	-3.30597	
7.11	0.337	0.103	-0.850222	0	-2.07453	0.0919382	0	-0.00539907	0	0	-3.30597	
7.12	0.337	0.103	-0.849072	0	-2.075	0.0918347	0	-0.00529727	0	0	-3.30597	
7.13	0.337	0.103	-0.847923	0	-2.07547	0.0917313	0	-0.00519572	0	0	-3.30597	
7.14	0.337	0.103	-0.846775	0	-2.07594	0.0916279	0	-0.00509442	0	0	-3.30597	
7.15	0.337	0.103	-0.845629	0	-2.07641	0.0915245	0	-0.00499338	0	0	-3.30597	
7.16	0.337	0.103	-0.844484	0	-2.07688	0.0914211	0	-0.00489259	0	0	-3.30597	
7.17	0.337	0.103	-0.84334	0	-2.07734	0.0913178	0	-0.00479204	0	0	-3.30597	
7.18	0.337	0.103	-0.842198	0	-2.0778	0.0912144	0	-0.00469175	0	0	-3.30597	
7.19	0.337	0.103	-0.841057	0	-2.07827	0.0911112	0	-0.0045917	0	0	-3.30597	
7.2	0.337	0.103	-0.839917	0	-2.07873	0.0910079	0	-0.00449191	0	0	-3.30597	
7.21	0.337	0.103	-0.838778	0	-2.07919	0.0909047	0	-0.00439236	0	0	-3.30597	
7.22	0.337	0.103	-0.837641	0	-2.07964	0.0908015	0	-0.00429306	0	0	-3.30597	
7.23	0.337	0.103	-0.836505	0	-2.0801	0.0906983	0	-0.004194	0	0	-3.30597	
7.24	0.337	0.103	-0.835371	0	-2.08056	0.0905952	0	-0.0040952	0	0	-3.30597	
7.25	0.337	0.103	-0.834237	0	-2.08101	0.0904921	0	-0.00399664	0	0	-3.30597	
7.26	0.337	0.103	-0.833105	0	-2.08147	0.0903891	0	-0.00389832	0	0	-3.30597	
7.27	0.337	0.103	-0.831974	0	-2.08192	0.090286	0	-0.00380025	0	0	-3.30597	
7.28	0.337	0.103	-0.830845	0	-2.08237	0.090183	0	-0.00370243	0	0	-3.30597	
7.29	0.337	0.103	-0.829717	0	-2.08282	0.0900801	0	-0.00360485	0	0	-3.30597	
7.3	0.337	0.103	-0.82859	0	-2.08327	0.0899772	0	-0.00350751	0	0	-3.30597	
7.31	0.337	0.103	-0.827464	0	-2.08371	0.0898743	0	-0.00341041	0	0	-3.30597	
7.32	0.337	0.103	-0.82634	0	-2.08416	0.0897714	0	-0.00331356	0	0	-3.30597	
7.33	0.337	0.103	-0.825217	0	-2.08461	0.0896686	0	-0.00321695	0	0	-3.30597	
7.34	0.337	0.103	-0.824095	0	-2.08505	0.0895658	0	-0.00312059	0	0	-3.30597	
7.35	0.337	0.103	-0.822975	0	-2.08549	0.089463	0	-0.00302446	0	0	-3.30597	
7.36	0.337	0.103	-0.821855	0	-2.08593	0.0893603	0	-0.00292857	0	0	-3.30597	
7.37	0.337	0.103	-0.820738	0	-2.08637	0.0892576	0	-0.00283293	0	0	-3.30597	
7.38	0.337	0.103	-0.819621	0	-2.08681	0.089155	0	-0.00273752	0	0	-3.30597	
7.39	0.337	0.103	-0.818506	0	-2.08725	0.0890524	0	-0.00264236	0	0	-3.30597	
7.4	0.337	0.103	-0.817392	0	-2.08769	0.0889498	0	-0.00254743	0	0	-3.30597	
7.41	0.337	0.103	-0.816279	0	-2.08812	0.0888473	0	-0.00245274	0	0	-3.30597	
7.42	0.337	0.103	-0.815167	0	-2.08856	0.0887448	0	-0.00235829	0	0	-3.30597	
7.43	0.337	0.103	-0.814057	0	-2.08899	0.0886424	0	-0.00226407	0	0	-3.30597	
7.44	0.337	0.103	-0.812948	0	-2.08942	0.08854	0	-0.0021701	0	0	-3.30597	
7.45	0.337	0.103	-0.811841	0	-2.08985	0.0884376	0	-0.00207636	0	0	-3.30597	
7.46	0.337	0.103	-0.810734	0	-2.09028	0.0883353	0	-0.00198285	0	0	-3.30597	
7.47	0.337	0.103	-0.809629	0	-2.09071	0.088233	0	-0.00188958	0	0	-3.30597	
7.48	0.337	0.103	-0.808525	0	-2.09114	0.0881307	0	-0.00179655	0	0	-3.30597	
7.49	0.337	0.103	-0.807423	0	-2.09156	0.0880285	0	-0.00170375	0	0	-3.30597	
7.5	0.337	0.103	-0.806322	0	-2.09199	0.0879263	0	-0.00161118	0	0	-3.30597	
7.51	0.337	0.103	-0.805222	0	-2.09241	0.0878242	0	-0.00151885	0	0	-3.30597	
7.52	0.337	0.103	-0.804123	0	-2.09283	0.0877221	0	-0.00142675	0	0	-3.30597	
7.53	0.337	0.103	-0.803026	0	-2.09325	0.0876201	0	-0.00133488	0	0	-3.30597	
7.54	0.337	0.103	-0.801929	0	-2.09367	0.0875181	0	-0.00124325	0	0	-3.30597	
7.55	0.337	0.103	-0.800835	0	-2.09409	0.0874161	0	-0.00115184	0	0	-3.30597	
7.56	0.337	0.103	-0.799741	0	-2.09451	0.0873142	0	-0.00106067	0	0	-3.30597	
7.57	0.337	0.103	-0.798649	0	-2.09493	0.0872124	0	-0.000969728	0	0	-3.30597	
7.58	0.337	0.103	-0.797558	0	-2.09534	0.0871105	0	-0.000879016	0	0	-3.30597	
7.59	0.337	0.103	-0.796468	0	-2.09576	0.0870088	0	-0.000788534	0	0	-3.30597	
7.6	0.337	0.103	-0.795379	0	-2.09617	0.086907	0	-0.00069828	0	0	-3.30597	
7.61	0.337	0.103	-0.794292	0	-2.09658	0.0868053	0	-0.000608256	0	0	-3.30597	
7.62	0.337	0.103	-0.793206	0	-2.09699	0.0867037	0	-0.00051846	0	0	-3.30597	
7.63	0.337	0.103	-0.792122	0	-2.0974	0.0866021	0	-0.000428891	0	0	-3.30597	
7.64	0.337	0.103	-0.791038	0	-2.09781	0.0865006	0	-0.00033955	0	0	-3.30597	
7.65	0.337	0.103	-0.789956	0	-2.09822	0.0863991	0	-0.000250435	0	0	-3.30597	
7.66	0.337	0.103	-0.788875	0	-2.09863	0.0862976	0	-0.000161547	0	0	-3.30597	
7.67	0.337	0.103	-0.787796	0	-2.09903	0.0861962	0	-7.28839e-05	0	0	-3.30597	
7.68	0.337	0.103	-0.786717	0	-2.09944	0.0860948	0	1.55534e-05	0	0	-3.30597	
7.69	0.337	0.103	-0.78564	0	-2.09984	0.0859935	0	0.000103766	0	0	-3.30597	
7.7	0.337	0.103	-0.784565	0	-2.10024	0.0858922	0	0.000191754	0	0	-3.30597	
7.71	0.337	0.103	-0.78349	0	-2.10064	0.085791	0	0.000279518	0	0	-3.30597	
7.72	0.337	0.103	-0.782417	0	-2.10104	0.0856899	0	0.000367059	0	0	-3.30597	
7.73	0.337	0.103	-0.781345	0	-2.10144	0.0855887	0	0.000454377	0	0	-3.30597	
7.74	0.337	0.103	-0.780274	0	-2.10184	0.0854877	0	0.000541472	0	0	-3.30597	
7.75	0.337	0.103	-0.779205	0	-2.10224	0.0853867	0	0.000628345	0	0	-3.30597	
7.76	0.337	0.103	-0.778137	0	-2.10263	0.0852857	0	0.000714997	0	0	-3.30597	
7.77	0.337	0.103	-0.77707	0	-2.10303	0.0851848	0	0.000801428	0	0	-3.30597	
7.78	0.337	0.103	-0.776004	0	-2.10342	0.0850839	0	0.000887638	0	0	-3.30597	
7.79	0.337	0.103	-0.77494	0	-2.10381	0.0849831	0	0.000973628	0	0	-3.30597	
7.8	0.337	0.103	-0.773877	0	-2.10421	0.0848823	0	0.0010594	0	0	-3.30597	
7.81	0.337	0.103	-0.772815	0	-2.1046	0.0847816	0	0.00114495	0	0	-3.30597	
7.82	0.337	0.103	-0.771754	0	-2.10498	0.0846809	0	0.00123028	0	0	-3.30597	
7.83	0.337	0.103	-0.770695	0	-2.10537	0.0845803	0	0.0013154	0	0	-3.30597	
7.84	0.337	0.103	-0.769637	0	-2.10576	0.0844798	0	0.00140029	0	0	-3.30597	
7.85	0.337	0.103	-0.76858	0	-2.10615	0.0843793	0	0.00148497	0	0	-3.30597	
7.86	0.337	0.103	-0.767524	0	-2.10653	0.0842788	0	0.00156944	0	0	-3.30597	
7.87	0.337	0.103	-0.76647	0	-2.10691	0.0841784	0	0.00165368	0	0	-3.30597	
7.88	0.337	0.103	-0.765417	0	-2.1073	0.0840781	0	0.00173771	0	0	-3.30597	
7.89	0.337	0.103	-0.764365	0	-2.10768	0.0839778	0	0.00182153	0	0	-3.30597	
7.9	0.337	0.103	-0.763314	0	-2.10806	0.0838775	0	0.00190513	0	0	-3.30597	
7.91	0.337	0.103	-0.762265	0	-2.10844	0.0837774	0	0.00198851	0	0	-3.30597	
7.92	0.337	0.103	-0.761217	0	-2.10882	0.0836772	0	0.00207168	0	0	-3.30597	
7.93	0.337	0.103	-0.76017	0	-2.1092	0.0835772	0	0.00215464	0	0	-3.30597	
7.94	0.337	0.103	-0.759125	0	-2.10957	0.0834771	0	0.00223738	0	0	-3.30597	
7.95	0.337	0.103	-0.758081	0	-2.10995	0.0833772	0	0.00231992	0	0	-3.30597	
7.96	0.337	0.103	-0.757038	0	-2.11032	0.0832773	0	0.00240224	0	0	-3.30597	
7.97	0.337	0.103	-0.755996	0	-2.1107	0.0831774	0	0.00248434	0	0	-3.30597	
7.98	0.337	0.103	-0.754955	0	-2.11107	0.0830776	0	0.00256624	0	0	-3.30597	
7.99	0.337	0.103	-0.753916	0	-2.11144	0.0829779	0	0.00264793	0	0	-3.30597	
8	0.337	0.103	-0.752878	0	-2.11181	0.0828782	0	0.0027294	0	0	-3.30597	
8.01	0.337	0.103	-0.751841	0	-2.11218	0.0827786	0	0.00281067	0	0	-3.30597	
8.02	0.337	0.103	-0.750806	0	-2.11255	0.082679	0	0.00289173	0	0	-3.30597	
8.03	0.337	0.103	-0.749771	0	-2.11291	0.0825795	0	0.00297257	0	0	-3.30597	
8.04	0.337	0.103	-0.748738	0	-2.11328	0.0824801	0	0.00305321	0	0	-3.30597	
8.05	0.337	0.103	-0.747706	0	-2.11365	0.0823807	0	0.00313364	0	0	-3.30597	
8.06	0.337	0.103	-0.746676	0	-2.11401	0.0822813	0	0.00321387	0	0	-3.30597	
8.07	0.337	0.103	-0.745646	0	-2.11437	0.082182	0	0.00329388	0	0	-3.30597	
8.08	0.337	0.103	-0.744618	0	-2.11474	0.0820828	0	0.00337369	0	0	-3.30597	
8.09	0.337	0.103	-0.743592	0	-2.1151	0.0819837	0	0.0034533	0	0	-3.30597	
8.1	0.337	0.103	-0.742566	0	-2.11546	0.0818846	0	0.00353269	0	0	-3.30597	
8.11	0.337	0.103	-0.741542	0	-2.11582	0.0817855	0	0.00361189	0	0	-3.30597	
8.12	0.337	0.103	-0.740518	0	-2.11617	0.0816866	0	0.00369087	0	0	-3.30597	
8.13	0.337	0.103	-0.739497	0	-2.11653	0.0815876	0	0.00376966	0	0	-3.30597	
8.14	0.337	0.103	-0.738476	0	-2.11689	0.0814888	0	0.00384824	0	0	-3.30597	
8.15	0.337	0.103	-0.737457	0	-2.11724	0.08139	0	0.00392661	0	0	-3.30597	
8.16	0.337	0.103	-0.736438	0	-2.1176	0.0812913	0	0.00400478	0	0	-3.30597	
8.17	0.337	0.103	-0.735421	0	-2.11795	0.0811926	0	0.00408275	0	0	-3.30597	
8.18	0.337	0.103	-0.734406	0	-2.1183	0.081094	0	0.00416052	0	0	-3.30597	
8.19	0.337	0.103	-0.733391	0	-2.11866	0.0809954	0	0.00423809	0	0	-3.30597	
8.2	0.337	0.103	-0.732378	0	-2.11901	0.0808969	0	0.00431545	0	0	-3.30597	
8.21	0.337	0.103	-0.731366	0	-2.11936	0.0807985	0	0.00439262	0	0	-3.30597	
8.22	0.337	0.103	-0.730355	0	-2.1197	0.0807001	0	0.00446958	0	0	-3.30597	
8.23	0.337	0.103	-0.729346	0	-2.12005	0.0806018	0	0.00454635	0	0	-3.30597	
8.24	0.337	0.103	-0.728337	0	-2.1204	0.0805036	0	0.00462291	0	0	-3.30597	
8.25	0.337	0.103	-0.72733	0	-2.12074	0.0804054	0	0.00469928	0	0	-3.30597	
8.26	0.337	0.103	-0.726325	0	-2.12109	0.0803073	0	0.00477544	0	0	-3.30597	
8.27	0.337	0.103	-0.72532	0	-2.12143	0.0802092	0	0.00485141	0	0	-3.30597	
8.28	0.337	0.103	-0.724316	0	-2.12178	0.0801113	0	0.00492718	0	0	-3.30597	
8.29	0.337	0.103	-0.723314	0	-2.12212	0.0800133	0	0.00500276	0	0	-3.30597	
8.3	0.337	0.103	-0.722313	0	-2.12246	0.0799155	0	0.00507813	0	0	-3.30597	
8.31	0.337	0.103	-0.721314	0	-2.1228	0.0798177	0	0.00515332	0	0	-3.30597	
8.32	0.337	0.103	-0.720315	0	-2.12314	0.0797199	0	0.0052283	0	0	-3.30597	
8.33	0.337	0.103	-0.719318	0	-2.12347	0.0796223	0	0.00530309	0	0	-3.30597	
8.34	0.337	0.103	-0.718322	0	-2.12381	0.0795247	0	0.00537768	0	0	-3.30597	
8.35	0.337	0.103	-0.717327	0	-2.12415	0.0794271	0	0.00545208	0	0	-3.30597	
8.36	0.337	0.103	-0.716333	0	-2.12448	0.0793297	0	0.00552629	0	0	-3.30597	
8.37	0.337	0.103	-0.715341	0	-2.12482	0.0792323	0	0.0056003	0	0	-3.30597	
8.38	0.337	0.103	-0.71435	0	-2.12515	0.0791349	0	0.00567412	0	0	-3.30597	
8.39	0.337	0.103	-0.71336	0	-2.12548	0.0790377	0	0.00574775	0	0	-3.30597	
8.4	0.337	0.103	-0.712371	0	-2.12582	0.0789404	0	0.00582118	0	0	-3.30597	
8.41	0.337	0.103	-0.711384	0	-2.12615	0.0788433	0	0.00589442	0	0	-3.30597	
8.42	0.337	0.103	-0.710397	0	-2.12648	0.0787462	0	0.00596747	0	0	-3.30597	
8.43	0.337	0.103	-0.709412	0	-2.1268	0.0786492	0	0.00604033	0	0	-3.30597	
8.44	0.337	0.103	-0.708428	0	-2.12713	0.0785523	0	0.006113	0	0	-3.30597	
8.45	0.337	0.103	-0.707446	0	-2.12746	0.0784554	0	0.00618548	0	0	-3.30597	
8.46	0.337	0.103	-0.706464	0	-2.12779	0.0783586	0	0.00625777	0	0	-3.30597	
8.47	0.337	0.103	-0.705484	0	-2.12811	0.0782619	0	0.00632987	0	0	-3.30597	
8.48	0.337	0.103	-0.704505	0	-2.12844	0.0781652	0	0.00640178	0	0	-3.30597	
8.49	0.337	0.103	-0.703527	0	-2.12876	0.0780686	0	0.0064735	0	0	-3.30597	
8.5	0.337	0.103	-0.702551	0	-2.12908	0.0779721	0	0.00654504	0	0	-3.30597	
8.51	0.337	0.103	-0.701575	0	-2.1294	0.0778756	0	0.00661638	0	0	-3.30597	
8.52	0.337	0.103	-0.700601	0	-2.12972	0.0777792	0	0.00668754	0	0	-3.30597	
8.53	0.337	0.103	-0.699628	0	-2.13004	0.0776829	0	0.00675851	0	0	-3.30597	
8.54	0.337	0.103	-0.698656	0	-2.13036	0.0775866	0	0.0068293	0	0	-3.30597	
8.55	0.337	0.103	-0.697686	0	-2.13068	0.0774904	0	0.0068999	0	0	-3.30597	
8.56	0.337	0.103	-0.696716	0	-2.131	0.0773943	0	0.00697032	0	0	-3.30597	
8.57	0.337	0.103	-0.695748	0	-2.13131	0.0772983	0	0.00704055	0	0	-3.30597	
8.58	0.337	0.103	-0.694781	0	-2.13163	0.0772023	0	0.00711059	0	0	-3.30597	
8.59	0.337	0.103	-0.693815	0	-2.13194	0.0771064	0	0.00718045	0	0	-3.30597	
8.6	0.337	0.103	-0.692851	0	-2.13226	0.0770105	0	0.00725013	0	0	-3.30597	
8.61	0.337	0.103	-0.691887	0	-2.13257	0.0769148	0	0.00731962	0	0	-3.30597	
8.62	0.337	0.103	-0.690925	0	-2.13288	0.076819	0	0.00738894	0	0	-3.30597	
8.63	0.337	0.103	-0.689964	0	-2.13319	0.0767234	0	0.00745806	0	0	-3.30597	
8.64	0.337	0.103	-0.689004	0	-2.1335	0.0766279	0	0.00752701	0	0	-3.30597	
8.65	0.337	0.103	-0.688046	0	-2.13381	0.0765324	0	0.00759578	0	0	-3.30597	
8.66	0.337	0.103	-0.687088	0	-2.13412	0.076437	0	0.00766436	0	0	-3.30597	
8.67	0.337	0.103	-0.686132	0	-2.13443	0.0763416	0	0.00773276	0	0	-3.30597	
8.68	0.337	0.103	-0.685177	0	-2.13474	0.0762463	0	0.00780099	0	0	-3.30597	
8.69	0.337	0.103	-0.684223	0	-2.13504	0.0761511	0	0.00786903	0	0	-3.30597	
8.7	0.337	0.103	-0.683271	0	-2.13535	0.076056	0	0.00793689	0	0	-3.30597	
8.71	0.337	0.103	-0.682319	0	-2.13565	0.0759609	0	0.00800458	0	0	-3.30597	
8.72	0.337	0.103	-0.681369	0	-2.13595	0.0758659	0	0.00807208	0	0	-3.30597	
8.73	0.337	0.103	-0.68042	0	-2.13626	0.075771	0	0.00813941	0	0	-3.30597	
8.74	0.337	0.103	-0.679472	0	-2.13656	0.0756762	0	0.00820656	0	0	-3.30597	
8.75	0.337	0.103	-0.678525	0	-2.13686	0.0755814	0	0.00827353	0	0	-3.30597	
8.76	0.337	0.103	-0.67758	0	-2.13716	0.0754867	0	0.00834033	0	0	-3.30597	
8.77	0.337	0.103	-0.676636	0	-2.13746	0.0753921	0	0.00840694	0	0	-3.30597	
8.78	0.337	0.103	-0.675693	0	-2.13776	0.0752975	0	0.00847339	0	0	-3.30597	
8.79	0.337	0.103	-0.674751	0	-2.13805	0.0752031	0	0.00853965	0	0	-3.30597	
8.8	0.337	0.103	-0.67381	0	-2.13835	0.0751087	0	0.00860574	0	0	-3.30597	
8.81	0.337	0.103	-0.67287	0	-2.13865	0.0750143	0	0.00867166	0	0	-3.30597	
8.82	0.337	0.103	-0.671932	0	-2.13894	0.0749201	0	0.0087374	0	0	-3.30597	
8.83	0.337	0.103	-0.670995	0	-2.13924	0.0748259	0	0.00880297	0	0	-3.30597	
8.84	0.337	0.103	-0.670059	0	-2.13953	0.0747318	0	0.00886836	0	0	-3.30597	
8.85	0.337	0.103	-0.669124	0	-2.13982	0.0746377	0	0.00893358	0	0	-3.30597	
8.86	0.337	0.103	-0.66819	0	-2.14011	0.0745438	0	0.00899863	0	0	-3.30597	
8.87	0.337	0.103	-0.667258	0	-2.1404	0.0744499	0	0.0090635	0	0	-3.30597	
8.88	0.337	0.103	-0.666326	0	-2.14069	0.0743561	0	0.00912821	0	0	-3.30597	
8.89	0.337	0.103	-0.665396	0	-2.14098	0.0742623	0	0.00919274	0	0	-3.30597	
8.9	0.337	0.103	-0.664467	0	-2.14127	0.0741687	0	0.0092571	0	0	-3.30597	
8.91	0.337	0.103	-0.663539	0	-2.14156	0.0740751	0	0.00932129	0	0	-3.30597	
8.92	0.337	0.103	-0.662613	0	-2.14185	0.0739816	0	0.0093853	0	0	-3.30597	
8.93	0.337	0.103	-0.661687	0	-2.14213	0.0738881	0	0.00944915	0	0	-3.30597	
8.94	0.337	0.103	-0.660763	0	-2.14242	0.0737948	0	0.00951283	0	0	-3.30597	
8.95	0.337	0.103	-0.65984	0	-2.1427	0.0737015	0	0.00957634	0	0	-3.30597	
8.96	0.337	0.103	-0.658918	0	-2.14299	0.0736083	0	0.00963968	0	0	-3.30597	
8.97	0.337	0.103	-0.657997	0	-2.14327	0.0735151	0	0.00970285	0	0	-3.30597	
8.98	0.337	0.103	-0.657077	0	-2.14355	0.0734221	0	0.00976586	0	0	-3.30597	
8.99	0.337	0.103	-0.656159	0	-2.14383	0.0733291	0	0.00982869	0	0	-3.30597	
9	0.337	0.103	-0.655241	0	-2.14411	0.0732362	0	0.00989136	0	0	-3.30597	
9.01	0.337	0.103	-0.654325	0	-2.14439	0.0731433	0	0.00995386	0	0	-3.30597	
9.02	0.337	0.103	-0.65341	0	-2.14467	0.0730506	0	0.0100162	0	0	-3.30597	
9.03	0.337	0.103	-0.652497	0	-2.14495	0.0729579	0	0.0100784	0	0	-3.30597	
9.04	0.337	0.103	-0.651584	0	-2.14523	0.0728653	0	0.0101404	0	0	-3.30597	
9.05	0.337	0.103	-0.650672	0	-2.1455	0.0727728	0	0.0102022	0	0	-3.30597	
9.06	0.337	0.103	-0.649762	0	-2.14578	0.0726803	0	0.0102639	0	0	-3.30597	
9.07	0.337	0.103	-0.648853	0	-2.14606	0.0725879	0	0.0103254	0	0	-3.30597	
9.08	0.337	0.103	-0.647945	0	-2.14633	0.0724956	0	0.0103867	0	0	-3.30597	
9.09	0.337	0.103	-0.647038	0	-2.1466	0.0724034	0	0.0104479	0	0	-3.30597	
9.1	0.337	0.103	-0.646132	0	-2.14688	0.0723113	0	0.0105089	0	0	-3.30597	
9.11	0.337	0.103	-0.645228	0	-2.14715	0.0722192	0	0.0105698	0	0	-3.30597	
9.12	0.337	0.103	-0.644324	0	-2.14742	0.0721272	0	0.0106305	0	0	-3.30597	
9.13	0.337	0.103	-0.643422	0	-2.14769	0.0720353	0	0.010691	0	0	-3.30597	
9.14	0.337	0.103	-0.642521	0	-2.14796	0.0719435	0	0.0107514	0	0	-3.30597	
9.15	0.337	0.103	-0.641621	0	-2.14823	0.0718517	0	0.0108116	0	0	-3.30597	
9.16	0.337	0.103	-0.640722	0	-2.1485	0.0717601	0	0.0108716	0	0	-3.30597	
9.17	0.337	0.103	-0.639824	0	-2.14876	0.0716685	0	0.0109315	0	0	-3.30597	
9.18	0.337	0.103	-0.638928	0	-2.14903	0.071577	0	0.0109913	0	0	-3.30597	
9.19	0.337	0.103	-0.638032	0	-2.1493	0.0714855	0	0.0110508	0	0	-3.30597	
9.2	0.337	0.103	-0.637138	0	-2.14956	0.0713942	0	0.0111102	0	0	-3.30597	
9.21	0.337	0.103	-0.636245	0	-2.14983	0.0713029	0	0.0111695	0	0	-3.30597	
9.22	0.337	0.103	-0.635353	0	-2.15009	0.0712117	0	0.0112286	0	0	-3.30597	
9.23	0.337	0.103	-0.634462	0	-2.15035	0.0711205	0	0.0112875	0	0	-3.30597	
9.24	0.337	0.103	-0.633572	0	-2.15062	0.0710295	0	0.0113463	0	0	-3.30597	
9.25	0.337	0.103	-0.632684	0	-2.15088	0.0709385	0	0.0114049	0	0	-3.30597	
9.26	0.337	0.103	-0.631797	0	-2.15114	0.0708476	0	0.0114633	0	0	-3.30597	
9.27	0.337	0.103	-0.63091	0	-2.1514	0.0707568	0	0.0115216	0	0	-3.30597	
9.28	0.337	0.103	-0.630025	0	-2.15166	0.0706661	0	0.0115798	0	0	-3.30597	
9.29	0.337	0.103	-0.629141	0	-2.15192	0.0705755	0	0.0116378	0	0	-3.30597	
9.3	0.337	0.103	-0.628258	0	-2.15217	0.0704849	0	0.0116956	0	0	-3.30597	
9.31	0.337	0.103	-0.627377	0	-2.15243	0.0703944	0	0.0117533	0	0	-3.30597	
9.32	0.337	0.103	-0.626496	0	-2.15269	0.070304	0	0.0118108	0	0	-3.30597	
9.33	0.337	0.103	-0.625616	0	-2.15294	0.0702136	0	0.0118682	0	0	-3.30597	
9.34	0.337	0.103	-0.624738	0	-2.1532	0.0701234	0	0.0119254	0	0	-3.30597	
9.35	0.337	0.103	-0.623861	0	-2.15345	0.0700332	0	0.0119824	0	0	-3.30597	
9.36	0.337	0.103	-0.622985	0	-2.15371	0.0699431	0	0.0120394	0	0	-3.30597	
9.37	0.337	0.103	-0.62211	0	-2.15396	0.0698531	0	0.0120961	0	0	-3.30597	
9.38	0.337	0.103	-0.621236	0	-2.15421	0.0697632	0	0.0121527	0	0	-3.30597	
9.39	0.337	0.103	-0.620363	0	-2.15446	0.0696733	0	0.0122092	0	0	-3.30597	
9.4	0.337	0.103	-0.619492	0	-2.15471	0.0695836	0	0.0122655	0	0	-3.30597	
9.41	0.337	0.103	-0.618621	0	-2.15496	0.0694939	0	0.0123216	0	0	-3.30597	
9.42	0.337	0.103	-0.617752	0	-2.15521	0.0694043	0	0.0123776	0	0	-3.30597	
9.43	0.337	0.103	-0.616884	0	-2.15546	0.0693148	0	0.0124334	0	0	-3.30597	
9.44	0.337	0.103	-0.616017	0	-2.15571	0.0692253	0	0.0124891	0	0	-3.30597	
9.45	0.337	0.103	-0.615151	0	-2.15596	0.0691359	0	0.0125447	0	0	-3.30597	
9.46	0.337	0.103	-0.614286	0	-2.1562	0.0690467	0	0.0126001	0	0	-3.30597	
9.47	0.337	0.103	-0.613422	0	-2.15645	0.0689575	0	0.0126553	0	0	-3.30597	
9.48	0.337	0.103	-0.61256	0	-2.1567	0.0688683	0	0.0127104	0	0	-3.30597	
9.49	0.337	0.103	-0.611698	0	-2.15694	0.0687793	0	0.0127654	0	0	-3.30597	
9.5	0.337	0.103	-0.610838	0	-2.15718	0.0686903	0	0.0128202	0	0	-3.30597	
9.51	0.337	0.103	-0.609978	0	-2.15743	0.0686014	0	0.0128748	0	0	-3.30597	
9.52	0.337	0.103	-0.60912	0	-2.15767	0.0685127	0	0.0129293	0	0	-3.30597	
9.53	0.337	0.103	-0.608263	0	-2.15791	0.0684239	0	0.0129837	0	0	-3.30597	
9.54	0.337	0.103	-0.607407	0	-2.15815	0.0683353	0	0.0130379	0	0	-3.30597	
9.55	0.337	0.103	-0.606552	0	-2.15839	0.0682467	0	0.0130919	0	0	-3.30597	
9.56	0.337	0.103	-0.605699	0	-2.15863	0.0681583	0	0.0131459	0	0	-3.30597	
9.57	0.337	0.103	-0.604846	0	-2.15887	0.0680699	0	0.0131996	0	0	-3.30597	
9.58	0.337	0.103	-0.603995	0	-2.15911	0.0679816	0	0.0132533	0	0	-3.30597	
9.59	0.337	0.103	-0.603144	0	-2.15935	0.0678934	0	0.0133067	0	0	-3.30597	
9.6	0.337	0.103	-0.602295	0	-2.15958	0.0678052	0	0.0133601	0	0	-3.30597	
9.61	0.337	0.103	-0.601447	0	-2.15982	0.0677172	0	0.0134133	0	0	-3.30597	
9.62	0.337	0.103	-0.600599	0	-2.16006	0.0676292	0	0.0134663	0	0	-3.30597	
9.63	0.337	0.103	-0.599753	0	-2.16029	0.0675413	0	0.0135192	0	0	-3.30597	
9.64	0.337	0.103	-0.598909	0	-2.16053	0.0674535	0	0.013572	0	0	-3.30597	
9.65	0.337	0.103	-0.598065	0	-2.16076	0.0673657	0	0.0136246	0	0	-3.30597	
9.66	0.337	0.103	-0.597222	0	-2.16099	0.0672781	0	0.0136771	0	0	-3.30597	
9.67	0.337	0.103	-0.59638	0	-2.16123	0.0671905	0	0.0137294	0	0	-3.30597	
9.68	0.337	0.103	-0.59554	0	-2.16146	0.067103	0	0.0137816	0	0	-3.30597	
9.69	0.337	0.103	-0.594701	0	-2.16169	0.0670156	0	0.0138337	0	0	-3.30597	
9.7	0.337	0.103	-0.593862	0	-2.16192	0.0669283	0	0.0138856	0	0	-3.30597	
9.71	0.337	0.103	-0.593025	0	-2.16215	0.0668411	0	0.0139373	0	0	-3.30597	
9.72	0.337	0.103	-0.592189	0	-2.16238	0.0667539	0	0.013989	0	0	-3.30597	
9.73	0.337	0.103	-0.591354	0	-2.16261	0.0666669	0	0.0140405	0	0	-3.30597	
9.74	0.337	0.103	-0.59052	0	-2.16283	0.0665799	0	0.0140918	0	0	-3.30597	
9.75	0.337	0.103	-0.589687	0	-2.16306	0.066493	0	0.014143	0	0	-3.30597	
9.76	0.337	0.103	-0.588855	0	-2.16329	0.0664062	0	0.0141941	0	0	-3.30597	
9.77	0.337	0.103	-0.588024	0	-2.16351	0.0663194	0	0.014245	0	0	-3.30597	
9.78	0.337	0.103	-0.587195	0	-2.16374	0.0662328	0	0.0142958	0	0	-3.30597	
9.79	0.337	0.103	-0.586366	0	-2.16396	0.0661462	0	0.0143465	0	0	-3.30597	
9.8	0.337	0.103	-0.585539	0	-2.16419	0.0660597	0	0.014397	0	0	-3.30597	
9.81	0.337	0.103	-0.584713	0	-2.16441	0.0659733	0	0.0144474	0	0	-3.30597	
9.82	0.337	0.103	-0.583887	0	-2.16463	0.065887	0	0.0144976	0	0	-3.30597	
9.83	0.337	0.103	-0.583063	0	-2.16486	0.0658008	0	0.0145477	0	0	-3.30597	
9.84	0.337	0.103	-0.58224	0	-2.16508	0.0657146	0	0.0145977	0	0	-3.30597	
9.85	0.337	0.103	-0.581418	0	-2.1653	0.0656285	0	0.0146475	0	0	-3.30597	
9.86	0.337	0.103	-0.580597	0	-2.16552	0.0655425	0	0.0146972	0	0	-3.30597	
9.87	0.337	0.103	-0.579777	0	-2.16574	0.0654566	0	0.0147468	0	0	-3.30597	
9.88	0.337	0.103	-0.578958	0	-2.16596	0.0653708	0	0.0147962	0	0	-3.30597	
9.89	0.337	0.103	-0.57814	0	-2.16618	0.0652851	0	0.0148455	0	0	-3.30597	
9.9	0.337	0.103	-0.577324	0	-2.16639	0.0651994	0	0.0148947	0	0	-3.30597	
9.91	0.337	0.103	-0.576508	0	-2.16661	0.0651139	0	0.0149437	0	0	-3.30597	
9.92	0.337	0.103	-0.575694	0	-2.16683	0.0650284	0	0.0149926	0	0	-3.30597	
9.93	0.337	0.103	-0.57488	0	-2.16704	0.064943	0	0.0150414	0	0	-3.30597	
9.94	0.337	0.103	-0.574068	0	-2.16726	0.0648577	0	0.01509	0	0	-3.30597	
9.95	0.337	0.103	-0.573256	0	-2.16747	0.0647724	0	0.0151385	0	0	-3.30597	
9.96	0.337	0.103	-0.572446	0	-2.16769	0.0646873	0	0.0151869	0	0	-3.30597	
9.97	0.337	0.103	-0.571637	0	-2.1679	0.0646022	0	0.0152351	0	0	-3.30597	
9.98	0.337	0.103	-0.570829	0	-2.16811	0.0645173	0	0.0152832	0	0	-3.30597	
9.99	0.337	0.103	-0.570022	0	-2.16833	0.0644324	0	0.0153312	0	0	-3.30597	
10	0.337	0.103	-0.569216	0	-2.16854	0.0643476	0	0.015379	0	0	-3.30597	
10.01	0.337	0.103	-0.568411	0	-2.16875	0.0642628	0	0.0154267	0	0	-3.30597	
10.02	0.337	0.103	-0.567607	0	-2.16896	0.0641782	0	0.0154743	0	0	-3.30597	
10.03	0.337	0.103	-0.566804	0	-2.16917	0.0640936	0	0.0155217	0	0	-3.30597	
10.04	0.337	0.103	-0.566002	0	-2.16938	0.0640092	0	0.0155691	0	0	-3.30597	
10.05	0.337	0.103	-0.565202	0	-2.16959	0.0639248	0	0.0156163	0	0	-3.30597	
10.06	0.337	0.103	-0.564402	0	-2.1698	0.0638405	0	0.0156633	0	0	-3.30597	
10.07	0.337	0.103	-0.563603	0	-2.17	0.0637563	0	0.0157102	0	0	-3.30597	
10.08	0.337	0.103	-0.562806	0	-2.17021	0.0636721	0	0.015757	0	0	-3.30597	
10.09	0.337	0.103	-0.562009	0	-2.17042	0.0635881	0	0.0158037	0	0	-3.30597	
10.1	0.337	0.103	-0.561214	0	-2.17062	0.0635041	0	0.0158503	0	0	-3.30597	
10.11	0.337	0.103	-0.560419	0	-2.17083	0.0634202	0	0.0158967	0	0	-3.30597	
10.12	0.337	0.103	-0.559626	0	-2.17103	0.0633364	0	0.015943	0	0	-3.30597	
10.13	0.337	0.103	-0.558834	0	-2.17124	0.0632527	0	0.0159892	0	0	-3.30597	
10.14	0.337	0.103	-0.558043	0	-2.17144	0.0631691	0	0.0160352	0	0	-3.30597	
10.15	0.337	0.103	-0.557252	0	-2.17164	0.0630856	0	0.0160811	0	0	-3.30597	
10.16	0.337	0.103	-0.556463	0	-2.17185	0.0630021	0	0.0161269	0	0	-3.30597	
10.17	0.337	0.103	-0.555675	0	-2.17205	0.0629187	0	0.0161726	0	0	-3.30597	
10.18	0.337	0.103	-0.554888	0	-2.17225	0.0628355	0	0.0162181	0	0	-3.30597	
10.19	0.337	0.103	-0.554102	0	-2.17245	0.0627523	0	0.0162635	0	0	-3.30597	
10.2	0.337	0.103	-0.553317	0	-2.17265	0.0626691	0	0.0163088	0	0	-3.30597	
10.21	0.337	0.103	-0.552533	0	-2.17285	0.0625861	0	0.016354	0	0	-3.30597	
10.22	0.337	0.103	-0.55175	0	-2.17305	0.0625032	0	0.016399	0	0	-3.30597	
10.23	0.337	0.103	-0.550968	0	-2.17325	0.0624203	0	0.0164439	0	0	-3.30597	
10.24	0.337	0.103	-0.550187	0	-2.17344	0.0623375	0	0.0164887	0	0	-3.30597	
10.25	0.337	0.103	-0.549408	0	-2.17364	0.0622548	0	0.0165334	0	0	-3.30597	
10.26	0.337	0.103	-0.548629	0	-2.17384	0.0621722	0	0.016578	0	0	-3.30597	
10.27	0.337	0.103	-0.547851	0	-2.17403	0.0620897	0	0.0166224	0	0	-3.30597	
10.28	0.337	0.103	-0.547074	0	-2.17423	0.0620073	0	0.0166667	0	0	-3.30597	
10.29	0.337	0.103	-0.546299	0	-2.17442	0.0619249	0	0.0167109	0	0	-3.30597	
10.3	0.337	0.103	-0.545524	0	-2.17462	0.0618427	0	0.0167549	0	0	-3.30597	
10.31	0.337	0.103	-0.544751	0	-2.17481	0.0617605	0	0.0167989	0	0	-3.30597	
10.32	0.337	0.103	-0.543978	0	-2.17501	0.0616784	0	0.0168427	0	0	-3.30597	
10.33	0.337	0.103	-0.543206	0	-2.1752	0.0615964	0	0.0168864	0	0	-3.30597	
10.34	0.337	0.103	-0.542436	0	-2.17539	0.0615145	0	0.01693	0	0	-3.30597	
10.35	0.337	0.103	-0.541666	0	-2.17558	0.0614326	0	0.0169735	0	0	-3.30597	
10.36	0.337	0.103	-0.540898	0	-2.17577	0.0613509	0	0.0170168	0	0	-3.30597	
10.37	0.337	0.103	-0.54013	0	-2.17596	0.0612692	0	0.01706	0	0	-3.30597	
10.38	0.337	0.103	-0.539364	0	-2.17615	0.0611876	0	0.0171031	0	0	-3.30597	
10.39	0.337	0.103	-0.538599	0	-2.17634	0.0611061	0	0.0171461	0	0	-3.30597	
10.4	0.337	0.103	-0.537834	0	-2.17653	0.0610247	0	0.017189	0	0	-3.30597	
10.41	0.337	0.103	-0.537071	0	-2.17672	0.0609434	0	0.0172317	0	0	-3.30597	
10.42	0.337	0.103	-0.536309	0	-2.17691	0.0608621	0	0.0172744	0	0	-3.30597	
10.43	0.337	0.103	-0.535547	0	-2.1771	0.060781	0	0.0173169	0	0	-3.30597	
10.44	0.337	0.103	-0.534787	0	-2.17728	0.0606999	0	0.0173593	0	0	-3.30597	
10.45	0.337	0.103	-0.534028	0	-2.17747	0.0606189	0	0.0174016	0	0	-3.30597	
10.46	0.337	0.103	-0.533269	0	-2.17766	0.060538	0	0.0174437	0	0	-3.30597	
10.47	0.337	0.103	-0.532512	0	-2.17784	0.0604572	0	0.0174858	0	0	-3.30597	
10.48	0.337	0.103	-0.531756	0	-2.17803	0.0603765	0	0.0175277	0	0	-3.30597	
10.49	0.337	0.103	-0.531	0	-2.17821	0.0602959	0	0.0175695	0	0	-3.30597	
10.5	0.337	0.103	-0.530246	0	-2.17839	0.0602153	0	0.0176112	0	0	-3.30597	
10.51	0.337	0.103	-0.529493	0	-2.17858	0.0601348	0	0.0176528	0	0	-3.30597	
10.52	0.337	0.103	-0.528741	0	-2.17876	0.0600545	0	0.0176943	0	0	-3.30597	
10.53	0.337	0.103	-0.527989	0	-2.17894	0.0599742	0	0.0177357	0	0	-3.30597	
10.54	0.337	0.103	-0.527239	0	-2.17912	0.0598939	0	0.0177769	0	0	-3.30597	
10.55	0.337	0.103	-0.52649	0	-2.17931	0.0598138	0	0.017818	0	0	-3.30597	
10.56	0.337	0.103	-0.525742	0	-2.17949	0.0597338	0	0.0178591	0	0	-3.30597	
10.57	0.337	0.103	-0.524995	0	-2.17967	0.0596538	0	0.0179	0	0	-3.30597	
10.58	0.337	0.103	-0.524248	0	-2.17985	0.0595739	0	0.0179408	0	0	-3.30597	
10.59	0.337	0.103	-0.523503	0	-2.18002	0.0594942	0	0.0179814	0	0	-3.30597	
10.6	0.337	0.103	-0.522759	0	-2.1802	0.0594145	0	0.018022	0	0	-3.30597	
10.61	0.337	0.103	-0.522016	0	-2.18038	0.0593348	0	0.0180625	0	0	-3.30597	
10.62	0.337	0.103	-0.521273	0	-2.18056	0.0592553	0	0.0181028	0	0	-3.30597	
10.63	0.337	0.103	-0.520532	0	-2.18074	0.0591759	0	0.018143	0	0	-3.30597	
10.64	0.337	0.103	-0.519792	0	-2.18091	0.0590965	0	0.0181832	0	0	-3.30597	
10.65	0.337	0.103	-0.519053	0	-2.18109	0.0590172	0	0.0182232	0	0	-3.30597	
10.66	0.337	0.103	-0.518314	0	-2.18126	0.0589381	0	0.0182631	0	0	-3.30597	
10.67	0.337	0.103	-0.517577	0	-2.18144	0.058859	0	0.0183029	0	0	-3.30597	
10.68	0.337	0.103	-0.516841	0	-2.18161	0.0587799	0	0.0183426	0	0	-3.30597	
10.69	0.337	0.103	-0.516106	0	-2.18179	0.058701	0	0.0183821	0	0	-3.30597	
10.7	0.337	0.103	-0.515371	0	-2.18196	0.0586222	0	0.0184216	0	0	-3.30597	
10.71	0.337	0.103	-0.514638	0	-2.18213	0.0585434	0	0.0184609	0	0	-3.30597	
10.72	0.337	0.103	-0.513906	0	-2.18231	0.0584647	0	0.0185002	0	0	-3.30597	
10.73	0.337	0.103	-0.513174	0	-2.18248	0.0583861	0	0.0185393	0	0	-3.30597	
10.74	0.337	0.103	-0.512444	0	-2.18265	0.0583076	0	0.0185784	0	0	-3.30597	
10.75	0.337	0.103	-0.511715	0	-2.18282	0.0582292	0	0.0186173	0	0	-3.30597	
10.76	0.337	0.103	-0.510986	0	-2.18299	0.0581509	0	0.0186561	0	0	-3.30597	
10.77	0.337	0.103	-0.510259	0	-2.18316	0.0580727	0	0.0186948	0	0	-3.30597	
10.78	0.337	0.103	-0.509532	0	-2.18333	0.0579945	0	0.0187334	0	0	-3.30597	
10.79	0.337	0.103	-0.508807	0	-2.1835	0.0579164	0	0.0187719	0	0	-3.30597	
10.8	0.337	0.103	-0.508082	0	-2.18367	0.0578384	0	0.0188103	0	0	-3.30597	
10.81	0.337	0.103	-0.507359	0	-2.18384	0.0577605	0	0.0188485	0	0	-3.30597	
10.82	0.337	0.103	-0.506636	0	-2.18401	0.0576827	0	0.0188867	0	0	-3.30597	
10.83	0.337	0.103	-0.505915	0	-2.18417	0.057605	0	0.0189248	0	0	-3.30597	
10.84	0.337	0.103	-0.505194	0	-2.18434	0.0575273	0	0.0189627	0	0	-3.30597	
10.85	0.337	0.103	-0.504474	0	-2.18451	0.0574498	0	0.0190006	0	0	-3.30597	
10.86	0.337	0.103	-0.503756	0	-2.18467	0.0573723	0	0.0190383	0	0	-3.30597	
10.87	0.337	0.103	-0.503038	0	-2.18484	0.0572949	0	0.019076	0	0	-3.30597	
10.88	0.337	0.103	-0.502321	0	-2.185	0.0572176	0	0.0191135	0	0	-3.30597	
10.89	0.337	0.103	-0.501606	0	-2.18517	0.0571404	0	0.019151	0	0	-3.30597	
10.9	0.337	0.103	-0.500891	0	-2.18533	0.0570633	0	0.0191883	0	0	-3.30597	
10.91	0.337	0.103	-0.500177	0	-2.18549	0.0569862	0	0.0192255	0	0	-3.30597	
10.92	0.337	0.103	-0.499464	0	-2.18566	0.0569092	0	0.0192627	0	0	-3.30597	
10.93	0.337	0.103	-0.498752	0	-2.18582	0.0568324	0	0.0192997	0	0	-3.30597	
10.94	0.337	0.103	-0.498041	0	-2.18598	0.0567556	0	0.0193366	0	0	-3.30597	
10.95	0.337	0.103	-0.497331	0	-2.18614	0.0566789	0	0.0193734	0	0	-3.30597	
10.96	0.337	0.103	-0.496622	0	-2.18631	0.0566023	0	0.0194101	0	0	-3.30597	
10.97	0.337	0.103	-0.495914	0	-2.18647	0.0565257	0	0.0194468	0	0	-3.30597	
10.98	0.337	0.103	-0.495207	0	-2.18663	0.0564493	0	0.0194833	0	0	-3.30597	
10.99	0.337	0.103	-0.494501	0	-2.18679	0.0563729	0	0.0195197	0	0	-3.30597	
11	0.337	0.103	-0.493796	0	-2.18695	0.0562966	0	0.019556	0	0	-3.30597	
11.01	0.337	0.103	-0.493092	0	-2.1871	0.0562204	0	0.0195922	0	0	-3.30597	
11.02	0.337	0.103	-0.492388	0	-2.18726	0.0561443	0	0.0196283	0	0	-3.30597	
11.03	0.337	0.103	-0.491686	0	-2.18742	0.0560683	0	0.0196643	0	0	-3.30597	
11.04	0.337	0.103	-0.490985	0	-2.18758	0.0559924	0	0.0197002	0	0	-3.30597	
11.05	0.337	0.103	-0.490284	0	-2.18774	0.0559165	0	0.019736	0	0	-3.30597	
11.06	0.337	0.103	-0.489585	0	-2.18789	0.0558408	0	0.0197717	0	0	-3.30597	
11.07	0.337	0.103	-0.488886	0	-2.18805	0.0557651	0	0.0198074	0	0	-3.30597	
11.08	0.337	0.103	-0.488189	0	-2.1882	0.0556895	0	0.0198429	0	0	-3.30597	
11.09	0.337	0.103	-0.487492	0	-2.18836	0.055614	0	0.0198783	0	0	-3.30597	
11.1	0.337	0.103	-0.486796	0	-2.18851	0.0555385	0	0.0199136	0	0	-3.30597	
11.11	0.337	0.103	-0.486102	0	-2.18867	0.0554632	0	0.0199488	0	0	-3.30597	
11.12	0.337	0.103	-0.485408	0	-2.18882	0.0553879	0	0.0199839	0	0	-3.30597	
11.13	0.337	0.103	-0.484715	0	-2.18898	0.0553128	0	0.020019	0	0	-3.30597	
11.14	0.337	0.103	-0.484023	0	-2.18913	0.0552377	0	0.0200539	0	0	-3.30597	
11.15	0.337	0.103	-0.483332	0	-2.18928	0.0551627	0	0.0200887	0	0	-3.30597	
11.16	0.337	0.103	-0.482642	0	-2.18943	0.0550878	0	0.0201234	0	0	-3.30597	
11.17	0.337	0.103	-0.481953	0	-2.18959	0.0550129	0	0.0201581	0	0	-3.30597	
11.18	0.337	0.103	-0.481265	0	-2.18974	0.0549382	0	0.0201926	0	0	-3.30597	
11.19	0.337	0.103	-0.480578	0	-2.18989	0.0548635	0	0.020227	0	0	-3.30597	
11.2	0.337	0.103	-0.479891	0	-2.19004	0.054789	0	0.0202614	0	0	-3.30597	
11.21	0.337	0.103	-0.479206	0	-2.19019	0.0547145	0	0.0202956	0	0	-3.30597	
11.22	0.337	0.103	-0.478522	0	-2.19034	0.0546401	0	0.0203298	0	0	-3.30597	
11.23	0.337	0.103	-0.477838	0	-2.19049	0.0545658	0	0.0203638	0	0	-3.30597	
11.24	0.337	0.103	-0.477156	0	-2.19064	0.0544915	0	0.0203978	0	0	-3.30597	
11.25	0.337	0.103	-0.476474	0	-2.19078	0.0544174	0	0.0204317	0	0	-3.30597	
11.26	0.337	0.103	-0.475793	0	-2.19093	0.0543433	0	0.0204654	0	0	-3.30597	
11.27	0.337	0.103	-0.475113	0	-2.19108	0.0542693	0	0.0204991	0	0	-3.30597	
11.28	0.337	0.103	-0.474434	0	-2.19123	0.0541954	0	0.0205327	0	0	-3.30597	
11.29	0.337	0.103	-0.473757	0	-2.19137	0.0541216	0	0.0205662	0	0	-3.30597	
11.3	0.337	0.103	-0.47308	0	-2.19152	0.0540479	0	0.0205996	0	0	-3.30597	
11.31	0.337	0.103	-0.472403	0	-2.19167	0.0539742	0	0.0206329	0	0	-3.30597	
11.32	0.337	0.103	-0.471728	0	-2.19181	0.0539007	0	0.0206661	0	0	-3.30597	
11.33	0.337	0.103	-0.471054	0	-2.19196	0.0538272	0	0.0206992	0	0	-3.30597	
11.34	0.337	0.103	-0.470381	0	-2.1921	0.0537538	0	0.0207323	0	0	-3.30597	
11.35	0.337	0.103	-0.469708	0	-2.19224	0.0536805	0	0.0207652	0	0	-3.30597	
11.36	0.337	0.103	-0.469037	0	-2.19239	0.0536073	0	0.020798	0	0	-3.30597	
11.37	0.337	0.103	-0.468366	0	-2.19253	0.0535342	0	0.0208308	0	0	-3.30597	
11.38	0.337	0.103	-0.467697	0	-2.19268	0.0534611	0	0.0208635	0	0	-3.30597	
11.39	0.337	0.103	-0.467028	0	-2.19282	0.0533882	0	0.020896	0	0	-3.30597	
11.4	0.337	0.103	-0.46636	0	-2.19296	0.0533153	0	0.0209285	0	0	-3.30597	
11.41	0.337	0.103	-0.465693	0	-2.1931	0.0532425	0	0.0209609	0	0	-3.30597	
11.42	0.337	0.103	-0.465027	0	-2.19324	0.0531698	0	0.0209932	0	0	-3.30597	
11.43	0.337	0.103	-0.464362	0	-2.19338	0.0530971	0	0.0210254	0	0	-3.30597	
11.44	0.337	0.103	-0.463698	0	-2.19352	0.0530246	0	0.0210575	0	0	-3.30597	
11.45	0.337	0.103	-0.463034	0	-2.19366	0.0529521	0	0.0210895	0	0	-3.30597	
11.46	0.337	0.103	-0.462372	0	-2.1938	0.0528798	0	0.0211215	0	0	-3.30597	
11.47	0.337	0.103	-0.461711	0	-2.19394	0.0528075	0	0.0211533	0	0	-3.30597	
11.48	0.337	0.103	-0.46105	0	-2.19408	0.0527353	0	0.0211851	0	0	-3.30597	
11.49	0.337	0.103	-0.46039	0	-2.19422	0.0526632	0	0.0212168	0	0	-3.30597	
11.5	0.337	0.103	-0.459732	0	-2.19436	0.0525911	0	0.0212483	0	0	-3.30597	
11.51	0.337	0.103	-0.459074	0	-2.1945	0.0525192	0	0.0212798	0	0	-3.30597	
11.52	0.337	0.103	-0.458417	0	-2.19463	0.0524473	0	0.0213112	0	0	-3.30597	
11.53	0.337	0.103	-0.457761	0	-2.19477	0.0523755	0	0.0213426	0	0	-3.30597	
11.54	0.337	0.103	-0.457105	0	-2.19491	0.0523038	0	0.0213738	0	0	-3.30597	
11.55	0.337	0.103	-0.456451	0	-2.19504	0.0522322	0	0.0214049	0	0	-3.30597	
11.56	0.337	0.103	-0.455798	0	-2.19518	0.0521607	0	0.021436	0	0	-3.30597	
11.57	0.337	0.103	-0.455145	0	-2.19531	0.0520892	0	0.021467	0	0	-3.30597	
11.58	0.337	0.103	-0.454494	0	-2.19545	0.0520178	0	0.0214978	0	0	-3.30597	
11.59	0.337	0.103	-0.453843	0	-2.19558	0.0519466	0	0.0215286	0	0	-3.30597	
11.6	0.337	0.103	-0.453193	0	-2.19572	0.0518754	0	0.0215593	0	0	-3.30597	
11.61	0.337	0.103	-0.452544	0	-2.19585	0.0518043	0	0.02159	0	0	-3.30597	
11.62	0.337	0.103	-0.451896	0	-2.19599	0.0517332	0	0.0216205	0	0	-3.30597	
11.63	0.337	0.103	-0.451249	0	-2.19612	0.0516623	0	0.0216509	0	0	-3.30597	
11.64	0.337	0.103	-0.450603	0	-2.19625	0.0515914	0	0.0216813	0	0	-3.30597	
11.65	0.337	0.103	-0.449958	0	-2.19638	0.0515206	0	0.0217116	0	0	-3.30597	
11.66	0.337	0.103	-0.449313	0	-2.19652	0.0514499	0	0.0217418	0	0	-3.30597	
11.67	0.337	0.103	-0.448669	0	-2.19665	0.0513793	0	0.0217719	0	0	-3.30597	
11.68	0.337	0.103	-0.448027	0	-2.19678	0.0513088	0	0.0218019	0	0	-3.30597	
11.69	0.337	0.103	-0.447385	0	-2.19691	0.0512384	0	0.0218319	0	0	-3.30597	
11.7	0.337	0.103	-0.446744	0	-2.19704	0.051168	0	0.0218617	0	0	-3.30597	
11.71	0.337	0.103	-0.446104	0	-2.19717	0.0510977	0	0.0218915	0	0	-3.30597	
11.72	0.337	0.103	-0.445465	0	-2.1973	0.0510275	0	0.0219212	0	0	-3.30597	
11.73	0.337	0.103	-0.444826	0	-2.19743	0.0509574	0	0.0219508	0	0	-3.30597	
11.74	0.337	0.103	-0.444189	0	-2.19756	0.0508874	0	0.0219803	0	0	-3.30597	
11.75	0.337	0.103	-0.443552	0	-2.19769	0.0508174	0	0.0220098	0	0	-3.30597	
11.76	0.337	0.103	-0.442917	0	-2.19781	0.0507476	0	0.0220391	0	0	-3.30597	
11.77	0.337	0.103	-0.442282	0	-2.19794	0.0506778	0	0.0220684	0	0	-3.30597	
11.78	0.337	0.103	-0.441648	0	-2.19807	0.0506081	0	0.0220976	0	0	-3.30597	
11.79	0.337	0.103	-0.441015	0	-2.1982	0.0505385	0	0.0221267	0	0	-3.30597	
11.8	0.337	0.103	-0.440383	0	-2.19832	0.050469	0	0.0221558	0	0	-3.30597	
11.81	0.337	0.103	-0.439751	0	-2.19845	0.0503995	0	0.0221847	0	0	-3.30597	
11.82	0.337	0.103	-0.439121	0	-2.19858	0.0503301	0	0.0222136	0	0	-3.30597	
11.83	0.337	0.103	-0.438491	0	-2.1987	0.0502609	0	0.0222424	0	0	-3.30597	
11.84	0.337	0.103	-0.437863	0	-2.19883	0.0501917	0	0.0222711	0	0	-3.30597	
11.85	0.337	0.103	-0.437235	0	-2.19895	0.0501226	0	0.0222997	0	0	-3.30597	
11.86	0.337	0.103	-0.436608	0	-2.19908	0.0500535	0	0.0223283	0	0	-3.30597	
11.87	0.337	0.103	-0.435982	0	-2.1992	0.0499846	0	0.0223567	0	0	-3.30597	
11.88	0.337	0.103	-0.435356	0	-2.19932	0.0499157	0	0.0223851	0	0	-3.30597	
11.89	0.337	0.103	-0.434732	0	-2.19945	0.0498469	0	0.0224134	0	0	-3.30597	
11.9	0.337	0.103	-0.434109	0	-2.19957	0.0497782	0	0.0224416	0	0	-3.30597	
11.91	0.337	0.103	-0.433486	0	-2.19969	0.0497096	0	0.0224698	0	0	-3.30597	
11.92	0.337	0.103	-0.432864	0	-2.19982	0.0496411	0	0.0224979	0	0	-3.30597	
11.93	0.337	0.103	-0.432243	0	-2.19994	0.0495726	0	0.0225258	0	0	-3.30597	
11.94	0.337	0.103	-0.431623	0	-2.20006	0.0495042	0	0.0225538	0	0	-3.30597	
11.95	0.337	0.103	-0.431004	0	-2.20018	0.0494359	0	0.0225816	0	0	-3.30597	
11.96	0.337	0.103	-0.430385	0	-2.2003	0.0493677	0	0.0226093	0	0	-3.30597	
11.97	0.337	0.103	-0.429768	0	-2.20042	0.0492996	0	0.022637	0	0	-3.30597	
11.98	0.337	0.103	-0.429151	0	-2.20054	0.0492316	0	0.0226646	0	0	-3.30597	
11.99	0.337	0.103	-0.428535	0	-2.20066	0.0491636	0	0.0226921	0	0	-3.30597	
12	0.337	0.103	-0.42792	0	-2.20078	0.0490957	0	0.0227196	0	0	-3.30597	
12.01	0.337	0.103	-0.427306	0	-2.2009	0.0490279	0	0.022747	0	0	-3.30597	
12.02	0.337	0.103	-0.426693	0	-2.20102	0.0489602	0	0.0227742	0	0	-3.30597	
12.03	0.337	0.103	-0.42608	0	-2.20114	0.0488926	0	0.0228015	0	0	-3.30597	
12.04	0.337	0.103	-0.425469	0	-2.20126	0.048825	0	0.0228286	0	0	-3.30597	
12.05	0.337	0.103	-0.424858	0	-2.20138	0.0487576	0	0.0228557	0	0	-3.30597	
12.06	0.337	0.103	-0.424248	0	-2.20149	0.0486902	0	0.0228826	0	0	-3.30597	
12.07	0.337	0.103	-0.423639	0	-2.20161	0.0486229	0	0.0229095	0	0	-3.30597	
12.08	0.337	0.103	-0.423031	0	-2.20173	0.0485557	0	0.0229364	0	0	-3.30597	
12.09	0.337	0.103	-0.422423	0	-2.20185	0.0484885	0	0.0229631	0	0	-3.30597	
12.1	0.337	0.103	-0.421817	0	-2.20196	0.0484215	0	0.0229898	0	0	-3.30597	
12.11	0.337	0.103	-0.421211	0	-2.20208	0.0483545	0	0.0230164	0	0	-3.30597	
12.12	0.337	0.103	-0.420606	0	-2.20219	0.0482876	0	0.0230429	0	0	-3.30597	
12.13	0.337	0.103	-0.420002	0	-2.20231	0.0482208	0	0.0230694	0	0	-3.30597	
12.14	0.337	0.103	-0.419399	0	-2.20242	0.048154	0	0.0230958	0	0	-3.30597	
12.15	0.337	0.103	-0.418797	0	-2.20254	0.0480874	0	0.0231221	0	0	-3.30597	
12.16	0.337	0.103	-0.418195	0	-2.20265	0.0480208	0	0.0231483	0	0	-3.30597	
12.17	0.337	0.103	-0.417594	0	-2.20277	0.0479543	0	0.0231745	0	0	-3.30597	
12.18	0.337	0.103	-0.416995	0	-2.20288	0.0478879	0	0.0232006	0	0	-3.30597	
12.19	0.337	0.103	-0.416396	0	-2.20299	0.0478216	0	0.0232266	0	0	-3.30597	
12.2	0.337	0.103	-0.415797	0	-2.20311	0.0477553	0	0.0232525	0	0	-3.30597	
12.21	0.337	0.103	-0.4152	0	-2.20322	0.0476892	0	0.0232784	0	0	-3.30597	
12.22	0.337	0.103	-0.414603	0	-2.20333	0.0476231	0	0.0233042	0	0	-3.30597	
12.23	0.337	0.103	-0.414008	0	-2.20344	0.0475571	0	0.0233299	0	0	-3.30597	
12.24	0.337	0.103	-0.413413	0	-2.20355	0.0474912	0	0.0233555	0	0	-3.30597	
12.25	0.337	0.103	-0.412819	0	-2.20367	0.0474253	0	0.0233811	0	0	-3.30597	
12.26	0.337	0.103	-0.412226	0	-2.20378	0.0473596	0	0.0234066	0	0	-3.30597	
12.27	0.337	0.103	-0.411633	0	-2.20389	0.0472939	0	0.023432	0	0	-3.30597	
12.28	0.337	0.103	-0.411042	0	-2.204	0.0472283	0	0.0234574	0	0	-3.30597	
12.29	0.337	0.103	-0.410451	0	-2.20411	0.0471628	0	0.0234827	0	0	-3.30597	
12.3	0.337	0.103	-0.409861	0	-2.20422	0.0470973	0	0.0235079	0	0	-3.30597	
12.31	0.337	0.103	-0.409272	0	-2.20433	0.047032	0	0.0235331	0	0	-3.30597	
12.32	0.337	0.103	-0.408683	0	-2.20444	0.0469667	0	0.0235581	0	0	-3.30597	
12.33	0.337	0.103	-0.408096	0	-2.20455	0.0469015	0	0.0235831	0	0	-3.30597	
12.34	0.337	0.103	-0.407509	0	-2.20465	0.0468364	0	0.0236081	0	0	-3.30597	
12.35	0.337	0.103	-0.406923	0	-2.20476	0.0467713	0	0.0236329	0	0	-3.30597	
12.36	0.337	0.103	-0.406338	0	-2.20487	0.0467064	0	0.0236577	0	0	-3.30597	
12.37	0.337	0.103	-0.405754	0	-2.20498	0.0466415	0	0.0236824	0	0	-3.30597	
12.38	0.337	0.103	-0.40517	0	-2.20509	0.0465767	0	0.0237071	0	0	-3.30597	
12.39	0.337	0.103	-0.404588	0	-2.20519	0.046512	0	0.0237317	0	0	-3.30597	
12.4	0.337	0.103	-0.404006	0	-2.2053	0.0464474	0	0.0237562	0	0	-3.30597	
12.41	0.337	0.103	-0.403425	0	-2.20541	0.0463828	0	0.0237806	0	0	-3.30597	
12.42	0.337	0.103	-0.402845	0	-2.20551	0.0463183	0	0.023805	0	0	-3.30597	
12.43	0.337	0.103	-0.402265	0	-2.20562	0.0462539	0	0.0238293	0	0	-3.30597	
12.44	0.337	0.103	-0.401687	0	-2.20572	0.0461896	0	0.0238535	0	0	-3.30597	
12.45	0.337	0.103	-0.401109	0	-2.20583	0.0461254	0	0.0238777	0	0	-3.30597	
12.46	0.337	0.103	-0.400532	0	-2.20593	0.0460612	0	0.0239018	0	0	-3.30597	
12.47	0.337	0.103	-0.399956	0	-2.20604	0.0459972	0	0.0239258	0	0	-3.30597	
12.48	0.337	0.103	-0.39938	0	-2.20614	0.0459332	0	0.0239498	0	0	-3.30597	
12.49	0.337	0.103	-0.398806	0	-2.20625	0.0458692	0	0.0239737	0	0	-3.30597	
12.5	0.337	0.103	-0.398232	0	-2.20635	0.0458054	0	0.0239975	0	0	-3.30597	
12.51	0.337	0.103	-0.397659	0	-2.20645	0.0457416	0	0.0240213	0	0	-3.30597	
12.52	0.337	0.103	-0.397087	0	-2.20656	0.045678	0	0.024045	0	0	-3.30597	
12.53	0.337	0.103	-0.396516	0	-2.20666	0.0456144	0	0.0240686	0	0	-3.30597	
12.54	0.337	0.103	-0.395945	0	-2.20676	0.0455509	0	0.0240922	0	0	-3.30597	
12.55	0.337	0.103	-0.395375	0	-2.20686	0.0454874	0	0.0241157	0	0	-3.30597	
12.56	0.337	0.103	-0.394806	0	-2.20696	0.045424	0	0.0241391	0	0	-3.30597	
12.57	0.337	0.103	-0.394238	0	-2.20707	0.0453608	0	0.0241625	0	0	-3.30597	
12.58	0.337	0.103	-0.393671	0	-2.20717	0.0452976	0	0.0241857	0	0	-3.30597	
12.59	0.337	0.103	-0.393104	0	-2.20727	0.0452344	0	0.024209	0	0	-3.30597	
12.6	0.337	0.103	-0.392538	0	-2.20737	0.0451714	0	0.0242321	0	0	-3.30597	
12.61	0.337	0.103	-0.391973	0	-2.20747	0.0451084	0	0.0242552	0	0	-3.30597	
12.62	0.337	0.103	-0.391409	0	-2.20757	0.0450455	0	0.0242783	0	0	-3.30597	
12.63	0.337	0.103	-0.390845	0	-2.20767	0.0449827	0	0.0243012	0	0	-3.30597	
12.64	0.337	0.103	-0.390283	0	-2.20777	0.04492	0	0.0243241	0	0	-3.30597	
12.65	0.337	0.103	-0.389721	0	-2.20787	0.0448574	0	0.024347	0	0	-3.30597	
12.66	0.337	0.103	-0.38916	0	-2.20797	0.0447948	0	0.0243697	0	0	-3.30597	
12.67	0.337	0.103	-0.388599	0	-2.20807	0.0447323	0	0.0243925	0	0	-3.30597	
12.68	0.337	0.103	-0.38804	0	-2.20816	0.0446699	0	0.0244151	0	0	-3.30597	
12.69	0.337	0.103	-0.387481	0	-2.20826	0.0446075	0	0.0244377	0	0	-3.30597	
12.7	0.337	0.103	-0.386923	0	-2.20836	0.0445453	0	0.0244602	0	0	-3.30597	
12.71	0.337	0.103	-0.386366	0	-2.20846	0.0444831	0	0.0244826	0	0	-3.30597	
12.72	0.337	0.103	-0.385809	0	-2.20856	0.044421	0	0.024505	0	0	-3.30597	
12.73	0.337	0.103	-0.385254	0	-2.20865	0.044359	0	0.0245274	0	0	-3.30597	
12.74	0.337	0.103	-0.384699	0	-2.20875	0.044297	0	0.0245496	0	0	-3.30597	
12.75	0.337	0.103	-0.384145	0	-2.20885	0.0442351	0	0.0245718	0	0	-3.30597	
12.76	0.337	0.103	-0.383591	0	-2.20894	0.0441734	0	0.0245939	0	0	-3.30597	
12.77	0.337	0.103	-0.383039	0	-2.20904	0.0441116	0	0.024616	0	0	-3.30597	
12.78	0.337	0.103	-0.382487	0	-2.20913	0.04405	0	0.024638	0	0	-3.30597	
12.79	0.337	0.103	-0.381936	0	-2.20923	0.0439885	0	0.02466	0	0	-3.30597	
12.8	0.337	0.103	-0.381386	0	-2.20932	0.043927	0	0.0246819	0	0	-3.30597	
12.81	0.337	0.103	-0.380836	0	-2.20942	0.0438656	0	0.0247037	0	0	-3.30597	
12.82	0.337	0.103	-0.380287	0	-2.20951	0.0438042	0	0.0247254	0	0	-3.30597	
12.83	0.337	0.103	-0.379739	0	-2.20961	0.043743	0	0.0247471	0	0	-3.30597	
12.84	0.337	0.103	-0.379192	0	-2.2097	0.0436818	0	0.0247688	0	0	-3.30597	
12.85	0.337	0.103	-0.378646	0	-2.20979	0.0436207	0	0.0247904	0	0	-3.30597	
12.86	0.337	0.103	-0.3781	0	-2.20989	0.0435597	0	0.0248119	0	0	-3.30597	
12.87	0.337	0.103	-0.377555	0	-2.20998	0.0434988	0	0.0248333	0	0	-3.30597	
12.88	0.337	0.103	-0.377011	0	-2.21007	0.0434379	0	0.0248547	0	0	-3.30597	
12.89	0.337	0.103	-0.376468	0	-2.21017	0.0433772	0	0.0248761	0	0	-3.30597	
12.9	0.337	0.103	-0.375925	0	-2.21026	0.0433164	0	0.0248973	0	0	-3.30597	
12.91	0.337	0.103	-0.375383	0	-2.21035	0.0432558	0	0.0249185	0	0	-3.30597	
12.92	0.337	0.103	-0.374842	0	-2.21044	0.0431953	0	0.0249397	0	0	-3.30597	
12.93	0.337	0.103	-0.374302	0	-2.21053	0.0431348	0	0.0249608	0	0	-3.30597	
12.94	0.337	0.103	-0.373762	0	-2.21063	0.0430744	0	0.0249818	0	0	-3.30597	
12.95	0.337	0.103	-0.373224	0	-2.21072	0.0430141	0	0.0250028	0	0	-3.30597	
12.96	0.337	0.103	-0.372686	0	-2.21081	0.0429538	0	0.0250237	0	0	-3.30597	
12.97	0.337	0.103	-0.372148	0	-2.2109	0.0428937	0	0.0250445	0	0	-3.30597	
12.98	0.337	0.103	-0.371612	0	-2.21099	0.0428336	0	0.0250653	0	0	-3.30597	
12.99	0.337	0.103	-0.371076	0	-2.21108	0.0427736	0	0.0250861	0	0	-3.30597	
13	0.337	0.103	-0.370541	0	-2.21117	0.0427136	0	0.0251068	0	0	-3.30597	
13.01	0.337	0.103	-0.370007	0	-2.21126	0.0426538	0	0.0251274	0	0	-3.30597	
13.02	0.337	0.103	-0.369473	0	-2.21135	0.042594	0	0.0251479	0	0	-3.30597	
13.03	0.337	0.103	-0.36894	0	-2.21144	0.0425343	0	0.0251684	0	0	-3.30597	
13.04	0.337	0.103	-0.368408	0	-2.21152	0.0424746	0	0.0251889	0	0	-3.30597	
13.05	0.337	0.103	-0.367877	0	-2.21161	0.0424151	0	0.0252093	0	0	-3.30597	
13.06	0.337	0.103	-0.367346	0	-2.2117	0.0423556	0	0.0252296	0	0	-3.30597	
13.07	0.337	0.103	-0.366816	0	-2.21179	0.0422962	0	0.0252498	0	0	-3.30597	
13.08	0.337	0.103	-0.366287	0	-2.21188	0.0422369	0	0.0252701	0	0	-3.30597	
13.09	0.337	0.103	-0.365759	0	-2.21196	0.0421776	0	0.0252902	0	0	-3.30597	
13.1	0.337	0.103	-0.365231	0	-2.21205	0.0421184	0	0.0253103	0	0	-3.30597	
13.11	0.337	0.103	-0.364705	0	-2.21214	0.0420593	0	0.0253303	0	0	-3.30597	
13.12	0.337	0.103	-0.364178	0	-2.21222	0.0420003	0	0.0253503	0	0	-3.30597	
13.13	0.337	0.103	-0.363653	0	-2.21231	0.0419414	0	0.0253702	0	0	-3.30597	
13.14	0.337	0.103	-0.363128	0	-2.2124	0.0418825	0	0.0253901	0	0	-3.30597	
13.15	0.337	0.103	-0.362604	0	-2.21248	0.0418237	0	0.0254099	0	0	-3.30597	
13.16	0.337	0.103	-0.362081	0	-2.21257	0.041765	0	0.0254297	0	0	-3.30597	
13.17	0.337	0.103	-0.361559	0	-2.21265	0.0417063	0	0.0254494	0	0	-3.30597	
13.18	0.337	0.103	-0.361037	0	-2.21274	0.0416478	0	0.025469	0	0	-3.30597	
13.19	0.337	0.103	-0.360516	0	-2.21282	0.0415893	0	0.0254886	0	0	-3.30597	
13.2	0.337	0.103	-0.359996	0	-2.21291	0.0415308	0	0.0255081	0	0	-3.30597	
13.21	0.337	0.103	-0.359476	0	-2.21299	0.0414725	0	0.0255276	0	0	-3.30597	
13.22	0.337	0.103	-0.358958	0	-2.21308	0.0414142	0	0.025547	0	0	-3.30597	
13.23	0.337	0.103	-0.35844	0	-2.21316	0.041356	0	0.0255664	0	0	-3.30597	
13.24	0.337	0.103	-0.357922	0	-2.21325	0.0412979	0	0.0255857	0	0	-3.30597	
13.25	0.337	0.103	-0.357406	0	-2.21333	0.0412399	0	0.025605	0	0	-3.30597	
13.26	0.337	0.103	-0.35689	0	-2.21341	0.0411819	0	0.0256242	0	0	-3.30597	
13.27	0.337	0.103	-0.356375	0	-2.2135	0.041124	0	0.0256433	0	0	-3.30597	
13.28	0.337	0.103	-0.35586	0	-2.21358	0.0410662	0	0.0256624	0	0	-3.30597	
13.29	0.337	0.103	-0.355347	0	-2.21366	0.0410084	0	0.0256814	0	0	-3.30597	
13.3	0.337	0.103	-0.354834	0	-2.21374	0.0409507	0	0.0257004	0	0	-3.30597	
13.31	0.337	0.103	-0.354321	0	-2.21382	0.0408931	0	0.0257193	0	0	-3.30597	
13.32	0.337	0.103	-0.35381	0	-2.21391	0.0408356	0	0.0257382	0	0	-3.30597	
13.33	0.337	0.103	-0.353299	0	-2.21399	0.0407782	0	0.025757	0	0	-3.30597	
13.34	0.337	0.103	-0.352789	0	-2.21407	0.0407208	0	0.0257758	0	0	-3.30597	
13.35	0.337	0.103	-0.35228	0	-2.21415	0.0406635	0	0.0257945	0	0	-3.30597	
13.36	0.337	0.103	-0.351771	0	-2.21423	0.0406063	0	0.0258132	0	0	-3.30597	
13.37	0.337	0.103	-0.351263	0	-2.21431	0.0405491	0	0.0258318	0	0	-3.30597	
13.38	0.337	0.103	-0.350756	0	-2.21439	0.040492	0	0.0258503	0	0	-3.30597	
13.39	0.337	0.103	-0.350249	0	-2.21447	0.040435	0	0.0258688	0	0	-3.30597	
13.4	0.337	0.103	-0.349743	0	-2.21455	0.0403781	0	0.0258873	0	0	-3.30597	
13.41	0.337	0.103	-0.349238	0	-2.21463	0.0403212	0	0.0259057	0	0	-3.30597	
13.42	0.337	0.103	-0.348734	0	-2.21471	0.0402644	0	0.025924	0	0	-3.30597	
13.43	0.337	0.103	-0.34823	0	-2.21479	0.0402077	0	0.0259423	0	0	-3.30597	
13.44	0.337	0.103	-0.347727	0	-2.21487	0.0401511	0	0.0259606	0	0	-3.30597	
13.45	0.337	0.103	-0.347225	0	-2.21495	0.0400945	0	0.0259787	0	0	-3.30597	
13.46	0.337	0.103	-0.346724	0	-2.21503	0.040038	0	0.0259969	0	0	-3.30597	
13.47	0.337	0.103	-0.346223	0	-2.21511	0.0399816	0	0.026015	0	0	-3.30597	
13.48	0.337	0.103	-0.345723	0	-2.21518	0.0399253	0	0.026033	0	0	-3.30597	
13.49	0.337	0.103	-0.345223	0	-2.21526	0.039869	0	0.026051	0	0	-3.30597	
13.5	0.337	0.103	-0.344724	0	-2.21534	0.0398128	0	0.0260689	0	0	-3.30597	
13.51	0.337	0.103	-0.344226	0	-2.21542	0.0397567	0	0.0260868	0	0	-3.30597	
13.52	0.337	0.103	-0.343729	0	-2.21549	0.0397006	0	0.0261046	0	0	-3.30597	
13.53	0.337	0.103	-0.343232	0	-2.21557	0.0396447	0	0.0261224	0	0	-3.30597	
13.54	0.337	0.103	-0.342737	0	-2.21565	0.0395888	0	0.0261401	0	0	-3.30597	
13.55	0.337	0.103	-0.342241	0	-2.21572	0.0395329	0	0.0261578	0	0	-3.30597	
13.56	0.337	0.103	-0.341747	0	-2.2158	0.0394772	0	0.0261754	0	0	-3.30597	
13.57	0.337	0.103	-0.341253	0	-2.21588	0.0394215	0	0.026193	0	0	-3.30597	
13.58	0.337	0.103	-0.34076	0	-2.21595	0.0393659	0	0.0262105	0	0	-3.30597	
13.59	0.337	0.103	-0.340267	0	-2.21603	0.0393103	0	0.026228	0	0	-3.30597	
13.6	0.337	0.103	-0.339776	0	-2.2161	0.0392549	0	0.0262454	0	0	-3.30597	
13.61	0.337	0.103	-0.339285	0	-2.21618	0.0391995	0	0.0262628	0	0	-3.30597	
13.62	0.337	0.103	-0.338794	0	-2.21625	0.0391441	0	0.0262801	0	0	-3.30597	
13.63	0.337	0.103	-0.338305	0	-2.21633	0.0390889	0	0.0262974	0	0	-3.30597	
13.64	0.337	0.103	-0.337816	0	-2.2164	0.0390337	0	0.0263146	0	0	-3.30597	
13.65	0.337	0.103	-0.337327	0	-2.21648	0.0389786	0	0.0263318	0	0	-3.30597	
13.66	0.337	0.103	-0.33684	0	-2.21655	0.0389236	0	0.0263489	0	0	-3.30597	
13.67	0.337	0.103	-0.336353	0	-2.21663	0.0388686	0	0.026366	0	0	-3.30597	
13.68	0.337	0.103	-0.335867	0	-2.2167	0.0388137	0	0.026383	0	0	-3.30597	
13.69	0.337	0.103	-0.335381	0	-2.21677	0.0387589	0	0.0264	0	0	-3.30597	
13.7	0.337	0.103	-0.334896	0	-2.21685	0.0387041	0	0.0264169	0	0	-3.30597	
13.71	0.337	0.103	-0.334412	0	-2.21692	0.0386495	0	0.0264338	0	0	-3.30597	
13.72	0.337	0.103	-0.333929	0	-2.21699	0.0385949	0	0.0264507	0	0	-3.30597	
13.73	0.337	0.103	-0.333446	0	-2.21707	0.0385403	0	0.0264674	0	0	-3.30597	
13.74	0.337	0.103	-0.332964	0	-2.21714	0.0384859	0	0.0264842	0	0	-3.30597	
13.75	0.337	0.103	-0.332483	0	-2.21721	0.0384315	0	0.0265009	0	0	-3.30597	
13.76	0.337	0.103	-0.332002	0	-2.21728	0.0383772	0	0.0265175	0	0	-3.30597	
13.77	0.337	0.103	-0.331522	0	-2.21735	0.0383229	0	0.0265341	0	0	-3.30597	
13.78	0.337	0.103	-0.331042	0	-2.21743	0.0382687	0	0.0265507	0	0	-3.30597	
13.79	0.337	0.103	-0.330564	0	-2.2175	0.0382146	0	0.0265672	0	0	-3.30597	
13.8	0.337	0.103	-0.330086	0	-2.21757	0.0381606	0	0.0265836	0	0	-3.30597	
13.81	0.337	0.103	-0.329608	0	-2.21764	0.0381066	0	0.0266	0	0	-3.30597	
13.82	0.337	0.103	-0.329132	0	-2.21771	0.0380528	0	0.0266164	0	0	-3.30597	
13.83	0.337	0.103	-0.328656	0	-2.21778	0.0379989	0	0.0266327	0	0	-3.30597	
13.84	0.337	0.103	-0.32818	0	-2.21785	0.0379452	0	0.026649	0	0	-3.30597	
13.85	0.337	0.103	-0.327706	0	-2.21792	0.0378915	0	0.0266652	0	0	-3.30597	
13.86	0.337	0.103	-0.327232	0	-2.21799	0.0378379	0	0.0266814	0	0	-3.30597	
13.87	0.337	0.103	-0.326758	0	-2.21806	0.0377844	0	0.0266975	0	0	-3.30597	
13.88	0.337	0.103	-0.326286	0	-2.21813	0.0377309	0	0.0267136	0	0	-3.30597	
13.89	0.337	0.103	-0.325814	0	-2.2182	0.0376775	0	0.0267296	0	0	-3.30597	
13.9	0.337	0.103	-0.325342	0	-2.21827	0.0376242	0	0.0267456	0	0	-3.30597	
13.91	0.337	0.103	-0.324872	0	-2.21834	0.0375709	0	0.0267616	0	0	-3.30597	
13.92	0.337	0.103	-0.324402	0	-2.21841	0.0375177	0	0.0267775	0	0	-3.30597	
13.93	0.337	0.103	-0.323933	0	-2.21848	0.0374646	0	0.0267933	0	0	-3.30597	
13.94	0.337	0.103	-0.323464	0	-2.21854	0.0374116	0	0.0268091	0	0	-3.30597	
13.95	0.337	0.103	-0.322996	0	-2.21861	0.0373586	0	0.0268249	0	0	-3.30597	
13.96	0.337	0.103	-0.322529	0	-2.21868	0.0373057	0	0.0268406	0	0	-3.30597	
13.97	0.337	0.103	-0.322062	0	-2.21875	0.0372529	0	0.0268563	0	0	-3.30597	
13.98	0.337	0.103	-0.321596	0	-2.21882	0.0372001	0	0.0268719	0	0	-3.30597	
13.99	0.337	0.103	-0.321131	0	-2.21888	0.0371474	0	0.0268875	0	0	-3.30597	
14	0.337	0.103	-0.320666	0	-2.21895	0.0370948	0	0.026903	0	0	-3.30597	
14.01	0.337	0.103	-0.320202	0	-2.21902	0.0370422	0	0.0269185	0	0	-3.30597	
14.02	0.337	0.103	-0.319739	0	-2.21908	0.0369897	0	0.026934	0	0	-3.30597	
14.03	0.337	0.103	-0.319276	0	-2.21915	0.0369373	0	0.0269494	0	0	-3.30597	
14.04	0.337	0.103	-0.318814	0	-2.21922	0.036885	0	0.0269647	0	0	-3.30597	
14.05	0.337	0.103	-0.318352	0	-2.21928	0.0368327	0	0.0269801	0	0	-3.30597	
14.06	0.337	0.103	-0.317892	0	-2.21935	0.0367805	0	0.0269953	0	0	-3.30597	
14.07	0.337	0.103	-0.317432	0	-2.21941	0.0367283	0	0.0270106	0	0	-3.30597	
14.08	0.337	0.103	-0.316972	0	-2.21948	0.0366763	0	0.0270258	0	0	-3.30597	
14.09	0.337	0.103	-0.316513	0	-2.21955	0.0366243	0	0.0270409	0	0	-3.30597	
14.1	0.337	0.103	-0.316055	0	-2.21961	0.0365723	0	0.027056	0	0	-3.30597	
14.11	0.337	0.103	-0.315598	0	-2.21968	0.0365205	0	0.0270711	0	0	-3.30597	
14.12	0.337	0.103	-0.315141	0	-2.21974	0.0364687	0	0.0270861	0	0	-3.30597	
14.13	0.337	0.103	-0.314685	0	-2.21981	0.0364169	0	0.027101	0	0	-3.30597	
14.14	0.337	0.103	-0.314229	0	-2.21987	0.0363653	0	0.027116	0	0	-3.30597	
14.15	0.337	0.103	-0.313774	0	-2.21993	0.0363137	0	0.0271308	0	0	-3.30597	
14.16	0.337	0.103	-0.31332	0	-2.22	0.0362622	0	0.0271457	0	0	-3.30597	
14.17	0.337	0.103	-0.312866	0	-2.22006	0.0362107	0	0.0271605	0	0	-3.30597	
14.18	0.337	0.103	-0.312414	0	-2.22013	0.0361593	0	0.0271753	0	0	-3.30597	
14.19	0.337	0.103	-0.311961	0	-2.22019	0.036108	0	0.02719	0	0	-3.30597	
14.2	0.337	0.103	-0.31151	0	-2.22025	0.0360568	0	0.0272046	0	0	-3.30597	
14.21	0.337	0.103	-0.311059	0	-2.22032	0.0360056	0	0.0272193	0	0	-3.30597	
14.22	0.337	0.103	-0.310608	0	-2.22038	0.0359545	0	0.0272339	0	0	-3.30597	
14.23	0.337	0.103	-0.310158	0	-2.22044	0.0359034	0	0.0272484	0	0	-3.30597	
14.24	0.337	0.103	-0.309709	0	-2.22051	0.0358525	0	0.0272629	0	0	-3.30597	
14.25	0.337	0.103	-0.309261	0	-2.22057	0.0358016	0	0.0272774	0	0	-3.30597	
14.26	0.337	0.103	-0.308813	0	-2.22063	0.0357507	0	0.0272918	0	0	-3.30597	
14.27	0.337	0.103	-0.308366	0	-2.22069	0.0357	0	0.0273062	0	0	-3.30597	
14.28	0.337	0.103	-0.307919	0	-2.22075	0.0356493	0	0.0273205	0	0	-3.30597	
14.29	0.337	0.103	-0.307473	0	-2.22082	0.0355986	0	0.0273348	0	0	-3.30597	
14.3	0.337	0.103	-0.307028	0	-2.22088	0.0355481	0	0.0273491	0	0	-3.30597	
14.31	0.337	0.103	-0.306583	0	-2.22094	0.0354976	0	0.0273633	0	0	-3.30597	
14.32	0.337	0.103	-0.306139	0	-2.221	0.0354471	0	0.0273775	0	0	-3.30597	
14.33	0.337	0.103	-0.305696	0	-2.22106	0.0353968	0	0.0273916	0	0	-3.30597	
14.34	0.337	0.103	-0.305253	0	-2.22112	0.0353465	0	0.0274057	0	0	-3.30597	
14.35	0.337	0.103	-0.304811	0	-2.22118	0.0352962	0	0.0274198	0	0	-3.30597	
14.36	0.337	0.103	-0.304369	0	-2.22124	0.0352461	0	0.0274338	0	0	-3.30597	
14.37	0.337	0.103	-0.303929	0	-2.2213	0.035196	0	0.0274477	0	0	-3.30597	
14.38	0.337	0.103	-0.303488	0	-2.22136	0.0351459	0	0.0274617	0	0	-3.30597	
14.39	0.337	0.103	-0.303049	0	-2.22142	0.035096	0	0.0274756	0	0	-3.30597	
14.4	0.337	0.103	-0.30261	0	-2.22148	0.0350461	0	0.0274894	0	0	-3.30597	
14.41	0.337	0.103	-0.302171	0	-2.22154	0.0349963	0	0.0275032	0	0	-3.30597	
14.42	0.337	0.103	-0.301733	0	-2.2216	0.0349465	0	0.027517	0	0	-3.30597	
14.43	0.337	0.103	-0.301296	0	-2.22166	0.0348968	0	0.0275308	0	0	-3.30597	
14.44	0.337	0.103	-0.30086	0	-2.22172	0.0348472	0	0.0275445	0	0	-3.30597	
14.45	0.337	0.103	-0.300424	0	-2.22178	0.0347976	0	0.0275581	0	0	-3.30597	
14.46	0.337	0.103	-0.299989	0	-2.22184	0.0347481	0	0.0275717	0	0	-3.30597	
14.47	0.337	0.103	-0.299554	0	-2.2219	0.0346987	0	0.0275853	0	0	-3.30597	
14.48	0.337	0.103	-0.29912	0	-2.22196	0.0346493	0	0.0275988	0	0	-3.30597	
14.49	0.337	0.103	-0.298686	0	-2.22201	0.0346	0	0.0276123	0	0	-3.30597	
14.5	0.337	0.103	-0.298254	0	-2.22207	0.0345508	0	0.0276258	0	0	-3.30597	
14.51	0.337	0.103	-0.297821	0	-2.22213	0.0345016	0	0.0276392	0	0	-3.30597	
14.52	0.337	0.103	-0.29739	0	-2.22219	0.0344525	0	0.0276526	0	0	-3.30597	
14.53	0.337	0.103	-0.296959	0	-2.22225	0.0344035	0	0.027666	0	0	-3.30597	
14.54	0.337	0.103	-0.296529	0	-2.2223	0.0343545	0	0.0276793	0	0	-3.30597	
14.55	0.337	0.103	-0.296099	0	-2.22236	0.0343056	0	0.0276925	0	0	-3.30597	
14.56	0.337	0.103	-0.29567	0	-2.22242	0.0342568	0	0.0277058	0	0	-3.30597	
14.57	0.337	0.103	-0.295241	0	-2.22248	0.034208	0	0.027719	0	0	-3.30597	
14.58	0.337	0.103	-0.294813	0	-2.22253	0.0341593	0	0.0277321	0	0	-3.30597	
14.59	0.337	0.103	-0.294386	0	-2.22259	0.0341107	0	0.0277452	0	0	-3.30597	
14.6	0.337	0.103	-0.293959	0	-2.22265	0.0340621	0	0.0277583	0	0	-3.30597	
14.61	0.337	0.103	-0.293533	0	-2.2227	0.0340136	0	0.0277714	0	0	-3.30597	
14.62	0.337	0.103	-0.293108	0	-2.22276	0.0339652	0	0.0277844	0	0	-3.30597	
14.63	0.337	0.103	-0.292683	0	-2.22281	0.0339168	0	0.0277973	0	0	-3.30597	
14.64	0.337	0.103	-0.292259	0	-2.22287	0.0338685	0	0.0278103	0	0	-3.30597	
14.65	0.337	0.103	-0.291835	0	-2.22293	0.0338202	0	0.0278232	0	0	-3.30597	
14.66	0.337	0.103	-0.291412	0	-2.22298	0.033772	0	0.027836	0	0	-3.30597	
14.67	0.337	0.103	-0.290989	0	-2.22304	0.0337239	0	0.0278488	0	0	-3.30597	
14.68	0.337	0.103	-0.290568	0	-2.22309	0.0336759	0	0.0278616	0	0	-3.30597	
14.69	0.337	0.103	-0.290146	0	-2.22315	0.0336279	0	0.0278744	0	0	-3.30597	
14.7	0.337	0.103	-0.289726	0	-2.2232	0.03358	0	0.0278871	0	0	-3.30597	
14.71	0.337	0.103	-0.289306	0	-2.22326	0.0335321	0	0.0278998	0	0	-3.30597	
14.72	0.337	0.103	-0.288886	0	-2.22331	0.0334843	0	0.0279124	0	0	-3.30597	
14.73	0.337	0.103	-0.288467	0	-2.22336	0.0334366	0	0.027925	0	0	-3.30597	
14.74	0.337	0.103	-0.288049	0	-2.22342	0.0333889	0	0.0279376	0	0	-3.30597	
14.75	0.337	0.103	-0.287631	0	-2.22347	0.0333413	0	0.0279501	0	0	-3.30597	
14.76	0.337	0.103	-0.287214	0	-2.22353	0.0332938	0	0.0279626	0	0	-3.30597	
14.77	0.337	0.103	-0.286798	0	-2.22358	0.0332463	0	0.027975	0	0	-3.30597	
14.78	0.337	0.103	-0.286382	0	-2.22363	0.0331989	0	0.0279875	0	0	-3.30597	
14.79	0.337	0.103	-0.285967	0	-2.22369	0.0331516	0	0.0279998	0	0	-3.30597	
14.8	0.337	0.103	-0.285552	0	-2.22374	0.0331043	0	0.0280122	0	0	-3.30597	
14.81	0.337	0.103	-0.285138	0	-2.22379	0.0330571	0	0.0280245	0	0	-3.30597	
14.82	0.337	0.103	-0.284725	0	-2.22385	0.0330099	0	0.0280368	0	0	-3.30597	
14.83	0.337	0.103	-0.284312	0	-2.2239	0.0329628	0	0.028049	0	0	-3.30597	
14.84	0.337	0.103	-0.283899	0	-2.22395	0.0329158	0	0.0280612	0	0	-3.30597	
14.85	0.337	0.103	-0.283488	0	-2.22401	0.0328689	0	0.0280734	0	0	-3.30597	
14.86	0.337	0.103	-0.283076	0	-2.22406	0.032822	0	0.0280855	0	0	-3.30597	
14.87	0.337	0.103	-0.282666	0	-2.22411	0.0327751	0	0.0280977	0	0	-3.30597	
14.88	0.337	0.103	-0.282256	0	-2.22416	0.0327284	0	0.0281097	0	0	-3.30597	
14.89	0.337	0.103	-0.281846	0	-2.22421	0.0326817	0	0.0281218	0	0	-3.30597	
14.9	0.337	0.103	-0.281438	0	-2.22427	0.032635	0	0.0281338	0	0	-3.30597	
14.91	0.337	0.103	-0.281029	0	-2.22432	0.0325884	0	0.0281457	0	0	-3.30597	
14.92	0.337	0.103	-0.280622	0	-2.22437	0.0325419	0	0.0281576	0	0	-3.30597	
14.93	0.337	0.103	-0.280215	0	-2.22442	0.0324955	0	0.0281695	0	0	-3.30597	
14.94	0.337	0.103	-0.279808	0	-2.22447	0.0324491	0	0.0281814	0	0	-3.30597	
14.95	0.337	0.103	-0.279402	0	-2.22452	0.0324027	0	0.0281932	0	0	-3.30597	
14.96	0.337	0.103	-0.278997	0	-2.22457	0.0323565	0	0.028205	0	0	-3.30597	
14.97	0.337	0.103	-0.278592	0	-2.22462	0.0323103	0	0.0282168	0	0	-3.30597	
14.98	0.337	0.103	-0.278188	0	-2.22467	0.0322641	0	0.0282285	0	0	-3.30597	
14.99	0.337	0.103	-0.277784	0	-2.22472	0.0322181	0	0.0282402	0	0	-3.30597	
15	0.337	0.103	-0.277381	0	-2.22477	0.0321721	0	0.0282519	0	0	-3.30597	
15.01	0.337	0.103	-0.276979	0	-2.22483	0.0321261	0	0.0282635	0	0	-3.30597	
15.02	0.337	0.103	-0.276577	0	-2.22488	0.0320802	0	0.0282751	0	0	-3.30597	
15.03	0.337	0.103	-0.276176	0	-2.22492	0.0320344	0	0.0282866	0	0	-3.30597	
15.04	0.337	0.103	-0.275775	0	-2.22497	0.0319886	0	0.0282982	0	0	-3.30597	
15.05	0.337	0.103	-0.275375	0	-2.22502	0.0319429	0	0.0283097	0	0	-3.30597	
15.06	0.337	0.103	-0.274975	0	-2.22507	0.0318973	0	0.0283211	0	0	-3.30597	
15.07	0.337	0.103	-0.274576	0	-2.22512	0.0318517	0	0.0283325	0	0	-3.30597	
15.08	0.337	0.103	-0.274178	0	-2.22517	0.0318062	0	0.0283439	0	0	-3.30597	
15.09	0.337	0.103	-0.27378	0	-2.22522	0.0317607	0	0.0283553	0	0	-3.30597	
15.1	0.337	0.103	-0.273383	0	-2.22527	0.0317153	0	0.0283666	0	0	-3.30597	
15.11	0.337	0.103	-0.272986	0	-2.22532	0.03167	0	0.0283779	0	0	-3.30597	
15.12	0.337	0.103	-0.27259	0	-2.22537	0.0316247	0	0.0283892	0	0	-3.30597	
15.13	0.337	0.103	-0.272194	0	-2.22542	0.0315795	0	0.0284004	0	0	-3.30597	
15.14	0.337	0.103	-0.271799	0	-2.22546	0.0315344	0	0.0284116	0	0	-3.30597	
15.15	0.337	0.103	-0.271405	0	-2.22551	0.0314893	0	0.0284228	0	0	-3.30597	
15.16	0.337	0.103	-0.271011	0	-2.22556	0.0314443	0	0.0284339	0	0	-3.30597	
15.17	0.337	0.103	-0.270618	0	-2.22561	0.0313993	0	0.028445	0	0	-3.30597	
15.18	0.337	0.103	-0.270225	0	-2.22566	0.0313544	0	0.0284561	0	0	-3.30597	
15.19	0.337	0.103	-0.269833	0	-2.2257	0.0313096	0	0.0284671	0	0	-3.30597	
15.2	0.337	0.103	-0.269441	0	-2.22575	0.0312648	0	0.0284781	0	0	-3.30597	
15.21	0.337	0.103	-0.26905	0	-2.2258	0.0312201	0	0.0284891	0	0	-3.30597	
15.22	0.337	0.103	-0.268659	0	-2.22585	0.0311755	0	0.0285	0	0	-3.30597	
15.23	0.337	0.103	-0.26827	0	-2.22589	0.0311309	0	0.0285109	0	0	-3.30597	
15.24	0.337	0.103	-0.26788	0	-2.22594	0.0310863	0	0.0285218	0	0	-3.30597	
15.25	0.337	0.103	-0.267491	0	-2.22599	0.0310419	0	0.0285327	0	0	-3.30597	
15.26	0.337	0.103	-0.267103	0	-2.22603	0.0309974	0	0.0285435	0	0	-3.30597	
15.27	0.337	0.103	-0.266715	0	-2.22608	0.0309531	0	0.0285543	0	0	-3.30597	
15.28	0.337	0.103	-0.266328	0	-2.22613	0.0309088	0	0.028565	0	0	-3.30597	
15.29	0.337	0.103	-0.265941	0	-2.22617	0.0308646	0	0.0285757	0	0	-3.30597	
15.3	0.337	0.103	-0.265555	0	-2.22622	0.0308204	0	0.0285864	0	0	-3.30597	
15.31	0.337	0.103	-0.26517	0	-2.22626	0.0307763	0	0.0285971	0	0	-3.30597	
15.32	0.337	0.103	-0.264785	0	-2.22631	0.0307323	0	0.0286077	0	0	-3.30597	
15.33	0.337	0.103	-0.2644	0	-2.22635	0.0306883	0	0.0286183	0	0	-3.30597	
15.34	0.337	0.103	-0.264016	0	-2.2264	0.0306443	0	0.0286289	0	0	-3.30597	
15.35	0.337	0.103	-0.263633	0	-2.22645	0.0306005	0	0.0286394	0	0	-3.30597	
15.36	0.337	0.103	-0.26325	0	-2.22649	0.0305567	0	0.0286499	0	0	-3.30597	
15.37	0.337	0.103	-0.262868	0	-2.22654	0.0305129	0	0.0286604	0	0	-3.30597	
15.38	0.337	0.103	-0.262486	0	-2.22658	0.0304692	0	0.0286709	0	0	-3.30597	
15.39	0.337	0.103	-0.262105	0	-2.22663	0.0304256	0	0.0286813	0	0	-3.30597	
15.4	0.337	0.103	-0.261725	0	-2.22667	0.030382	0	0.0286917	0	0	-3.30597	
15.41	0.337	0.103	-0.261345	0	-2.22672	0.0303385	0	0.028702	0	0	-3.30597	
15.42	0.337	0.103	-0.260965	0	-2.22676	0.0302951	0	0.0287124	0	0	-3.30597	
15.43	0.337	0.103	-0.260586	0	-2.2268	0.0302517	0	0.0287227	0	0	-3.30597	
15.44	0.337	0.103	-0.260208	0	-2.22685	0.0302084	0	0.0287329	0	0	-3.30597	
15.45	0.337	0.103	-0.25983	0	-2.22689	0.0301651	0	0.0287432	0	0	-3.30597	
15.46	0.337	0.103	-0.259453	0	-2.22694	0.0301219	0	0.0287534	0	0	-3.30597	
15.47	0.337	0.103	-0.259076	0	-2.22698	0.0300787	0	0.0287636	0	0	-3.30597	
15.48	0.337	0.103	-0.2587	0	-2.22702	0.0300357	0	0.0287737	0	0	-3.30597	
15.49	0.337	0.103	-0.258324	0	-2.22707	0.0299926	0	0.0287838	0	0	-3.30597	
15.5	0.337	0.103	-0.257949	0	-2.22711	0.0299496	0	0.0287939	0	0	-3.30597	
15.51	0.337	0.103	-0.257574	0	-2.22716	0.0299067	0	0.028804	0	0	-3.30597	
15.52	0.337	0.103	-0.2572	0	-2.2272	0.0298639	0	0.028814	0	0	-3.30597	
15.53	0.337	0.103	-0.256826	0	-2.22724	0.0298211	0	0.028824	0	0	-3.30597	
15.54	0.337	0.103	-0.256453	0	-2.22728	0.0297783	0	0.028834	0	0	-3.30597	
15.55	0.337	0.103	-0.256081	0	-2.22733	0.0297357	0	0.028844	0	0	-3.30597	
15.56	0.337	0.103	-0.255709	0	-2.22737	0.029693	0	0.0288539	0	0	-3.30597	
15.57	0.337	0.103	-0.255338	0	-2.22741	0.0296505	0	0.0288638	0	0	-3.30597	
15.58	0.337	0.103	-0.254967	0	-2.22746	0.029608	0	0.0288736	0	0	-3.30597	
15.59	0.337	0.103	-0.254596	0	-2.2275	0.0295655	0	0.0288835	0	0	-3.30597	
15.6	0.337	0.103	-0.254226	0	-2.22754	0.0295231	0	0.0288933	0	0	-3.30597	
15.61	0.337	0.103	-0.253857	0	-2.22758	0.0294808	0	0.028903	0	0	-3.30597	
15.62	0.337	0.103	-0.253488	0	-2.22762	0.0294386	0	0.0289128	0	0	-3.30597	
15.63	0.337	0.103	-0.25312	0	-2.22767	0.0293963	0	0.0289225	0	0	-3.30597	
15.64	0.337	0.103	-0.252752	0	-2.22771	0.0293542	0	0.0289322	0	0	-3.30597	
15.65	0.337	0.103	-0.252385	0	-2.22775	0.0293121	0	0.0289419	0	0	-3.30597	
15.66	0.337	0.103	-0.252019	0	-2.22779	0.0292701	0	0.0289515	0	0	-3.30597	
15.67	0.337	0.103	-0.251652	0	-2.22783	0.0292281	0	0.0289611	0	0	-3.30597	
15.68	0.337	0.103	-0.251287	0	-2.22787	0.0291862	0	0.0289707	0	0	-3.30597	
15.69	0.337	0.103	-0.250922	0	-2.22791	0.0291443	0	0.0289803	0	0	-3.30597	
15.7	0.337	0.103	-0.250557	0	-2.22796	0.0291025	0	0.0289898	0	0	-3.30597	
15.71	0.337	0.103	-0.250193	0	-2.228	0.0290607	0	0.0289993	0	0	-3.30597	
15.72	0.337	0.103	-0.24983	0	-2.22804	0.029019	0	0.0290087	0	0	-3.30597	
15.73	0.337	0.103	-0.249467	0	-2.22808	0.0289774	0	0.0290182	0	0	-3.30597	
15.74	0.337	0.103	-0.249104	0	-2.22812	0.0289358	0	0.0290276	0	0	-3.30597	
15.75	0.337	0.103	-0.248742	0	-2.22816	0.0288943	0	0.029037	0	0	-3.30597	
15.76	0.337	0.103	-0.248381	0	-2.2282	0.0288529	0	0.0290464	0	0	-3.30597	
15.77	0.337	0.103	-0.24802	0	-2.22824	0.0288114	0	0.0290557	0	0	-3.30597	
15.78	0.337	0.103	-0.247659	0	-2.22828	0.0287701	0	0.029065	0	0	-3.30597	
15.79	0.337	0.103	-0.2473	0	-2.22832	0.0287288	0	0.0290743	0	0	-3.30597	
15.8	0.337	0.103	-0.24694	0	-2.22836	0.0286876	0	0.0290835	0	0	-3.30597	
15.81	0.337	0.103	-0.246581	0	-2.2284	0.0286464	0	0.0290928	0	0	-3.30597	
15.82	0.337	0.103	-0.246223	0	-2.22844	0.0286053	0	0.029102	0	0	-3.30597	
15.83	0.337	0.103	-0.245865	0	-2.22848	0.0285642	0	0.0291111	0	0	-3.30597	
15.84	0.337	0.103	-0.245508	0	-2.22852	0.0285232	0	0.0291203	0	0	-3.30597	
15.85	0.337	0.103	-0.245151	0	-2.22856	0.0284823	0	0.0291294	0	0	-3.30597	
15.86	0.337	0.103	-0.244795	0	-2.2286	0.0284414	0	0.0291385	0	0	-3.30597	
15.87	0.337	0.103	-0.244439	0	-2.22863	0.0284005	0	0.0291476	0	0	-3.30597	
15.88	0.337	0.103	-0.244084	0	-2.22867	0.0283598	0	0.0291566	0	0	-3.30597	
15.89	0.337	0.103	-0.243729	0	-2.22871	0.028319	0	0.0291656	0	0	-3.30597	
15.9	0.337	0.103	-0.243375	0	-2.22875	0.0282784	0	0.0291746	0	0	-3.30597	
15.91	0.337	0.103	-0.243021	0	-2.22879	0.0282378	0	0.0291836	0	0	-3.30597	
15.92	0.337	0.103	-0.242668	0	-2.22883	0.0281972	0	0.0291925	0	0	-3.30597	
15.93	0.337	0.103	-0.242315	0	-2.22887	0.0281567	0	0.0292015	0	0	-3.30597	
15.94	0.337	0.103	-0.241963	0	-2.22891	0.0281163	0	0.0292103	0	0	-3.30597	
15.95	0.337	0.103	-0.241611	0	-2.22894	0.0280759	0	0.0292192	0	0	-3.30597	
15.96	0.337	0.103	-0.24126	0	-2.22898	0.0280355	0	0.029228	0	0	-3.30597	
15.97	0.337	0.103	-0.240909	0	-2.22902	0.0279953	0	0.0292368	0	0	-3.30597	
15.98	0.337	0.103	-0.240559	0	-2.22906	0.0279551	0	0.0292456	0	0	-3.30597	
15.99	0.337	0.103	-0.240209	0	-2.22909	0.0279149	0	0.0292544	0	0	-3.30597	
16	0.337	0.103	-0.23986	0	-2.22913	0.0278748	0	0.0292631	0	0	-3.30597	
16.01	0.337	0.103	-0.239512	0	-2.22917	0.0278347	0	0.0292718	0	0	-3.30597	
16.02	0.337	0.103	-0.239163	0	-2.22921	0.0277947	0	0.0292805	0	0	-3.30597	
16.03	0.337	0.103	-0.238816	0	-2.22924	0.0277548	0	0.0292892	0	0	-3.30597	
16.04	0.337	0.103	-0.238469	0	-2.22928	0.0277149	0	0.0292978	0	0	-3.30597	
16.05	0.337	0.103	-0.238122	0	-2.22932	0.0276751	0	0.0293064	0	0	-3.30597	
16.06	0.337	0.103	-0.237776	0	-2.22936	0.0276353	0	0.029315	0	0	-3.30597	
16.07	0.337	0.103	-0.23743	0	-2.22939	0.0275956	0	0.0293236	0	0	-3.30597	
16.08	0.337	0.103	-0.237085	0	-2.22943	0.0275559	0	0.0293321	0	0	-3.30597	
16.09	0.337	0.103	-0.23674	0	-2.22947	0.0275163	0	0.0293406	0	0	-3.30597	
16.1	0.337	0.103	-0.236396	0	-2.2295	0.0274768	0	0.0293491	0	0	-3.30597	
16.11	0.337	0.103	-0.236052	0	-2.22954	0.0274373	0	0.0293576	0	0	-3.30597	
16.12	0.337	0.103	-0.235709	0	-2.22958	0.0273978	0	0.029366	0	0	-3.30597	
16.13	0.337	0.103	-0.235366	0	-2.22961	0.0273584	0	0.0293744	0	0	-3.30597	
16.14	0.337	0.103	-0.235024	0	-2.22965	0.0273191	0	0.0293828	0	0	-3.30597	
16.15	0.337	0.103	-0.234682	0	-2.22968	0.0272798	0	0.0293912	0	0	-3.30597	
16.16	0.337	0.103	-0.234341	0	-2.22972	0.0272406	0	0.0293995	0	0	-3.30597	
16.17	0.337	0.103	-0.234	0	-2.22976	0.0272014	0	0.0294078	0	0	-3.30597	
16.18	0.337	0.103	-0.23366	0	-2.22979	0.0271623	0	0.0294161	0	0	-3.30597	
16.19	0.337	0.103	-0.23332	0	-2.22983	0.0271232	0	0.0294244	0	0	-3.30597	
16.2	0.337	0.103	-0.232981	0	-2.22986	0.0270842	0	0.0294326	0	0	-3.30597	
16.21	0.337	0.103	-0.232642	0	-2.2299	0.0270453	0	0.0294408	0	0	-3.30597	
16.22	0.337	0.103	-0.232304	0	-2.22993	0.0270064	0	0.029449	0	0	-3.30597	
16.23	0.337	0.103	-0.231966	0	-2.22997	0.0269675	0	0.0294572	0	0	-3.30597	
16.24	0.337	0.103	-0.231629	0	-2.23	0.0269287	0	0.0294654	0	0	-3.30597	
16.25	0.337	0.103	-0.231292	0	-2.23004	0.02689	0	0.0294735	0	0	-3.30597	
16.26	0.337	0.103	-0.230956	0	-2.23007	0.0268513	0	0.0294816	0	0	-3.30597	
16.27	0.337	0.103	-0.23062	0	-2.23011	0.0268127	0	0.0294897	0	0	-3.30597	
16.28	0.337	0.103	-0.230284	0	-2.23014	0.0267741	0	0.0294977	0	0	-3.30597	
16.29	0.337	0.103	-0.229949	0	-2.23018	0.0267356	0	0.0295058	0	0	-3.30597	
16.3	0.337	0.103	-0.229615	0	-2.23021	0.0266971	0	0.0295138	0	0	-3.30597	
16.31	0.337	0.103	-0.229281	0	-2.23025	0.0266587	0	0.0295217	0	0	-3.30597	
16.32	0.337	0.103	-0.228948	0	-2.23028	0.0266203	0	0.0295297	0	0	-3.30597	
16.33	0.337	0.103	-0.228615	0	-2.23031	0.026582	0	0.0295376	0	0	-3.30597	
16.34	0.337	0.103	-0.228282	0	-2.23035	0.0265438	0	0.0295456	0	0	-3.30597	
16.35	0.337	0.103	-0.22795	0	-2.23038	0.0265055	0	0.0295535	0	0	-3.30597	
16.36	0.337	0.103	-0.227619	0	-2.23042	0.0264674	0	0.0295613	0	0	-3.30597	
16.37	0.337	0.103	-0.227287	0	-2.23045	0.0264293	0	0.0295692	0	0	-3.30597	
16.38	0.337	0.103	-0.226957	0	-2.23048	0.0263913	0	0.029577	0	0	-3.30597	
16.39	0.337	0.103	-0.226627	0	-2.23052	0.0263533	0	0.0295848	0	0	-3.30597	
16.4	0.337	0.103	-0.226297	0	-2.23055	0.0263153	0	0.0295926	0	0	-3.30597	
16.41	0.337	0.103	-0.225968	0	-2.23058	0.0262774	0	0.0296003	0	0	-3.30597	
16.42	0.337	0.103	-0.225639	0	-2.23062	0.0262396	0	0.0296081	0	0	-3.30597	
16.43	0.337	0.103	-0.225311	0	-2.23065	0.0262018	0	0.0296158	0	0	-3.30597	
16.44	0.337	0.103	-0.224983	0	-2.23068	0.0261641	0	0.0296235	0	0	-3.30597	
16.45	0.337	0.103	-0.224656	0	-2.23072	0.0261264	0	0.0296311	0	0	-3.30597	
16.46	0.337	0.103	-0.224329	0	-2.23075	0.0260888	0	0.0296388	0	0	-3.30597	
16.47	0.337	0.103	-0.224003	0	-2.23078	0.0260512	0	0.0296464	0	0	-3.30597	
16.48	0.337	0.103	-0.223677	0	-2.23081	0.0260137	0	0.029654	0	0	-3.30597	
16.49	0.337	0.103	-0.223351	0	-2.23085	0.0259763	0	0.0296616	0	0	-3.30597	
16.5	0.337	0.103	-0.223027	0	-2.23088	0.0259389	0	0.0296692	0	0	-3.30597	
16.51	0.337	0.103	-0.222702	0	-2.23091	0.0259015	0	0.0296767	0	0	-3.30597	
16.52	0.337	0.103	-0.222378	0	-2.23094	0.0258642	0	0.0296842	0	0	-3.30597	
16.53	0.337	0.103	-0.222055	0	-2.23098	0.0258269	0	0.0296917	0	0	-3.30597	
16.54	0.337	0.103	-0.221732	0	-2.23101	0.0257897	0	0.0296992	0	0	-3.30597	
16.55	0.337	0.103	-0.221409	0	-2.23104	0.0257526	0	0.0297066	0	0	-3.30597	
16.56	0.337	0.103	-0.221087	0	-2.23107	0.0257155	0	0.029714	0	0	-3.30597	
16.57	0.337	0.103	-0.220765	0	-2.2311	0.0256784	0	0.0297215	0	0	-3.30597	
16.58	0.337	0.103	-0.220444	0	-2.23114	0.0256414	0	0.0297288	0	0	-3.30597	
16.59	0.337	0.103	-0.220123	0	-2.23117	0.0256045	0	0.0297362	0	0	-3.30597	
16.6	0.337	0.103	-0.219803	0	-2.2312	0.0255676	0	0.0297435	0	0	-3.30597	
16.61	0.337	0.103	-0.219483	0	-2.23123	0.0255308	0	0.0297509	0	0	-3.30597	
16.62	0.337	0.103	-0.219164	0	-2.23126	0.025494	0	0.0297582	0	0	-3.30597	
16.63	0.337	0.103	-0.218845	0	-2.23129	0.0254572	0	0.0297654	0	0	-3.30597	
16.64	0.337	0.103	-0.218526	0	-2.23132	0.0254206	0	0.0297727	0	0	-3.30597	
16.65	0.337	0.103	-0.218208	0	-2.23136	0.0253839	0	0.0297799	0	0	-3.30597	
16.66	0.337	0.103	-0.217891	0	-2.23139	0.0253473	0	0.0297872	0	0	-3.30597	
16.67	0.337	0.103	-0.217574	0	-2.23142	0.0253108	0	0.0297943	0	0	-3.30597	
16.68	0.337	0.103	-0.217257	0	-2.23145	0.0252743	0	0.0298015	0	0	-3.30597	
16.69	0.337	0.103	-0.216941	0	-2.23148	0.0252379	0	0.0298087	0	0	-3.30597	
16.7	0.337	0.103	-0.216625	0	-2.23151	0.0252015	0	0.0298158	0	0	-3.30597	
16.71	0.337	0.103	-0.21631	0	-2.23154	0.0251652	0	0.0298229	0	0	-3.30597	
16.72	0.337	0.103	-0.215995	0	-2.23157	0.0251289	0	0.02983	0	0	-3.30597	
16.73	0.337	0.103	-0.215681	0	-2.2316	0.0250927	0	0.0298371	0	0	-3.30597	
16.74	0.337	0.103	-0.215367	0	-2.23163	0.0250565	0	0.0298441	0	0	-3.30597	
16.75	0.337	0.103	-0.215054	0	-2.23166	0.0250204	0	0.0298512	0	0	-3.30597	
16.76	0.337	0.103	-0.214741	0	-2.23169	0.0249843	0	0.0298582	0	0	-3.30597	
16.77	0.337	0.103	-0.214428	0	-2.23172	0.0249483	0	0.0298652	0	0	-3.30597	
16.78	0.337	0.103	-0.214116	0	-2.23175	0.0249123	0	0.0298721	0	0	-3.30597	
16.79	0.337	0.103	-0.213804	0	-2.23178	0.0248764	0	0.0298791	0	0	-3.30597	
16.8	0.337	0.103	-0.213493	0	-2.23181	0.0248405	0	0.029886	0	0	-3.30597	
16.81	0.337	0.103	-0.213183	0	-2.23184	0.0248047	0	0.0298929	0	0	-3.30597	
16.82	0.337	0.103	-0.212872	0	-2.23187	0.0247689	0	0.0298998	0	0	-3.30597	
16.83	0.337	0.103	-0.212562	0	-2.2319	0.0247332	0	0.0299067	0	0	-3.30597	
16.84	0.337	0.103	-0.212253	0	-2.23193	0.0246975	0	0.0299135	0	0	-3.30597	
16.85	0.337	0.103	-0.211944	0	-2.23196	0.0246619	0	0.0299203	0	0	-3.30597	
16.86	0.337	0.103	-0.211636	0	-2.23199	0.0246263	0	0.0299272	0	0	-3.30597	
16.87	0.337	0.103	-0.211328	0	-2.23202	0.0245908	0	0.0299339	0	0	-3.30597	
16.88	0.337	0.103	-0.21102	0	-2.23205	0.0245553	0	0.0299407	0	0	-3.30597	
16.89	0.337	0.103	-0.210713	0	-2.23208	0.0245199	0	0.0299475	0	0	-3.30597	
16.9	0.337	0.103	-0.210406	0	-2.23211	0.0244845	0	0.0299542	0	0	-3.30597	
16.91	0.337	0.103	-0.2101	0	-2.23213	0.0244492	0	0.0299609	0	0	-3.30597	
16.92	0.337	0.103	-0.209794	0	-2.23216	0.0244139	0	0.0299676	0	0	-3.30597	
16.93	0.337	0.103	-0.209489	0	-2.23219	0.0243787	0	0.0299743	0	0	-3.30597	
16.94	0.337	0.103	-0.209184	0	-2.23222	0.0243435	0	0.0299809	0	0	-3.30597	
16.95	0.337	0.103	-0.208879	0	-2.23225	0.0243084	0	0.0299876	0	0	-3.30597	
16.96	0.337	0.103	-0.208575	0	-2.23228	0.0242733	0	0.0299942	0	0	-3.30597	
16.97	0.337	0.103	-0.208271	0	-2.23231	0.0242383	0	0.0300008	0	0	-3.30597	
16.98	0.337	0.103	-0.207968	0	-2.23233	0.0242033	0	0.0300073	0	0	-3.30597	
16.99	0.337	0.103	-0.207666	0	-2.23236	0.0241684	0	0.0300139	0	0	-3.30597	
17	0.337	0.103	-0.207363	0	-2.23239	0.0241335	0	0.0300204	0	0	-3.30597	
17.01	0.337	0.103	-0.207061	0	-2.23242	0.0240987	0	0.030027	0	0	-3.30597	
17.02	0.337	0.103	-0.20676	0	-2.23245	0.0240639	0	0.0300335	0	0	-3.30597	
17.03	0.337	0.103	-0.206459	0	-2.23247	0.0240292	0	0.0300399	0	0	-3.30597	
17.04	0.337	0.103	-0.206158	0	-2.2325	0.0239945	0	0.0300464	0	0	-3.30597	
17.05	0.337	0.103	-0.205858	0	-2.23253	0.0239599	0	0.0300528	0	0	-3.30597	
17.06	0.337	0.103	-0.205558	0	-2.23256	0.0239253	0	0.0300593	0	0	-3.30597	
17.07	0.337	0.103	-0.205259	0	-2.23258	0.0238907	0	0.0300657	0	0	-3.30597	
17.08	0.337	0.103	-0.20496	0	-2.23261	0.0238562	0	0.0300721	0	0	-3.30597	
17.09	0.337	0.103	-0.204662	0	-2.23264	0.0238218	0	0.0300784	0	0	-3.30597	
17.1	0.337	0.103	-0.204364	0	-2.23267	0.0237874	0	0.0300848	0	0	-3.30597	
17.11	0.337	0.103	-0.204066	0	-2.23269	0.0237531	0	0.0300911	0	0	-3.30597	
17.12	0.337	0.103	-0.203769	0	-2.23272	0.0237188	0	0.0300974	0	0	-3.30597	
17.13	0.337	0.103	-0.203473	0	-2.23275	0.0236845	0	0.0301037	0	0	-3.30597	
17.14	0.337	0.103	-0.203176	0	-2.23277	0.0236503	0	0.03011	0	0	-3.30597	
17.15	0.337	0.103	-0.20288	0	-2.2328	0.0236162	0	0.0301163	0	0	-3.30597	
17.16	0.337	0.103	-0.202585	0	-2.23283	0.0235821	0	0.0301225	0	0	-3.30597	
17.17	0.337	0.103	-0.20229	0	-2.23286	0.023548	0	0.0301287	0	0	-3.30597	
17.18	0.337	0.103	-0.201996	0	-2.23288	0.023514	0	0.0301349	0	0	-3.30597	
17.19	0.337	0.103	-0.201701	0	-2.23291	0.02348	0	0.0301411	0	0	-3.30597	
17.2	0.337	0.103	-0.201408	0	-2.23294	0.0234461	0	0.0301473	0	0	-3.30597	
17.21	0.337	0.103	-0.201114	0	-2.23296	0.0234123	0	0.0301534	0	0	-3.30597	
17.22	0.337	0.103	-0.200822	0	-2.23299	0.0233785	0	0.0301596	0	0	-3.30597	
17.23	0.337	0.103	-0.200529	0	-2.23301	0.0233447	0	0.0301657	0	0	-3.30597	
17.24	0.337	0.103	-0.200237	0	-2.23304	0.023311	0	0.0301718	0	0	-3.30597	
17.25	0.337	0.103	-0.199945	0	-2.23307	0.0232773	0	0.0301779	0	0	-3.30597	
17.26	0.337	0.103	-0.199654	0	-2.23309	0.0232437	0	0.0301839	0	0	-3.30597	
17.27	0.337	0.103	-0.199364	0	-2.23312	0.0232101	0	0.03019	0	0	-3.30597	
17.28	0.337	0.103	-0.199073	0	-2.23314	0.0231766	0	0.030196	0	0	-3.30597	
17.29	0.337	0.103	-0.198783	0	-2.23317	0.0231431	0	0.030202	0	0	-3.30597	
17.3	0.337	0.103	-0.198494	0	-2.2332	0.0231096	0	0.030208	0	0	-3.30597	
17.31	0.337	0.103	-0.198205	0	-2.23322	0.0230762	0	0.030214	0	0	-3.30597	
17.32	0.337	0.103	-0.197916	0	-2.23325	0.0230429	0	0.0302199	0	0	-3.30597	
17.33	0.337	0.103	-0.197628	0	-2.23327	0.0230096	0	0.0302259	0	0	-3.30597	
17.34	0.337	0.103	-0.19734	0	-2.2333	0.0229764	0	0.0302318	0	0	-3.30597	
17.35	0.337	0.103	-0.197053	0	-2.23332	0.0229432	0	0.0302377	0	0	-3.30597	
17.36	0.337	0.103	-0.196766	0	-2.23335	0.02291	0	0.0302436	0	0	-3.30597	
17.37	0.337	0.103	-0.196479	0	-2.23337	0.0228769	0	0.0302495	0	0	-3.30597	
17.38	0.337	0.103	-0.196193	0	-2.2334	0.0228438	0	0.0302553	0	0	-3.30597	
17.39	0.337	0.103	-0.195907	0	-2.23342	0.0228108	0	0.0302612	0	0	-3.30597	
17.4	0.337	0.103	-0.195622	0	-2.23345	0.0227779	0	0.030267	0	0	-3.30597	
17.41	0.337	0.103	-0.195337	0	-2.23347	0.0227449	0	0.0302728	0	0	-3.30597	
17.42	0.337	0.103	-0.195052	0	-2.2335	0.0227121	0	0.0302786	0	0	-3.30597	
17.43	0.337	0.103	-0.194768	0	-2.23352	0.0226792	0	0.0302844	0	0	-3.30597	
17.44	0.337	0.103	-0.194485	0	-2.23355	0.0226464	0	0.0302901	0	0	-3.30597	
17.45	0.337	0.103	-0.194201	0	-2.23357	0.0226137	0	0.0302958	0	0	-3.30597	
17.46	0.337	0.103	-0.193918	0	-2.2336	0.022581	0	0.0303016	0	0	-3.30597	
17.47	0.337	0.103	-0.193636	0	-2.23362	0.0225484	0	0.0303073	0	0	-3.30597	
17.48	0.337	0.103	-0.193354	0	-2.23365	0.0225158	0	0.030313	0	0	-3.30597	
17.49	0.337	0.103	-0.193072	0	-2.23367	0.0224832	0	0.0303186	0	0	-3.30597	
17.5	0.337	0.103	-0.192791	0	-2.2337	0.0224507	0	0.0303243	0	0	-3.30597	
17.51	0.337	0.103	-0.19251	0	-2.23372	0.0224183	0	0.0303299	0	0	-3.30597	
17.52	0.337	0.103	-0.19223	0	-2.23374	0.0223859	0	0.0303355	0	0	-3.30597	
17.53	0.337	0.103	-0.19195	0	-2.23377	0.0223535	0	0.0303411	0	0	-3.30597	
17.54	0.337	0.103	-0.19167	0	-2.23379	0.0223212	0	0.0303467	0	0	-3.30597	
17.55	0.337	0.103	-0.191391	0	-2.23382	0.0222889	0	0.0303523	0	0	-3.30597	
17.56	0.337	0.103	-0.191112	0	-2.23384	0.0222567	0	0.0303579	0	0	-3.30597	
17.57	0.337	0.103	-0.190834	0	-2.23386	0.0222245	0	0.0303634	0	0	-3.30597	
17.58	0.337	0.103	-0.190556	0	-2.23389	0.0221923	0	0.0303689	0	0	-3.30597	
17.59	0.337	0.103	-0.190278	0	-2.23391	0.0221602	0	0.0303744	0	0	-3.30597	
17.6	0.337	0.103	-0.190001	0	-2.23393	0.0221282	0	0.0303799	0	0	-3.30597	
17.61	0.337	0.103	-0.189724	0	-2.23396	0.0220962	0	0.0303854	0	0	-3.30597	
17.62	0.337	0.103	-0.189448	0	-2.23398	0.0220642	0	0.0303909	0	0	-3.30597	
17.63	0.337	0.103	-0.189172	0	-2.234	0.0220323	0	0.0303963	0	0	-3.30597	
17.64	0.337	0.103	-0.188896	0	-2.23403	0.0220004	0	0.0304017	0	0	-3.30597	
17.65	0.337	0.103	-0.188621	0	-2.23405	0.0219686	0	0.0304072	0	0	-3.30597	
17.66	0.337	0.103	-0.188346	0	-2.23407	0.0219368	0	0.0304126	0	0	-3.30597	
17.67	0.337	0.103	-0.188072	0	-2.2341	0.0219051	0	0.0304179	0	0	-3.30597	
17.68	0.337	0.103	-0.187798	0	-2.23412	0.0218734	0	0.0304233	0	0	-3.30597	
17.69	0.337	0.103	-0.187524	0	-2.23414	0.0218418	0	0.0304287	0	0	-3.30597	
17.7	0.337	0.103	-0.187251	0	-2.23417	0.0218102	0	0.030434	0	0	-3.30597	
17.71	0.337	0.103	-0.186978	0	-2.23419	0.0217786	0	0.0304393	0	0	-3.30597	
17.72	0.337	0.103	-0.186706	0	-2.23421	0.0217471	0	0.0304446	0	0	-3.30597	
17.73	0.337	0.103	-0.186434	0	-2.23424	0.0217157	0	0.0304499	0	0	-3.30597	
17.74	0.337	0.103	-0.186162	0	-2.23426	0.0216842	0	0.0304552	0	0	-3.30597	
17.75	0.337	0.103	-0.185891	0	-2.23428	0.0216529	0	0.0304604	0	0	-3.30597	
17.76	0.337	0.103	-0.18562	0	-2.2343	0.0216215	0	0.0304657	0	0	-3.30597	
17.77	0.337	0.103	-0.185349	0	-2.23433	0.0215902	0	0.0304709	0	0	-3.30597	
17.78	0.337	0.103	-0.185079	0	-2.23435	0.021559	0	0.0304761	0	0	-3.30597	
17.79	0.337	0.103	-0.18481	0	-2.23437	0.0215278	0	0.0304813	0	0	-3.30597	
17.8	0.337	0.103	-0.18454	0	-2.23439	0.0214967	0	0.0304865	0	0	-3.30597	
17.81	0.337	0.103	-0.184272	0	-2.23441	0.0214655	0	0.0304917	0	0	-3.30597	
17.82	0.337	0.103	-0.184003	0	-2.23444	0.0214345	0	0.0304968	0	0	-3.30597	
17.83	0.337	0.103	-0.183735	0	-2.23446	0.0214035	0	0.030502	0	0	-3.30597	
17.84	0.337	0.103	-0.183467	0	-2.23448	0.0213725	0	0.0305071	0	0	-3.30597	
17.85	0.337	0.103	-0.1832	0	-2.2345	0.0213415	0	0.0305122	0	0	-3.30597	
17.86	0.337	0.103	-0.182933	0	-2.23452	0.0213107	0	0.0305173	0	0	-3.30597	
17.87	0.337	0.103	-0.182666	0	-2.23455	0.0212798	0	0.0305224	0	0	-3.30597	
17.88	0.337	0.103	-0.1824	0	-2.23457	0.021249	0	0.0305274	0	0	-3.30597	
17.89	0.337	0.103	-0.182134	0	-2.23459	0.0212182	0	0.0305325	0	0	-3.30597	
17.9	0.337	0.103	-0.181869	0	-2.23461	0.0211875	0	0.0305375	0	0	-3.30597	
17.91	0.337	0.103	-0.181604	0	-2.23463	0.0211569	0	0.0305425	0	0	-3.30597	
17.92	0.337	0.103	-0.181339	0	-2.23465	0.0211262	0	0.0305475	0	0	-3.30597	
17.93	0.337	0.103	-0.181075	0	-2.23468	0.0210957	0	0.0305525	0	0	-3.30597	
17.94	0.337	0.103	-0.180811	0	-2.2347	0.0210651	0	0.0305575	0	0	-3.30597	
17.95	0.337	0.103	-0.180548	0	-2.23472	0.0210346	0	0.0305625	0	0	-3.30597	
17.96	0.337	0.103	-0.180284	0	-2.23474	0.0210042	0	0.0305674	0	0	-3.30597	
17.97	0.337	0.103	-0.180022	0	-2.23476	0.0209737	0	0.0305723	0	0	-3.30597	
17.98	0.337	0.103	-0.179759	0	-2.23478	0.0209434	0	0.0305773	0	0	-3.30597	
17.99	0.337	0.103	-0.179497	0	-2.2348	0.0209131	0	0.0305822	0	0	-3.30597	
18	0.337	0.103	-0.179236	0	-2.23482	0.0208828	0	0.0305871	0	0	-3.30597	
18.01	0.337	0.103	-0.178975	0	-2.23484	0.0208525	0	0.0305919	0	0	-3.30597	
18.02	0.337	0.103	-0.178714	0	-2.23487	0.0208223	0	0.0305968	0	0	-3.30597	
18.03	0.337	0.103	-0.178453	0	-2.23489	0.0207922	0	0.0306016	0	0	-3.30597	
18.04	0.337	0.103	-0.178193	0	-2.23491	0.0207621	0	0.0306065	0	0	-3.30597	
18.05	0.337	0.103	-0.177933	0	-2.23493	0.020732	0	0.0306113	0	0	-3.30597	
18.06	0.337	0.103	-0.177674	0	-2.23495	0.020702	0	0.0306161	0	0	-3.30597	
18.07	0.337	0.103	-0.177415	0	-2.23497	0.020672	0	0.0306209	0	0	-3.30597	
18.08	0.337	0.103	-0.177157	0	-2.23499	0.0206421	0	0.0306257	0	0	-3.30597	
18.09	0.337	0.103	-0.176898	0	-2.23501	0.0206122	0	0.0306304	0	0	-3.30597	
18.1	0.337	0.103	-0.176641	0	-2.23503	0.0205823	0	0.0306352	0	0	-3.30597	
18.11	0.337	0.103	-0.176383	0	-2.23505	0.0205525	0	0.0306399	0	0	-3.30597	
18.12	0.337	0.103	-0.176126	0	-2.23507	0.0205227	0	0.0306446	0	0	-3.30597	
18.13	0.337	0.103	-0.175869	0	-2.23509	0.020493	0	0.0306494	0	0	-3.30597	
18.14	0.337	0.103	-0.175613	0	-2.23511	0.0204633	0	0.030654	0	0	-3.30597	
18.15	0.337	0.103	-0.175357	0	-2.23513	0.0204337	0	0.0306587	0	0	-3.30597	
18.16	0.337	0.103	-0.175101	0	-2.23515	0.0204041	0	0.0306634	0	0	-3.30597	
18.17	0.337	0.103	-0.174846	0	-2.23517	0.0203745	0	0.030668	0	0	-3.30597	
18.18	0.337	0.103	-0.174591	0	-2.23519	0.020345	0	0.0306727	0	0	-3.30597	
18.19	0.337	0.103	-0.174337	0	-2.23521	0.0203155	0	0.0306773	0	0	-3.30597	
18.2	0.337	0.103	-0.174083	0	-2.23523	0.0202861	0	0.0306819	0	0	-3.30597	
18.21	0.337	0.103	-0.173829	0	-2.23525	0.0202567	0	0.0306865	0	0	-3.30597	
18.22	0.337	0.103	-0.173576	0	-2.23527	0.0202274	0	0.0306911	0	0	-3.30597	
18.23	0.337	0.103	-0.173323	0	-2.23529	0.020198	0	0.0306957	0	0	-3.30597	
18.24	0.337	0.103	-0.17307	0	-2.23531	0.0201688	0	0.0307003	0	0	-3.30597	
18.25	0.337	0.103	-0.172818	0	-2.23533	0.0201396	0	0.0307048	0	0	-3.30597	
18.26	0.337	0.103	-0.172566	0	-2.23535	0.0201104	0	0.0307093	0	0	-3.30597	
18.27	0.337	0.103	-0.172314	0	-2.23537	0.0200812	0	0.0307139	0	0	-3.30597	
18.28	0.337	0.103	-0.172063	0	-2.23539	0.0200521	0	0.0307184	0	0	-3.30597	
18.29	0.337	0.103	-0.171812	0	-2.23541	0.0200231	0	0.0307229	0	0	-3.30597	
18.3	0.337	0.103	-0.171562	0	-2.23543	0.0199941	0	0.0307273	0	0	-3.30597	
18.31	0.337	0.103	-0.171312	0	-2.23545	0.0199651	0	0.0307318	0	0	-3.30597	
18.32	0.337	0.103	-0.171062	0	-2.23546	0.0199361	0	0.0307363	0	0	-3.30597	
18.33	0.337	0.103	-0.170812	0	-2.23548	0.0199073	0	0.0307407	0	0	-3.30597	
18.34	0.337	0.103	-0.170563	0	-2.2355	0.0198784	0	0.0307451	0	0	-3.30597	
18.35	0.337	0.103	-0.170315	0	-2.23552	0.0198496	0	0.0307495	0	0	-3.30597	
18.36	0.337	0.103	-0.170066	0	-2.23554	0.0198208	0	0.030754	0	0	-3.30597	
18.37	0.337	0.103	-0.169819	0	-2.23556	0.0197921	0	0.0307583	0	0	-3.30597	
18.38	0.337	0.103	-0.169571	0	-2.23558	0.0197634	0	0.0307627	0	0	-3.30597	
18.39	0.337	0.103	-0.169324	0	-2.2356	0.0197348	0	0.0307671	0	0	-3.30597	
18.4	0.337	0.103	-0.169077	0	-2.23562	0.0197062	0	0.0307714	0	0	-3.30597	
18.41	0.337	0.103	-0.16883	0	-2.23563	0.0196776	0	0.0307758	0	0	-3.30597	
18.42	0.337	0.103	-0.168584	0	-2.23565	0.0196491	0	0.0307801	0	0	-3.30597	
18.43	0.337	0.103	-0.168338	0	-2.23567	0.0196206	0	0.0307844	0	0	-3.30597	
18.44	0.337	0.103	-0.168093	0	-2.23569	0.0195921	0	0.0307887	0	0	-3.30597	
18.45	0.337	0.103	-0.167848	0	-2.23571	0.0195637	0	0.030793	0	0	-3.30597	
18.46	0.337	0.103	-0.167603	0	-2.23573	0.0195354	0	0.0307973	0	0	-3.30597	
18.47	0.337	0.103	-0.167359	0	-2.23574	0.019507	0	0.0308016	0	0	-3.30597	
18.48	0.337	0.103	-0.167115	0	-2.23576	0.0194788	0	0.0308058	0	0	-3.30597	
18.49	0.337	0.103	-0.166871	0	-2.23578	0.0194505	0	0.0308101	0	0	-3.30597	
18.5	0.337	0.103	-0.166628	0	-2.2358	0.0194223	0	0.0308143	0	0	-3.30597	
18.51	0.337	0.103	-0.166385	0	-2.23582	0.0193942	0	0.0308185	0	0	-3.30597	
18.52	0.337	0.103	-0.166142	0	-2.23584	0.019366	0	0.0308227	0	0	-3.30597	
18.53	0.337	0.103	-0.1659	0	-2.23585	0.019338	0	0.0308269	0	0	-3.30597	
18.54	0.337	0.103	-0.165658	0	-2.23587	0.0193099	0	0.0308311	0	0	-3.30597	
18.55	0.337	0.103	-0.165417	0	-2.23589	0.0192819	0	0.0308352	0	0	-3.30597	
18.56	0.337	0.103	-0.165175	0	-2.23591	0.019254	0	0.0308394	0	0	-3.30597	
18.57	0.337	0.103	-0.164935	0	-2.23592	0.019226	0	0.0308435	0	0	-3.30597	
18.58	0.337	0.103	-0.164694	0	-2.23594	0.0191982	0	0.0308477	0	0	-3.30597	
18.59	0.337	0.103	-0.164454	0	-2.23596	0.0191703	0	0.0308518	0	0	-3.30597	
18.6	0.337	0.103	-0.164214	0	-2.23598	0.0191425	0	0.0308559	0	0	-3.30597	
18.61	0.337	0.103	-0.163975	0	-2.236	0.0191147	0	0.03086	0	0	-3.30597	
18.62	0.337	0.103	-0.163736	0	-2.23601	0.019087	0	0.0308641	0	0	-3.30597	
18.63	0.337	0.103	-0.163497	0	-2.23603	0.0190593	0	0.0308681	0	0	-3.30597	
18.64	0.337	0.103	-0.163258	0	-2.23605	0.0190317	0	0.0308722	0	0	-3.30597	
18.65	0.337	0.103	-0.16302	0	-2.23607	0.0190041	0	0.0308762	0	0	-3.30597	
18.66	0.337	0.103	-0.162783	0	-2.23608	0.0189765	0	0.0308803	0	0	-3.30597	
18.67	0.337	0.103	-0.162545	0	-2.2361	0.018949	0	0.0308843	0	0	-3.30597	
18.68	0.337	0.103	-0.162308	0	-2.23612	0.0189215	0	0.0308883	0	0	-3.30597	
18.69	0.337	0.103	-0.162072	0	-2.23613	0.0188941	0	0.0308923	0	0	-3.30597	
18.7	0.337	0.103	-0.161835	0	-2.23615	0.0188667	0	0.0308963	0	0	-3.30597	
18.71	0.337	0.103	-0.161599	0	-2.23617	0.0188393	0	0.0309003	0	0	-3.30597	
18.72	0.337	0.103	-0.161364	0	-2.23619	0.018812	0	0.0309043	0	0	-3.30597	
18.73	0.337	0.103	-0.161128	0	-2.2362	0.0187847	0	0.0309082	0	0	-3.30597	
18.74	0.337	0.103	-0.160893	0	-2.23622	0.0187574	0	0.0309122	0	0	-3.30597	
18.75	0.337	0.103	-0.160659	0	-2.23624	0.0187302	0	0.0309161	0	0	-3.30597	
18.76	0.337	0.103	-0.160424	0	-2.23625	0.018703	0	0.03092	0	0	-3.30597	
18.77	0.337	0.103	-0.16019	0	-2.23627	0.0186759	0	0.0309239	0	0	-3.30597	
18.78	0.337	0.103	-0.159957	0	-2.23629	0.0186488	0	0.0309278	0	0	-3.30597	
18.79	0.337	0.103	-0.159724	0	-2.2363	0.0186217	0	0.0309317	0	0	-3.30597	
18.8	0.337	0.103	-0.159491	0	-2.23632	0.0185947	0	0.0309356	0	0	-3.30597	
18.81	0.337	0.103	-0.159258	0	-2.23634	0.0185678	0	0.0309394	0	0	-3.30597	
18.82	0.337	0.103	-0.159026	0	-2.23635	0.0185408	0	0.0309433	0	0	-3.30597	
18.83	0.337	0.103	-0.158794	0	-2.23637	0.0185139	0	0.0309471	0	0	-3.30597	
18.84	0.337	0.103	-0.158562	0	-2.23639	0.018487	0	0.030951	0	0	-3.30597	
18.85	0.337	0.103	-0.158331	0	-2.2364	0.0184602	0	0.0309548	0	0	-3.30597	
18.86	0.337	0.103	-0.1581	0	-2.23642	0.0184334	0	0.0309586	0	0	-3.30597	
18.87	0.337	0.103	-0.15787	0	-2.23643	0.0184067	0	0.0309624	0	0	-3.30597	
18.88	0.337	0.103	-0.157639	0	-2.23645	0.01838	0	0.0309662	0	0	-3.30597	
18.89	0.337	0.103	-0.157409	0	-2.23647	0.0183533	0	0.0309699	0	0	-3.30597	
18.9	0.337	0.103	-0.15718	0	-2.23648	0.0183267	0	0.0309737	0	0	-3.30597	
18.91	0.337	0.103	-0.156951	0	-2.2365	0.0183001	0	0.0309775	0	0	-3.30597	
18.92	0.337	0.103	-0.156722	0	-2.23652	0.0182735	0	0.0309812	0	0	-3.30597	
18.93	0.337	0.103	-0.156493	0	-2.23653	0.018247	0	0.0309849	0	0	-3.30597	
18.94	0.337	0.103	-0.156265	0	-2.23655	0.0182205	0	0.0309886	0	0	-3.30597	
18.95	0.337	0.103	-0.156037	0	-2.23656	0.0181941	0	0.0309924	0	0	-3.30597	
18.96	0.337	0.103	-0.155809	0	-2.23658	0.0181676	0	0.0309961	0	0	-3.30597	
18.97	0.337	0.103	-0.155582	0	-2.2366	0.0181413	0	0.0309997	0	0	-3.30597	
18.98	0.337	0.103	-0.155355	0	-2.23661	0.0181149	0	0.0310034	0	0	-3.30597	
18.99	0.337	0.103	-0.155129	0	-2.23663	0.0180886	0	0.0310071	0	0	-3.30597	
19	0.337	0.103	-0.154902	0	-2.23664	0.0180624	0	0.0310107	0	0	-3.30597	
19.01	0.337	0.103	-0.154676	0	-2.23666	0.0180362	0	0.0310144	0	0	-3.30597	
19.02	0.337	0.103	-0.154451	0	-2.23667	0.01801	0	0.031018	0	0	-3.30597	
19.03	0.337	0.103	-0.154225	0	-2.23669	0.0179838	0	0.0310216	0	0	-3.30597	
19.04	0.337	0.103	-0.154	0	-2.2367	0.0179577	0	0.0310253	0	0	-3.30597	
19.05	0.337	0.103	-0.153776	0	-2.23672	0.0179317	0	0.0310289	0	0	-3.30597	
19.06	0.337	0.103	-0.153552	0	-2.23674	0.0179056	0	0.0310324	0	0	-3.30597	
19.07	0.337	0.103	-0.153328	0	-2.23675	0.0178796	0	0.031036	0	0	-3.30597	
19.08	0.337	0.103	-0.153104	0	-2.23677	0.0178537	0	0.0310396	0	0	-3.30597	
19.09	0.337	0.103	-0.152881	0	-2.23678	0.0178278	0	0.0310432	0	0	-3.30597	
19.1	0.337	0.103	-0.152658	0	-2.2368	0.0178019	0	0.0310467	0	0	-3.30597	
19.11	0.337	0.103	-0.152435	0	-2.23681	0.017776	0	0.0310503	0	0	-3.30597	
19.12	0.337	0.103	-0.152213	0	-2.23683	0.0177502	0	0.0310538	0	0	-3.30597	
19.13	0.337	0.103	-0.151991	0	-2.23684	0.0177245	0	0.0310573	0	0	-3.30597	
19.14	0.337	0.103	-0.151769	0	-2.23686	0.0176987	0	0.0310608	0	0	-3.30597	
19.15	0.337	0.103	-0.151547	0	-2.23687	0.017673	0	0.0310643	0	0	-3.30597	
19.16	0.337	0.103	-0.151326	0	-2.23689	0.0176474	0	0.0310678	0	0	-3.30597	
19.17	0.337	0.103	-0.151106	0	-2.2369	0.0176217	0	0.0310713	0	0	-3.30597	
19.18	0.337	0.103	-0.150885	0	-2.23692	0.0175961	0	0.0310747	0	0	-3.30597	
19.19	0.337	0.103	-0.150665	0	-2.23693	0.0175706	0	0.0310782	0	0	-3.30597	
19.2	0.337	0.103	-0.150445	0	-2.23695	0.0175451	0	0.0310817	0	0	-3.30597	
19.21	0.337	0.103	-0.150226	0	-2.23696	0.0175196	0	0.0310851	0	0	-3.30597	
19.22	0.337	0.103	-0.150007	0	-2.23698	0.0174942	0	0.0310885	0	0	-3.30597	
19.23	0.337	0.103	-0.149788	0	-2.23699	0.0174688	0	0.0310919	0	0	-3.30597	
19.24	0.337	0.103	-0.149569	0	-2.23701	0.0174434	0	0.0310953	0	0	-3.30597	
19.25	0.337	0.103	-0.149351	0	-2.23702	0.017418	0	0.0310987	0	0	-3.30597	
19.26	0.337	0.103	-0.149133	0	-2.23703	0.0173928	0	0.0311021	0	0	-3.30597	
19.27	0.337	0.103	-0.148916	0	-2.23705	0.0173675	0	0.0311055	0	0	-3.30597	
19.28	0.337	0.103	-0.148698	0	-2.23706	0.0173423	0	0.0311089	0	0	-3.30597	
19.29	0.337	0.103	-0.148482	0	-2.23708	0.0173171	0	0.0311122	0	0	-3.30597	
19.3	0.337	0.103	-0.148265	0	-2.23709	0.0172919	0	0.0311156	0	0	-3.30597	
19.31	0.337	0.103	-0.148049	0	-2.23711	0.0172668	0	0.0311189	0	0	-3.30597	
19.32	0.337	0.103	-0.147833	0	-2.23712	0.0172417	0	0.0311223	0	0	-3.30597	
19.33	0.337	0.103	-0.147617	0	-2.23714	0.0172167	0	0.0311256	0	0	-3.30597	
19.34	0.337	0.103	-0.147402	0	-2.23715	0.0171917	0	0.0311289	0	0	-3.30597	
19.35	0.337	0.103	-0.147187	0	-2.23716	0.0171667	0	0.0311322	0	0	-3.30597	
19.36	0.337	0.103	-0.146972	0	-2.23718	0.0171418	0	0.0311355	0	0	-3.30597	
19.37	0.337	0.103	-0.146757	0	-2.23719	0.0171169	0	0.0311388	0	0	-3.30597	
19.38	0.337	0.103	-0.146543	0	-2.23721	0.017092	0	0.031142	0	0	-3.30597	
19.39	0.337	0.103	-0.146329	0	-2.23722	0.0170672	0	0.0311453	0	0	-3.30597	
19.4	0.337	0.103	-0.146116	0	-2.23723	0.0170424	0	0.0311486	0	0	-3.30597	
19.41	0.337	0.103	-0.145903	0	-2.23725	0.0170176	0	0.0311518	0	0	-3.30597	
19.42	0.337	0.103	-0.14569	0	-2.23726	0.0169929	0	0.031155	0	0	-3.30597	
19.43	0.337	0.103	-0.145477	0	-2.23728	0.0169682	0	0.0311583	0	0	-3.30597	
19.44	0.337	0.103	-0.145265	0	-2.23729	0.0169436	0	0.0311615	0	0	-3.30597	
19.45	0.337	0.103	-0.145053	0	-2.2373	0.0169189	0	0.0311647	0	0	-3.30597	
19.46	0.337	0.103	-0.144842	0	-2.23732	0.0168944	0	0.0311679	0	0	-3.30597	
19.47	0.337	0.103	-0.14463	0	-2.23733	0.0168698	0	0.0311711	0	0	-3.30597	
19.48	0.337	0.103	-0.144419	0	-2.23734	0.0168453	0	0.0311742	0	0	-3.30597	
19.49	0.337	0.103	-0.144208	0	-2.23736	0.0168208	0	0.0311774	0	0	-3.30597	
19.5	0.337	0.103	-0.143998	0	-2.23737	0.0167964	0	0.0311806	0	0	-3.30597	
19.51	0.337	0.103	-0.143788	0	-2.23738	0.016772	0	0.0311837	0	0	-3.30597	
19.52	0.337	0.103	-0.143578	0	-2.2374	0.0167476	0	0.0311869	0	0	-3.30597	
19.53	0.337	0.103	-0.143369	0	-2.23741	0.0167233	0	0.03119	0	0	-3.30597	
19.54	0.337	0.103	-0.143159	0	-2.23742	0.016699	0	0.0311931	0	0	-3.30597	
19.55	0.337	0.103	-0.142951	0	-2.23744	0.0166747	0	0.0311962	0	0	-3.30597	
19.56	0.337	0.103	-0.142742	0	-2.23745	0.0166505	0	0.0311993	0	0	-3.30597	
19.57	0.337	0.103	-0.142534	0	-2.23746	0.0166263	0	0.0312024	0	0	-3.30597	
19.58	0.337	0.103	-0.142326	0	-2.23748	0.0166021	0	0.0312055	0	0	-3.30597	
19.59	0.337	0.103	-0.142118	0	-2.23749	0.016578	0	0.0312086	0	0	-3.30597	
19.6	0.337	0.103	-0.141911	0	-2.2375	0.0165539	0	0.0312117	0	0	-3.30597	
19.61	0.337	0.103	-0.141704	0	-2.23752	0.0165298	0	0.0312147	0	0	-3.30597	
19.62	0.337	0.103	-0.141497	0	-2.23753	0.0165058	0	0.0312178	0	0	-3.30597	
19.63	0.337	0.103	-0.14129	0	-2.23754	0.0164818	0	0.0312208	0	0	-3.30597	
19.64	0.337	0.103	-0.141084	0	-2.23756	0.0164579	0	0.0312239	0	0	-3.30597	
19.65	0.337	0.103	-0.140878	0	-2.23757	0.016434	0	0.0312269	0	0	-3.30597	
19.66	0.337	0.103	-0.140673	0	-2.23758	0.0164101	0	0.0312299	0	0	-3.30597	
19.67	0.337	0.103	-0.140468	0	-2.2376	0.0163862	0	0.0312329	0	0	-3.30597	
19.68	0.337	0.103	-0.140263	0	-2.23761	0.0163624	0	0.0312359	0	0	-3.30597	
19.69	0.337	0.103	-0.140058	0	-2.23762	0.0163386	0	0.0312389	0	0	-3.30597	
19.7	0.337	0.103	-0.139854	0	-2.23763	0.0163149	0	0.0312419	0	0	-3.30597	
19.71	0.337	0.103	-0.139649	0	-2.23765	0.0162912	0	0.0312448	0	0	-3.30597	
19.72	0.337	0.103	-0.139446	0	-2.23766	0.0162675	0	0.0312478	0	0	-3.30597	
19.73	0.337	0.103	-0.139242	0	-2.23767	0.0162438	0	0.0312508	0	0	-3.30597	
19.74	0.337	0.103	-0.139039	0	-2.23768	0.0162202	0	0.0312537	0	0	-3.30597	
19.75	0.337	0.103	-0.138836	0	-2.2377	0.0161966	0	0.0312567	0	0	-3.30597	
19.76	0.337	0.103	-0.138634	0	-2.23771	0.0161731	0	0.0312596	0	0	-3.30597	
19.77	0.337	0.103	-0.138431	0	-2.23772	0.0161496	0	0.0312625	0	0	-3.30597	
19.78	0.337	0.103	-0.138229	0	-2.23773	0.0161261	0	0.0312654	0	0	-3.30597	
19.79	0.337	0.103	-0.138027	0	-2.23775	0.0161027	0	0.0312683	0	0	-3.30597	
19.8	0.337	0.103	-0.137826	0	-2.23776	0.0160793	0	0.0312712	0	0	-3.30597	
19.81	0.337	0.103	-0.137625	0	-2.23777	0.0160559	0	0.0312741	0	0	-3.30597	
19.82	0.337	0.103	-0.137424	0	-2.23778	0.0160325	0	0.031277	0	0	-3.30597	
19.83	0.337	0.103	-0.137224	0	-2.2378	0.0160092	0	0.0312798	0	0	-3.30597	
19.84	0.337	0.103	-0.137023	0	-2.23781	0.015986	0	0.0312827	0	0	-3.30597	
19.85	0.337	0.103	-0.136823	0	-2.23782	0.0159627	0	0.0312856	0	0	-3.30597	
19.86	0.337	0.103	-0.136624	0	-2.23783	0.0159395	0	0.0312884	0	0	-3.30597	
19.87	0.337	0.103	-0.136424	0	-2.23785	0.0159163	0	0.0312912	0	0	-3.30597	
19.88	0.337	0.103	-0.136225	0	-2.23786	0.0158932	0	0.0312941	0	0	-3.30597	
19.89	0.337	0.103	-0.136026	0	-2.23787	0.0158701	0	0.0312969	0	0	-3.30597	
19.9	0.337	0.103	-0.135828	0	-2.23788	0.015847	0	0.0312997	0	0	-3.30597	
19.91	0.337	0.103	-0.13563	0	-2.23789	0.015824	0	0.0313025	0	0	-3.30597	
19.92	0.337	0.103	-0.135432	0	-2.23791	0.015801	0	0.0313053	0	0	-3.30597	
19.93	0.337	0.103	-0.135234	0	-2.23792	0.015778	0	0.0313081	0	0	-3.30597	
19.94	0.337	0.103	-0.135037	0	-2.23793	0.015755	0	0.0313109	0	0	-3.30597	
19.95	0.337	0.103	-0.13484	0	-2.23794	0.0157321	0	0.0313136	0	0	-3.30597	
19.96	0.337	0.103	-0.134643	0	-2.23795	0.0157093	0	0.0313164	0	0	-3.30597	
19.97	0.337	0.103	-0.134446	0	-2.23797	0.0156864	0	0.0313192	0	0	-3.30597	
19.98	0.337	0.103	-0.13425	0	-2.23798	0.0156636	0	0.0313219	0	0	-3.30597	
19.99	0.337	0.103	-0.134054	0	-2.23799	0.0156408	0	0.0313247	0	0	-3.30597	
20	0.337	0.103	-0.133858	0	-2.238	0.0156181	0	0.0313274	0	0	-3.30597	
20.01	0.337	0.103	-0.133663	0	-2.23801	0.0155954	0	0.0313301	0	0	-3.30597	
20.02	0.337	0.103	-0.133468	0	-2.23802	0.0155727	0	0.0313328	0	0	-3.30597	
20.03	0.337	0.103	-0.133273	0	-2.23804	0.01555	0	0.0313355	0	0	-3.30597	
20.04	0.337	0.103	-0.133079	0	-2.23805	0.0155274	0	0.0313382	0	0	-3.30597	
20.05	0.337	0.103	-0.132885	0	-2.23806	0.0155048	0	0.0313409	0	0	-3.30597	
20.06	0.337	0.103	-0.132691	0	-2.23807	0.0154823	0	0.0313436	0	0	-3.30597	
20.07	0.337	0.103	-0.132497	0	-2.23808	0.0154598	0	0.0313463	0	0	-3.30597	
20.08	0.337	0.103	-0.132304	0	-2.23809	0.0154373	0	0.0313489	0	0	-3.30597	
20.09	0.337	0.103	-0.13211	0	-2.2381	0.0154148	0	0.0313516	0	0	-3.30597	
20.1	0.337	0.103	-0.131918	0	-2.23812	0.0153924	0	0.0313543	0	0	-3.30597	
20.11	0.337	0.103	-0.131725	0	-2.23813	0.01537	0	0.0313569	0	0	-3.30597	
20.12	0.337	0.103	-0.131533	0	-2.23814	0.0153477	0	0.0313595	0	0	-3.30597	
20.13	0.337	0.103	-0.131341	0	-2.23815	0.0153254	0	0.0313622	0	0	-3.30597	
20.14	0.337	0.103	-0.131149	0	-2.23816	0.0153031	0	0.0313648	0	0	-3.30597	
20.15	0.337	0.103	-0.130958	0	-2.23817	0.0152808	0	0.0313674	0	0	-3.30597	
20.16	0.337	0.103	-0.130767	0	-2.23818	0.0152586	0	0.03137	0	0	-3.30597	
20.17	0.337	0.103	-0.130576	0	-2.23819	0.0152364	0	0.0313726	0	0	-3.30597	
20.18	0.337	0.103	-0.130385	0	-2.23821	0.0152142	0	0.0313752	0	0	-3.30597	
20.19	0.337	0.103	-0.130195	0	-2.23822	0.0151921	0	0.0313778	0	0	-3.30597	
20.2	0.337	0.103	-0.130005	0	-2.23823	0.01517	0	0.0313804	0	0	-3.30597	
20.21	0.337	0.103	-0.129815	0	-2.23824	0.0151479	0	0.0313829	0	0	-3.30597	
20.22	0.337	0.103	-0.129626	0	-2.23825	0.0151259	0	0.0313855	0	0	-3.30597	
20.23	0.337	0.103	-0.129436	0	-2.23826	0.0151039	0	0.0313881	0	0	-3.30597	
20.24	0.337	0.103	-0.129247	0	-2.23827	0.0150819	0	0.0313906	0	0	-3.30597	
20.25	0.337	0.103	-0.129059	0	-2.23828	0.01506	0	0.0313931	0	0	-3.30597	
20.26	0.337	0.103	-0.12887	0	-2.23829	0.0150381	0	0.0313957	0	0	-3.30597	
20.27	0.337	0.103	-0.128682	0	-2.2383	0.0150162	0	0.0313982	0	0	-3.30597	
20.28	0.337	0.103	-0.128494	0	-2.23831	0.0149943	0	0.0314007	0	0	-3.30597	
20.29	0.337	0.103	-0.128307	0	-2.23833	0.0149725	0	0.0314032	0	0	-3.30597	
20.3	0.337	0.103	-0.12812	0	-2.23834	0.0149507	0	0.0314057	0	0	-3.30597	
20.31	0.337	0.103	-0.127933	0	-2.23835	0.014929	0	0.0314082	0	0	-3.30597	
20.32	0.337	0.103	-0.127746	0	-2.23836	0.0149073	0	0.0314107	0	0	-3.30597	
20.33	0.337	0.103	-0.127559	0	-2.23837	0.0148856	0	0.0314132	0	0	-3.30597	
20.34	0.337	0.103	-0.127373	0	-2.23838	0.0148639	0	0.0314157	0	0	-3.30597	
20.35	0.337	0.103	-0.127187	0	-2.23839	0.0148423	0	0.0314181	0	0	-3.30597	
20.36	0.337	0.103	-0.127002	0	-2.2384	0.0148207	0	0.0314206	0	0	-3.30597	
20.37	0.337	0.103	-0.126816	0	-2.23841	0.0147991	0	0.031423	0	0	-3.30597	
20.38	0.337	0.103	-0.126631	0	-2.23842	0.0147776	0	0.0314255	0	0	-3.30597	
20.39	0.337	0.103	-0.126446	0	-2.23843	0.0147561	0	0.0314279	0	0	-3.30597	
20.4	0.337	0.103	-0.126262	0	-2.23844	0.0147346	0	0.0314304	0	0	-3.30597	
20.41	0.337	0.103	-0.126077	0	-2.23845	0.0147132	0	0.0314328	0	0	-3.30597	
20.42	0.337	0.103	-0.125893	0	-2.23846	0.0146918	0	0.0314352	0	0	-3.30597	
20.43	0.337	0.103	-0.125709	0	-2.23847	0.0146704	0	0.0314376	0	0	-3.30597	
20.44	0.337	0.103	-0.125526	0	-2.23848	0.014649	0	0.03144	0	0	-3.30597	
20.45	0.337	0.103	-0.125343	0	-2.23849	0.0146277	0	0.0314424	0	0	-3.30597	
20.46	0.337	0.103	-0.12516	0	-2.2385	0.0146064	0	0.0314448	0	0	-3.30597	
20.47	0.337	0.103	-0.124977	0	-2.23851	0.0145852	0	0.0314472	0	0	-3.30597	
20.48	0.337	0.103	-0.124795	0	-2.23852	0.014564	0	0.0314495	0	0	-3.30597	
20.49	0.337	0.103	-0.124612	0	-2.23853	0.0145428	0	0.0314519	0	0	-3.30597	
20.5	0.337	0.103	-0.124431	0	-2.23854	0.0145216	0	0.0314543	0	0	-3.30597	
20.51	0.337	0.103	-0.124249	0	-2.23855	0.0145005	0	0.0314566	0	0	-3.30597	
20.52	0.337	0.103	-0.124067	0	-2.23856	0.0144794	0	0.031459	0	0	-3.30597	
20.53	0.337	0.103	-0.123886	0	-2.23857	0.0144583	0	0.0314613	0	0	-3.30597	
20.54	0.337	0.103	-0.123705	0	-2.23858	0.0144372	0	0.0314636	0	0	-3.30597	
20.55	0.337	0.103	-0.123525	0	-2.23859	0.0144162	0	0.031466	0	0	-3.30597	
20.56	0.337	0.103	-0.123345	0	-2.2386	0.0143953	0	0.0314683	0	0	-3.30597	
20.57	0.337	0.103	-0.123165	0	-2.23861	0.0143743	0	0.0314706	0	0	-3.30597	
20.58	0.337	0.103	-0.122985	0	-2.23862	0.0143534	0	0.0314729	0	0	-3.30597	
20.59	0.337	0.103	-0.122805	0	-2.23863	0.0143325	0	0.0314752	0	0	-3.30597	
20.6	0.337	0.103	-0.122626	0	-2.23864	0.0143116	0	0.0314775	0	0	-3.30597	
20.61	0.337	0.103	-0.122447	0	-2.23865	0.0142908	0	0.0314798	0	0	-3.30597	
20.62	0.337	0.103	-0.122268	0	-2.23866	0.01427	0	0.0314821	0	0	-3.30597	
20.63	0.337	0.103	-0.12209	0	-2.23867	0.0142492	0	0.0314843	0	0	-3.30597	
20.64	0.337	0.103	-0.121911	0	-2.23868	0.0142285	0	0.0314866	0	0	-3.30597	
20.65	0.337	0.103	-0.121733	0	-2.23869	0.0142078	0	0.0314889	0	0	-3.30597	
20.66	0.337	0.103	-0.121556	0	-2.2387	0.0141871	0	0.0314911	0	0	-3.30597	
20.67	0.337	0.103	-0.121378	0	-2.23871	0.0141664	0	0.0314934	0	0	-3.30597	
20.68	0.337	0.103	-0.121201	0	-2.23872	0.0141458	0	0.0314956	0	0	-3.30597	
20.69	0.337	0.103	-0.121024	0	-2.23873	0.0141252	0	0.0314978	0	0	-3.30597	
20.7	0.337	0.103	-0.120847	0	-2.23874	0.0141047	0	0.0315001	0	0	-3.30597	
20.71	0.337	0.103	-0.120671	0	-2.23875	0.0140841	0	0.0315023	0	0	-3.30597	
20.72	0.337	0.103	-0.120495	0	-2.23876	0.0140636	0	0.0315045	0	0	-3.30597	
20.73	0.337	0.103	-0.120319	0	-2.23877	0.0140432	0	0.0315067	0	0	-3.30597	
20.74	0.337	0.103	-0.120143	0	-2.23878	0.0140227	0	0.0315089	0	0	-3.30597	
20.75	0.337	0.103	-0.119968	0	-2.23879	0.0140023	0	0.0315111	0	0	-3.30597	
20.76	0.337	0.103	-0.119793	0	-2.2388	0.0139819	0	0.0315133	0	0	-3.30597	
20.77	0.337	0.103	-0.119618	0	-2.23881	0.0139616	0	0.0315155	0	0	-3.30597	
20.78	0.337	0.103	-0.119443	0	-2.23882	0.0139412	0	0.0315177	0	0	-3.30597	
20.79	0.337	0.103	-0.119269	0	-2.23883	0.0139209	0	0.0315198	0	0	-3.30597	
20.8	0.337	0.103	-0.119095	0	-2.23883	0.0139007	0	0.031522	0	0	-3.30597	
20.81	0.337	0.103	-0.118921	0	-2.23884	0.0138804	0	0.0315241	0	0	-3.30597	
20.82	0.337	0.103	-0.118747	0	-2.23885	0.0138602	0	0.0315263	0	0	-3.30597	
20.83	0.337	0.103	-0.118574	0	-2.23886	0.0138401	0	0.0315284	0	0	-3.30597	
20.84	0.337	0.103	-0.118401	0	-2.23887	0.0138199	0	0.0315306	0	0	-3.30597	
20.85	0.337	0.103	-0.118228	0	-2.23888	0.0137998	0	0.0315327	0	0	-3.30597	
20.86	0.337	0.103	-0.118055	0	-2.23889	0.0137797	0	0.0315348	0	0	-3.30597	
20.87	0.337	0.103	-0.117883	0	-2.2389	0.0137596	0	0.031537	0	0	-3.30597	
20.88	0.337	0.103	-0.117711	0	-2.23891	0.0137396	0	0.0315391	0	0	-3.30597	
20.89	0.337	0.103	-0.117539	0	-2.23892	0.0137196	0	0.0315412	0	0	-3.30597	
20.9	0.337	0.103	-0.117367	0	-2.23893	0.0136996	0	0.0315433	0	0	-3.30597	
20.91	0.337	0.103	-0.117196	0	-2.23893	0.0136797	0	0.0315454	0	0	-3.30597	
20.92	0.337	0.103	-0.117025	0	-2.23894	0.0136597	0	0.0315475	0	0	-3.30597	
20.93	0.337	0.103	-0.116854	0	-2.23895	0.0136399	0	0.0315495	0	0	-3.30597	
20.94	0.337	0.103	-0.116683	0	-2.23896	0.01362	0	0.0315516	0	0	-3.30597	
20.95	0.337	0.103	-0.116513	0	-2.23897	0.0136002	0	0.0315537	0	0	-3.30597	
20.96	0.337	0.103	-0.116343	0	-2.23898	0.0135804	0	0.0315557	0	0	-3.30597	
20.97	0.337	0.103	-0.116173	0	-2.23899	0.0135606	0	0.0315578	0	0	-3.30597	
20.98	0.337	0.103	-0.116003	0	-2.239	0.0135408	0	0.0315599	0	0	-3.30597	
20.99	0.337	0.103	-0.115834	0	-2.23901	0.0135211	0	0.0315619	0	0	-3.30597	
21	0.337	0.103	-0.115665	0	-2.23901	0.0135014	0	0.0315639	0	0	-3.30597	
21.01	0.337	0.103	-0.115496	0	-2.23902	0.0134818	0	0.031566	0	0	-3.30597	
21.02	0.337	0.103	-0.115327	0	-2.23903	0.0134621	0	0.031568	0	0	-3.30597	
21.03	0.337	0.103	-0.115159	0	-2.23904	0.0134425	0	0.03157	0	0	-3.30597	
21.04	0.337	0.103	-0.114991	0	-2.23905	0.0134229	0	0.031572	0	0	-3.30597	
21.05	0.337	0.103	-0.114823	0	-2.23906	0.0134034	0	0.0315741	0	0	-3.30597	
21.06	0.337	0.103	-0.114655	0	-2.23907	0.0133839	0	0.0315761	0	0	-3.30597	
21.07	0.337	0.103	-0.114488	0	-2.23907	0.0133644	0	0.0315781	0	0	-3.30597	
21.08	0.337	0.103	-0.11432	0	-2.23908	0.0133449	0	0.0315801	0	0	-3.30597	
21.09	0.337	0.103	-0.114153	0	-2.23909	0.0133255	0	0.031582	0	0	-3.30597	
21.1	0.337	0.103	-0.113987	0	-2.2391	0.0133061	0	0.031584	0	0	-3.30597	
21.11	0.337	0.103	-0.11382	0	-2.23911	0.0132867	0	0.031586	0	0	-3.30597	
21.12	0.337	0.103	-0.113654	0	-2.23912	0.0132674	0	0.031588	0	0	-3.30597	
21.13	0.337	0.103	-0.113488	0	-2.23913	0.013248	0	0.0315899	0	0	-3.30597	
21.14	0.337	0.103	-0.113322	0	-2.23913	0.0132287	0	0.0315919	0	0	-3.30597	
21.15	0.337	0.103	-0.113157	0	-2.23914	0.0132095	0	0.0315938	0	0	-3.30597	
21.16	0.337	0.103	-0.112992	0	-2.23915	0.0131902	0	0.0315958	0	0	-3.30597	
21.17	0.337	0.103	-0.112827	0	-2.23916	0.013171	0	0.0315977	0	0	-3.30597	
21.18	0.337	0.103	-0.112662	0	-2.23917	0.0131518	0	0.0315997	0	0	-3.30597	
21.19	0.337	0.103	-0.112498	0	-2.23918	0.0131327	0	0.0316016	0	0	-3.30597	
21.2	0.337	0.103	-0.112333	0	-2.23918	0.0131135	0	0.0316035	0	0	-3.30597	
21.21	0.337	0.103	-0.112169	0	-2.23919	0.0130944	0	0.0316054	0	0	-3.30597	
21.22	0.337	0.103	-0.112005	0	-2.2392	0.0130754	0	0.0316074	0	0	-3.30597	
21.23	0.337	0.103	-0.111842	0	-2.23921	0.0130563	0	0.0316093	0	0	-3.30597	
21.24	0.337	0.103	-0.111679	0	-2.23922	0.0130373	0	0.0316112	0	0	-3.30597	
21.25	0.337	0.103	-0.111515	0	-2.23922	0.0130183	0	0.0316131	0	0	-3.30597	
21.26	0.337	0.103	-0.111353	0	-2.23923	0.0129994	0	0.031615	0	0	-3.30597	
21.27	0.337	0.103	-0.11119	0	-2.23924	0.0129804	0	0.0316168	0	0	-3.30597	
21.28	0.337	0.103	-0.111028	0	-2.23925	0.0129615	0	0.0316187	0	0	-3.30597	
21.29	0.337	0.103	-0.110866	0	-2.23926	0.0129426	0	0.0316206	0	0	-3.30597	
21.3	0.337	0.103	-0.110704	0	-2.23927	0.0129238	0	0.0316225	0	0	-3.30597	
21.31	0.337	0.103	-0.110542	0	-2.23927	0.012905	0	0.0316243	0	0	-3.30597	
21.32	0.337	0.103	-0.110381	0	-2.23928	0.0128862	0	0.0316262	0	0	-3.30597	
21.33	0.337	0.103	-0.110219	0	-2.23929	0.0128674	0	0.031628	0	0	-3.30597	
21.34	0.337	0.103	-0.110058	0	-2.2393	0.0128486	0	0.0316299	0	0	-3.30597	
21.35	0.337	0.103	-0.109898	0	-2.2393	0.0128299	0	0.0316317	0	0	-3.30597	
21.36	0.337	0.103	-0.109737	0	-2.23931	0.0128112	0	0.0316336	0	0	-3.30597	
21.37	0.337	0.103	-0.109577	0	-2.23932	0.0127926	0	0.0316354	0	0	-3.30597	
21.38	0.337	0.103	-0.109417	0	-2.23933	0.0127739	0	0.0316372	0	0	-3.30597	
21.39	0.337	0.103	-0.109257	0	-2.23934	0.0127553	0	0.031639	0	0	-3.30597	
21.4	0.337	0.103	-0.109098	0	-2.23934	0.0127367	0	0.0316409	0	0	-3.30597	
21.41	0.337	0.103	-0.108938	0	-2.23935	0.0127182	0	0.0316427	0	0	-3.30597	
21.42	0.337	0.103	-0.108779	0	-2.23936	0.0126997	0	0.0316445	0	0	-3.30597	
21.43	0.337	0.103	-0.10862	0	-2.23937	0.0126811	0	0.0316463	0	0	-3.30597	
21.44	0.337	0.103	-0.108462	0	-2.23937	0.0126627	0	0.0316481	0	0	-3.30597	
21.45	0.337	0.103	-0.108303	0	-2.23938	0.0126442	0	0.0316499	0	0	-3.30597	
21.46	0.337	0.103	-0.108145	0	-2.23939	0.0126258	0	0.0316516	0	0	-3.30597	
21.47	0.337	0.103	-0.107987	0	-2.2394	0.0126074	0	0.0316534	0	0	-3.30597	
21.48	0.337	0.103	-0.107829	0	-2.23941	0.012589	0	0.0316552	0	0	-3.30597	
21.49	0.337	0.103	-0.107672	0	-2.23941	0.0125707	0	0.031657	0	0	-3.30597	
21.5	0.337	0.103	-0.107515	0	-2.23942	0.0125524	0	0.0316587	0	0	-3.30597	
21.51	0.337	0.103	-0.107358	0	-2.23943	0.0125341	0	0.0316605	0	0	-3.30597	
21.52	0.337	0.103	-0.107201	0	-2.23944	0.0125158	0	0.0316622	0	0	-3.30597	
21.53	0.337	0.103	-0.107044	0	-2.23944	0.0124976	0	0.031664	0	0	-3.30597	
21.54	0.337	0.103	-0.106888	0	-2.23945	0.0124794	0	0.0316657	0	0	-3.30597	
21.55	0.337	0.103	-0.106732	0	-2.23946	0.0124612	0	0.0316675	0	0	-3.30597	
21.56	0.337	0.103	-0.106576	0	-2.23947	0.012443	0	0.0316692	0	0	-3.30597	
21.57	0.337	0.103	-0.10642	0	-2.23947	0.0124249	0	0.0316709	0	0	-3.30597	
21.58	0.337	0.103	-0.106265	0	-2.23948	0.0124068	0	0.0316726	0	0	-3.30597	
21.59	0.337	0.103	-0.10611	0	-2.23949	0.0123887	0	0.0316744	0	0	-3.30597	
21.6	0.337	0.103	-0.105955	0	-2.23949	0.0123707	0	0.0316761	0	0	-3.30597	
21.61	0.337	0.103	-0.1058	0	-2.2395	0.0123526	0	0.0316778	0	0	-3.30597	
21.62	0.337	0.103	-0.105646	0	-2.23951	0.0123346	0	0.0316795	0	0	-3.30597	
21.63	0.337	0.103	-0.105491	0	-2.23952	0.0123167	0	0.0316812	0	0	-3.30597	
21.64	0.337	0.103	-0.105337	0	-2.23952	0.0122987	0	0.0316829	0	0	-3.30597	
21.65	0.337	0.103	-0.105183	0	-2.23953	0.0122808	0	0.0316846	0	0	-3.30597	
21.66	0.337	0.103	-0.10503	0	-2.23954	0.0122629	0	0.0316862	0	0	-3.30597	
21.67	0.337	0.103	-0.104876	0	-2.23955	0.012245	0	0.0316879	0	0	-3.30597	
21.68	0.337	0.103	-0.104723	0	-2.23955	0.0122272	0	0.0316896	0	0	-3.30597	
21.69	0.337	0.103	-0.10457	0	-2.23956	0.0122094	0	0.0316913	0	0	-3.30597	
21.7	0.337	0.103	-0.104418	0	-2.23957	0.0121916	0	0.0316929	0	0	-3.30597	
21.71	0.337	0.103	-0.104265	0	-2.23957	0.0121738	0	0.0316946	0	0	-3.30597	
21.72	0.337	0.103	-0.104113	0	-2.23958	0.0121561	0	0.0316962	0	0	-3.30597	
21.73	0.337	0.103	-0.103961	0	-2.23959	0.0121384	0	0.0316979	0	0	-3.30597	
21.74	0.337	0.103	-0.103809	0	-2.2396	0.0121207	0	0.0316995	0	0	-3.30597	
21.75	0.337	0.103	-0.103657	0	-2.2396	0.012103	0	0.0317012	0	0	-3.30597	
21.76	0.337	0.103	-0.103506	0	-2.23961	0.0120854	0	0.0317028	0	0	-3.30597	
21.77	0.337	0.103	-0.103355	0	-2.23962	0.0120678	0	0.0317044	0	0	-3.30597	
21.78	0.337	0.103	-0.103204	0	-2.23962	0.0120502	0	0.0317061	0	0	-3.30597	
21.79	0.337	0.103	-0.103053	0	-2.23963	0.0120326	0	0.0317077	0	0	-3.30597	
21.8	0.337	0.103	-0.102903	0	-2.23964	0.0120151	0	0.0317093	0	0	-3.30597	
21.81	0.337	0.103	-0.102752	0	-2.23964	0.0119976	0	0.0317109	0	0	-3.30597	
21.82	0.337	0.103	-0.102602	0	-2.23965	0.0119801	0	0.0317125	0	0	-3.30597	
21.83	0.337	0.103	-0.102452	0	-2.23966	0.0119626	0	0.0317141	0	0	-3.30597	
21.84	0.337	0.103	-0.102303	0	-2.23966	0.0119452	0	0.0317157	0	0	-3.30597	
21.85	0.337	0.103	-0.102153	0	-2.23967	0.0119278	0	0.0317173	0	0	-3.30597	
21.86	0.337	0.103	-0.102004	0	-2.23968	0.0119104	0	0.0317189	0	0	-3.30597	
21.87	0.337	0.103	-0.101855	0	-2.23969	0.011893	0	0.0317205	0	0	-3.30597	
21.88	0.337	0.103	-0.101706	0	-2.23969	0.0118757	0	0.031722	0	0	-3.30597	
21.89	0.337	0.103	-0.101558	0	-2.2397	0.0118584	0	0.0317236	0	0	-3.30597	
21.9	0.337	0.103	-0.101409	0	-2.23971	0.0118411	0	0.0317252	0	0	-3.30597	
21.91	0.337	0.103	-0.101261	0	-2.23971	0.0118238	0	0.0317268	0	0	-3.30597	
21.92	0.337	0.103	-0.101113	0	-2.23972	0.0118066	0	0.0317283	0	0	-3.30597	
21.93	0.337	0.103	-0.100966	0	-2.23973	0.0117894	0	0.0317299	0	0	-3.30597	
21.94	0.337	0.103	-0.100818	0	-2.23973	0.0117722	0	0.0317314	0	0	-3.30597	
21.95	0.337	0.103	-0.100671	0	-2.23974	0.011755	0	0.031733	0	0	-3.30597	
21.96	0.337	0.103	-0.100524	0	-2.23975	0.0117379	0	0.0317345	0	0	-3.30597	
21.97	0.337	0.103	-0.100377	0	-2.23975	0.0117208	0	0.031736	0	0	-3.30597	
21.98	0.337	0.103	-0.10023	0	-2.23976	0.0117037	0	0.0317376	0	0	-3.30597	
21.99	0.337	0.103	-0.100084	0	-2.23976	0.0116866	0	0.0317391	0	0	-3.30597	
22	0.337	0.103	-0.0999379	0	-2.23977	0.0116696	0	0.0317406	0	0	-3.30597	
22.01	0.337	0.103	-0.0997919	0	-2.23978	0.0116526	0	0.0317421	0	0	-3.30597	
22.02	0.337	0.103	-0.0996462	0	-2.23978	0.0116356	0	0.0317437	0	0	-3.30597	
22.03	0.337	0.103	-0.0995006	0	-2.23979	0.0116187	0	0.0317452	0	0	-3.30597	
22.04	0.337	0.103	-0.0993553	0	-2.2398	0.0116017	0	0.0317467	0	0	-3.30597	
22.05	0.337	0.103	-0.0992102	0	-2.2398	0.0115848	0	0.0317482	0	0	-3.30597	
22.06	0.337	0.103	-0.0990653	0	-2.23981	0.0115679	0	0.0317497	0	0	-3.30597	
22.07	0.337	0.103	-0.0989206	0	-2.23982	0.0115511	0	0.0317512	0	0	-3.30597	
22.08	0.337	0.103	-0.0987761	0	-2.23982	0.0115342	0	0.0317527	0	0	-3.30597	
22.09	0.337	0.103	-0.0986318	0	-2.23983	0.0115174	0	0.0317541	0	0	-3.30597	
22.1	0.337	0.103	-0.0984877	0	-2.23984	0.0115006	0	0.0317556	0	0	-3.30597	
22.11	0.337	0.103	-0.0983439	0	-2.23984	0.0114838	0	0.0317571	0	0	-3.30597	
22.12	0.337	0.103	-0.0982002	0	-2.23985	0.0114671	0	0.0317586	0	0	-3.30597	
22.13	0.337	0.103	-0.0980568	0	-2.23985	0.0114504	0	0.03176	0	0	-3.30597	
22.14	0.337	0.103	-0.0979136	0	-2.23986	0.0114337	0	0.0317615	0	0	-3.30597	
22.15	0.337	0.103	-0.0977705	0	-2.23987	0.011417	0	0.031763	0	0	-3.30597	
22.16	0.337	0.103	-0.0976277	0	-2.23987	0.0114004	0	0.0317644	0	0	-3.30597	
22.17	0.337	0.103	-0.0974851	0	-2.23988	0.0113838	0	0.0317659	0	0	-3.30597	
22.18	0.337	0.103	-0.0973427	0	-2.23989	0.0113672	0	0.0317673	0	0	-3.30597	
22.19	0.337	0.103	-0.0972005	0	-2.23989	0.0113506	0	0.0317688	0	0	-3.30597	
22.2	0.337	0.103	-0.0970585	0	-2.2399	0.011334	0	0.0317702	0	0	-3.30597	
22.21	0.337	0.103	-0.0969168	0	-2.2399	0.0113175	0	0.0317716	0	0	-3.30597	
22.22	0.337	0.103	-0.0967752	0	-2.23991	0.011301	0	0.031773	0	0	-3.30597	
22.23	0.337	0.103	-0.0966338	0	-2.23992	0.0112845	0	0.0317745	0	0	-3.30597	
22.24	0.337	0.103	-0.0964927	0	-2.23992	0.0112681	0	0.0317759	0	0	-3.30597	
22.25	0.337	0.103	-0.0963517	0	-2.23993	0.0112517	0	0.0317773	0	0	-3.30597	
22.26	0.337	0.103	-0.096211	0	-2.23993	0.0112352	0	0.0317787	0	0	-3.30597	
22.27	0.337	0.103	-0.0960705	0	-2.23994	0.0112189	0	0.0317801	0	0	-3.30597	
22.28	0.337	0.103	-0.0959301	0	-2.23995	0.0112025	0	0.0317815	0	0	-3.30597	
22.29	0.337	0.103	-0.09579	0	-2.23995	0.0111862	0	0.0317829	0	0	-3.30597	
22.3	0.337	0.103	-0.0956501	0	-2.23996	0.0111699	0	0.0317843	0	0	-3.30597	
22.31	0.337	0.103	-0.0955103	0	-2.23996	0.0111536	0	0.0317857	0	0	-3.30597	
22.32	0.337	0.103	-0.0953708	0	-2.23997	0.0111373	0	0.0317871	0	0	-3.30597	
22.33	0.337	0.103	-0.0952315	0	-2.23998	0.0111211	0	0.0317885	0	0	-3.30597	
22.34	0.337	0.103	-0.0950924	0	-2.23998	0.0111049	0	0.0317899	0	0	-3.30597	
22.35	0.337	0.103	-0.0949535	0	-2.23999	0.0110887	0	0.0317912	0	0	-3.30597	
22.36	0.337	0.103	-0.0948148	0	-2.23999	0.0110725	0	0.0317926	0	0	-3.30597	
22.37	0.337	0.103	-0.0946763	0	-2.24	0.0110564	0	0.031794	0	0	-3.30597	
22.38	0.337	0.103	-0.094538	0	-2.24001	0.0110402	0	0.0317954	0	0	-3.30597	
22.39	0.337	0.103	-0.0943999	0	-2.24001	0.0110241	0	0.0317967	0	0	-3.30597	
22.4	0.337	0.103	-0.094262	0	-2.24002	0.0110081	0	0.0317981	0	0	-3.30597	
22.41	0.337	0.103	-0.0941243	0	-2.24002	0.010992	0	0.0317994	0	0	-3.30597	
22.42	0.337	0.103	-0.0939868	0	-2.24003	0.010976	0	0.0318008	0	0	-3.30597	
22.43	0.337	0.103	-0.0938495	0	-2.24003	0.01096	0	0.0318021	0	0	-3.30597	
22.44	0.337	0.103	-0.0937124	0	-2.24004	0.010944	0	0.0318035	0	0	-3.30597	
22.45	0.337	0.103	-0.0935755	0	-2.24005	0.010928	0	0.0318048	0	0	-3.30597	
22.46	0.337	0.103	-0.0934388	0	-2.24005	0.0109121	0	0.0318061	0	0	-3.30597	
22.47	0.337	0.103	-0.0933023	0	-2.24006	0.0108962	0	0.0318074	0	0	-3.30597	
22.48	0.337	0.103	-0.093166	0	-2.24006	0.0108803	0	0.0318088	0	0	-3.30597	
22.49	0.337	0.103	-0.0930299	0	-2.24007	0.0108644	0	0.0318101	0	0	-3.30597	
22.5	0.337	0.103	-0.092894	0	-2.24007	0.0108486	0	0.0318114	0	0	-3.30597	
22.51	0.337	0.103	-0.0927583	0	-2.24008	0.0108328	0	0.0318127	0	0	-3.30597	
22.52	0.337	0.103	-0.0926228	0	-2.24009	0.010817	0	0.031814	0	0	-3.30597	
22.53	0.337	0.103	-0.0924875	0	-2.24009	0.0108012	0	0.0318153	0	0	-3.30597	
22.54	0.337	0.103	-0.0923524	0	-2.2401	0.0107854	0	0.0318166	0	0	-3.30597	
22.55	0.337	0.103	-0.0922175	0	-2.2401	0.0107697	0	0.0318179	0	0	-3.30597	
22.56	0.337	0.103	-0.0920828	0	-2.24011	0.010754	0	0.0318192	0	0	-3.30597	
22.57	0.337	0.103	-0.0919483	0	-2.24011	0.0107383	0	0.0318205	0	0	-3.30597	
22.58	0.337	0.103	-0.0918139	0	-2.24012	0.0107227	0	0.0318218	0	0	-3.30597	
22.59	0.337	0.103	-0.0916798	0	-2.24012	0.010707	0	0.0318231	0	0	-3.30597	
22.6	0.337	0.103	-0.0915459	0	-2.24013	0.0106914	0	0.0318244	0	0	-3.30597	
22.61	0.337	0.103	-0.0914121	0	-2.24014	0.0106758	0	0.0318256	0	0	-3.30597	
22.62	0.337	0.103	-0.0912786	0	-2.24014	0.0106602	0	0.0318269	0	0	-3.30597	
22.63	0.337	0.103	-0.0911453	0	-2.24015	0.0106447	0	0.0318282	0	0	-3.30597	
22.64	0.337	0.103	-0.0910121	0	-2.24015	0.0106292	0	0.0318294	0	0	-3.30597	
22.65	0.337	0.103	-0.0908791	0	-2.24016	0.0106137	0	0.0318307	0	0	-3.30597	
22.66	0.337	0.103	-0.0907464	0	-2.24016	0.0105982	0	0.031832	0	0	-3.30597	
22.67	0.337	0.103	-0.0906138	0	-2.24017	0.0105827	0	0.0318332	0	0	-3.30597	
22.68	0.337	0.103	-0.0904814	0	-2.24017	0.0105673	0	0.0318345	0	0	-3.30597	
22.69	0.337	0.103	-0.0903492	0	-2.24018	0.0105519	0	0.0318357	0	0	-3.30597	
22.7	0.337	0.103	-0.0902173	0	-2.24018	0.0105365	0	0.031837	0	0	-3.30597	
22.71	0.337	0.103	-0.0900855	0	-2.24019	0.0105211	0	0.0318382	0	0	-3.30597	
22.72	0.337	0.103	-0.0899539	0	-2.24019	0.0105058	0	0.0318394	0	0	-3.30597	
22.73	0.337	0.103	-0.0898224	0	-2.2402	0.0104905	0	0.0318407	0	0	-3.30597	
22.74	0.337	0.103	-0.0896912	0	-2.24021	0.0104752	0	0.0318419	0	0	-3.30597	
22.75	0.337	0.103	-0.0895602	0	-2.24021	0.0104599	0	0.0318431	0	0	-3.30597	
22.76	0.337	0.103	-0.0894293	0	-2.24022	0.0104446	0	0.0318443	0	0	-3.30597	
22.77	0.337	0.103	-0.0892987	0	-2.24022	0.0104294	0	0.0318455	0	0	-3.30597	
22.78	0.337	0.103	-0.0891682	0	-2.24023	0.0104142	0	0.0318468	0	0	-3.30597	
22.79	0.337	0.103	-0.089038	0	-2.24023	0.010399	0	0.031848	0	0	-3.30597	
22.8	0.337	0.103	-0.0889079	0	-2.24024	0.0103838	0	0.0318492	0	0	-3.30597	
22.81	0.337	0.103	-0.088778	0	-2.24024	0.0103687	0	0.0318504	0	0	-3.30597	
22.82	0.337	0.103	-0.0886483	0	-2.24025	0.0103535	0	0.0318516	0	0	-3.30597	
22.83	0.337	0.103	-0.0885188	0	-2.24025	0.0103384	0	0.0318528	0	0	-3.30597	
22.84	0.337	0.103	-0.0883895	0	-2.24026	0.0103234	0	0.031854	0	0	-3.30597	
22.85	0.337	0.103	-0.0882603	0	-2.24026	0.0103083	0	0.0318552	0	0	-3.30597	
22.86	0.337	0.103	-0.0881314	0	-2.24027	0.0102933	0	0.0318563	0	0	-3.30597	
22.87	0.337	0.103	-0.0880026	0	-2.24027	0.0102783	0	0.0318575	0	0	-3.30597	
22.88	0.337	0.103	-0.0878741	0	-2.24028	0.0102633	0	0.0318587	0	0	-3.30597	
22.89	0.337	0.103	-0.0877457	0	-2.24028	0.0102483	0	0.0318599	0	0	-3.30597	
22.9	0.337	0.103	-0.0876175	0	-2.24029	0.0102333	0	0.031861	0	0	-3.30597	
22.91	0.337	0.103	-0.0874895	0	-2.24029	0.0102184	0	0.0318622	0	0	-3.30597	
22.92	0.337	0.103	-0.0873617	0	-2.2403	0.0102035	0	0.0318634	0	0	-3.30597	
22.93	0.337	0.103	-0.087234	0	-2.2403	0.0101886	0	0.0318645	0	0	-3.30597	
22.94	0.337	0.103	-0.0871066	0	-2.24031	0.0101738	0	0.0318657	0	0	-3.30597	
22.95	0.337	0.103	-0.0869793	0	-2.24031	0.0101589	0	0.0318668	0	0	-3.30597	
22.96	0.337	0.103	-0.0868523	0	-2.24032	0.0101441	0	0.031868	0	0	-3.30597	
22.97	0.337	0.103	-0.0867254	0	-2.24032	0.0101293	0	0.0318691	0	0	-3.30597	
22.98	0.337	0.103	-0.0865987	0	-2.24033	0.0101145	0	0.0318703	0	0	-3.30597	
22.99	0.337	0.103	-0.0864721	0	-2.24033	0.0100998	0	0.0318714	0	0	-3.30597	
23	0.337	0.103	-0.0863458	0	-2.24034	0.010085	0	0.0318726	0	0	-3.30597	
23.01	0.337	0.103	-0.0862197	0	-2.24034	0.0100703	0	0.0318737	0	0	-3.30597	
23.02	0.337	0.103	-0.0860937	0	-2.24035	0.0100556	0	0.0318748	0	0	-3.30597	
23.03	0.337	0.103	-0.0859679	0	-2.24035	0.010041	0	0.031876	0	0	-3.30597	
23.04	0.337	0.103	-0.0858423	0	-2.24036	0.0100263	0	0.0318771	0	0	-3.30597	
23.05	0.337	0.103	-0.0857169	0	-2.24036	0.0100117	0	0.0318782	0	0	-3.30597	
23.06	0.337	0.103	-0.0855917	0	-2.24037	0.00999708	0	0.0318793	0	0	-3.30597	
23.07	0.337	0.103	-0.0854666	0	-2.24037	0.00998249	0	0.0318804	0	0	-3.30597	
23.08	0.337	0.103	-0.0853417	0	-2.24038	0.00996793	0	0.0318816	0	0	-3.30597	
23.09	0.337	0.103	-0.0852171	0	-2.24038	0.00995339	0	0.0318827	0	0	-3.30597	
23.1	0.337	0.103	-0.0850926	0	-2.24038	0.00993887	0	0.0318838	0	0	-3.30597	
23.11	0.337	0.103	-0.0849682	0	-2.24039	0.00992437	0	0.0318849	0	0	-3.30597	
23.12	0.337	0.103	-0.0848441	0	-2.24039	0.00990989	0	0.031886	0	0	-3.30597	
23.13	0.337	0.103	-0.0847201	0	-2.2404	0.00989543	0	0.0318871	0	0	-3.30597	
23.14	0.337	0.103	-0.0845963	0	-2.2404	0.00988099	0	0.0318882	0	0	-3.30597	
23.15	0.337	0.103	-0.0844727	0	-2.24041	0.00986658	0	0.0318892	0	0	-3.30597	
23.16	0.337	0.103	-0.0843493	0	-2.24041	0.00985218	0	0.0318903	0	0	-3.30597	
23.17	0.337	0.103	-0.0842261	0	-2.24042	0.00983781	0	0.0318914	0	0	-3.30597	
23.18	0.337	0.103	-0.084103	0	-2.24042	0.00982346	0	0.0318925	0	0	-3.30597	
23.19	0.337	0.103	-0.0839802	0	-2.24043	0.00980912	0	0.0318936	0	0	-3.30597	
23.2	0.337	0.103	-0.0838575	0	-2.24043	0.00979481	0	0.0318946	0	0	-3.30597	
23.21	0.337	0.103	-0.0837349	0	-2.24044	0.00978052	0	0.0318957	0	0	-3.30597	
23.22	0.337	0.103	-0.0836126	0	-2.24044	0.00976625	0	0.0318968	0	0	-3.30597	
23.23	0.337	0.103	-0.0834904	0	-2.24044	0.009752	0	0.0318978	0	0	-3.30597	
23.24	0.337	0.103	-0.0833684	0	-2.24045	0.00973777	0	0.0318989	0	0	-3.30597	
23.25	0.337	0.103	-0.0832466	0	-2.24045	0.00972356	0	0.0319	0	0	-3.30597	
23.26	0.337	0.103	-0.083125	0	-2.24046	0.00970938	0	0.031901	0	0	-3.30597	
23.27	0.337	0.103	-0.0830036	0	-2.24046	0.00969521	0	0.0319021	0	0	-3.30597	
23.28	0.337	0.103	-0.0828823	0	-2.24047	0.00968106	0	0.0319031	0	0	-3.30597	
23.29	0.337	0.103	-0.0827612	0	-2.24047	0.00966694	0	0.0319042	0	0	-3.30597	
23.3	0.337	0.103	-0.0826403	0	-2.24048	0.00965283	0	0.0319052	0	0	-3.30597	
23.31	0.337	0.103	-0.0825195	0	-2.24048	0.00963875	0	0.0319062	0	0	-3.30597	
23.32	0.337	0.103	-0.0823989	0	-2.24049	0.00962469	0	0.0319073	0	0	-3.30597	
23.33	0.337	0.103	-0.0822786	0	-2.24049	0.00961064	0	0.0319083	0	0	-3.30597	
23.34	0.337	0.103	-0.0821583	0	-2.24049	0.00959662	0	0.0319093	0	0	-3.30597	
23.35	0.337	0.103	-0.0820383	0	-2.2405	0.00958262	0	0.0319104	0	0	-3.30597	
23.36	0.337	0.103	-0.0819184	0	-2.2405	0.00956863	0	0.0319114	0	0	-3.30597	
23.37	0.337	0.103	-0.0817987	0	-2.24051	0.00955467	0	0.0319124	0	0	-3.30597	
23.38	0.337	0.103	-0.0816792	0	-2.24051	0.00954073	0	0.0319134	0	0	-3.30597	
23.39	0.337	0.103	-0.0815599	0	-2.24052	0.00952681	0	0.0319144	0	0	-3.30597	
23.4	0.337	0.103	-0.0814407	0	-2.24052	0.00951291	0	0.0319155	0	0	-3.30597	
23.41	0.337	0.103	-0.0813217	0	-2.24052	0.00949903	0	0.0319165	0	0	-3.30597	
23.42	0.337	0.103	-0.0812029	0	-2.24053	0.00948517	0	0.0319175	0	0	-3.30597	
23.43	0.337	0.103	-0.0810842	0	-2.24053	0.00947132	0	0.0319185	0	0	-3.30597	
23.44	0.337	0.103	-0.0809658	0	-2.24054	0.0094575	0	0.0319195	0	0	-3.30597	
23.45	0.337	0.103	-0.0808475	0	-2.24054	0.0094437	0	0.0319205	0	0	-3.30597	
23.46	0.337	0.103	-0.0807293	0	-2.24055	0.00942992	0	0.0319215	0	0	-3.30597	
23.47	0.337	0.103	-0.0806114	0	-2.24055	0.00941616	0	0.0319225	0	0	-3.30597	
23.48	0.337	0.103	-0.0804936	0	-2.24055	0.00940242	0	0.0319234	0	0	-3.30597	
23.49	0.337	0.103	-0.080376	0	-2.24056	0.0093887	0	0.0319244	0	0	-3.30597	
23.5	0.337	0.103	-0.0802585	0	-2.24056	0.009375	0	0.0319254	0	0	-3.30597	
23.51	0.337	0.103	-0.0801413	0	-2.24057	0.00936132	0	0.0319264	0	0	-3.30597	
23.52	0.337	0.103	-0.0800242	0	-2.24057	0.00934766	0	0.0319274	0	0	-3.30597	
23.53	0.337	0.103	-0.0799073	0	-2.24058	0.00933402	0	0.0319283	0	0	-3.30597	
23.54	0.337	0.103	-0.0797905	0	-2.24058	0.0093204	0	0.0319293	0	0	-3.30597	
23.55	0.337	0.103	-0.0796739	0	-2.24058	0.0093068	0	0.0319303	0	0	-3.30597	
23.56	0.337	0.103	-0.0795575	0	-2.24059	0.00929321	0	0.0319313	0	0	-3.30597	
23.57	0.337	0.103	-0.0794412	0	-2.24059	0.00927965	0	0.0319322	0	0	-3.30597	
23.58	0.337	0.103	-0.0793252	0	-2.2406	0.00926611	0	0.0319332	0	0	-3.30597	
23.59	0.337	0.103	-0.0792093	0	-2.2406	0.00925259	0	0.0319341	0	0	-3.30597	
23.6	0.337	0.103	-0.0790935	0	-2.2406	0.00923909	0	0.0319351	0	0	-3.30597	
23.61	0.337	0.103	-0.078978	0	-2.24061	0.0092256	0	0.031936	0	0	-3.30597	
23.62	0.337	0.103	-0.0788626	0	-2.24061	0.00921214	0	0.031937	0	0	-3.30597	
23.63	0.337	0.103	-0.0787473	0	-2.24062	0.0091987	0	0.0319379	0	0	-3.30597	
23.64	0.337	0.103	-0.0786323	0	-2.24062	0.00918527	0	0.0319389	0	0	-3.30597	
23.65	0.337	0.103	-0.0785174	0	-2.24062	0.00917187	0	0.0319398	0	0	-3.30597	
23.66	0.337	0.103	-0.0784026	0	-2.24063	0.00915848	0	0.0319408	0	0	-3.30597	
23.67	0.337	0.103	-0.0782881	0	-2.24063	0.00914511	0	0.0319417	0	0	-3.30597	
23.68	0.337	0.103	-0.0781737	0	-2.24064	0.00913177	0	0.0319426	0	0	-3.30597	
23.69	0.337	0.103	-0.0780595	0	-2.24064	0.00911844	0	0.0319436	0	0	-3.30597	
23.7	0.337	0.103	-0.0779454	0	-2.24064	0.00910513	0	0.0319445	0	0	-3.30597	
23.71	0.337	0.103	-0.0778315	0	-2.24065	0.00909185	0	0.0319454	0	0	-3.30597	
23.72	0.337	0.103	-0.0777178	0	-2.24065	0.00907858	0	0.0319463	0	0	-3.30597	
23.73	0.337	0.103	-0.0776042	0	-2.24066	0.00906533	0	0.0319473	0	0	-3.30597	
23.74	0.337	0.103	-0.0774908	0	-2.24066	0.0090521	0	0.0319482	0	0	-3.30597	
23.75	0.337	0.103	-0.0773776	0	-2.24066	0.00903889	0	0.0319491	0	0	-3.30597	
23.76	0.337	0.103	-0.0772645	0	-2.24067	0.00902569	0	0.03195	0	0	-3.30597	
23.77	0.337	0.103	-0.0771516	0	-2.24067	0.00901252	0	0.0319509	0	0	-3.30597	
23.78	0.337	0.103	-0.0770389	0	-2.24068	0.00899937	0	0.0319518	0	0	-3.30597	
23.79	0.337	0.103	-0.0769263	0	-2.24068	0.00898623	0	0.0319527	0	0	-3.30597	
23.8	0.337	0.103	-0.0768139	0	-2.24068	0.00897312	0	0.0319536	0	0	-3.30597	
23.81	0.337	0.103	-0.0767017	0	-2.24069	0.00896002	0	0.0319545	0	0	-3.30597	
23.82	0.337	0.103	-0.0765896	0	-2.24069	0.00894694	0	0.0319554	0	0	-3.30597	
23.83	0.337	0.103	-0.0764777	0	-2.2407	0.00893389	0	0.0319563	0	0	-3.30597	
23.84	0.337	0.103	-0.0763659	0	-2.2407	0.00892085	0	0.0319572	0	0	-3.30597	
23.85	0.337	0.103	-0.0762543	0	-2.2407	0.00890783	0	0.0319581	0	0	-3.30597	
23.86	0.337	0.103	-0.0761429	0	-2.24071	0.00889482	0	0.031959	0	0	-3.30597	
23.87	0.337	0.103	-0.0760316	0	-2.24071	0.00888184	0	0.0319598	0	0	-3.30597	
23.88	0.337	0.103	-0.0759205	0	-2.24071	0.00886888	0	0.0319607	0	0	-3.30597	
23.89	0.337	0.103	-0.0758096	0	-2.24072	0.00885593	0	0.0319616	0	0	-3.30597	
23.9	0.337	0.103	-0.0756988	0	-2.24072	0.00884301	0	0.0319625	0	0	-3.30597	
23.91	0.337	0.103	-0.0755882	0	-2.24073	0.0088301	0	0.0319633	0	0	-3.30597	
23.92	0.337	0.103	-0.0754778	0	-2.24073	0.00881721	0	0.0319642	0	0	-3.30597	
23.93	0.337	0.103	-0.0753675	0	-2.24073	0.00880434	0	0.0319651	0	0	-3.30597	
23.94	0.337	0.103	-0.0752573	0	-2.24074	0.00879149	0	0.0319659	0	0	-3.30597	
23.95	0.337	0.103	-0.0751474	0	-2.24074	0.00877866	0	0.0319668	0	0	-3.30597	
23.96	0.337	0.103	-0.0750376	0	-2.24074	0.00876585	0	0.0319677	0	0	-3.30597	
23.97	0.337	0.103	-0.0749279	0	-2.24075	0.00875305	0	0.0319685	0	0	-3.30597	
23.98	0.337	0.103	-0.0748184	0	-2.24075	0.00874028	0	0.0319694	0	0	-3.30597	
23.99	0.337	0.103	-0.0747091	0	-2.24075	0.00872752	0	0.0319702	0	0	-3.30597	
24	0.337	0.103	-0.0745999	0	-2.24076	0.00871478	0	0.0319711	0	0	-3.30597	
24.01	0.337	0.103	-0.0744909	0	-2.24076	0.00870206	0	0.0319719	0	0	-3.30597	
24.02	0.337	0.103	-0.0743821	0	-2.24077	0.00868936	0	0.0319728	0	0	-3.30597	
24.03	0.337	0.103	-0.0742734	0	-2.24077	0.00867667	0	0.0319736	0	0	-3.30597	
24.04	0.337	0.103	-0.0741648	0	-2.24077	0.00866401	0	0.0319745	0	0	-3.30597	
24.05	0.337	0.103	-0.0740565	0	-2.24078	0.00865136	0	0.0319753	0	0	-3.30597	
24.06	0.337	0.103	-0.0739482	0	-2.24078	0.00863873	0	0.0319761	0	0	-3.30597	
24.07	0.337	0.103	-0.0738402	0	-2.24078	0.00862612	0	0.031977	0	0	-3.30597	
24.08	0.337	0.103	-0.0737323	0	-2.24079	0.00861353	0	0.0319778	0	0	-3.30597	
24.09	0.337	0.103	-0.0736245	0	-2.24079	0.00860096	0	0.0319786	0	0	-3.30597	
24.1	0.337	0.103	-0.0735169	0	-2.24079	0.0085884	0	0.0319794	0	0	-3.30597	
24.11	0.337	0.103	-0.0734095	0	-2.2408	0.00857587	0	0.0319803	0	0	-3.30597	
24.12	0.337	0.103	-0.0733022	0	-2.2408	0.00856335	0	0.0319811	0	0	-3.30597	
24.13	0.337	0.103	-0.0731951	0	-2.2408	0.00855085	0	0.0319819	0	0	-3.30597	
24.14	0.337	0.103	-0.0730882	0	-2.24081	0.00853837	0	0.0319827	0	0	-3.30597	
24.15	0.337	0.103	-0.0729814	0	-2.24081	0.0085259	0	0.0319835	0	0	-3.30597	
24.16	0.337	0.103	-0.0728747	0	-2.24082	0.00851346	0	0.0319843	0	0	-3.30597	
24.17	0.337	0.103	-0.0727682	0	-2.24082	0.00850103	0	0.0319851	0	0	-3.30597	
24.18	0.337	0.103	-0.0726619	0	-2.24082	0.00848862	0	0.031986	0	0	-3.30597	
24.19	0.337	0.103	-0.0725557	0	-2.24083	0.00847623	0	0.0319868	0	0	-3.30597	
24.2	0.337	0.103	-0.0724497	0	-2.24083	0.00846385	0	0.0319876	0	0	-3.30597	
24.21	0.337	0.103	-0.0723438	0	-2.24083	0.0084515	0	0.0319884	0	0	-3.30597	
24.22	0.337	0.103	-0.0722381	0	-2.24084	0.00843916	0	0.0319892	0	0	-3.30597	
24.23	0.337	0.103	-0.0721325	0	-2.24084	0.00842684	0	0.0319899	0	0	-3.30597	
24.24	0.337	0.103	-0.0720271	0	-2.24084	0.00841454	0	0.0319907	0	0	-3.30597	
24.25	0.337	0.103	-0.0719219	0	-2.24085	0.00840226	0	0.0319915	0	0	-3.30597	
24.26	0.337	0.103	-0.0718168	0	-2.24085	0.00838999	0	0.0319923	0	0	-3.30597	
24.27	0.337	0.103	-0.0717118	0	-2.24085	0.00837774	0	0.0319931	0	0	-3.30597	
24.28	0.337	0.103	-0.071607	0	-2.24086	0.00836551	0	0.0319939	0	0	-3.30597	
24.29	0.337	0.103	-0.0715024	0	-2.24086	0.0083533	0	0.0319947	0	0	-3.30597	
24.3	0.337	0.103	-0.0713979	0	-2.24086	0.0083411	0	0.0319954	0	0	-3.30597	
24.31	0.337	0.103	-0.0712935	0	-2.24087	0.00832893	0	0.0319962	0	0	-3.30597	
24.32	0.337	0.103	-0.0711894	0	-2.24087	0.00831677	0	0.031997	0	0	-3.30597	
24.33	0.337	0.103	-0.0710853	0	-2.24087	0.00830463	0	0.0319978	0	0	-3.30597	
24.34	0.337	0.103	-0.0709814	0	-2.24088	0.0082925	0	0.0319985	0	0	-3.30597	
24.35	0.337	0.103	-0.0708777	0	-2.24088	0.0082804	0	0.0319993	0	0	-3.30597	
24.36	0.337	0.103	-0.0707741	0	-2.24088	0.00826831	0	0.0320001	0	0	-3.30597	
24.37	0.337	0.103	-0.0706707	0	-2.24089	0.00825624	0	0.0320008	0	0	-3.30597	
24.38	0.337	0.103	-0.0705674	0	-2.24089	0.00824418	0	0.0320016	0	0	-3.30597	
24.39	0.337	0.103	-0.0704643	0	-2.24089	0.00823215	0	0.0320023	0	0	-3.30597	
24.4	0.337	0.103	-0.0703613	0	-2.2409	0.00822013	0	0.0320031	0	0	-3.30597	
24.41	0.337	0.103	-0.0702585	0	-2.2409	0.00820813	0	0.0320038	0	0	-3.30597	
24.42	0.337	0.103	-0.0701558	0	-2.2409	0.00819615	0	0.0320046	0	0	-3.30597	
24.43	0.337	0.103	-0.0700533	0	-2.24091	0.00818418	0	0.0320054	0	0	-3.30597	
24.44	0.337	0.103	-0.0699509	0	-2.24091	0.00817223	0	0.0320061	0	0	-3.30597	
24.45	0.337	0.103	-0.0698487	0	-2.24091	0.0081603	0	0.0320068	0	0	-3.30597	
24.46	0.337	0.103	-0.0697466	0	-2.24091	0.00814839	0	0.0320076	0	0	-3.30597	
24.47	0.337	0.103	-0.0696447	0	-2.24092	0.00813649	0	0.0320083	0	0	-3.30597	
24.48	0.337	0.103	-0.0695429	0	-2.24092	0.00812461	0	0.0320091	0	0	-3.30597	
24.49	0.337	0.103	-0.0694413	0	-2.24092	0.00811275	0	0.0320098	0	0	-3.30597	
24.5	0.337	0.103	-0.0693398	0	-2.24093	0.00810091	0	0.0320105	0	0	-3.30597	
24.51	0.337	0.103	-0.0692385	0	-2.24093	0.00808908	0	0.0320113	0	0	-3.30597	
24.52	0.337	0.103	-0.0691373	0	-2.24093	0.00807727	0	0.032012	0	0	-3.30597	
24.53	0.337	0.103	-0.0690363	0	-2.24094	0.00806548	0	0.0320127	0	0	-3.30597	
24.54	0.337	0.103	-0.0689354	0	-2.24094	0.0080537	0	0.0320134	0	0	-3.30597	
24.55	0.337	0.103	-0.0688347	0	-2.24094	0.00804194	0	0.0320142	0	0	-3.30597	
24.56	0.337	0.103	-0.0687341	0	-2.24095	0.0080302	0	0.0320149	0	0	-3.30597	
24.57	0.337	0.103	-0.0686336	0	-2.24095	0.00801848	0	0.0320156	0	0	-3.30597	
24.58	0.337	0.103	-0.0685333	0	-2.24095	0.00800677	0	0.0320163	0	0	-3.30597	
24.59	0.337	0.103	-0.0684332	0	-2.24096	0.00799508	0	0.032017	0	0	-3.30597	
24.6	0.337	0.103	-0.0683331	0	-2.24096	0.00798341	0	0.0320178	0	0	-3.30597	
24.61	0.337	0.103	-0.0682333	0	-2.24096	0.00797175	0	0.0320185	0	0	-3.30597	
24.62	0.337	0.103	-0.0681336	0	-2.24096	0.00796011	0	0.0320192	0	0	-3.30597	
24.63	0.337	0.103	-0.068034	0	-2.24097	0.00794849	0	0.0320199	0	0	-3.30597	
24.64	0.337	0.103	-0.0679346	0	-2.24097	0.00793688	0	0.0320206	0	0	-3.30597	
24.65	0.337	0.103	-0.0678353	0	-2.24097	0.0079253	0	0.0320213	0	0	-3.30597	
24.66	0.337	0.103	-0.0677362	0	-2.24098	0.00791372	0	0.032022	0	0	-3.30597	
24.67	0.337	0.103	-0.0676372	0	-2.24098	0.00790217	0	0.0320227	0	0	-3.30597	
24.68	0.337	0.103	-0.0675383	0	-2.24098	0.00789063	0	0.0320234	0	0	-3.30597	
24.69	0.337	0.103	-0.0674396	0	-2.24099	0.00787911	0	0.0320241	0	0	-3.30597	
24.7	0.337	0.103	-0.0673411	0	-2.24099	0.00786761	0	0.0320248	0	0	-3.30597	
24.71	0.337	0.103	-0.0672426	0	-2.24099	0.00785612	0	0.0320255	0	0	-3.30597	
24.72	0.337	0.103	-0.0671444	0	-2.24099	0.00784465	0	0.0320261	0	0	-3.30597	
24.73	0.337	0.103	-0.0670462	0	-2.241	0.00783319	0	0.0320268	0	0	-3.30597	
24.74	0.337	0.103	-0.0669483	0	-2.241	0.00782176	0	0.0320275	0	0	-3.30597	
24.75	0.337	0.103	-0.0668504	0	-2.241	0.00781034	0	0.0320282	0	0	-3.30597	
24.76	0.337	0.103	-0.0667527	0	-2.24101	0.00779893	0	0.0320289	0	0	-3.30597	
24.77	0.337	0.103	-0.0666552	0	-2.24101	0.00778754	0	0.0320296	0	0	-3.30597	
24.78	0.337	0.103	-0.0665578	0	-2.24101	0.00777617	0	0.0320302	0	0	-3.30597	
24.79	0.337	0.103	-0.0664605	0	-2.24101	0.00776482	0	0.0320309	0	0	-3.30597	
24.8	0.337	0.103	-0.0663634	0	-2.24102	0.00775348	0	0.0320316	0	0	-3.30597	
24.81	0.337	0.103	-0.0662664	0	-2.24102	0.00774216	0	0.0320323	0	0	-3.30597	
24.82	0.337	0.103	-0.0661695	0	-2.24102	0.00773085	0	0.0320329	0	0	-3.30597	
24.83	0.337	0.103	-0.0660728	0	-2.24103	0.00771957	0	0.0320336	0	0	-3.30597	
24.84	0.337	0.103	-0.0659763	0	-2.24103	0.00770829	0	0.0320342	0	0	-3.30597	
24.85	0.337	0.103	-0.0658798	0	-2.24103	0.00769704	0	0.0320349	0	0	-3.30597	
24.86	0.337	0.103	-0.0657836	0	-2.24103	0.0076858	0	0.0320356	0	0	-3.30597	
24.87	0.337	0.103	-0.0656874	0	-2.24104	0.00767458	0	0.0320362	0	0	-3.30597	
24.88	0.337	0.103	-0.0655914	0	-2.24104	0.00766337	0	0.0320369	0	0	-3.30597	
24.89	0.337	0.103	-0.0654956	0	-2.24104	0.00765218	0	0.0320375	0	0	-3.30597	
24.9	0.337	0.103	-0.0653998	0	-2.24105	0.00764101	0	0.0320382	0	0	-3.30597	
24.91	0.337	0.103	-0.0653043	0	-2.24105	0.00762985	0	0.0320388	0	0	-3.30597	
24.92	0.337	0.103	-0.0652088	0	-2.24105	0.00761871	0	0.0320395	0	0	-3.30597	
24.93	0.337	0.103	-0.0651135	0	-2.24105	0.00760758	0	0.0320401	0	0	-3.30597	
24.94	0.337	0.103	-0.0650184	0	-2.24106	0.00759647	0	0.0320408	0	0	-3.30597	
24.95	0.337	0.103	-0.0649233	0	-2.24106	0.00758538	0	0.0320414	0	0	-3.30597	
24.96	0.337	0.103	-0.0648285	0	-2.24106	0.0075743	0	0.0320421	0	0	-3.30597	
24.97	0.337	0.103	-0.0647337	0	-2.24107	0.00756324	0	0.0320427	0	0	-3.30597	
24.98	0.337	0.103	-0.0646391	0	-2.24107	0.0075522	0	0.0320434	0	0	-3.30597	
24.99	0.337	0.103	-0.0645446	0	-2.24107	0.00754117	0	0.032044	0	0	-3.30597	
25	0.337	0.103	-0.0644503	0	-2.24107	0.00753016	0	0.0320446	0	0	-3.30597	
25.01	0.337	0.103	-0.0643561	0	-2.24108	0.00751916	0	0.0320453	0	0	-3.30597	
25.02	0.337	0.103	-0.0642621	0	-2.24108	0.00750818	0	0.0320459	0	0	-3.30597	
25.03	0.337	0.103	-0.0641681	0	-2.24108	0.00749722	0	0.0320465	0	0	-3.30597	
25.04	0.337	0.103	-0.0640744	0	-2.24108	0.00748627	0	0.0320471	0	0	-3.30597	
25.05	0.337	0.103	-0.0639807	0	-2.24109	0.00747534	0	0.0320478	0	0	-3.30597	
25.06	0.337	0.103	-0.0638872	0	-2.24109	0.00746442	0	0.0320484	0	0	-3.30597	
25.07	0.337	0.103	-0.0637938	0	-2.24109	0.00745352	0	0.032049	0	0	-3.30597	
25.08	0.337	0.103	-0.0637006	0	-2.24109	0.00744264	0	0.0320496	0	0	-3.30597	
25.09	0.337	0.103	-0.0636075	0	-2.2411	0.00743177	0	0.0320502	0	0	-3.30597	
25.1	0.337	0.103	-0.0635145	0	-2.2411	0.00742092	0	0.0320509	0	0	-3.30597	
25.11	0.337	0.103	-0.0634217	0	-2.2411	0.00741008	0	0.0320515	0	0	-3.30597	
25.12	0.337	0.103	-0.063329	0	-2.24111	0.00739926	0	0.0320521	0	0	-3.30597	
25.13	0.337	0.103	-0.0632365	0	-2.24111	0.00738845	0	0.0320527	0	0	-3.30597	
25.14	0.337	0.103	-0.0631441	0	-2.24111	0.00737766	0	0.0320533	0	0	-3.30597	
25.15	0.337	0.103	-0.0630518	0	-2.24111	0.00736689	0	0.0320539	0	0	-3.30597	
25.16	0.337	0.103	-0.0629596	0	-2.24112	0.00735613	0	0.0320545	0	0	-3.30597	
25.17	0.337	0.103	-0.0628676	0	-2.24112	0.00734539	0	0.0320551	0	0	-3.30597	
25.18	0.337	0.103	-0.0627757	0	-2.24112	0.00733466	0	0.0320557	0	0	-3.30597	
25.19	0.337	0.103	-0.062684	0	-2.24112	0.00732395	0	0.0320563	0	0	-3.30597	
25.2	0.337	0.103	-0.0625924	0	-2.24113	0.00731326	0	0.0320569	0	0	-3.30597	
25.21	0.337	0.103	-0.0625009	0	-2.24113	0.00730258	0	0.0320575	0	0	-3.30597	
25.22	0.337	0.103	-0.0624095	0	-2.24113	0.00729191	0	0.0320581	0	0	-3.30597	
25.23	0.337	0.103	-0.0623183	0	-2.24113	0.00728126	0	0.0320587	0	0	-3.30597	
25.24	0.337	0.103	-0.0622272	0	-2.24114	0.00727063	0	0.0320593	0	0	-3.30597	
25.25	0.337	0.103	-0.0621363	0	-2.24114	0.00726001	0	0.0320599	0	0	-3.30597	
25.26	0.337	0.103	-0.0620455	0	-2.24114	0.00724941	0	0.0320605	0	0	-3.30597	
25.27	0.337	0.103	-0.0619548	0	-2.24114	0.00723882	0	0.0320611	0	0	-3.30597	
25.28	0.337	0.103	-0.0618643	0	-2.24115	0.00722825	0	0.0320616	0	0	-3.30597	
25.29	0.337	0.103	-0.0617738	0	-2.24115	0.00721769	0	0.0320622	0	0	-3.30597	
25.3	0.337	0.103	-0.0616836	0	-2.24115	0.00720715	0	0.0320628	0	0	-3.30597	
25.31	0.337	0.103	-0.0615934	0	-2.24115	0.00719663	0	0.0320634	0	0	-3.30597	
25.32	0.337	0.103	-0.0615034	0	-2.24116	0.00718612	0	0.032064	0	0	-3.30597	
25.33	0.337	0.103	-0.0614135	0	-2.24116	0.00717562	0	0.0320645	0	0	-3.30597	
25.34	0.337	0.103	-0.0613237	0	-2.24116	0.00716514	0	0.0320651	0	0	-3.30597	
25.35	0.337	0.103	-0.0612341	0	-2.24116	0.00715468	0	0.0320657	0	0	-3.30597	
25.36	0.337	0.103	-0.0611446	0	-2.24117	0.00714423	0	0.0320663	0	0	-3.30597	
25.37	0.337	0.103	-0.0610552	0	-2.24117	0.0071338	0	0.0320668	0	0	-3.30597	
25.38	0.337	0.103	-0.060966	0	-2.24117	0.00712338	0	0.0320674	0	0	-3.30597	
25.39	0.337	0.103	-0.0608769	0	-2.24117	0.00711297	0	0.032068	0	0	-3.30597	
25.4	0.337	0.103	-0.0607879	0	-2.24118	0.00710259	0	0.0320685	0	0	-3.30597	
25.41	0.337	0.103	-0.0606991	0	-2.24118	0.00709221	0	0.0320691	0	0	-3.30597	
25.42	0.337	0.103	-0.0606104	0	-2.24118	0.00708185	0	0.0320696	0	0	-3.30597	
25.43	0.337	0.103	-0.0605218	0	-2.24118	0.00707151	0	0.0320702	0	0	-3.30597	
25.44	0.337	0.103	-0.0604333	0	-2.24119	0.00706118	0	0.0320708	0	0	-3.30597	
25.45	0.337	0.103	-0.060345	0	-2.24119	0.00705087	0	0.0320713	0	0	-3.30597	
25.46	0.337	0.103	-0.0602568	0	-2.24119	0.00704057	0	0.0320719	0	0	-3.30597	
25.47	0.337	0.103	-0.0601687	0	-2.24119	0.00703029	0	0.0320724	0	0	-3.30597	
25.48	0.337	0.103	-0.0600808	0	-2.24119	0.00702002	0	0.032073	0	0	-3.30597	
25.49	0.337	0.103	-0.059993	0	-2.2412	0.00700977	0	0.0320735	0	0	-3.30597	
25.5	0.337	0.103	-0.0599053	0	-2.2412	0.00699953	0	0.0320741	0	0	-3.30597	
25.51	0.337	0.103	-0.0598178	0	-2.2412	0.00698931	0	0.0320746	0	0	-3.30597	
25.52	0.337	0.103	-0.0597303	0	-2.2412	0.0069791	0	0.0320752	0	0	-3.30597	
25.53	0.337	0.103	-0.059643	0	-2.24121	0.00696891	0	0.0320757	0	0	-3.30597	
25.54	0.337	0.103	-0.0595559	0	-2.24121	0.00695873	0	0.0320762	0	0	-3.30597	
25.55	0.337	0.103	-0.0594688	0	-2.24121	0.00694857	0	0.0320768	0	0	-3.30597	
25.56	0.337	0.103	-0.0593819	0	-2.24121	0.00693842	0	0.0320773	0	0	-3.30597	
25.57	0.337	0.103	-0.0592951	0	-2.24122	0.00692828	0	0.0320779	0	0	-3.30597	
25.58	0.337	0.103	-0.0592084	0	-2.24122	0.00691816	0	0.0320784	0	0	-3.30597	
25.59	0.337	0.103	-0.0591219	0	-2.24122	0.00690806	0	0.0320789	0	0	-3.30597	
25.6	0.337	0.103	-0.0590355	0	-2.24122	0.00689797	0	0.0320795	0	0	-3.30597	
25.61	0.337	0.103	-0.0589492	0	-2.24122	0.0068879	0	0.03208	0	0	-3.30597	
25.62	0.337	0.103	-0.058863	0	-2.24123	0.00687784	0	0.0320805	0	0	-3.30597	
25.63	0.337	0.103	-0.058777	0	-2.24123	0.00686779	0	0.0320811	0	0	-3.30597	
25.64	0.337	0.103	-0.0586911	0	-2.24123	0.00685776	0	0.0320816	0	0	-3.30597	
25.65	0.337	0.103	-0.0586053	0	-2.24123	0.00684774	0	0.0320821	0	0	-3.30597	
25.66	0.337	0.103	-0.0585197	0	-2.24124	0.00683774	0	0.0320826	0	0	-3.30597	
25.67	0.337	0.103	-0.0584341	0	-2.24124	0.00682775	0	0.0320831	0	0	-3.30597	
25.68	0.337	0.103	-0.0583487	0	-2.24124	0.00681778	0	0.0320837	0	0	-3.30597	
25.69	0.337	0.103	-0.0582634	0	-2.24124	0.00680782	0	0.0320842	0	0	-3.30597	
25.7	0.337	0.103	-0.0581783	0	-2.24125	0.00679788	0	0.0320847	0	0	-3.30597	
25.71	0.337	0.103	-0.0580933	0	-2.24125	0.00678795	0	0.0320852	0	0	-3.30597	
25.72	0.337	0.103	-0.0580083	0	-2.24125	0.00677804	0	0.0320857	0	0	-3.30597	
25.73	0.337	0.103	-0.0579236	0	-2.24125	0.00676814	0	0.0320862	0	0	-3.30597	
25.74	0.337	0.103	-0.0578389	0	-2.24125	0.00675825	0	0.0320868	0	0	-3.30597	
25.75	0.337	0.103	-0.0577544	0	-2.24126	0.00674838	0	0.0320873	0	0	-3.30597	
25.76	0.337	0.103	-0.05767	0	-2.24126	0.00673852	0	0.0320878	0	0	-3.30597	
25.77	0.337	0.103	-0.0575857	0	-2.24126	0.00672868	0	0.0320883	0	0	-3.30597	
25.78	0.337	0.103	-0.0575015	0	-2.24126	0.00671885	0	0.0320888	0	0	-3.30597	
25.79	0.337	0.103	-0.0574174	0	-2.24126	0.00670904	0	0.0320893	0	0	-3.30597	
25.8	0.337	0.103	-0.0573335	0	-2.24127	0.00669924	0	0.0320898	0	0	-3.30597	
25.81	0.337	0.103	-0.0572497	0	-2.24127	0.00668945	0	0.0320903	0	0	-3.30597	
25.82	0.337	0.103	-0.0571661	0	-2.24127	0.00667968	0	0.0320908	0	0	-3.30597	
25.83	0.337	0.103	-0.0570825	0	-2.24127	0.00666993	0	0.0320913	0	0	-3.30597	
25.84	0.337	0.103	-0.0569991	0	-2.24128	0.00666018	0	0.0320918	0	0	-3.30597	
25.85	0.337	0.103	-0.0569158	0	-2.24128	0.00665045	0	0.0320923	0	0	-3.30597	
25.86	0.337	0.103	-0.0568326	0	-2.24128	0.00664074	0	0.0320928	0	0	-3.30597	
25.87	0.337	0.103	-0.0567495	0	-2.24128	0.00663104	0	0.0320933	0	0	-3.30597	
25.88	0.337	0.103	-0.0566666	0	-2.24128	0.00662135	0	0.0320937	0	0	-3.30597	
25.89	0.337	0.103	-0.0565837	0	-2.24129	0.00661168	0	0.0320942	0	0	-3.30597	
25.9	0.337	0.103	-0.056501	0	-2.24129	0.00660203	0	0.0320947	0	0	-3.30597	
25.91	0.337	0.103	-0.0564184	0	-2.24129	0.00659238	0	0.0320952	0	0	-3.30597	
25.92	0.337	0.103	-0.056336	0	-2.24129	0.00658275	0	0.0320957	0	0	-3.30597	
25.93	0.337	0.103	-0.0562536	0	-2.24129	0.00657314	0	0.0320962	0	0	-3.30597	
25.94	0.337	0.103	-0.0561714	0	-2.2413	0.00656354	0	0.0320967	0	0	-3.30597	
25.95	0.337	0.103	-0.0560893	0	-2.2413	0.00655395	0	0.0320971	0	0	-3.30597	
25.96	0.337	0.103	-0.0560073	0	-2.2413	0.00654437	0	0.0320976	0	0	-3.30597	
25.97	0.337	0.103	-0.0559255	0	-2.2413	0.00653482	0	0.0320981	0	0	-3.30597	
25.98	0.337	0.103	-0.0558437	0	-2.2413	0.00652527	0	0.0320986	0	0	-3.30597	
25.99	0.337	0.103	-0.0557621	0	-2.24131	0.00651574	0	0.032099	0	0	-3.30597	
26	0.337	0.103	-0.0556806	0	-2.24131	0.00650622	0	0.0320995	0	0	-3.30597	
26.01	0.337	0.103	-0.0555992	0	-2.24131	0.00649672	0	0.0321	0	0	-3.30597	
26.02	0.337	0.103	-0.055518	0	-2.24131	0.00648723	0	0.0321005	0	0	-3.30597	
26.03	0.337	0.103	-0.0554368	0	-2.24131	0.00647775	0	0.0321009	0	0	-3.30597	
26.04	0.337	0.103	-0.0553558	0	-2.24132	0.00646829	0	0.0321014	0	0	-3.30597	
26.05	0.337	0.103	-0.0552749	0	-2.24132	0.00645884	0	0.0321019	0	0	-3.30597	
26.06	0.337	0.103	-0.0551941	0	-2.24132	0.0064494	0	0.0321023	0	0	-3.30597	
26.07	0.337	0.103	-0.0551134	0	-2.24132	0.00643998	0	0.0321028	0	0	-3.30597	
26.08	0.337	0.103	-0.0550328	0	-2.24132	0.00643058	0	0.0321033	0	0	-3.30597	
26.09	0.337	0.103	-0.0549524	0	-2.24133	0.00642118	0	0.0321037	0	0	-3.30597	
26.1	0.337	0.103	-0.0548721	0	-2.24133	0.0064118	0	0.0321042	0	0	-3.30597	
26.11	0.337	0.103	-0.0547919	0	-2.24133	0.00640244	0	0.0321046	0	0	-3.30597	
26.12	0.337	0.103	-0.0547118	0	-2.24133	0.00639308	0	0.0321051	0	0	-3.30597	
26.13	0.337	0.103	-0.0546318	0	-2.24133	0.00638375	0	0.0321055	0	0	-3.30597	
26.14	0.337	0.103	-0.054552	0	-2.24134	0.00637442	0	0.032106	0	0	-3.30597	
26.15	0.337	0.103	-0.0544722	0	-2.24134	0.00636511	0	0.0321065	0	0	-3.30597	
26.16	0.337	0.103	-0.0543926	0	-2.24134	0.00635581	0	0.0321069	0	0	-3.30597	
26.17	0.337	0.103	-0.0543131	0	-2.24134	0.00634653	0	0.0321074	0	0	-3.30597	
26.18	0.337	0.103	-0.0542337	0	-2.24134	0.00633726	0	0.0321078	0	0	-3.30597	
26.19	0.337	0.103	-0.0541545	0	-2.24135	0.006328	0	0.0321083	0	0	-3.30597	
26.2	0.337	0.103	-0.0540753	0	-2.24135	0.00631875	0	0.0321087	0	0	-3.30597	
26.21	0.337	0.103	-0.0539963	0	-2.24135	0.00630952	0	0.0321091	0	0	-3.30597	
26.22	0.337	0.103	-0.0539173	0	-2.24135	0.00630031	0	0.0321096	0	0	-3.30597	
26.23	0.337	0.103	-0.0538385	0	-2.24135	0.0062911	0	0.03211	0	0	-3.30597	
26.24	0.337	0.103	-0.0537598	0	-2.24136	0.00628191	0	0.0321105	0	0	-3.30597	
26.25	0.337	0.103	-0.0536813	0	-2.24136	0.00627274	0	0.0321109	0	0	-3.30597	
26.26	0.337	0.103	-0.0536028	0	-2.24136	0.00626357	0	0.0321114	0	0	-3.30597	
26.27	0.337	0.103	-0.0535244	0	-2.24136	0.00625442	0	0.0321118	0	0	-3.30597	
26.28	0.337	0.103	-0.0534462	0	-2.24136	0.00624529	0	0.0321122	0	0	-3.30597	
26.29	0.337	0.103	-0.0533681	0	-2.24136	0.00623616	0	0.0321127	0	0	-3.30597	
26.3	0.337	0.103	-0.0532901	0	-2.24137	0.00622705	0	0.0321131	0	0	-3.30597	
26.31	0.337	0.103	-0.0532122	0	-2.24137	0.00621796	0	0.0321135	0	0	-3.30597	
26.32	0.337	0.103	-0.0531344	0	-2.24137	0.00620887	0	0.032114	0	0	-3.30597	
26.33	0.337	0.103	-0.0530567	0	-2.24137	0.0061998	0	0.0321144	0	0	-3.30597	
26.34	0.337	0.103	-0.0529792	0	-2.24137	0.00619075	0	0.0321148	0	0	-3.30597	
26.35	0.337	0.103	-0.0529018	0	-2.24138	0.0061817	0	0.0321152	0	0	-3.30597	
26.36	0.337	0.103	-0.0528244	0	-2.24138	0.00617267	0	0.0321157	0	0	-3.30597	
26.37	0.337	0.103	-0.0527472	0	-2.24138	0.00616365	0	0.0321161	0	0	-3.30597	
26.38	0.337	0.103	-0.0526701	0	-2.24138	0.00615465	0	0.0321165	0	0	-3.30597	
26.39	0.337	0.103	-0.0525931	0	-2.24138	0.00614566	0	0.0321169	0	0	-3.30597	
26.4	0.337	0.103	-0.0525163	0	-2.24138	0.00613668	0	0.0321174	0	0	-3.30597	
26.41	0.337	0.103	-0.0524395	0	-2.24139	0.00612771	0	0.0321178	0	0	-3.30597	
26.42	0.337	0.103	-0.0523628	0	-2.24139	0.00611876	0	0.0321182	0	0	-3.30597	
26.43	0.337	0.103	-0.0522863	0	-2.24139	0.00610982	0	0.0321186	0	0	-3.30597	
26.44	0.337	0.103	-0.0522099	0	-2.24139	0.0061009	0	0.032119	0	0	-3.30597	
26.45	0.337	0.103	-0.0521336	0	-2.24139	0.00609199	0	0.0321194	0	0	-3.30597	
26.46	0.337	0.103	-0.0520574	0	-2.2414	0.00608309	0	0.0321199	0	0	-3.30597	
26.47	0.337	0.103	-0.0519813	0	-2.2414	0.0060742	0	0.0321203	0	0	-3.30597	
26.48	0.337	0.103	-0.0519053	0	-2.2414	0.00606533	0	0.0321207	0	0	-3.30597	
26.49	0.337	0.103	-0.0518294	0	-2.2414	0.00605646	0	0.0321211	0	0	-3.30597	
26.5	0.337	0.103	-0.0517537	0	-2.2414	0.00604762	0	0.0321215	0	0	-3.30597	
26.51	0.337	0.103	-0.051678	0	-2.2414	0.00603878	0	0.0321219	0	0	-3.30597	
26.52	0.337	0.103	-0.0516025	0	-2.24141	0.00602996	0	0.0321223	0	0	-3.30597	
26.53	0.337	0.103	-0.0515271	0	-2.24141	0.00602115	0	0.0321227	0	0	-3.30597	
26.54	0.337	0.103	-0.0514517	0	-2.24141	0.00601235	0	0.0321231	0	0	-3.30597	
26.55	0.337	0.103	-0.0513765	0	-2.24141	0.00600357	0	0.0321235	0	0	-3.30597	
26.56	0.337	0.103	-0.0513014	0	-2.24141	0.0059948	0	0.0321239	0	0	-3.30597	
26.57	0.337	0.103	-0.0512264	0	-2.24141	0.00598604	0	0.0321243	0	0	-3.30597	
26.58	0.337	0.103	-0.0511516	0	-2.24142	0.0059773	0	0.0321247	0	0	-3.30597	
26.59	0.337	0.103	-0.0510768	0	-2.24142	0.00596856	0	0.0321251	0	0	-3.30597	
26.6	0.337	0.103	-0.0510021	0	-2.24142	0.00595984	0	0.0321255	0	0	-3.30597	
26.61	0.337	0.103	-0.0509276	0	-2.24142	0.00595114	0	0.0321259	0	0	-3.30597	
26.62	0.337	0.103	-0.0508531	0	-2.24142	0.00594244	0	0.0321263	0	0	-3.30597	
26.63	0.337	0.103	-0.0507788	0	-2.24142	0.00593376	0	0.0321267	0	0	-3.30597	
26.64	0.337	0.103	-0.0507046	0	-2.24143	0.00592509	0	0.0321271	0	0	-3.30597	
26.65	0.337	0.103	-0.0506305	0	-2.24143	0.00591644	0	0.0321275	0	0	-3.30597	
26.66	0.337	0.103	-0.0505565	0	-2.24143	0.00590779	0	0.0321279	0	0	-3.30597	
26.67	0.337	0.103	-0.0504826	0	-2.24143	0.00589916	0	0.0321283	0	0	-3.30597	
26.68	0.337	0.103	-0.0504088	0	-2.24143	0.00589054	0	0.0321287	0	0	-3.30597	
26.69	0.337	0.103	-0.0503351	0	-2.24143	0.00588194	0	0.032129	0	0	-3.30597	
26.7	0.337	0.103	-0.0502615	0	-2.24144	0.00587334	0	0.0321294	0	0	-3.30597	
26.71	0.337	0.103	-0.0501881	0	-2.24144	0.00586476	0	0.0321298	0	0	-3.30597	
26.72	0.337	0.103	-0.0501147	0	-2.24144	0.00585619	0	0.0321302	0	0	-3.30597	
26.73	0.337	0.103	-0.0500414	0	-2.24144	0.00584764	0	0.0321306	0	0	-3.30597	
26.74	0.337	0.103	-0.0499683	0	-2.24144	0.00583909	0	0.032131	0	0	-3.30597	
26.75	0.337	0.103	-0.0498953	0	-2.24144	0.00583056	0	0.0321313	0	0	-3.30597	
26.76	0.337	0.103	-0.0498223	0	-2.24145	0.00582205	0	0.0321317	0	0	-3.30597	
26.77	0.337	0.103	-0.0497495	0	-2.24145	0.00581354	0	0.0321321	0	0	-3.30597	
26.78	0.337	0.103	-0.0496768	0	-2.24145	0.00580505	0	0.0321325	0	0	-3.30597	
26.79	0.337	0.103	-0.0496042	0	-2.24145	0.00579656	0	0.0321329	0	0	-3.30597	
26.8	0.337	0.103	-0.0495317	0	-2.24145	0.0057881	0	0.0321332	0	0	-3.30597	
26.81	0.337	0.103	-0.0494592	0	-2.24145	0.00577964	0	0.0321336	0	0	-3.30597	
26.82	0.337	0.103	-0.049387	0	-2.24146	0.00577119	0	0.032134	0	0	-3.30597	
26.83	0.337	0.103	-0.0493148	0	-2.24146	0.00576276	0	0.0321343	0	0	-3.30597	
26.84	0.337	0.103	-0.0492427	0	-2.24146	0.00575434	0	0.0321347	0	0	-3.30597	
26.85	0.337	0.103	-0.0491707	0	-2.24146	0.00574594	0	0.0321351	0	0	-3.30597	
26.86	0.337	0.103	-0.0490988	0	-2.24146	0.00573754	0	0.0321355	0	0	-3.30597	
26.87	0.337	0.103	-0.0490271	0	-2.24146	0.00572916	0	0.0321358	0	0	-3.30597	
26.88	0.337	0.103	-0.0489554	0	-2.24147	0.00572079	0	0.0321362	0	0	-3.30597	
26.89	0.337	0.103	-0.0488838	0	-2.24147	0.00571243	0	0.0321366	0	0	-3.30597	
26.9	0.337	0.103	-0.0488124	0	-2.24147	0.00570408	0	0.0321369	0	0	-3.30597	
26.91	0.337	0.103	-0.048741	0	-2.24147	0.00569575	0	0.0321373	0	0	-3.30597	
26.92	0.337	0.103	-0.0486698	0	-2.24147	0.00568743	0	0.0321376	0	0	-3.30597	
26.93	0.337	0.103	-0.0485986	0	-2.24147	0.00567912	0	0.032138	0	0	-3.30597	
26.94	0.337	0.103	-0.0485276	0	-2.24147	0.00567082	0	0.0321384	0	0	-3.30597	
26.95	0.337	0.103	-0.0484567	0	-2.24148	0.00566254	0	0.0321387	0	0	-3.30597	
26.96	0.337	0.103	-0.0483858	0	-2.24148	0.00565426	0	0.0321391	0	0	-3.30597	
26.97	0.337	0.103	-0.0483151	0	-2.24148	0.005646	0	0.0321394	0	0	-3.30597	
26.98	0.337	0.103	-0.0482445	0	-2.24148	0.00563775	0	0.0321398	0	0	-3.30597	
26.99	0.337	0.103	-0.048174	0	-2.24148	0.00562951	0	0.0321401	0	0	-3.30597	
27	0.337	0.103	-0.0481035	0	-2.24148	0.00562129	0	0.0321405	0	0	-3.30597	
27.01	0.337	0.103	-0.0480332	0	-2.24149	0.00561308	0	0.0321408	0	0	-3.30597	
27.02	0.337	0.103	-0.047963	0	-2.24149	0.00560488	0	0.0321412	0	0	-3.30597	
27.03	0.337	0.103	-0.0478929	0	-2.24149	0.00559669	0	0.0321415	0	0	-3.30597	
27.04	0.337	0.103	-0.0478229	0	-2.24149	0.00558851	0	0.0321419	0	0	-3.30597	
27.05	0.337	0.103	-0.047753	0	-2.24149	0.00558034	0	0.0321422	0	0	-3.30597	
27.06	0.337	0.103	-0.0476832	0	-2.24149	0.00557219	0	0.0321426	0	0	-3.30597	
27.07	0.337	0.103	-0.0476135	0	-2.24149	0.00556405	0	0.0321429	0	0	-3.30597	
27.08	0.337	0.103	-0.0475439	0	-2.2415	0.00555592	0	0.0321433	0	0	-3.30597	
27.09	0.337	0.103	-0.0474744	0	-2.2415	0.0055478	0	0.0321436	0	0	-3.30597	
27.1	0.337	0.103	-0.047405	0	-2.2415	0.0055397	0	0.032144	0	0	-3.30597	
27.11	0.337	0.103	-0.0473357	0	-2.2415	0.0055316	0	0.0321443	0	0	-3.30597	
27.12	0.337	0.103	-0.0472665	0	-2.2415	0.00552352	0	0.0321447	0	0	-3.30597	
27.13	0.337	0.103	-0.0471974	0	-2.2415	0.00551545	0	0.032145	0	0	-3.30597	
27.14	0.337	0.103	-0.0471284	0	-2.2415	0.00550739	0	0.0321453	0	0	-3.30597	
27.15	0.337	0.103	-0.0470595	0	-2.24151	0.00549934	0	0.0321457	0	0	-3.30597	
27.16	0.337	0.103	-0.0469907	0	-2.24151	0.00549131	0	0.032146	0	0	-3.30597	
27.17	0.337	0.103	-0.0469221	0	-2.24151	0.00548328	0	0.0321463	0	0	-3.30597	
27.18	0.337	0.103	-0.0468535	0	-2.24151	0.00547527	0	0.0321467	0	0	-3.30597	
27.19	0.337	0.103	-0.046785	0	-2.24151	0.00546727	0	0.032147	0	0	-3.30597	
27.2	0.337	0.103	-0.0467166	0	-2.24151	0.00545928	0	0.0321473	0	0	-3.30597	
27.21	0.337	0.103	-0.0466483	0	-2.24151	0.00545131	0	0.0321477	0	0	-3.30597	
27.22	0.337	0.103	-0.0465801	0	-2.24152	0.00544334	0	0.032148	0	0	-3.30597	
27.23	0.337	0.103	-0.046512	0	-2.24152	0.00543539	0	0.0321483	0	0	-3.30597	
27.24	0.337	0.103	-0.046444	0	-2.24152	0.00542745	0	0.0321487	0	0	-3.30597	
27.25	0.337	0.103	-0.0463761	0	-2.24152	0.00541952	0	0.032149	0	0	-3.30597	
27.26	0.337	0.103	-0.0463083	0	-2.24152	0.0054116	0	0.0321493	0	0	-3.30597	
27.27	0.337	0.103	-0.0462407	0	-2.24152	0.00540369	0	0.0321497	0	0	-3.30597	
27.28	0.337	0.103	-0.0461731	0	-2.24152	0.0053958	0	0.03215	0	0	-3.30597	
27.29	0.337	0.103	-0.0461056	0	-2.24153	0.00538791	0	0.0321503	0	0	-3.30597	
27.3	0.337	0.103	-0.0460382	0	-2.24153	0.00538004	0	0.0321506	0	0	-3.30597	
27.31	0.337	0.103	-0.0459709	0	-2.24153	0.00537218	0	0.032151	0	0	-3.30597	
27.32	0.337	0.103	-0.0459037	0	-2.24153	0.00536433	0	0.0321513	0	0	-3.30597	
27.33	0.337	0.103	-0.0458366	0	-2.24153	0.00535649	0	0.0321516	0	0	-3.30597	
27.34	0.337	0.103	-0.0457696	0	-2.24153	0.00534866	0	0.0321519	0	0	-3.30597	
27.35	0.337	0.103	-0.0457027	0	-2.24153	0.00534085	0	0.0321522	0	0	-3.30597	
27.36	0.337	0.103	-0.0456359	0	-2.24154	0.00533304	0	0.0321525	0	0	-3.30597	
27.37	0.337	0.103	-0.0455692	0	-2.24154	0.00532525	0	0.0321529	0	0	-3.30597	
27.38	0.337	0.103	-0.0455025	0	-2.24154	0.00531747	0	0.0321532	0	0	-3.30597	
27.39	0.337	0.103	-0.045436	0	-2.24154	0.0053097	0	0.0321535	0	0	-3.30597	
27.4	0.337	0.103	-0.0453696	0	-2.24154	0.00530194	0	0.0321538	0	0	-3.30597	
27.41	0.337	0.103	-0.0453033	0	-2.24154	0.0052942	0	0.0321541	0	0	-3.30597	
27.42	0.337	0.103	-0.0452371	0	-2.24154	0.00528646	0	0.0321544	0	0	-3.30597	
27.43	0.337	0.103	-0.0451709	0	-2.24154	0.00527873	0	0.0321547	0	0	-3.30597	
27.44	0.337	0.103	-0.0451049	0	-2.24155	0.00527102	0	0.0321551	0	0	-3.30597	
27.45	0.337	0.103	-0.045039	0	-2.24155	0.00526332	0	0.0321554	0	0	-3.30597	
27.46	0.337	0.103	-0.0449731	0	-2.24155	0.00525563	0	0.0321557	0	0	-3.30597	
27.47	0.337	0.103	-0.0449074	0	-2.24155	0.00524795	0	0.032156	0	0	-3.30597	
27.48	0.337	0.103	-0.0448417	0	-2.24155	0.00524028	0	0.0321563	0	0	-3.30597	
27.49	0.337	0.103	-0.0447762	0	-2.24155	0.00523262	0	0.0321566	0	0	-3.30597	
27.5	0.337	0.103	-0.0447107	0	-2.24155	0.00522498	0	0.0321569	0	0	-3.30597	
27.51	0.337	0.103	-0.0446454	0	-2.24156	0.00521734	0	0.0321572	0	0	-3.30597	
27.52	0.337	0.103	-0.0445801	0	-2.24156	0.00520972	0	0.0321575	0	0	-3.30597	
27.53	0.337	0.103	-0.044515	0	-2.24156	0.00520211	0	0.0321578	0	0	-3.30597	
27.54	0.337	0.103	-0.0444499	0	-2.24156	0.00519451	0	0.0321581	0	0	-3.30597	
27.55	0.337	0.103	-0.0443849	0	-2.24156	0.00518692	0	0.0321584	0	0	-3.30597	
27.56	0.337	0.103	-0.04432	0	-2.24156	0.00517934	0	0.0321587	0	0	-3.30597	
27.57	0.337	0.103	-0.0442552	0	-2.24156	0.00517177	0	0.032159	0	0	-3.30597	
27.58	0.337	0.103	-0.0441905	0	-2.24156	0.00516421	0	0.0321593	0	0	-3.30597	
27.59	0.337	0.103	-0.044126	0	-2.24157	0.00515666	0	0.0321596	0	0	-3.30597	
27.6	0.337	0.103	-0.0440614	0	-2.24157	0.00514913	0	0.0321599	0	0	-3.30597	
27.61	0.337	0.103	-0.043997	0	-2.24157	0.00514161	0	0.0321602	0	0	-3.30597	
27.62	0.337	0.103	-0.0439327	0	-2.24157	0.00513409	0	0.0321605	0	0	-3.30597	
27.63	0.337	0.103	-0.0438685	0	-2.24157	0.00512659	0	0.0321608	0	0	-3.30597	
27.64	0.337	0.103	-0.0438044	0	-2.24157	0.0051191	0	0.0321611	0	0	-3.30597	
27.65	0.337	0.103	-0.0437403	0	-2.24157	0.00511162	0	0.0321614	0	0	-3.30597	
27.66	0.337	0.103	-0.0436764	0	-2.24157	0.00510415	0	0.0321617	0	0	-3.30597	
27.67	0.337	0.103	-0.0436126	0	-2.24158	0.00509669	0	0.032162	0	0	-3.30597	
27.68	0.337	0.103	-0.0435488	0	-2.24158	0.00508924	0	0.0321622	0	0	-3.30597	
27.69	0.337	0.103	-0.0434851	0	-2.24158	0.00508181	0	0.0321625	0	0	-3.30597	
27.7	0.337	0.103	-0.0434216	0	-2.24158	0.00507438	0	0.0321628	0	0	-3.30597	
27.71	0.337	0.103	-0.0433581	0	-2.24158	0.00506697	0	0.0321631	0	0	-3.30597	
27.72	0.337	0.103	-0.0432947	0	-2.24158	0.00505956	0	0.0321634	0	0	-3.30597	
27.73	0.337	0.103	-0.0432314	0	-2.24158	0.00505217	0	0.0321637	0	0	-3.30597	
27.74	0.337	0.103	-0.0431682	0	-2.24158	0.00504479	0	0.032164	0	0	-3.30597	
27.75	0.337	0.103	-0.0431051	0	-2.24159	0.00503741	0	0.0321643	0	0	-3.30597	
27.76	0.337	0.103	-0.0430421	0	-2.24159	0.00503005	0	0.0321645	0	0	-3.30597	
27.77	0.337	0.103	-0.0429792	0	-2.24159	0.0050227	0	0.0321648	0	0	-3.30597	
27.78	0.337	0.103	-0.0429164	0	-2.24159	0.00501536	0	0.0321651	0	0	-3.30597	
27.79	0.337	0.103	-0.0428536	0	-2.24159	0.00500803	0	0.0321654	0	0	-3.30597	
27.8	0.337	0.103	-0.042791	0	-2.24159	0.00500072	0	0.0321657	0	0	-3.30597	
27.81	0.337	0.103	-0.0427284	0	-2.24159	0.00499341	0	0.0321659	0	0	-3.30597	
27.82	0.337	0.103	-0.042666	0	-2.24159	0.00498611	0	0.0321662	0	0	-3.30597	
27.83	0.337	0.103	-0.0426036	0	-2.2416	0.00497883	0	0.0321665	0	0	-3.30597	
27.84	0.337	0.103	-0.0425413	0	-2.2416	0.00497155	0	0.0321668	0	0	-3.30597	
27.85	0.337	0.103	-0.0424791	0	-2.2416	0.00496429	0	0.032167	0	0	-3.30597	
27.86	0.337	0.103	-0.042417	0	-2.2416	0.00495703	0	0.0321673	0	0	-3.30597	
27.87	0.337	0.103	-0.042355	0	-2.2416	0.00494979	0	0.0321676	0	0	-3.30597	
27.88	0.337	0.103	-0.0422931	0	-2.2416	0.00494255	0	0.0321679	0	0	-3.30597	
27.89	0.337	0.103	-0.0422313	0	-2.2416	0.00493533	0	0.0321681	0	0	-3.30597	
27.9	0.337	0.103	-0.0421696	0	-2.2416	0.00492812	0	0.0321684	0	0	-3.30597	
27.91	0.337	0.103	-0.0421079	0	-2.2416	0.00492092	0	0.0321687	0	0	-3.30597	
27.92	0.337	0.103	-0.0420464	0	-2.24161	0.00491373	0	0.032169	0	0	-3.30597	
27.93	0.337	0.103	-0.0419849	0	-2.24161	0.00490655	0	0.0321692	0	0	-3.30597	
27.94	0.337	0.103	-0.0419235	0	-2.24161	0.00489938	0	0.0321695	0	0	-3.30597	
27.95	0.337	0.103	-0.0418622	0	-2.24161	0.00489222	0	0.0321698	0	0	-3.30597	
27.96	0.337	0.103	-0.041801	0	-2.24161	0.00488507	0	0.03217	0	0	-3.30597	
27.97	0.337	0.103	-0.0417399	0	-2.24161	0.00487793	0	0.0321703	0	0	-3.30597	
27.98	0.337	0.103	-0.0416789	0	-2.24161	0.0048708	0	0.0321706	0	0	-3.30597	
27.99	0.337	0.103	-0.041618	0	-2.24161	0.00486368	0	0.0321708	0	0	-3.30597	
28	0.337	0.103	-0.0415572	0	-2.24161	0.00485658	0	0.0321711	0	0	-3.30597	
28.01	0.337	0.103	-0.0414964	0	-2.24162	0.00484948	0	0.0321713	0	0	-3.30597	
28.02	0.337	0.103	-0.0414357	0	-2.24162	0.00484239	0	0.0321716	0	0	-3.30597	
28.03	0.337	0.103	-0.0413752	0	-2.24162	0.00483532	0	0.0321719	0	0	-3.30597	
28.04	0.337	0.103	-0.0413147	0	-2.24162	0.00482825	0	0.0321721	0	0	-3.30597	
28.05	0.337	0.103	-0.0412543	0	-2.24162	0.00482119	0	0.0321724	0	0	-3.30597	
28.06	0.337	0.103	-0.041194	0	-2.24162	0.00481415	0	0.0321726	0	0	-3.30597	
28.07	0.337	0.103	-0.0411338	0	-2.24162	0.00480711	0	0.0321729	0	0	-3.30597	
28.08	0.337	0.103	-0.0410736	0	-2.24162	0.00480009	0	0.0321732	0	0	-3.30597	
28.09	0.337	0.103	-0.0410136	0	-2.24162	0.00479307	0	0.0321734	0	0	-3.30597	
28.1	0.337	0.103	-0.0409536	0	-2.24163	0.00478607	0	0.0321737	0	0	-3.30597	
28.11	0.337	0.103	-0.0408938	0	-2.24163	0.00477908	0	0.0321739	0	0	-3.30597	
28.12	0.337	0.103	-0.040834	0	-2.24163	0.00477209	0	0.0321742	0	0	-3.30597	
28.13	0.337	0.103	-0.0407743	0	-2.24163	0.00476512	0	0.0321744	0	0	-3.30597	
28.14	0.337	0.103	-0.0407147	0	-2.24163	0.00475815	0	0.0321747	0	0	-3.30597	
28.15	0.337	0.103	-0.0406552	0	-2.24163	0.0047512	0	0.0321749	0	0	-3.30597	
28.16	0.337	0.103	-0.0405957	0	-2.24163	0.00474426	0	0.0321752	0	0	-3.30597	
28.17	0.337	0.103	-0.0405364	0	-2.24163	0.00473732	0	0.0321754	0	0	-3.30597	
28.18	0.337	0.103	-0.0404771	0	-2.24163	0.0047304	0	0.0321757	0	0	-3.30597	
28.19	0.337	0.103	-0.040418	0	-2.24164	0.00472349	0	0.0321759	0	0	-3.30597	
28.2	0.337	0.103	-0.0403589	0	-2.24164	0.00471659	0	0.0321762	0	0	-3.30597	
28.21	0.337	0.103	-0.0402999	0	-2.24164	0.00470969	0	0.0321764	0	0	-3.30597	
28.22	0.337	0.103	-0.040241	0	-2.24164	0.00470281	0	0.0321767	0	0	-3.30597	
28.23	0.337	0.103	-0.0401821	0	-2.24164	0.00469594	0	0.0321769	0	0	-3.30597	
28.24	0.337	0.103	-0.0401234	0	-2.24164	0.00468908	0	0.0321772	0	0	-3.30597	
28.25	0.337	0.103	-0.0400648	0	-2.24164	0.00468222	0	0.0321774	0	0	-3.30597	
28.26	0.337	0.103	-0.0400062	0	-2.24164	0.00467538	0	0.0321777	0	0	-3.30597	
28.27	0.337	0.103	-0.0399477	0	-2.24164	0.00466855	0	0.0321779	0	0	-3.30597	
28.28	0.337	0.103	-0.0398893	0	-2.24165	0.00466173	0	0.0321782	0	0	-3.30597	
28.29	0.337	0.103	-0.039831	0	-2.24165	0.00465491	0	0.0321784	0	0	-3.30597	
28.3	0.337	0.103	-0.0397728	0	-2.24165	0.00464811	0	0.0321786	0	0	-3.30597	
28.31	0.337	0.103	-0.0397146	0	-2.24165	0.00464132	0	0.0321789	0	0	-3.30597	
28.32	0.337	0.103	-0.0396566	0	-2.24165	0.00463453	0	0.0321791	0	0	-3.30597	
28.33	0.337	0.103	-0.0395986	0	-2.24165	0.00462776	0	0.0321794	0	0	-3.30597	
28.34	0.337	0.103	-0.0395407	0	-2.24165	0.004621	0	0.0321796	0	0	-3.30597	
28.35	0.337	0.103	-0.0394829	0	-2.24165	0.00461425	0	0.0321798	0	0	-3.30597	
28.36	0.337	0.103	-0.0394252	0	-2.24165	0.0046075	0	0.0321801	0	0	-3.30597	
28.37	0.337	0.103	-0.0393676	0	-2.24165	0.00460077	0	0.0321803	0	0	-3.30597	
28.38	0.337	0.103	-0.03931	0	-2.24166	0.00459405	0	0.0321806	0	0	-3.30597	
28.39	0.337	0.103	-0.0392525	0	-2.24166	0.00458733	0	0.0321808	0	0	-3.30597	
28.4	0.337	0.103	-0.0391952	0	-2.24166	0.00458063	0	0.032181	0	0	-3.30597	
28.41	0.337	0.103	-0.0391379	0	-2.24166	0.00457393	0	0.0321813	0	0	-3.30597	
28.42	0.337	0.103	-0.0390806	0	-2.24166	0.00456725	0	0.0321815	0	0	-3.30597	
28.43	0.337	0.103	-0.0390235	0	-2.24166	0.00456057	0	0.0321817	0	0	-3.30597	
28.44	0.337	0.103	-0.0389665	0	-2.24166	0.00455391	0	0.032182	0	0	-3.30597	
28.45	0.337	0.103	-0.0389095	0	-2.24166	0.00454725	0	0.0321822	0	0	-3.30597	
28.46	0.337	0.103	-0.0388526	0	-2.24166	0.00454061	0	0.0321824	0	0	-3.30597	
28.47	0.337	0.103	-0.0387958	0	-2.24166	0.00453397	0	0.0321826	0	0	-3.30597	
28.48	0.337	0.103	-0.0387391	0	-2.24167	0.00452735	0	0.0321829	0	0	-3.30597	
28.49	0.337	0.103	-0.0386825	0	-2.24167	0.00452073	0	0.0321831	0	0	-3.30597	
28.5	0.337	0.103	-0.0386259	0	-2.24167	0.00451412	0	0.0321833	0	0	-3.30597	
28.51	0.337	0.103	-0.0385695	0	-2.24167	0.00450753	0	0.0321836	0	0	-3.30597	
28.52	0.337	0.103	-0.0385131	0	-2.24167	0.00450094	0	0.0321838	0	0	-3.30597	
28.53	0.337	0.103	-0.0384568	0	-2.24167	0.00449436	0	0.032184	0	0	-3.30597	
28.54	0.337	0.103	-0.0384006	0	-2.24167	0.00448779	0	0.0321842	0	0	-3.30597	
28.55	0.337	0.103	-0.0383444	0	-2.24167	0.00448123	0	0.0321845	0	0	-3.30597	
28.56	0.337	0.103	-0.0382884	0	-2.24167	0.00447469	0	0.0321847	0	0	-3.30597	
28.57	0.337	0.103	-0.0382324	0	-2.24167	0.00446815	0	0.0321849	0	0	-3.30597	
28.58	0.337	0.103	-0.0381765	0	-2.24167	0.00446162	0	0.0321851	0	0	-3.30597	
28.59	0.337	0.103	-0.0381207	0	-2.24168	0.0044551	0	0.0321853	0	0	-3.30597	
28.6	0.337	0.103	-0.038065	0	-2.24168	0.00444859	0	0.0321856	0	0	-3.30597	
28.61	0.337	0.103	-0.0380093	0	-2.24168	0.00444208	0	0.0321858	0	0	-3.30597	
28.62	0.337	0.103	-0.0379538	0	-2.24168	0.00443559	0	0.032186	0	0	-3.30597	
28.63	0.337	0.103	-0.0378983	0	-2.24168	0.00442911	0	0.0321862	0	0	-3.30597	
28.64	0.337	0.103	-0.0378429	0	-2.24168	0.00442264	0	0.0321864	0	0	-3.30597	
28.65	0.337	0.103	-0.0377876	0	-2.24168	0.00441617	0	0.0321867	0	0	-3.30597	
28.66	0.337	0.103	-0.0377323	0	-2.24168	0.00440972	0	0.0321869	0	0	-3.30597	
28.67	0.337	0.103	-0.0376772	0	-2.24168	0.00440327	0	0.0321871	0	0	-3.30597	
28.68	0.337	0.103	-0.0376221	0	-2.24168	0.00439684	0	0.0321873	0	0	-3.30597	
28.69	0.337	0.103	-0.0375671	0	-2.24169	0.00439041	0	0.0321875	0	0	-3.30597	
28.7	0.337	0.103	-0.0375122	0	-2.24169	0.004384	0	0.0321877	0	0	-3.30597	
28.71	0.337	0.103	-0.0374573	0	-2.24169	0.00437759	0	0.032188	0	0	-3.30597	
28.72	0.337	0.103	-0.0374026	0	-2.24169	0.00437119	0	0.0321882	0	0	-3.30597	
28.73	0.337	0.103	-0.0373479	0	-2.24169	0.0043648	0	0.0321884	0	0	-3.30597	
28.74	0.337	0.103	-0.0372933	0	-2.24169	0.00435842	0	0.0321886	0	0	-3.30597	
28.75	0.337	0.103	-0.0372388	0	-2.24169	0.00435205	0	0.0321888	0	0	-3.30597	
28.76	0.337	0.103	-0.0371843	0	-2.24169	0.00434569	0	0.032189	0	0	-3.30597	
28.77	0.337	0.103	-0.03713	0	-2.24169	0.00433934	0	0.0321892	0	0	-3.30597	
28.78	0.337	0.103	-0.0370757	0	-2.24169	0.004333	0	0.0321894	0	0	-3.30597	
28.79	0.337	0.103	-0.0370215	0	-2.24169	0.00432667	0	0.0321897	0	0	-3.30597	
28.8	0.337	0.103	-0.0369674	0	-2.2417	0.00432035	0	0.0321899	0	0	-3.30597	
28.81	0.337	0.103	-0.0369133	0	-2.2417	0.00431403	0	0.0321901	0	0	-3.30597	
28.82	0.337	0.103	-0.0368594	0	-2.2417	0.00430773	0	0.0321903	0	0	-3.30597	
28.83	0.337	0.103	-0.0368055	0	-2.2417	0.00430143	0	0.0321905	0	0	-3.30597	
28.84	0.337	0.103	-0.0367517	0	-2.2417	0.00429514	0	0.0321907	0	0	-3.30597	
28.85	0.337	0.103	-0.0366979	0	-2.2417	0.00428887	0	0.0321909	0	0	-3.30597	
28.86	0.337	0.103	-0.0366443	0	-2.2417	0.0042826	0	0.0321911	0	0	-3.30597	
28.87	0.337	0.103	-0.0365907	0	-2.2417	0.00427634	0	0.0321913	0	0	-3.30597	
28.88	0.337	0.103	-0.0365372	0	-2.2417	0.00427009	0	0.0321915	0	0	-3.30597	
28.89	0.337	0.103	-0.0364838	0	-2.2417	0.00426385	0	0.0321917	0	0	-3.30597	
28.9	0.337	0.103	-0.0364305	0	-2.2417	0.00425762	0	0.0321919	0	0	-3.30597	
28.91	0.337	0.103	-0.0363772	0	-2.2417	0.00425139	0	0.0321921	0	0	-3.30597	
28.92	0.337	0.103	-0.036324	0	-2.24171	0.00424518	0	0.0321923	0	0	-3.30597	
28.93	0.337	0.103	-0.0362709	0	-2.24171	0.00423898	0	0.0321925	0	0	-3.30597	
28.94	0.337	0.103	-0.0362179	0	-2.24171	0.00423278	0	0.0321927	0	0	-3.30597	
28.95	0.337	0.103	-0.036165	0	-2.24171	0.0042266	0	0.0321929	0	0	-3.30597	
28.96	0.337	0.103	-0.0361121	0	-2.24171	0.00422042	0	0.0321931	0	0	-3.30597	
28.97	0.337	0.103	-0.0360593	0	-2.24171	0.00421425	0	0.0321933	0	0	-3.30597	
28.98	0.337	0.103	-0.0360066	0	-2.24171	0.00420809	0	0.0321935	0	0	-3.30597	
28.99	0.337	0.103	-0.035954	0	-2.24171	0.00420194	0	0.0321937	0	0	-3.30597	
29	0.337	0.103	-0.0359014	0	-2.24171	0.0041958	0	0.0321939	0	0	-3.30597	
29.01	0.337	0.103	-0.0358489	0	-2.24171	0.00418967	0	0.0321941	0	0	-3.30597	
29.02	0.337	0.103	-0.0357965	0	-2.24171	0.00418354	0	0.0321943	0	0	-3.30597	
29.03	0.337	0.103	-0.0357442	0	-2.24172	0.00417743	0	0.0321945	0	0	-3.30597	
29.04	0.337	0.103	-0.0356919	0	-2.24172	0.00417132	0	0.0321947	0	0	-3.30597	
29.05	0.337	0.103	-0.0356397	0	-2.24172	0.00416523	0	0.0321949	0	0	-3.30597	
29.06	0.337	0.103	-0.0355876	0	-2.24172	0.00415914	0	0.0321951	0	0	-3.30597	
29.07	0.337	0.103	-0.0355356	0	-2.24172	0.00415306	0	0.0321953	0	0	-3.30597	
29.08	0.337	0.103	-0.0354837	0	-2.24172	0.00414699	0	0.0321955	0	0	-3.30597	
29.09	0.337	0.103	-0.0354318	0	-2.24172	0.00414093	0	0.0321957	0	0	-3.30597	
29.1	0.337	0.103	-0.03538	0	-2.24172	0.00413488	0	0.0321958	0	0	-3.30597	
29.11	0.337	0.103	-0.0353283	0	-2.24172	0.00412884	0	0.032196	0	0	-3.30597	
29.12	0.337	0.103	-0.0352766	0	-2.24172	0.0041228	0	0.0321962	0	0	-3.30597	
29.13	0.337	0.103	-0.0352251	0	-2.24172	0.00411678	0	0.0321964	0	0	-3.30597	
29.14	0.337	0.103	-0.0351736	0	-2.24172	0.00411076	0	0.0321966	0	0	-3.30597	
29.15	0.337	0.103	-0.0351221	0	-2.24172	0.00410475	0	0.0321968	0	0	-3.30597	
29.16	0.337	0.103	-0.0350708	0	-2.24173	0.00409875	0	0.032197	0	0	-3.30597	
29.17	0.337	0.103	-0.0350195	0	-2.24173	0.00409276	0	0.0321972	0	0	-3.30597	
29.18	0.337	0.103	-0.0349683	0	-2.24173	0.00408678	0	0.0321974	0	0	-3.30597	
29.19	0.337	0.103	-0.0349172	0	-2.24173	0.00408081	0	0.0321975	0	0	-3.30597	
29.2	0.337	0.103	-0.0348662	0	-2.24173	0.00407484	0	0.0321977	0	0	-3.30597	
29.21	0.337	0.103	-0.0348152	0	-2.24173	0.00406889	0	0.0321979	0	0	-3.30597	
29.22	0.337	0.103	-0.0347643	0	-2.24173	0.00406294	0	0.0321981	0	0	-3.30597	
29.23	0.337	0.103	-0.0347135	0	-2.24173	0.004057	0	0.0321983	0	0	-3.30597	
29.24	0.337	0.103	-0.0346627	0	-2.24173	0.00405107	0	0.0321985	0	0	-3.30597	
29.25	0.337	0.103	-0.0346121	0	-2.24173	0.00404515	0	0.0321986	0	0	-3.30597	
29.26	0.337	0.103	-0.0345615	0	-2.24173	0.00403924	0	0.0321988	0	0	-3.30597	
29.27	0.337	0.103	-0.0345109	0	-2.24173	0.00403333	0	0.032199	0	0	-3.30597	
29.28	0.337	0.103	-0.0344605	0	-2.24174	0.00402744	0	0.0321992	0	0	-3.30597	
29.29	0.337	0.103	-0.0344101	0	-2.24174	0.00402155	0	0.0321994	0	0	-3.30597	
29.3	0.337	0.103	-0.0343598	0	-2.24174	0.00401568	0	0.0321996	0	0	-3.30597	
29.31	0.337	0.103	-0.0343096	0	-2.24174	0.00400981	0	0.0321997	0	0	-3.30597	
29.32	0.337	0.103	-0.0342594	0	-2.24174	0.00400395	0	0.0321999	0	0	-3.30597	
29.33	0.337	0.103	-0.0342093	0	-2.24174	0.00399809	0	0.0322001	0	0	-3.30597	
29.34	0.337	0.103	-0.0341593	0	-2.24174	0.00399225	0	0.0322003	0	0	-3.30597	
29.35	0.337	0.103	-0.0341094	0	-2.24174	0.00398641	0	0.0322004	0	0	-3.30597	
29.36	0.337	0.103	-0.0340595	0	-2.24174	0.00398059	0	0.0322006	0	0	-3.30597	
29.37	0.337	0.103	-0.0340097	0	-2.24174	0.00397477	0	0.0322008	0	0	-3.30597	
29.38	0.337	0.103	-0.03396	0	-2.24174	0.00396896	0	0.032201	0	0	-3.30597	
29.39	0.337	0.103	-0.0339104	0	-2.24174	0.00396316	0	0.0322012	0	0	-3.30597	
29.4	0.337	0.103	-0.0338608	0	-2.24174	0.00395737	0	0.0322013	0	0	-3.30597	
29.41	0.337	0.103	-0.0338113	0	-2.24175	0.00395158	0	0.0322015	0	0	-3.30597	
29.42	0.337	0.103	-0.0337618	0	-2.24175	0.00394581	0	0.0322017	0	0	-3.30597	
29.43	0.337	0.103	-0.0337125	0	-2.24175	0.00394004	0	0.0322019	0	0	-3.30597	
29.44	0.337	0.103	-0.0336632	0	-2.24175	0.00393428	0	0.032202	0	0	-3.30597	
29.45	0.337	0.103	-0.033614	0	-2.24175	0.00392853	0	0.0322022	0	0	-3.30597	
29.46	0.337	0.103	-0.0335648	0	-2.24175	0.00392279	0	0.0322024	0	0	-3.30597	
29.47	0.337	0.103	-0.0335158	0	-2.24175	0.00391706	0	0.0322025	0	0	-3.30597	
29.48	0.337	0.103	-0.0334668	0	-2.24175	0.00391133	0	0.0322027	0	0	-3.30597	
29.49	0.337	0.103	-0.0334179	0	-2.24175	0.00390561	0	0.0322029	0	0	-3.30597	
29.5	0.337	0.103	-0.033369	0	-2.24175	0.00389991	0	0.0322031	0	0	-3.30597	
29.51	0.337	0.103	-0.0333202	0	-2.24175	0.00389421	0	0.0322032	0	0	-3.30597	
29.52	0.337	0.103	-0.0332715	0	-2.24175	0.00388851	0	0.0322034	0	0	-3.30597	
29.53	0.337	0.103	-0.0332229	0	-2.24175	0.00388283	0	0.0322036	0	0	-3.30597	
29.54	0.337	0.103	-0.0331743	0	-2.24175	0.00387716	0	0.0322037	0	0	-3.30597	
29.55	0.337	0.103	-0.0331258	0	-2.24176	0.00387149	0	0.0322039	0	0	-3.30597	
29.56	0.337	0.103	-0.0330774	0	-2.24176	0.00386583	0	0.0322041	0	0	-3.30597	
29.57	0.337	0.103	-0.033029	0	-2.24176	0.00386018	0	0.0322042	0	0	-3.30597	
29.58	0.337	0.103	-0.0329807	0	-2.24176	0.00385454	0	0.0322044	0	0	-3.30597	
29.59	0.337	0.103	-0.0329325	0	-2.24176	0.0038489	0	0.0322046	0	0	-3.30597	
29.6	0.337	0.103	-0.0328844	0	-2.24176	0.00384328	0	0.0322047	0	0	-3.30597	
29.61	0.337	0.103	-0.0328363	0	-2.24176	0.00383766	0	0.0322049	0	0	-3.30597	
29.62	0.337	0.103	-0.0327883	0	-2.24176	0.00383205	0	0.0322051	0	0	-3.30597	
29.63	0.337	0.103	-0.0327404	0	-2.24176	0.00382645	0	0.0322052	0	0	-3.30597	
29.64	0.337	0.103	-0.0326925	0	-2.24176	0.00382086	0	0.0322054	0	0	-3.30597	
29.65	0.337	0.103	-0.0326447	0	-2.24176	0.00381527	0	0.0322055	0	0	-3.30597	
29.66	0.337	0.103	-0.032597	0	-2.24176	0.0038097	0	0.0322057	0	0	-3.30597	
29.67	0.337	0.103	-0.0325493	0	-2.24176	0.00380413	0	0.0322059	0	0	-3.30597	
29.68	0.337	0.103	-0.0325017	0	-2.24176	0.00379857	0	0.032206	0	0	-3.30597	
29.69	0.337	0.103	-0.0324542	0	-2.24177	0.00379302	0	0.0322062	0	0	-3.30597	
29.7	0.337	0.103	-0.0324068	0	-2.24177	0.00378747	0	0.0322063	0	0	-3.30597	
29.71	0.337	0.103	-0.0323594	0	-2.24177	0.00378194	0	0.0322065	0	0	-3.30597	
29.72	0.337	0.103	-0.0323121	0	-2.24177	0.00377641	0	0.0322067	0	0	-3.30597	
29.73	0.337	0.103	-0.0322649	0	-2.24177	0.00377089	0	0.0322068	0	0	-3.30597	
29.74	0.337	0.103	-0.0322177	0	-2.24177	0.00376538	0	0.032207	0	0	-3.30597	
29.75	0.337	0.103	-0.0321706	0	-2.24177	0.00375987	0	0.0322071	0	0	-3.30597	
29.76	0.337	0.103	-0.0321236	0	-2.24177	0.00375438	0	0.0322073	0	0	-3.30597	
29.77	0.337	0.103	-0.0320766	0	-2.24177	0.00374889	0	0.0322075	0	0	-3.30597	
29.78	0.337	0.103	-0.0320297	0	-2.24177	0.00374341	0	0.0322076	0	0	-3.30597	
29.79	0.337	0.103	-0.0319829	0	-2.24177	0.00373794	0	0.0322078	0	0	-3.30597	
29.8	0.337	0.103	-0.0319361	0	-2.24177	0.00373248	0	0.0322079	0	0	-3.30597	
29.81	0.337	0.103	-0.0318894	0	-2.24177	0.00372702	0	0.0322081	0	0	-3.30597	
29.82	0.337	0.103	-0.0318428	0	-2.24177	0.00372157	0	0.0322082	0	0	-3.30597	
29.83	0.337	0.103	-0.0317963	0	-2.24177	0.00371613	0	0.0322084	0	0	-3.30597	
29.84	0.337	0.103	-0.0317498	0	-2.24178	0.0037107	0	0.0322085	0	0	-3.30597	
29.85	0.337	0.103	-0.0317034	0	-2.24178	0.00370528	0	0.0322087	0	0	-3.30597	
29.86	0.337	0.103	-0.031657	0	-2.24178	0.00369986	0	0.0322089	0	0	-3.30597	
29.87	0.337	0.103	-0.0316107	0	-2.24178	0.00369445	0	0.032209	0	0	-3.30597	
29.88	0.337	0.103	-0.0315645	0	-2.24178	0.00368905	0	0.0322092	0	0	-3.30597	
29.89	0.337	0.103	-0.0315184	0	-2.24178	0.00368366	0	0.0322093	0	0	-3.30597	
29.9	0.337	0.103	-0.0314723	0	-2.24178	0.00367828	0	0.0322095	0	0	-3.30597	
29.91	0.337	0.103	-0.0314263	0	-2.24178	0.0036729	0	0.0322096	0	0	-3.30597	
29.92	0.337	0.103	-0.0313803	0	-2.24178	0.00366753	0	0.0322098	0	0	-3.30597	
29.93	0.337	0.103	-0.0313345	0	-2.24178	0.00366217	0	0.0322099	0	0	-3.30597	
29.94	0.337	0.103	-0.0312886	0	-2.24178	0.00365682	0	0.0322101	0	0	-3.30597	
29.95	0.337	0.103	-0.0312429	0	-2.24178	0.00365147	0	0.0322102	0	0	-3.30597	
29.96	0.337	0.103	-0.0311972	0	-2.24178	0.00364614	0	0.0322104	0	0	-3.30597	
29.97	0.337	0.103	-0.0311516	0	-2.24178	0.00364081	0	0.0322105	0	0	-3.30597	
29.98	0.337	0.103	-0.0311061	0	-2.24178	0.00363549	0	0.0322107	0	0	-3.30597	
29.99	0.337	0.103	-0.0310606	0	-2.24178	0.00363017	0	0.0322108	0	0	-3.30597	
30	0.337	0.103	-0.0310152	0	-2.24179	0.00362487	0	0.0322109	0	0	-3.30597	
30.01	0.337	0.103	-0.0309699	0	-2.24179	0.00361957	0	0.0322111	0	0	-3.30597	
30.02	0.337	0.103	-0.0309246	0	-2.24179	0.00361428	0	0.0322112	0	0	-3.30597	
30.03	0.337	0.103	-0.0308794	0	-2.24179	0.00360899	0	0.0322114	0	0	-3.30597	
30.04	0.337	0.103	-0.0308342	0	-2.24179	0.00360372	0	0.0322115	0	0	-3.30597	
30.05	0.337	0.103	-0.0307891	0	-2.24179	0.00359845	0	0.0322117	0	0	-3.30597	
30.06	0.337	0.103	-0.0307441	0	-2.24179	0.00359319	0	0.0322118	0	0	-3.30597	
30.07	0.337	0.103	-0.0306992	0	-2.24179	0.00358794	0	0.032212	0	0	-3.30597	
30.08	0.337	0.103	-0.0306543	0	-2.24179	0.0035827	0	0.0322121	0	0	-3.30597	
30.09	0.337	0.103	-0.0306095	0	-2.24179	0.00357746	0	0.0322123	0	0	-3.30597	
30.1	0.337	0.103	-0.0305647	0	-2.24179	0.00357223	0	0.0322124	0	0	-3.30597	
30.11	0.337	0.103	-0.0305201	0	-2.24179	0.00356701	0	0.0322125	0	0	-3.30597	
30.12	0.337	0.103	-0.0304754	0	-2.24179	0.0035618	0	0.0322127	0	0	-3.30597	
30.13	0.337	0.103	-0.0304309	0	-2.24179	0.00355659	0	0.0322128	0	0	-3.30597	
30.14	0.337	0.103	-0.0303864	0	-2.24179	0.00355139	0	0.032213	0	0	-3.30597	
30.15	0.337	0.103	-0.030342	0	-2.24179	0.0035462	0	0.0322131	0	0	-3.30597	
30.16	0.337	0.103	-0.0302976	0	-2.2418	0.00354102	0	0.0322132	0	0	-3.30597	
30.17	0.337	0.103	-0.0302533	0	-2.2418	0.00353584	0	0.0322134	0	0	-3.30597	
30.18	0.337	0.103	-0.0302091	0	-2.2418	0.00353067	0	0.0322135	0	0	-3.30597	
30.19	0.337	0.103	-0.0301649	0	-2.2418	0.00352551	0	0.0322137	0	0	-3.30597	
30.2	0.337	0.103	-0.0301208	0	-2.2418	0.00352036	0	0.0322138	0	0	-3.30597	
30.21	0.337	0.103	-0.0300768	0	-2.2418	0.00351521	0	0.0322139	0	0	-3.30597	
30.22	0.337	0.103	-0.0300328	0	-2.2418	0.00351007	0	0.0322141	0	0	-3.30597	
30.23	0.337	0.103	-0.0299889	0	-2.2418	0.00350494	0	0.0322142	0	0	-3.30597	
30.24	0.337	0.103	-0.0299451	0	-2.2418	0.00349982	0	0.0322143	0	0	-3.30597	
30.25	0.337	0.103	-0.0299013	0	-2.2418	0.0034947	0	0.0322145	0	0	-3.30597	
30.26	0.337	0.103	-0.0298576	0	-2.2418	0.0034896	0	0.0322146	0	0	-3.30597	
30.27	0.337	0.103	-0.0298139	0	-2.2418	0.0034845	0	0.0322148	0	0	-3.30597	
30.28	0.337	0.103	-0.0297703	0	-2.2418	0.0034794	0	0.0322149	0	0	-3.30597	
30.29	0.337	0.103	-0.0297268	0	-2.2418	0.00347432	0	0.032215	0	0	-3.30597	
30.3	0.337	0.103	-0.0296834	0	-2.2418	0.00346924	0	0.0322152	0	0	-3.30597	
30.31	0.337	0.103	-0.02964	0	-2.2418	0.00346417	0	0.0322153	0	0	-3.30597	
30.32	0.337	0.103	-0.0295966	0	-2.2418	0.0034591	0	0.0322154	0	0	-3.30597	
30.33	0.337	0.103	-0.0295534	0	-2.24181	0.00345405	0	0.0322156	0	0	-3.30597	
30.34	0.337	0.103	-0.0295102	0	-2.24181	0.003449	0	0.0322157	0	0	-3.30597	
30.35	0.337	0.103	-0.029467	0	-2.24181	0.00344396	0	0.0322158	0	0	-3.30597	
30.36	0.337	0.103	-0.0294239	0	-2.24181	0.00343892	0	0.032216	0	0	-3.30597	
30.37	0.337	0.103	-0.0293809	0	-2.24181	0.0034339	0	0.0322161	0	0	-3.30597	
30.38	0.337	0.103	-0.029338	0	-2.24181	0.00342888	0	0.0322162	0	0	-3.30597	
30.39	0.337	0.103	-0.0292951	0	-2.24181	0.00342387	0	0.0322164	0	0	-3.30597	
30.4	0.337	0.103	-0.0292523	0	-2.24181	0.00341886	0	0.0322165	0	0	-3.30597	
30.41	0.337	0.103	-0.0292095	0	-2.24181	0.00341386	0	0.0322166	0	0	-3.30597	
30.42	0.337	0.103	-0.0291668	0	-2.24181	0.00340887	0	0.0322167	0	0	-3.30597	
30.43	0.337	0.103	-0.0291241	0	-2.24181	0.00340389	0	0.0322169	0	0	-3.30597	
30.44	0.337	0.103	-0.0290816	0	-2.24181	0.00339891	0	0.032217	0	0	-3.30597	
30.45	0.337	0.103	-0.029039	0	-2.24181	0.00339395	0	0.0322171	0	0	-3.30597	
30.46	0.337	0.103	-0.0289966	0	-2.24181	0.00338899	0	0.0322173	0	0	-3.30597	
30.47	0.337	0.103	-0.0289542	0	-2.24181	0.00338403	0	0.0322174	0	0	-3.30597	
30.48	0.337	0.103	-0.0289119	0	-2.24181	0.00337909	0	0.0322175	0	0	-3.30597	
30.49	0.337	0.103	-0.0288696	0	-2.24181	0.00337415	0	0.0322176	0	0	-3.30597	
30.5	0.337	0.103	-0.0288274	0	-2.24181	0.00336921	0	0.0322178	0	0	-3.30597	
30.51	0.337	0.103	-0.0287853	0	-2.24182	0.00336429	0	0.0322179	0	0	-3.30597	
30.52	0.337	0.103	-0.0287432	0	-2.24182	0.00335937	0	0.032218	0	0	-3.30597	
30.53	0.337	0.103	-0.0287011	0	-2.24182	0.00335446	0	0.0322181	0	0	-3.30597	
30.54	0.337	0.103	-0.0286592	0	-2.24182	0.00334956	0	0.0322183	0	0	-3.30597	
30.55	0.337	0.103	-0.0286173	0	-2.24182	0.00334466	0	0.0322184	0	0	-3.30597	
30.56	0.337	0.103	-0.0285755	0	-2.24182	0.00333977	0	0.0322185	0	0	-3.30597	
30.57	0.337	0.103	-0.0285337	0	-2.24182	0.00333489	0	0.0322186	0	0	-3.30597	
30.58	0.337	0.103	-0.028492	0	-2.24182	0.00333002	0	0.0322188	0	0	-3.30597	
30.59	0.337	0.103	-0.0284503	0	-2.24182	0.00332515	0	0.0322189	0	0	-3.30597	
30.6	0.337	0.103	-0.0284087	0	-2.24182	0.00332029	0	0.032219	0	0	-3.30597	
30.61	0.337	0.103	-0.0283672	0	-2.24182	0.00331543	0	0.0322191	0	0	-3.30597	
30.62	0.337	0.103	-0.0283257	0	-2.24182	0.00331059	0	0.0322193	0	0	-3.30597	
30.63	0.337	0.103	-0.0282843	0	-2.24182	0.00330575	0	0.0322194	0	0	-3.30597	
30.64	0.337	0.103	-0.0282429	0	-2.24182	0.00330092	0	0.0322195	0	0	-3.30597	
30.65	0.337	0.103	-0.0282017	0	-2.24182	0.00329609	0	0.0322196	0	0	-3.30597	
30.66	0.337	0.103	-0.0281604	0	-2.24182	0.00329127	0	0.0322198	0	0	-3.30597	
30.67	0.337	0.103	-0.0281193	0	-2.24182	0.00328646	0	0.0322199	0	0	-3.30597	
30.68	0.337	0.103	-0.0280781	0	-2.24182	0.00328166	0	0.03222	0	0	-3.30597	
30.69	0.337	0.103	-0.0280371	0	-2.24182	0.00327686	0	0.0322201	0	0	-3.30597	
30.7	0.337	0.103	-0.0279961	0	-2.24183	0.00327207	0	0.0322202	0	0	-3.30597	
30.71	0.337	0.103	-0.0279552	0	-2.24183	0.00326729	0	0.0322204	0	0	-3.30597	
30.72	0.337	0.103	-0.0279143	0	-2.24183	0.00326251	0	0.0322205	0	0	-3.30597	
30.73	0.337	0.103	-0.0278735	0	-2.24183	0.00325774	0	0.0322206	0	0	-3.30597	
30.74	0.337	0.103	-0.0278327	0	-2.24183	0.00325298	0	0.0322207	0	0	-3.30597	
30.75	0.337	0.103	-0.0277921	0	-2.24183	0.00324823	0	0.0322208	0	0	-3.30597	
30.76	0.337	0.103	-0.0277514	0	-2.24183	0.00324348	0	0.0322209	0	0	-3.30597	
30.77	0.337	0.103	-0.0277109	0	-2.24183	0.00323874	0	0.0322211	0	0	-3.30597	
30.78	0.337	0.103	-0.0276703	0	-2.24183	0.003234	0	0.0322212	0	0	-3.30597	
30.79	0.337	0.103	-0.0276299	0	-2.24183	0.00322928	0	0.0322213	0	0	-3.30597	
30.8	0.337	0.103	-0.0275895	0	-2.24183	0.00322456	0	0.0322214	0	0	-3.30597	
30.81	0.337	0.103	-0.0275492	0	-2.24183	0.00321984	0	0.0322215	0	0	-3.30597	
30.82	0.337	0.103	-0.0275089	0	-2.24183	0.00321514	0	0.0322216	0	0	-3.30597	
30.83	0.337	0.103	-0.0274687	0	-2.24183	0.00321044	0	0.0322218	0	0	-3.30597	
30.84	0.337	0.103	-0.0274285	0	-2.24183	0.00320574	0	0.0322219	0	0	-3.30597	
30.85	0.337	0.103	-0.0273884	0	-2.24183	0.00320106	0	0.032222	0	0	-3.30597	
30.86	0.337	0.103	-0.0273484	0	-2.24183	0.00319638	0	0.0322221	0	0	-3.30597	
30.87	0.337	0.103	-0.0273084	0	-2.24183	0.00319171	0	0.0322222	0	0	-3.30597	
30.88	0.337	0.103	-0.0272685	0	-2.24183	0.00318704	0	0.0322223	0	0	-3.30597	
30.89	0.337	0.103	-0.0272286	0	-2.24183	0.00318238	0	0.0322224	0	0	-3.30597	
30.9	0.337	0.103	-0.0271888	0	-2.24184	0.00317773	0	0.0322226	0	0	-3.30597	
30.91	0.337	0.103	-0.027149	0	-2.24184	0.00317308	0	0.0322227	0	0	-3.30597	
30.92	0.337	0.103	-0.0271093	0	-2.24184	0.00316845	0	0.0322228	0	0	-3.30597	
30.93	0.337	0.103	-0.0270697	0	-2.24184	0.00316381	0	0.0322229	0	0	-3.30597	
30.94	0.337	0.103	-0.0270301	0	-2.24184	0.00315919	0	0.032223	0	0	-3.30597	
30.95	0.337	0.103	-0.0269906	0	-2.24184	0.00315457	0	0.0322231	0	0	-3.30597	
30.96	0.337	0.103	-0.0269512	0	-2.24184	0.00314996	0	0.0322232	0	0	-3.30597	
30.97	0.337	0.103	-0.0269118	0	-2.24184	0.00314536	0	0.0322233	0	0	-3.30597	
30.98	0.337	0.103	-0.0268724	0	-2.24184	0.00314076	0	0.0322234	0	0	-3.30597	
30.99	0.337	0.103	-0.0268331	0	-2.24184	0.00313617	0	0.0322236	0	0	-3.30597	
31	0.337	0.103	-0.0267939	0	-2.24184	0.00313158	0	0.0322237	0	0	-3.30597	
31.01	0.337	0.103	-0.0267547	0	-2.24184	0.00312701	0	0.0322238	0	0	-3.30597	
31.02	0.337	0.103	-0.0267156	0	-2.24184	0.00312243	0	0.0322239	0	0	-3.30597	
31.03	0.337	0.103	-0.0266766	0	-2.24184	0.00311787	0	0.032224	0	0	-3.30597	
31.04	0.337	0.103	-0.0266376	0	-2.24184	0.00311331	0	0.0322241	0	0	-3.30597	
31.05	0.337	0.103	-0.0265986	0	-2.24184	0.00310876	0	0.0322242	0	0	-3.30597	
31.06	0.337	0.103	-0.0265597	0	-2.24184	0.00310422	0	0.0322243	0	0	-3.30597	
31.07	0.337	0.103	-0.0265209	0	-2.24184	0.00309968	0	0.0322244	0	0	-3.30597	
31.08	0.337	0.103	-0.0264821	0	-2.24184	0.00309515	0	0.0322245	0	0	-3.30597	
31.09	0.337	0.103	-0.0264434	0	-2.24184	0.00309062	0	0.0322246	0	0	-3.30597	
31.1	0.337	0.103	-0.0264047	0	-2.24184	0.00308611	0	0.0322247	0	0	-3.30597	
31.11	0.337	0.103	-0.0263661	0	-2.24184	0.0030816	0	0.0322248	0	0	-3.30597	
31.12	0.337	0.103	-0.0263276	0	-2.24185	0.00307709	0	0.032225	0	0	-3.30597	
31.13	0.337	0.103	-0.0262891	0	-2.24185	0.00307259	0	0.0322251	0	0	-3.30597	
31.14	0.337	0.103	-0.0262507	0	-2.24185	0.0030681	0	0.0322252	0	0	-3.30597	
31.15	0.337	0.103	-0.0262123	0	-2.24185	0.00306362	0	0.0322253	0	0	-3.30597	
31.16	0.337	0.103	-0.026174	0	-2.24185	0.00305914	0	0.0322254	0	0	-3.30597	
31.17	0.337	0.103	-0.0261357	0	-2.24185	0.00305467	0	0.0322255	0	0	-3.30597	
31.18	0.337	0.103	-0.0260975	0	-2.24185	0.0030502	0	0.0322256	0	0	-3.30597	
31.19	0.337	0.103	-0.0260593	0	-2.24185	0.00304574	0	0.0322257	0	0	-3.30597	
31.2	0.337	0.103	-0.0260212	0	-2.24185	0.00304129	0	0.0322258	0	0	-3.30597	
31.21	0.337	0.103	-0.0259832	0	-2.24185	0.00303684	0	0.0322259	0	0	-3.30597	
31.22	0.337	0.103	-0.0259452	0	-2.24185	0.00303241	0	0.032226	0	0	-3.30597	
31.23	0.337	0.103	-0.0259073	0	-2.24185	0.00302797	0	0.0322261	0	0	-3.30597	
31.24	0.337	0.103	-0.0258694	0	-2.24185	0.00302355	0	0.0322262	0	0	-3.30597	
31.25	0.337	0.103	-0.0258316	0	-2.24185	0.00301913	0	0.0322263	0	0	-3.30597	
31.26	0.337	0.103	-0.0257938	0	-2.24185	0.00301471	0	0.0322264	0	0	-3.30597	
31.27	0.337	0.103	-0.0257561	0	-2.24185	0.00301031	0	0.0322265	0	0	-3.30597	
31.28	0.337	0.103	-0.0257185	0	-2.24185	0.00300591	0	0.0322266	0	0	-3.30597	
31.29	0.337	0.103	-0.0256809	0	-2.24185	0.00300151	0	0.0322267	0	0	-3.30597	
31.3	0.337	0.103	-0.0256433	0	-2.24185	0.00299712	0	0.0322268	0	0	-3.30597	
31.31	0.337	0.103	-0.0256058	0	-2.24185	0.00299274	0	0.0322269	0	0	-3.30597	
31.32	0.337	0.103	-0.0255684	0	-2.24185	0.00298837	0	0.032227	0	0	-3.30597	
31.33	0.337	0.103	-0.025531	0	-2.24185	0.002984	0	0.0322271	0	0	-3.30597	
31.34	0.337	0.103	-0.0254937	0	-2.24186	0.00297964	0	0.0322272	0	0	-3.30597	
31.35	0.337	0.103	-0.0254564	0	-2.24186	0.00297528	0	0.0322273	0	0	-3.30597	
31.36	0.337	0.103	-0.0254192	0	-2.24186	0.00297093	0	0.0322274	0	0	-3.30597	
31.37	0.337	0.103	-0.025382	0	-2.24186	0.00296659	0	0.0322275	0	0	-3.30597	
31.38	0.337	0.103	-0.0253449	0	-2.24186	0.00296225	0	0.0322276	0	0	-3.30597	
31.39	0.337	0.103	-0.0253079	0	-2.24186	0.00295792	0	0.0322277	0	0	-3.30597	
31.4	0.337	0.103	-0.0252709	0	-2.24186	0.0029536	0	0.0322278	0	0	-3.30597	
31.41	0.337	0.103	-0.0252339	0	-2.24186	0.00294928	0	0.0322279	0	0	-3.30597	
31.42	0.337	0.103	-0.025197	0	-2.24186	0.00294497	0	0.032228	0	0	-3.30597	
31.43	0.337	0.103	-0.0251602	0	-2.24186	0.00294067	0	0.0322281	0	0	-3.30597	
31.44	0.337	0.103	-0.0251234	0	-2.24186	0.00293637	0	0.0322282	0	0	-3.30597	
31.45	0.337	0.103	-0.0250867	0	-2.24186	0.00293207	0	0.0322283	0	0	-3.30597	
31.46	0.337	0.103	-0.02505	0	-2.24186	0.00292779	0	0.0322284	0	0	-3.30597	
31.47	0.337	0.103	-0.0250134	0	-2.24186	0.00292351	0	0.0322285	0	0	-3.30597	
31.48	0.337	0.103	-0.0249768	0	-2.24186	0.00291923	0	0.0322286	0	0	-3.30597	
31.49	0.337	0.103	-0.0249403	0	-2.24186	0.00291497	0	0.0322287	0	0	-3.30597	
31.5	0.337	0.103	-0.0249038	0	-2.24186	0.00291071	0	0.0322288	0	0	-3.30597	
31.51	0.337	0.103	-0.0248674	0	-2.24186	0.00290645	0	0.0322289	0	0	-3.30597	
31.52	0.337	0.103	-0.0248311	0	-2.24186	0.0029022	0	0.0322289	0	0	-3.30597	
31.53	0.337	0.103	-0.0247948	0	-2.24186	0.00289796	0	0.032229	0	0	-3.30597	
31.54	0.337	0.103	-0.0247585	0	-2.24186	0.00289372	0	0.0322291	0	0	-3.30597	
31.55	0.337	0.103	-0.0247223	0	-2.24186	0.00288949	0	0.0322292	0	0	-3.30597	
31.56	0.337	0.103	-0.0246862	0	-2.24186	0.00288527	0	0.0322293	0	0	-3.30597	
31.57	0.337	0.103	-0.0246501	0	-2.24186	0.00288105	0	0.0322294	0	0	-3.30597	
31.58	0.337	0.103	-0.024614	0	-2.24186	0.00287684	0	0.0322295	0	0	-3.30597	
31.59	0.337	0.103	-0.0245781	0	-2.24187	0.00287263	0	0.0322296	0	0	-3.30597	
31.6	0.337	0.103	-0.0245421	0	-2.24187	0.00286844	0	0.0322297	0	0	-3.30597	
31.61	0.337	0.103	-0.0245062	0	-2.24187	0.00286424	0	0.0322298	0	0	-3.30597	
31.62	0.337	0.103	-0.0244704	0	-2.24187	0.00286006	0	0.0322299	0	0	-3.30597	
31.63	0.337	0.103	-0.0244346	0	-2.24187	0.00285587	0	0.03223	0	0	-3.30597	
31.64	0.337	0.103	-0.0243989	0	-2.24187	0.0028517	0	0.0322301	0	0	-3.30597	
31.65	0.337	0.103	-0.0243632	0	-2.24187	0.00284753	0	0.0322301	0	0	-3.30597	
31.66	0.337	0.103	-0.0243276	0	-2.24187	0.00284337	0	0.0322302	0	0	-3.30597	
31.67	0.337	0.103	-0.0242921	0	-2.24187	0.00283921	0	0.0322303	0	0	-3.30597	
31.68	0.337	0.103	-0.0242565	0	-2.24187	0.00283506	0	0.0322304	0	0	-3.30597	
31.69	0.337	0.103	-0.0242211	0	-2.24187	0.00283092	0	0.0322305	0	0	-3.30597	
31.7	0.337	0.103	-0.0241857	0	-2.24187	0.00282678	0	0.0322306	0	0	-3.30597	
31.71	0.337	0.103	-0.0241503	0	-2.24187	0.00282265	0	0.0322307	0	0	-3.30597	
31.72	0.337	0.103	-0.024115	0	-2.24187	0.00281852	0	0.0322308	0	0	-3.30597	
31.73	0.337	0.103	-0.0240797	0	-2.24187	0.0028144	0	0.0322309	0	0	-3.30597	
31.74	0.337	0.103	-0.0240445	0	-2.24187	0.00281029	0	0.0322309	0	0	-3.30597	
31.75	0.337	0.103	-0.0240094	0	-2.24187	0.00280618	0	0.032231	0	0	-3.30597	
31.76	0.337	0.103	-0.0239743	0	-2.24187	0.00280208	0	0.0322311	0	0	-3.30597	
31.77	0.337	0.103	-0.0239392	0	-2.24187	0.00279798	0	0.0322312	0	0	-3.30597	
31.78	0.337	0.103	-0.0239042	0	-2.24187	0.00279389	0	0.0322313	0	0	-3.30597	
31.79	0.337	0.103	-0.0238693	0	-2.24187	0.00278981	0	0.0322314	0	0	-3.30597	
31.8	0.337	0.103	-0.0238344	0	-2.24187	0.00278573	0	0.0322315	0	0	-3.30597	
31.81	0.337	0.103	-0.0237995	0	-2.24187	0.00278165	0	0.0322316	0	0	-3.30597	
31.82	0.337	0.103	-0.0237647	0	-2.24187	0.00277759	0	0.0322316	0	0	-3.30597	
31.83	0.337	0.103	-0.02373	0	-2.24187	0.00277353	0	0.0322317	0	0	-3.30597	
31.84	0.337	0.103	-0.0236953	0	-2.24187	0.00276947	0	0.0322318	0	0	-3.30597	
31.85	0.337	0.103	-0.0236607	0	-2.24188	0.00276543	0	0.0322319	0	0	-3.30597	
31.86	0.337	0.103	-0.0236261	0	-2.24188	0.00276138	0	0.032232	0	0	-3.30597	
31.87	0.337	0.103	-0.0235915	0	-2.24188	0.00275735	0	0.0322321	0	0	-3.30597	
31.88	0.337	0.103	-0.023557	0	-2.24188	0.00275331	0	0.0322322	0	0	-3.30597	
31.89	0.337	0.103	-0.0235226	0	-2.24188	0.00274929	0	0.0322322	0	0	-3.30597	
31.9	0.337	0.103	-0.0234882	0	-2.24188	0.00274527	0	0.0322323	0	0	-3.30597	
31.91	0.337	0.103	-0.0234539	0	-2.24188	0.00274126	0	0.0322324	0	0	-3.30597	
31.92	0.337	0.103	-0.0234196	0	-2.24188	0.00273725	0	0.0322325	0	0	-3.30597	
31.93	0.337	0.103	-0.0233853	0	-2.24188	0.00273325	0	0.0322326	0	0	-3.30597	
31.94	0.337	0.103	-0.0233512	0	-2.24188	0.00272925	0	0.0322327	0	0	-3.30597	
31.95	0.337	0.103	-0.023317	0	-2.24188	0.00272526	0	0.0322327	0	0	-3.30597	
31.96	0.337	0.103	-0.0232829	0	-2.24188	0.00272128	0	0.0322328	0	0	-3.30597	
31.97	0.337	0.103	-0.0232489	0	-2.24188	0.0027173	0	0.0322329	0	0	-3.30597	
31.98	0.337	0.103	-0.0232149	0	-2.24188	0.00271333	0	0.032233	0	0	-3.30597	
31.99	0.337	0.103	-0.023181	0	-2.24188	0.00270936	0	0.0322331	0	0	-3.30597	
32	0.337	0.103	-0.0231471	0	-2.24188	0.0027054	0	0.0322332	0	0	-3.30597	
32.01	0.337	0.103	-0.0231132	0	-2.24188	0.00270145	0	0.0322332	0	0	-3.30597	
32.02	0.337	0.103	-0.0230794	0	-2.24188	0.0026975	0	0.0322333	0	0	-3.30597	
32.03	0.337	0.103	-0.0230457	0	-2.24188	0.00269356	0	0.0322334	0	0	-3.30597	
32.04	0.337	0.103	-0.023012	0	-2.24188	0.00268962	0	0.0322335	0	0	-3.30597	
32.05	0.337	0.103	-0.0229784	0	-2.24188	0.00268569	0	0.0322336	0	0	-3.30597	
32.06	0.337	0.103	-0.0229448	0	-2.24188	0.00268176	0	0.0322336	0	0	-3.30597	
32.07	0.337	0.103	-0.0229112	0	-2.24188	0.00267784	0	0.0322337	0	0	-3.30597	
32.08	0.337	0.103	-0.0228777	0	-2.24188	0.00267392	0	0.0322338	0	0	-3.30597	
32.09	0.337	0.103	-0.0228443	0	-2.24188	0.00267002	0	0.0322339	0	0	-3.30597	
32.1	0.337	0.103	-0.0228109	0	-2.24188	0.00266611	0	0.032234	0	0	-3.30597	
32.11	0.337	0.103	-0.0227775	0	-2.24188	0.00266222	0	0.032234	0	0	-3.30597	
32.12	0.337	0.103	-0.0227442	0	-2.24188	0.00265832	0	0.0322341	0	0	-3.30597	
32.13	0.337	0.103	-0.022711	0	-2.24188	0.00265444	0	0.0322342	0	0	-3.30597	
32.14	0.337	0.103	-0.0226778	0	-2.24189	0.00265056	0	0.0322343	0	0	-3.30597	
32.15	0.337	0.103	-0.0226446	0	-2.24189	0.00264668	0	0.0322344	0	0	-3.30597	
32.16	0.337	0.103	-0.0226115	0	-2.24189	0.00264281	0	0.0322344	0	0	-3.30597	
32.17	0.337	0.103	-0.0225784	0	-2.24189	0.00263895	0	0.0322345	0	0	-3.30597	
32.18	0.337	0.103	-0.0225454	0	-2.24189	0.00263509	0	0.0322346	0	0	-3.30597	
32.19	0.337	0.103	-0.0225125	0	-2.24189	0.00263124	0	0.0322347	0	0	-3.30597	
32.2	0.337	0.103	-0.0224796	0	-2.24189	0.00262739	0	0.0322347	0	0	-3.30597	
32.21	0.337	0.103	-0.0224467	0	-2.24189	0.00262355	0	0.0322348	0	0	-3.30597	
32.22	0.337	0.103	-0.0224139	0	-2.24189	0.00261972	0	0.0322349	0	0	-3.30597	
32.23	0.337	0.103	-0.0223811	0	-2.24189	0.00261589	0	0.032235	0	0	-3.30597	
32.24	0.337	0.103	-0.0223484	0	-2.24189	0.00261206	0	0.032235	0	0	-3.30597	
32.25	0.337	0.103	-0.0223157	0	-2.24189	0.00260824	0	0.0322351	0	0	-3.30597	
32.26	0.337	0.103	-0.0222831	0	-2.24189	0.00260443	0	0.0322352	0	0	-3.30597	
32.27	0.337	0.103	-0.0222505	0	-2.24189	0.00260062	0	0.0322353	0	0	-3.30597	
32.28	0.337	0.103	-0.022218	0	-2.24189	0.00259682	0	0.0322354	0	0	-3.30597	
32.29	0.337	0.103	-0.0221855	0	-2.24189	0.00259303	0	0.0322354	0	0	-3.30597	
32.3	0.337	0.103	-0.0221531	0	-2.24189	0.00258924	0	0.0322355	0	0	-3.30597	
32.31	0.337	0.103	-0.0221207	0	-2.24189	0.00258545	0	0.0322356	0	0	-3.30597	
32.32	0.337	0.103	-0.0220883	0	-2.24189	0.00258167	0	0.0322357	0	0	-3.30597	
32.33	0.337	0.103	-0.022056	0	-2.24189	0.0025779	0	0.0322357	0	0	-3.30597	
32.34	0.337	0.103	-0.0220238	0	-2.24189	0.00257413	0	0.0322358	0	0	-3.30597	
32.35	0.337	0.103	-0.0219916	0	-2.24189	0.00257037	0	0.0322359	0	0	-3.30597	
32.36	0.337	0.103	-0.0219594	0	-2.24189	0.00256661	0	0.0322359	0	0	-3.30597	
32.37	0.337	0.103	-0.0219273	0	-2.24189	0.00256286	0	0.032236	0	0	-3.30597	
32.38	0.337	0.103	-0.0218953	0	-2.24189	0.00255911	0	0.0322361	0	0	-3.30597	
32.39	0.337	0.103	-0.0218633	0	-2.24189	0.00255537	0	0.0322362	0	0	-3.30597	
32.4	0.337	0.103	-0.0218313	0	-2.24189	0.00255163	0	0.0322362	0	0	-3.30597	
32.41	0.337	0.103	-0.0217994	0	-2.24189	0.0025479	0	0.0322363	0	0	-3.30597	
32.42	0.337	0.103	-0.0217675	0	-2.24189	0.00254418	0	0.0322364	0	0	-3.30597	
32.43	0.337	0.103	-0.0217357	0	-2.24189	0.00254046	0	0.0322365	0	0	-3.30597	
32.44	0.337	0.103	-0.0217039	0	-2.24189	0.00253674	0	0.0322365	0	0	-3.30597	
32.45	0.337	0.103	-0.0216722	0	-2.2419	0.00253304	0	0.0322366	0	0	-3.30597	
32.46	0.337	0.103	-0.0216405	0	-2.2419	0.00252933	0	0.0322367	0	0	-3.30597	
32.47	0.337	0.103	-0.0216089	0	-2.2419	0.00252564	0	0.0322367	0	0	-3.30597	
32.48	0.337	0.103	-0.0215773	0	-2.2419	0.00252194	0	0.0322368	0	0	-3.30597	
32.49	0.337	0.103	-0.0215457	0	-2.2419	0.00251826	0	0.0322369	0	0	-3.30597	
32.5	0.337	0.103	-0.0215142	0	-2.2419	0.00251458	0	0.032237	0	0	-3.30597	
32.51	0.337	0.103	-0.0214828	0	-2.2419	0.0025109	0	0.032237	0	0	-3.30597	
32.52	0.337	0.103	-0.0214514	0	-2.2419	0.00250723	0	0.0322371	0	0	-3.30597	
32.53	0.337	0.103	-0.02142	0	-2.2419	0.00250356	0	0.0322372	0	0	-3.30597	
32.54	0.337	0.103	-0.0213887	0	-2.2419	0.0024999	0	0.0322372	0	0	-3.30597	
32.55	0.337	0.103	-0.0213574	0	-2.2419	0.00249625	0	0.0322373	0	0	-3.30597	
32.56	0.337	0.103	-0.0213262	0	-2.2419	0.0024926	0	0.0322374	0	0	-3.30597	
32.57	0.337	0.103	-0.021295	0	-2.2419	0.00248896	0	0.0322374	0	0	-3.30597	
32.58	0.337	0.103	-0.0212639	0	-2.2419	0.00248532	0	0.0322375	0	0	-3.30597	
32.59	0.337	0.103	-0.0212328	0	-2.2419	0.00248168	0	0.0322376	0	0	-3.30597	
32.6	0.337	0.103	-0.0212017	0	-2.2419	0.00247806	0	0.0322377	0	0	-3.30597	
32.61	0.337	0.103	-0.0211707	0	-2.2419	0.00247443	0	0.0322377	0	0	-3.30597	
32.62	0.337	0.103	-0.0211398	0	-2.2419	0.00247082	0	0.0322378	0	0	-3.30597	
32.63	0.337	0.103	-0.0211089	0	-2.2419	0.0024672	0	0.0322379	0	0	-3.30597	
32.64	0.337	0.103	-0.021078	0	-2.2419	0.0024636	0	0.0322379	0	0	-3.30597	
32.65	0.337	0.103	-0.0210472	0	-2.2419	0.00246	0	0.032238	0	0	-3.30597	
32.66	0.337	0.103	-0.0210164	0	-2.2419	0.0024564	0	0.0322381	0	0	-3.30597	
32.67	0.337	0.103	-0.0209857	0	-2.2419	0.00245281	0	0.0322381	0	0	-3.30597	
32.68	0.337	0.103	-0.020955	0	-2.2419	0.00244922	0	0.0322382	0	0	-3.30597	
32.69	0.337	0.103	-0.0209244	0	-2.2419	0.00244564	0	0.0322383	0	0	-3.30597	
32.7	0.337	0.103	-0.0208938	0	-2.2419	0.00244207	0	0.0322383	0	0	-3.30597	
32.71	0.337	0.103	-0.0208632	0	-2.2419	0.0024385	0	0.0322384	0	0	-3.30597	
32.72	0.337	0.103	-0.0208327	0	-2.2419	0.00243493	0	0.0322385	0	0	-3.30597	
32.73	0.337	0.103	-0.0208023	0	-2.2419	0.00243137	0	0.0322385	0	0	-3.30597	
32.74	0.337	0.103	-0.0207719	0	-2.2419	0.00242782	0	0.0322386	0	0	-3.30597	
32.75	0.337	0.103	-0.0207415	0	-2.2419	0.00242427	0	0.0322387	0	0	-3.30597	
32.76	0.337	0.103	-0.0207112	0	-2.2419	0.00242072	0	0.0322387	0	0	-3.30597	
32.77	0.337	0.103	-0.0206809	0	-2.2419	0.00241719	0	0.0322388	0	0	-3.30597	
32.78	0.337	0.103	-0.0206507	0	-2.2419	0.00241365	0	0.0322389	0	0	-3.30597	
32.79	0.337	0.103	-0.0206205	0	-2.24191	0.00241012	0	0.0322389	0	0	-3.30597	
32.8	0.337	0.103	-0.0205903	0	-2.24191	0.0024066	0	0.032239	0	0	-3.30597	
32.81	0.337	0.103	-0.0205602	0	-2.24191	0.00240308	0	0.032239	0	0	-3.30597	
32.82	0.337	0.103	-0.0205302	0	-2.24191	0.00239957	0	0.0322391	0	0	-3.30597	
32.83	0.337	0.103	-0.0205001	0	-2.24191	0.00239606	0	0.0322392	0	0	-3.30597	
32.84	0.337	0.103	-0.0204702	0	-2.24191	0.00239256	0	0.0322392	0	0	-3.30597	
32.85	0.337	0.103	-0.0204402	0	-2.24191	0.00238906	0	0.0322393	0	0	-3.30597	
32.86	0.337	0.103	-0.0204104	0	-2.24191	0.00238557	0	0.0322394	0	0	-3.30597	
32.87	0.337	0.103	-0.0203805	0	-2.24191	0.00238208	0	0.0322394	0	0	-3.30597	
32.88	0.337	0.103	-0.0203507	0	-2.24191	0.0023786	0	0.0322395	0	0	-3.30597	
32.89	0.337	0.103	-0.020321	0	-2.24191	0.00237512	0	0.0322396	0	0	-3.30597	
32.9	0.337	0.103	-0.0202913	0	-2.24191	0.00237165	0	0.0322396	0	0	-3.30597	
32.91	0.337	0.103	-0.0202616	0	-2.24191	0.00236818	0	0.0322397	0	0	-3.30597	
32.92	0.337	0.103	-0.020232	0	-2.24191	0.00236472	0	0.0322397	0	0	-3.30597	
32.93	0.337	0.103	-0.0202024	0	-2.24191	0.00236126	0	0.0322398	0	0	-3.30597	
32.94	0.337	0.103	-0.0201729	0	-2.24191	0.00235781	0	0.0322399	0	0	-3.30597	
32.95	0.337	0.103	-0.0201434	0	-2.24191	0.00235436	0	0.0322399	0	0	-3.30597	
32.96	0.337	0.103	-0.0201139	0	-2.24191	0.00235092	0	0.03224	0	0	-3.30597	
32.97	0.337	0.103	-0.0200845	0	-2.24191	0.00234749	0	0.0322401	0	0	-3.30597	
32.98	0.337	0.103	-0.0200551	0	-2.24191	0.00234405	0	0.0322401	0	0	-3.30597	
32.99	0.337	0.103	-0.0200258	0	-2.24191	0.00234063	0	0.0322402	0	0	-3.30597	
33	0.337	0.103	-0.0199965	0	-2.24191	0.0023372	0	0.0322402	0	0	-3.30597	
33.01	0.337	0.103	-0.0199673	0	-2.24191	0.00233379	0	0.0322403	0	0	-3.30597	
33.02	0.337	0.103	-0.0199381	0	-2.24191	0.00233038	0	0.0322404	0	0	-3.30597	
33.03	0.337	0.103	-0.019909	0	-2.24191	0.00232697	0	0.0322404	0	0	-3.30597	
33.04	0.337	0.103	-0.0198799	0	-2.24191	0.00232357	0	0.0322405	0	0	-3.30597	
33.05	0.337	0.103	-0.0198508	0	-2.24191	0.00232017	0	0.0322405	0	0	-3.30597	
33.06	0.337	0.103	-0.0198218	0	-2.24191	0.00231678	0	0.0322406	0	0	-3.30597	
33.07	0.337	0.103	-0.0197928	0	-2.24191	0.00231339	0	0.0322407	0	0	-3.30597	
33.08	0.337	0.103	-0.0197639	0	-2.24191	0.00231001	0	0.0322407	0	0	-3.30597	
33.09	0.337	0.103	-0.019735	0	-2.24191	0.00230663	0	0.0322408	0	0	-3.30597	
33.1	0.337	0.103	-0.0197061	0	-2.24191	0.00230326	0	0.0322408	0	0	-3.30597	
33.11	0.337	0.103	-0.0196773	0	-2.24191	0.00229989	0	0.0322409	0	0	-3.30597	
33.12	0.337	0.103	-0.0196485	0	-2.24191	0.00229653	0	0.032241	0	0	-3.30597	
33.13	0.337	0.103	-0.0196198	0	-2.24191	0.00229317	0	0.032241	0	0	-3.30597	
33.14	0.337	0.103	-0.0195911	0	-2.24191	0.00228982	0	0.0322411	0	0	-3.30597	
33.15	0.337	0.103	-0.0195625	0	-2.24191	0.00228647	0	0.0322411	0	0	-3.30597	
33.16	0.337	0.103	-0.0195339	0	-2.24191	0.00228313	0	0.0322412	0	0	-3.30597	
33.17	0.337	0.103	-0.0195053	0	-2.24192	0.00227979	0	0.0322412	0	0	-3.30597	
33.18	0.337	0.103	-0.0194768	0	-2.24192	0.00227646	0	0.0322413	0	0	-3.30597	
33.19	0.337	0.103	-0.0194483	0	-2.24192	0.00227313	0	0.0322414	0	0	-3.30597	
33.2	0.337	0.103	-0.0194199	0	-2.24192	0.00226981	0	0.0322414	0	0	-3.30597	
33.21	0.337	0.103	-0.0193915	0	-2.24192	0.00226649	0	0.0322415	0	0	-3.30597	
33.22	0.337	0.103	-0.0193631	0	-2.24192	0.00226318	0	0.0322415	0	0	-3.30597	
33.23	0.337	0.103	-0.0193348	0	-2.24192	0.00225987	0	0.0322416	0	0	-3.30597	
33.24	0.337	0.103	-0.0193066	0	-2.24192	0.00225657	0	0.0322417	0	0	-3.30597	
33.25	0.337	0.103	-0.0192783	0	-2.24192	0.00225327	0	0.0322417	0	0	-3.30597	
33.26	0.337	0.103	-0.0192502	0	-2.24192	0.00224997	0	0.0322418	0	0	-3.30597	
33.27	0.337	0.103	-0.019222	0	-2.24192	0.00224668	0	0.0322418	0	0	-3.30597	
33.28	0.337	0.103	-0.0191939	0	-2.24192	0.0022434	0	0.0322419	0	0	-3.30597	
33.29	0.337	0.103	-0.0191658	0	-2.24192	0.00224012	0	0.0322419	0	0	-3.30597	
33.3	0.337	0.103	-0.0191378	0	-2.24192	0.00223684	0	0.032242	0	0	-3.30597	
33.31	0.337	0.103	-0.0191098	0	-2.24192	0.00223357	0	0.032242	0	0	-3.30597	
33.32	0.337	0.103	-0.0190819	0	-2.24192	0.00223031	0	0.0322421	0	0	-3.30597	
33.33	0.337	0.103	-0.019054	0	-2.24192	0.00222705	0	0.0322422	0	0	-3.30597	
33.34	0.337	0.103	-0.0190261	0	-2.24192	0.00222379	0	0.0322422	0	0	-3.30597	
33.35	0.337	0.103	-0.0189983	0	-2.24192	0.00222054	0	0.0322423	0	0	-3.30597	
33.36	0.337	0.103	-0.0189706	0	-2.24192	0.0022173	0	0.0322423	0	0	-3.30597	
33.37	0.337	0.103	-0.0189428	0	-2.24192	0.00221405	0	0.0322424	0	0	-3.30597	
33.38	0.337	0.103	-0.0189151	0	-2.24192	0.00221082	0	0.0322424	0	0	-3.30597	
33.39	0.337	0.103	-0.0188875	0	-2.24192	0.00220759	0	0.0322425	0	0	-3.30597	
33.4	0.337	0.103	-0.0188599	0	-2.24192	0.00220436	0	0.0322425	0	0	-3.30597	
33.41	0.337	0.103	-0.0188323	0	-2.24192	0.00220114	0	0.0322426	0	0	-3.30597	
33.42	0.337	0.103	-0.0188047	0	-2.24192	0.00219792	0	0.0322426	0	0	-3.30597	
33.43	0.337	0.103	-0.0187773	0	-2.24192	0.0021947	0	0.0322427	0	0	-3.30597	
33.44	0.337	0.103	-0.0187498	0	-2.24192	0.0021915	0	0.0322428	0	0	-3.30597	
33.45	0.337	0.103	-0.0187224	0	-2.24192	0.00218829	0	0.0322428	0	0	-3.30597	
33.46	0.337	0.103	-0.018695	0	-2.24192	0.00218509	0	0.0322429	0	0	-3.30597	
33.47	0.337	0.103	-0.0186677	0	-2.24192	0.0021819	0	0.0322429	0	0	-3.30597	
33.48	0.337	0.103	-0.0186404	0	-2.24192	0.00217871	0	0.032243	0	0	-3.30597	
33.49	0.337	0.103	-0.0186131	0	-2.24192	0.00217552	0	0.032243	0	0	-3.30597	
33.5	0.337	0.103	-0.0185859	0	-2.24192	0.00217234	0	0.0322431	0	0	-3.30597	
33.51	0.337	0.103	-0.0185588	0	-2.24192	0.00216917	0	0.0322431	0	0	-3.30597	
33.52	0.337	0.103	-0.0185316	0	-2.24192	0.002166	0	0.0322432	0	0	-3.30597	
33.53	0.337	0.103	-0.0185045	0	-2.24192	0.00216283	0	0.0322432	0	0	-3.30597	
33.54	0.337	0.103	-0.0184775	0	-2.24192	0.00215967	0	0.0322433	0	0	-3.30597	
33.55	0.337	0.103	-0.0184505	0	-2.24192	0.00215651	0	0.0322433	0	0	-3.30597	
33.56	0.337	0.103	-0.0184235	0	-2.24192	0.00215336	0	0.0322434	0	0	-3.30597	
33.57	0.337	0.103	-0.0183965	0	-2.24192	0.00215021	0	0.0322434	0	0	-3.30597	
33.58	0.337	0.103	-0.0183696	0	-2.24192	0.00214707	0	0.0322435	0	0	-3.30597	
33.59	0.337	0.103	-0.0183428	0	-2.24192	0.00214393	0	0.0322435	0	0	-3.30597	
33.6	0.337	0.103	-0.018316	0	-2.24193	0.00214079	0	0.0322436	0	0	-3.30597	
33.61	0.337	0.103	-0.0182892	0	-2.24193	0.00213766	0	0.0322436	0	0	-3.30597	
33.62	0.337	0.103	-0.0182625	0	-2.24193	0.00213454	0	0.0322437	0	0	-3.30597	
33.63	0.337	0.103	-0.0182358	0	-2.24193	0.00213142	0	0.0322437	0	0	-3.30597	
33.64	0.337	0.103	-0.0182091	0	-2.24193	0.0021283	0	0.0322438	0	0	-3.30597	
33.65	0.337	0.103	-0.0181825	0	-2.24193	0.00212519	0	0.0322438	0	0	-3.30597	
33.66	0.337	0.103	-0.0181559	0	-2.24193	0.00212208	0	0.0322439	0	0	-3.30597	
33.67	0.337	0.103	-0.0181293	0	-2.24193	0.00211898	0	0.0322439	0	0	-3.30597	
33.68	0.337	0.103	-0.0181028	0	-2.24193	0.00211588	0	0.032244	0	0	-3.30597	
33.69	0.337	0.103	-0.0180764	0	-2.24193	0.00211279	0	0.032244	0	0	-3.30597	
33.7	0.337	0.103	-0.0180499	0	-2.24193	0.0021097	0	0.0322441	0	0	-3.30597	
33.71	0.337	0.103	-0.0180236	0	-2.24193	0.00210662	0	0.0322441	0	0	-3.30597	
33.72	0.337	0.103	-0.0179972	0	-2.24193	0.00210354	0	0.0322442	0	0	-3.30597	
33.73	0.337	0.103	-0.0179709	0	-2.24193	0.00210046	0	0.0322442	0	0	-3.30597	
33.74	0.337	0.103	-0.0179446	0	-2.24193	0.00209739	0	0.0322443	0	0	-3.30597	
33.75	0.337	0.103	-0.0179184	0	-2.24193	0.00209432	0	0.0322443	0	0	-3.30597	
33.76	0.337	0.103	-0.0178922	0	-2.24193	0.00209126	0	0.0322444	0	0	-3.30597	
33.77	0.337	0.103	-0.017866	0	-2.24193	0.00208821	0	0.0322444	0	0	-3.30597	
33.78	0.337	0.103	-0.0178399	0	-2.24193	0.00208515	0	0.0322445	0	0	-3.30597	
33.79	0.337	0.103	-0.0178138	0	-2.24193	0.0020821	0	0.0322445	0	0	-3.30597	
33.8	0.337	0.103	-0.0177878	0	-2.24193	0.00207906	0	0.0322446	0	0	-3.30597	
33.81	0.337	0.103	-0.0177618	0	-2.24193	0.00207602	0	0.0322446	0	0	-3.30597	
33.82	0.337	0.103	-0.0177358	0	-2.24193	0.00207299	0	0.0322447	0	0	-3.30597	
33.83	0.337	0.103	-0.0177099	0	-2.24193	0.00206996	0	0.0322447	0	0	-3.30597	
33.84	0.337	0.103	-0.017684	0	-2.24193	0.00206693	0	0.0322448	0	0	-3.30597	
33.85	0.337	0.103	-0.0176581	0	-2.24193	0.00206391	0	0.0322448	0	0	-3.30597	
33.86	0.337	0.103	-0.0176323	0	-2.24193	0.00206089	0	0.0322449	0	0	-3.30597	
33.87	0.337	0.103	-0.0176065	0	-2.24193	0.00205788	0	0.0322449	0	0	-3.30597	
33.88	0.337	0.103	-0.0175808	0	-2.24193	0.00205487	0	0.032245	0	0	-3.30597	
33.89	0.337	0.103	-0.0175551	0	-2.24193	0.00205186	0	0.032245	0	0	-3.30597	
33.9	0.337	0.103	-0.0175294	0	-2.24193	0.00204886	0	0.0322451	0	0	-3.30597	
33.91	0.337	0.103	-0.0175038	0	-2.24193	0.00204587	0	0.0322451	0	0	-3.30597	
33.92	0.337	0.103	-0.0174782	0	-2.24193	0.00204288	0	0.0322452	0	0	-3.30597	
33.93	0.337	0.103	-0.0174526	0	-2.24193	0.00203989	0	0.0322452	0	0	-3.30597	
33.94	0.337	0.103	-0.0174271	0	-2.24193	0.00203691	0	0.0322452	0	0	-3.30597	
33.95	0.337	0.103	-0.0174016	0	-2.24193	0.00203393	0	0.0322453	0	0	-3.30597	
33.96	0.337	0.103	-0.0173762	0	-2.24193	0.00203096	0	0.0322453	0	0	-3.30597	
33.97	0.337	0.103	-0.0173508	0	-2.24193	0.00202799	0	0.0322454	0	0	-3.30597	
33.98	0.337	0.103	-0.0173254	0	-2.24193	0.00202502	0	0.0322454	0	0	-3.30597	
33.99	0.337	0.103	-0.0173001	0	-2.24193	0.00202206	0	0.0322455	0	0	-3.30597	
34	0.337	0.103	-0.0172748	0	-2.24193	0.00201911	0	0.0322455	0	0	-3.30597	
34.01	0.337	0.103	-0.0172496	0	-2.24193	0.00201616	0	0.0322456	0	0	-3.30597	
34.02	0.337	0.103	-0.0172243	0	-2.24193	0.00201321	0	0.0322456	0	0	-3.30597	
34.03	0.337	0.103	-0.0171991	0	-2.24193	0.00201026	0	0.0322457	0	0	-3.30597	
34.04	0.337	0.103	-0.017174	0	-2.24193	0.00200733	0	0.0322457	0	0	-3.30597	
34.05	0.337	0.103	-0.0171489	0	-2.24193	0.00200439	0	0.0322457	0	0	-3.30597	
34.06	0.337	0.103	-0.0171238	0	-2.24193	0.00200146	0	0.0322458	0	0	-3.30597	
34.07	0.337	0.103	-0.0170988	0	-2.24193	0.00199853	0	0.0322458	0	0	-3.30597	
34.08	0.337	0.103	-0.0170738	0	-2.24193	0.00199561	0	0.0322459	0	0	-3.30597	
34.09	0.337	0.103	-0.0170488	0	-2.24194	0.0019927	0	0.0322459	0	0	-3.30597	
34.1	0.337	0.103	-0.0170239	0	-2.24194	0.00198978	0	0.032246	0	0	-3.30597	
34.11	0.337	0.103	-0.016999	0	-2.24194	0.00198687	0	0.032246	0	0	-3.30597	
34.12	0.337	0.103	-0.0169742	0	-2.24194	0.00198397	0	0.0322461	0	0	-3.30597	
34.13	0.337	0.103	-0.0169493	0	-2.24194	0.00198107	0	0.0322461	0	0	-3.30597	
34.14	0.337	0.103	-0.0169246	0	-2.24194	0.00197817	0	0.0322461	0	0	-3.30597	
34.15	0.337	0.103	-0.0168998	0	-2.24194	0.00197528	0	0.0322462	0	0	-3.30597	
34.16	0.337	0.103	-0.0168751	0	-2.24194	0.00197239	0	0.0322462	0	0	-3.30597	
34.17	0.337	0.103	-0.0168504	0	-2.24194	0.00196951	0	0.0322463	0	0	-3.30597	
34.18	0.337	0.103	-0.0168258	0	-2.24194	0.00196663	0	0.0322463	0	0	-3.30597	
34.19	0.337	0.103	-0.0168012	0	-2.24194	0.00196375	0	0.0322464	0	0	-3.30597	
34.2	0.337	0.103	-0.0167766	0	-2.24194	0.00196088	0	0.0322464	0	0	-3.30597	
34.21	0.337	0.103	-0.0167521	0	-2.24194	0.00195802	0	0.0322465	0	0	-3.30597	
34.22	0.337	0.103	-0.0167276	0	-2.24194	0.00195515	0	0.0322465	0	0	-3.30597	
34.23	0.337	0.103	-0.0167032	0	-2.24194	0.0019523	0	0.0322465	0	0	-3.30597	
34.24	0.337	0.103	-0.0166787	0	-2.24194	0.00194944	0	0.0322466	0	0	-3.30597	
34.25	0.337	0.103	-0.0166543	0	-2.24194	0.00194659	0	0.0322466	0	0	-3.30597	
34.26	0.337	0.103	-0.01663	0	-2.24194	0.00194375	0	0.0322467	0	0	-3.30597	
34.27	0.337	0.103	-0.0166057	0	-2.24194	0.0019409	0	0.0322467	0	0	-3.30597	
34.28	0.337	0.103	-0.0165814	0	-2.24194	0.00193807	0	0.0322467	0	0	-3.30597	
34.29	0.337	0.103	-0.0165572	0	-2.24194	0.00193523	0	0.0322468	0	0	-3.30597	
34.3	0.337	0.103	-0.016533	0	-2.24194	0.0019324	0	0.0322468	0	0	-3.30597	
34.31	0.337	0.103	-0.0165088	0	-2.24194	0.00192958	0	0.0322469	0	0	-3.30597	
34.32	0.337	0.103	-0.0164846	0	-2.24194	0.00192676	0	0.0322469	0	0	-3.30597	
34.33	0.337	0.103	-0.0164605	0	-2.24194	0.00192394	0	0.032247	0	0	-3.30597	
34.34	0.337	0.103	-0.0164365	0	-2.24194	0.00192113	0	0.032247	0	0	-3.30597	
34.35	0.337	0.103	-0.0164125	0	-2.24194	0.00191832	0	0.032247	0	0	-3.30597	
34.36	0.337	0.103	-0.0163885	0	-2.24194	0.00191551	0	0.0322471	0	0	-3.30597	
34.37	0.337	0.103	-0.0163645	0	-2.24194	0.00191271	0	0.0322471	0	0	-3.30597	
34.38	0.337	0.103	-0.0163406	0	-2.24194	0.00190992	0	0.0322472	0	0	-3.30597	
34.39	0.337	0.103	-0.0163167	0	-2.24194	0.00190713	0	0.0322472	0	0	-3.30597	
34.4	0.337	0.103	-0.0162928	0	-2.24194	0.00190434	0	0.0322472	0	0	-3.30597	
34.41	0.337	0.103	-0.016269	0	-2.24194	0.00190155	0	0.0322473	0	0	-3.30597	
34.42	0.337	0.103	-0.0162452	0	-2.24194	0.00189877	0	0.0322473	0	0	-3.30597	
34.43	0.337	0.103	-0.0162215	0	-2.24194	0.001896	0	0.0322474	0	0	-3.30597	
34.44	0.337	0.103	-0.0161977	0	-2.24194	0.00189323	0	0.0322474	0	0	-3.30597	
34.45	0.337	0.103	-0.0161741	0	-2.24194	0.00189046	0	0.0322474	0	0	-3.30597	
34.46	0.337	0.103	-0.0161504	0	-2.24194	0.00188769	0	0.0322475	0	0	-3.30597	
34.47	0.337	0.103	-0.0161268	0	-2.24194	0.00188493	0	0.0322475	0	0	-3.30597	
34.48	0.337	0.103	-0.0161032	0	-2.24194	0.00188218	0	0.0322476	0	0	-3.30597	
34.49	0.337	0.103	-0.0160797	0	-2.24194	0.00187943	0	0.0322476	0	0	-3.30597	
34.5	0.337	0.103	-0.0160562	0	-2.24194	0.00187668	0	0.0322476	0	0	-3.30597	
34.51	0.337	0.103	-0.0160327	0	-2.24194	0.00187394	0	0.0322477	0	0	-3.30597	
34.52	0.337	0.103	-0.0160093	0	-2.24194	0.0018712	0	0.0322477	0	0	-3.30597	
34.53	0.337	0.103	-0.0159859	0	-2.24194	0.00186846	0	0.0322478	0	0	-3.30597	
34.54	0.337	0.103	-0.0159625	0	-2.24194	0.00186573	0	0.0322478	0	0	-3.30597	
34.55	0.337	0.103	-0.0159391	0	-2.24194	0.001863	0	0.0322478	0	0	-3.30597	
34.56	0.337	0.103	-0.0159158	0	-2.24194	0.00186028	0	0.0322479	0	0	-3.30597	
34.57	0.337	0.103	-0.0158926	0	-2.24194	0.00185756	0	0.0322479	0	0	-3.30597	
34.58	0.337	0.103	-0.0158693	0	-2.24194	0.00185484	0	0.032248	0	0	-3.30597	
34.59	0.337	0.103	-0.0158461	0	-2.24194	0.00185213	0	0.032248	0	0	-3.30597	
34.6	0.337	0.103	-0.015823	0	-2.24194	0.00184942	0	0.032248	0	0	-3.30597	
34.61	0.337	0.103	-0.0157998	0	-2.24194	0.00184672	0	0.0322481	0	0	-3.30597	
34.62	0.337	0.103	-0.0157767	0	-2.24194	0.00184402	0	0.0322481	0	0	-3.30597	
34.63	0.337	0.103	-0.0157537	0	-2.24194	0.00184132	0	0.0322481	0	0	-3.30597	
34.64	0.337	0.103	-0.0157306	0	-2.24194	0.00183863	0	0.0322482	0	0	-3.30597	
34.65	0.337	0.103	-0.0157076	0	-2.24194	0.00183594	0	0.0322482	0	0	-3.30597	
34.66	0.337	0.103	-0.0156847	0	-2.24195	0.00183326	0	0.0322483	0	0	-3.30597	
34.67	0.337	0.103	-0.0156617	0	-2.24195	0.00183058	0	0.0322483	0	0	-3.30597	
34.68	0.337	0.103	-0.0156388	0	-2.24195	0.0018279	0	0.0322483	0	0	-3.30597	
34.69	0.337	0.103	-0.015616	0	-2.24195	0.00182523	0	0.0322484	0	0	-3.30597	
34.7	0.337	0.103	-0.0155931	0	-2.24195	0.00182256	0	0.0322484	0	0	-3.30597	
34.71	0.337	0.103	-0.0155703	0	-2.24195	0.0018199	0	0.0322484	0	0	-3.30597	
34.72	0.337	0.103	-0.0155476	0	-2.24195	0.00181724	0	0.0322485	0	0	-3.30597	
34.73	0.337	0.103	-0.0155248	0	-2.24195	0.00181458	0	0.0322485	0	0	-3.30597	
34.74	0.337	0.103	-0.0155022	0	-2.24195	0.00181193	0	0.0322486	0	0	-3.30597	
34.75	0.337	0.103	-0.0154795	0	-2.24195	0.00180928	0	0.0322486	0	0	-3.30597	
34.76	0.337	0.103	-0.0154569	0	-2.24195	0.00180663	0	0.0322486	0	0	-3.30597	
34.77	0.337	0.103	-0.0154343	0	-2.24195	0.00180399	0	0.0322487	0	0	-3.30597	
34.78	0.337	0.103	-0.0154117	0	-2.24195	0.00180135	0	0.0322487	0	0	-3.30597	
34.79	0.337	0.103	-0.0153892	0	-2.24195	0.00179872	0	0.0322487	0	0	-3.30597	
34.8	0.337	0.103	-0.0153667	0	-2.24195	0.00179609	0	0.0322488	0	0	-3.30597	
34.81	0.337	0.103	-0.0153442	0	-2.24195	0.00179347	0	0.0322488	0	0	-3.30597	
34.82	0.337	0.103	-0.0153218	0	-2.24195	0.00179084	0	0.0322488	0	0	-3.30597	
34.83	0.337	0.103	-0.0152994	0	-2.24195	0.00178822	0	0.0322489	0	0	-3.30597	
34.84	0.337	0.103	-0.015277	0	-2.24195	0.00178561	0	0.0322489	0	0	-3.30597	
34.85	0.337	0.103	-0.0152547	0	-2.24195	0.001783	0	0.0322489	0	0	-3.30597	
34.86	0.337	0.103	-0.0152323	0	-2.24195	0.00178039	0	0.032249	0	0	-3.30597	
34.87	0.337	0.103	-0.0152101	0	-2.24195	0.00177779	0	0.032249	0	0	-3.30597	
34.88	0.337	0.103	-0.0151878	0	-2.24195	0.00177519	0	0.0322491	0	0	-3.30597	
34.89	0.337	0.103	-0.0151656	0	-2.24195	0.0017726	0	0.0322491	0	0	-3.30597	
34.9	0.337	0.103	-0.0151435	0	-2.24195	0.00177	0	0.0322491	0	0	-3.30597	
34.91	0.337	0.103	-0.0151213	0	-2.24195	0.00176742	0	0.0322492	0	0	-3.30597	
34.92	0.337	0.103	-0.0150992	0	-2.24195	0.00176483	0	0.0322492	0	0	-3.30597	
34.93	0.337	0.103	-0.0150771	0	-2.24195	0.00176225	0	0.0322492	0	0	-3.30597	
34.94	0.337	0.103	-0.0150551	0	-2.24195	0.00175968	0	0.0322493	0	0	-3.30597	
34.95	0.337	0.103	-0.0150331	0	-2.24195	0.0017571	0	0.0322493	0	0	-3.30597	
34.96	0.337	0.103	-0.0150111	0	-2.24195	0.00175453	0	0.0322493	0	0	-3.30597	
34.97	0.337	0.103	-0.0149892	0	-2.24195	0.00175197	0	0.0322494	0	0	-3.30597	
34.98	0.337	0.103	-0.0149672	0	-2.24195	0.00174941	0	0.0322494	0	0	-3.30597	
34.99	0.337	0.103	-0.0149454	0	-2.24195	0.00174685	0	0.0322494	0	0	-3.30597	
35	0.337	0.103	-0.0149235	0	-2.24195	0.0017443	0	0.0322495	0	0	-3.30597	
35.01	0.337	0.103	-0.0149017	0	-2.24195	0.00174175	0	0.0322495	0	0	-3.30597	
35.02	0.337	0.103	-0.0148799	0	-2.24195	0.0017392	0	0.0322495	0	0	-3.30597	
35.03	0.337	0.103	-0.0148581	0	-2.24195	0.00173666	0	0.0322496	0	0	-3.30597	
35.04	0.337	0.103	-0.0148364	0	-2.24195	0.00173412	0	0.0322496	0	0	-3.30597	
35.05	0.337	0.103	-0.0148147	0	-2.24195	0.00173158	0	0.0322496	0	0	-3.30597	
35.06	0.337	0.103	-0.0147931	0	-2.24195	0.00172905	0	0.0322497	0	0	-3.30597	
35.07	0.337	0.103	-0.0147714	0	-2.24195	0.00172652	0	0.0322497	0	0	-3.30597	
35.08	0.337	0.103	-0.0147498	0	-2.24195	0.001724	0	0.0322497	0	0	-3.30597	
35.09	0.337	0.103	-0.0147283	0	-2.24195	0.00172148	0	0.0322498	0	0	-3.30597	
35.1	0.337	0.103	-0.0147067	0	-2.24195	0.00171896	0	0.0322498	0	0	-3.30597	
35.11	0.337	0.103	-0.0146852	0	-2.24195	0.00171645	0	0.0322498	0	0	-3.30597	
35.12	0.337	0.103	-0.0146638	0	-2.24195	0.00171394	0	0.0322499	0	0	-3.30597	
35.13	0.337	0.103	-0.0146423	0	-2.24195	0.00171143	0	0.0322499	0	0	-3.30597	
35.14	0.337	0.103	-0.0146209	0	-2.24195	0.00170893	0	0.0322499	0	0	-3.30597	
35.15	0.337	0.103	-0.0145996	0	-2.24195	0.00170643	0	0.03225	0	0	-3.30597	
35.16	0.337	0.103	-0.0145782	0	-2.24195	0.00170394	0	0.03225	0	0	-3.30597	
35.17	0.337	0.103	-0.0145569	0	-2.24195	0.00170145	0	0.03225	0	0	-3.30597	
35.18	0.337	0.103	-0.0145356	0	-2.24195	0.00169896	0	0.0322501	0	0	-3.30597	
35.19	0.337	0.103	-0.0145144	0	-2.24195	0.00169648	0	0.0322501	0	0	-3.30597	
35.2	0.337	0.103	-0.0144931	0	-2.24195	0.001694	0	0.0322501	0	0	-3.30597	
35.21	0.337	0.103	-0.0144719	0	-2.24195	0.00169152	0	0.0322502	0	0	-3.30597	
35.22	0.337	0.103	-0.0144508	0	-2.24195	0.00168905	0	0.0322502	0	0	-3.30597	
35.23	0.337	0.103	-0.0144297	0	-2.24195	0.00168658	0	0.0322502	0	0	-3.30597	
35.24	0.337	0.103	-0.0144086	0	-2.24195	0.00168411	0	0.0322503	0	0	-3.30597	
35.25	0.337	0.103	-0.0143875	0	-2.24195	0.00168165	0	0.0322503	0	0	-3.30597	
35.26	0.337	0.103	-0.0143665	0	-2.24195	0.00167919	0	0.0322503	0	0	-3.30597	
35.27	0.337	0.103	-0.0143455	0	-2.24195	0.00167674	0	0.0322504	0	0	-3.30597	
35.28	0.337	0.103	-0.0143245	0	-2.24195	0.00167428	0	0.0322504	0	0	-3.30597	
35.29	0.337	0.103	-0.0143035	0	-2.24195	0.00167184	0	0.0322504	0	0	-3.30597	
35.3	0.337	0.103	-0.0142826	0	-2.24195	0.00166939	0	0.0322504	0	0	-3.30597	
35.31	0.337	0.103	-0.0142617	0	-2.24195	0.00166695	0	0.0322505	0	0	-3.30597	
35.32	0.337	0.103	-0.0142409	0	-2.24195	0.00166451	0	0.0322505	0	0	-3.30597	
35.33	0.337	0.103	-0.0142201	0	-2.24195	0.00166208	0	0.0322505	0	0	-3.30597	
35.34	0.337	0.103	-0.0141993	0	-2.24196	0.00165965	0	0.0322506	0	0	-3.30597	
35.35	0.337	0.103	-0.0141785	0	-2.24196	0.00165722	0	0.0322506	0	0	-3.30597	
35.36	0.337	0.103	-0.0141578	0	-2.24196	0.0016548	0	0.0322506	0	0	-3.30597	
35.37	0.337	0.103	-0.0141371	0	-2.24196	0.00165238	0	0.0322507	0	0	-3.30597	
35.38	0.337	0.103	-0.0141164	0	-2.24196	0.00164997	0	0.0322507	0	0	-3.30597	
35.39	0.337	0.103	-0.0140958	0	-2.24196	0.00164755	0	0.0322507	0	0	-3.30597	
35.4	0.337	0.103	-0.0140752	0	-2.24196	0.00164515	0	0.0322508	0	0	-3.30597	
35.41	0.337	0.103	-0.0140546	0	-2.24196	0.00164274	0	0.0322508	0	0	-3.30597	
35.42	0.337	0.103	-0.014034	0	-2.24196	0.00164034	0	0.0322508	0	0	-3.30597	
35.43	0.337	0.103	-0.0140135	0	-2.24196	0.00163794	0	0.0322508	0	0	-3.30597	
35.44	0.337	0.103	-0.013993	0	-2.24196	0.00163555	0	0.0322509	0	0	-3.30597	
35.45	0.337	0.103	-0.0139726	0	-2.24196	0.00163316	0	0.0322509	0	0	-3.30597	
35.46	0.337	0.103	-0.0139522	0	-2.24196	0.00163077	0	0.0322509	0	0	-3.30597	
35.47	0.337	0.103	-0.0139318	0	-2.24196	0.00162838	0	0.032251	0	0	-3.30597	
35.48	0.337	0.103	-0.0139114	0	-2.24196	0.001626	0	0.032251	0	0	-3.30597	
35.49	0.337	0.103	-0.013891	0	-2.24196	0.00162363	0	0.032251	0	0	-3.30597	
35.5	0.337	0.103	-0.0138707	0	-2.24196	0.00162125	0	0.032251	0	0	-3.30597	
35.51	0.337	0.103	-0.0138505	0	-2.24196	0.00161888	0	0.0322511	0	0	-3.30597	
35.52	0.337	0.103	-0.0138302	0	-2.24196	0.00161651	0	0.0322511	0	0	-3.30597	
35.53	0.337	0.103	-0.01381	0	-2.24196	0.00161415	0	0.0322511	0	0	-3.30597	
35.54	0.337	0.103	-0.0137898	0	-2.24196	0.00161179	0	0.0322512	0	0	-3.30597	
35.55	0.337	0.103	-0.0137696	0	-2.24196	0.00160943	0	0.0322512	0	0	-3.30597	
35.56	0.337	0.103	-0.0137495	0	-2.24196	0.00160708	0	0.0322512	0	0	-3.30597	
35.57	0.337	0.103	-0.0137294	0	-2.24196	0.00160473	0	0.0322513	0	0	-3.30597	
35.58	0.337	0.103	-0.0137093	0	-2.24196	0.00160239	0	0.0322513	0	0	-3.30597	
35.59	0.337	0.103	-0.0136893	0	-2.24196	0.00160004	0	0.0322513	0	0	-3.30597	
35.6	0.337	0.103	-0.0136693	0	-2.24196	0.0015977	0	0.0322513	0	0	-3.30597	
35.61	0.337	0.103	-0.0136493	0	-2.24196	0.00159537	0	0.0322514	0	0	-3.30597	
35.62	0.337	0.103	-0.0136293	0	-2.24196	0.00159304	0	0.0322514	0	0	-3.30597	
35.63	0.337	0.103	-0.0136094	0	-2.24196	0.00159071	0	0.0322514	0	0	-3.30597	
35.64	0.337	0.103	-0.0135895	0	-2.24196	0.00158838	0	0.0322515	0	0	-3.30597	
35.65	0.337	0.103	-0.0135696	0	-2.24196	0.00158606	0	0.0322515	0	0	-3.30597	
35.66	0.337	0.103	-0.0135498	0	-2.24196	0.00158374	0	0.0322515	0	0	-3.30597	
35.67	0.337	0.103	-0.01353	0	-2.24196	0.00158142	0	0.0322515	0	0	-3.30597	
35.68	0.337	0.103	-0.0135102	0	-2.24196	0.00157911	0	0.0322516	0	0	-3.30597	
35.69	0.337	0.103	-0.0134905	0	-2.24196	0.0015768	0	0.0322516	0	0	-3.30597	
35.7	0.337	0.103	-0.0134707	0	-2.24196	0.0015745	0	0.0322516	0	0	-3.30597	
35.71	0.337	0.103	-0.013451	0	-2.24196	0.0015722	0	0.0322516	0	0	-3.30597	
35.72	0.337	0.103	-0.0134314	0	-2.24196	0.0015699	0	0.0322517	0	0	-3.30597	
35.73	0.337	0.103	-0.0134117	0	-2.24196	0.0015676	0	0.0322517	0	0	-3.30597	
35.74	0.337	0.103	-0.0133921	0	-2.24196	0.00156531	0	0.0322517	0	0	-3.30597	
35.75	0.337	0.103	-0.0133725	0	-2.24196	0.00156302	0	0.0322518	0	0	-3.30597	
35.76	0.337	0.103	-0.013353	0	-2.24196	0.00156074	0	0.0322518	0	0	-3.30597	
35.77	0.337	0.103	-0.0133335	0	-2.24196	0.00155846	0	0.0322518	0	0	-3.30597	
35.78	0.337	0.103	-0.013314	0	-2.24196	0.00155618	0	0.0322518	0	0	-3.30597	
35.79	0.337	0.103	-0.0132945	0	-2.24196	0.0015539	0	0.0322519	0	0	-3.30597	
35.8	0.337	0.103	-0.0132751	0	-2.24196	0.00155163	0	0.0322519	0	0	-3.30597	
35.81	0.337	0.103	-0.0132557	0	-2.24196	0.00154936	0	0.0322519	0	0	-3.30597	
35.82	0.337	0.103	-0.0132363	0	-2.24196	0.0015471	0	0.0322519	0	0	-3.30597	
35.83	0.337	0.103	-0.0132169	0	-2.24196	0.00154483	0	0.032252	0	0	-3.30597	
35.84	0.337	0.103	-0.0131976	0	-2.24196	0.00154258	0	0.032252	0	0	-3.30597	
35.85	0.337	0.103	-0.0131783	0	-2.24196	0.00154032	0	0.032252	0	0	-3.30597	
35.86	0.337	0.103	-0.013159	0	-2.24196	0.00153807	0	0.0322521	0	0	-3.30597	
35.87	0.337	0.103	-0.0131398	0	-2.24196	0.00153582	0	0.0322521	0	0	-3.30597	
35.88	0.337	0.103	-0.0131206	0	-2.24196	0.00153358	0	0.0322521	0	0	-3.30597	
35.89	0.337	0.103	-0.0131014	0	-2.24196	0.00153133	0	0.0322521	0	0	-3.30597	
35.9	0.337	0.103	-0.0130823	0	-2.24196	0.00152909	0	0.0322522	0	0	-3.30597	
35.91	0.337	0.103	-0.0130631	0	-2.24196	0.00152686	0	0.0322522	0	0	-3.30597	
35.92	0.337	0.103	-0.013044	0	-2.24196	0.00152463	0	0.0322522	0	0	-3.30597	
35.93	0.337	0.103	-0.013025	0	-2.24196	0.0015224	0	0.0322522	0	0	-3.30597	
35.94	0.337	0.103	-0.0130059	0	-2.24196	0.00152017	0	0.0322523	0	0	-3.30597	
35.95	0.337	0.103	-0.0129869	0	-2.24196	0.00151795	0	0.0322523	0	0	-3.30597	
35.96	0.337	0.103	-0.0129679	0	-2.24196	0.00151573	0	0.0322523	0	0	-3.30597	
35.97	0.337	0.103	-0.0129489	0	-2.24196	0.00151351	0	0.0322523	0	0	-3.30597	
35.98	0.337	0.103	-0.01293	0	-2.24196	0.0015113	0	0.0322524	0	0	-3.30597	
35.99	0.337	0.103	-0.0129111	0	-2.24196	0.00150909	0	0.0322524	0	0	-3.30597	
36	0.337	0.103	-0.0128922	0	-2.24196	0.00150689	0	0.0322524	0	0	-3.30597	
36.01	0.337	0.103	-0.0128734	0	-2.24196	0.00150468	0	0.0322524	0	0	-3.30597	
36.02	0.337	0.103	-0.0128546	0	-2.24196	0.00150248	0	0.0322525	0	0	-3.30597	
36.03	0.337	0.103	-0.0128358	0	-2.24196	0.00150029	0	0.0322525	0	0	-3.30597	
36.04	0.337	0.103	-0.012817	0	-2.24196	0.00149809	0	0.0322525	0	0	-3.30597	
36.05	0.337	0.103	-0.0127983	0	-2.24196	0.0014959	0	0.0322525	0	0	-3.30597	
36.06	0.337	0.103	-0.0127796	0	-2.24196	0.00149371	0	0.0322526	0	0	-3.30597	
36.07	0.337	0.103	-0.0127609	0	-2.24196	0.00149153	0	0.0322526	0	0	-3.30597	
36.08	0.337	0.103	-0.0127422	0	-2.24196	0.00148935	0	0.0322526	0	0	-3.30597	
36.09	0.337	0.103	-0.0127236	0	-2.24196	0.00148717	0	0.0322526	0	0	-3.30597	
36.1	0.337	0.103	-0.012705	0	-2.24196	0.001485	0	0.0322527	0	0	-3.30597	
36.11	0.337	0.103	-0.0126864	0	-2.24196	0.00148283	0	0.0322527	0	0	-3.30597	
36.12	0.337	0.103	-0.0126679	0	-2.24196	0.00148066	0	0.0322527	0	0	-3.30597	
36.13	0.337	0.103	-0.0126493	0	-2.24196	0.00147849	0	0.0322527	0	0	-3.30597	
36.14	0.337	0.103	-0.0126308	0	-2.24196	0.00147633	0	0.0322528	0	0	-3.30597	
36.15	0.337	0.103	-0.0126124	0	-2.24196	0.00147417	0	0.0322528	0	0	-3.30597	
36.16	0.337	0.103	-0.0125939	0	-2.24196	0.00147202	0	0.0322528	0	0	-3.30597	
36.17	0.337	0.103	-0.0125755	0	-2.24196	0.00146987	0	0.0322528	0	0	-3.30597	
36.18	0.337	0.103	-0.0125571	0	-2.24196	0.00146772	0	0.0322529	0	0	-3.30597	
36.19	0.337	0.103	-0.0125388	0	-2.24196	0.00146557	0	0.0322529	0	0	-3.30597	
36.2	0.337	0.103	-0.0125204	0	-2.24197	0.00146343	0	0.0322529	0	0	-3.30597	
36.21	0.337	0.103	-0.0125021	0	-2.24197	0.00146129	0	0.0322529	0	0	-3.30597	
36.22	0.337	0.103	-0.0124839	0	-2.24197	0.00145915	0	0.032253	0	0	-3.30597	
36.23	0.337	0.103	-0.0124656	0	-2.24197	0.00145702	0	0.032253	0	0	-3.30597	
36.24	0.337	0.103	-0.0124474	0	-2.24197	0.00145489	0	0.032253	0	0	-3.30597	
36.25	0.337	0.103	-0.0124292	0	-2.24197	0.00145276	0	0.032253	0	0	-3.30597	
36.26	0.337	0.103	-0.012411	0	-2.24197	0.00145064	0	0.032253	0	0	-3.30597	
36.27	0.337	0.103	-0.0123929	0	-2.24197	0.00144852	0	0.0322531	0	0	-3.30597	
36.28	0.337	0.103	-0.0123747	0	-2.24197	0.0014464	0	0.0322531	0	0	-3.30597	
36.29	0.337	0.103	-0.0123567	0	-2.24197	0.00144429	0	0.0322531	0	0	-3.30597	
36.3	0.337	0.103	-0.0123386	0	-2.24197	0.00144217	0	0.0322531	0	0	-3.30597	
36.31	0.337	0.103	-0.0123205	0	-2.24197	0.00144007	0	0.0322532	0	0	-3.30597	
36.32	0.337	0.103	-0.0123025	0	-2.24197	0.00143796	0	0.0322532	0	0	-3.30597	
36.33	0.337	0.103	-0.0122845	0	-2.24197	0.00143586	0	0.0322532	0	0	-3.30597	
36.34	0.337	0.103	-0.0122666	0	-2.24197	0.00143376	0	0.0322532	0	0	-3.30597	
36.35	0.337	0.103	-0.0122486	0	-2.24197	0.00143166	0	0.0322533	0	0	-3.30597	
36.36	0.337	0.103	-0.0122307	0	-2.24197	0.00142957	0	0.0322533	0	0	-3.30597	
36.37	0.337	0.103	-0.0122129	0	-2.24197	0.00142748	0	0.0322533	0	0	-3.30597	
36.38	0.337	0.103	-0.012195	0	-2.24197	0.00142539	0	0.0322533	0	0	-3.30597	
36.39	0.337	0.103	-0.0121772	0	-2.24197	0.00142331	0	0.0322533	0	0	-3.30597	
36.4	0.337	0.103	-0.0121594	0	-2.24197	0.00142123	0	0.0322534	0	0	-3.30597	
36.41	0.337	0.103	-0.0121416	0	-2.24197	0.00141915	0	0.0322534	0	0	-3.30597	
36.42	0.337	0.103	-0.0121238	0	-2.24197	0.00141708	0	0.0322534	0	0	-3.30597	
36.43	0.337	0.103	-0.0121061	0	-2.24197	0.001415	0	0.0322534	0	0	-3.30597	
36.44	0.337	0.103	-0.0120884	0	-2.24197	0.00141293	0	0.0322535	0	0	-3.30597	
36.45	0.337	0.103	-0.0120707	0	-2.24197	0.00141087	0	0.0322535	0	0	-3.30597	
36.46	0.337	0.103	-0.0120531	0	-2.24197	0.00140881	0	0.0322535	0	0	-3.30597	
36.47	0.337	0.103	-0.0120355	0	-2.24197	0.00140675	0	0.0322535	0	0	-3.30597	
36.48	0.337	0.103	-0.0120179	0	-2.24197	0.00140469	0	0.0322535	0	0	-3.30597	
36.49	0.337	0.103	-0.0120003	0	-2.24197	0.00140264	0	0.0322536	0	0	-3.30597	
36.5	0.337	0.103	-0.0119828	0	-2.24197	0.00140059	0	0.0322536	0	0	-3.30597	
36.51	0.337	0.103	-0.0119652	0	-2.24197	0.00139854	0	0.0322536	0	0	-3.30597	
36.52	0.337	0.103	-0.0119477	0	-2.24197	0.00139649	0	0.0322536	0	0	-3.30597	
36.53	0.337	0.103	-0.0119303	0	-2.24197	0.00139445	0	0.0322537	0	0	-3.30597	
36.54	0.337	0.103	-0.0119128	0	-2.24197	0.00139241	0	0.0322537	0	0	-3.30597	
36.55	0.337	0.103	-0.0118954	0	-2.24197	0.00139038	0	0.0322537	0	0	-3.30597	
36.56	0.337	0.103	-0.011878	0	-2.24197	0.00138834	0	0.0322537	0	0	-3.30597	
36.57	0.337	0.103	-0.0118607	0	-2.24197	0.00138631	0	0.0322537	0	0	-3.30597	
36.58	0.337	0.103	-0.0118433	0	-2.24197	0.00138429	0	0.0322538	0	0	-3.30597	
36.59	0.337	0.103	-0.011826	0	-2.24197	0.00138226	0	0.0322538	0	0	-3.30597	
36.6	0.337	0.103	-0.0118087	0	-2.24197	0.00138024	0	0.0322538	0	0	-3.30597	
36.61	0.337	0.103	-0.0117914	0	-2.24197	0.00137822	0	0.0322538	0	0	-3.30597	
36.62	0.337	0.103	-0.0117742	0	-2.24197	0.00137621	0	0.0322538	0	0	-3.30597	
36.63	0.337	0.103	-0.011757	0	-2.24197	0.0013742	0	0.0322539	0	0	-3.30597	
36.64	0.337	0.103	-0.0117398	0	-2.24197	0.00137219	0	0.0322539	0	0	-3.30597	
36.65	0.337	0.103	-0.0117226	0	-2.24197	0.00137018	0	0.0322539	0	0	-3.30597	
36.66	0.337	0.103	-0.0117055	0	-2.24197	0.00136818	0	0.0322539	0	0	-3.30597	
36.67	0.337	0.103	-0.0116884	0	-2.24197	0.00136618	0	0.032254	0	0	-3.30597	
36.68	0.337	0.103	-0.0116713	0	-2.24197	0.00136418	0	0.032254	0	0	-3.30597	
36.69	0.337	0.103	-0.0116542	0	-2.24197	0.00136219	0	0.032254	0	0	-3.30597	
36.7	0.337	0.103	-0.0116372	0	-2.24197	0.0013602	0	0.032254	0	0	-3.30597	
36.71	0.337	0.103	-0.0116202	0	-2.24197	0.00135821	0	0.032254	0	0	-3.30597	
36.72	0.337	0.103	-0.0116032	0	-2.24197	0.00135622	0	0.0322541	0	0	-3.30597	
36.73	0.337	0.103	-0.0115862	0	-2.24197	0.00135424	0	0.0322541	0	0	-3.30597	
36.74	0.337	0.103	-0.0115693	0	-2.24197	0.00135226	0	0.0322541	0	0	-3.30597	
36.75	0.337	0.103	-0.0115524	0	-2.24197	0.00135028	0	0.0322541	0	0	-3.30597	
36.76	0.337	0.103	-0.0115355	0	-2.24197	0.00134831	0	0.0322541	0	0	-3.30597	
36.77	0.337	0.103	-0.0115186	0	-2.24197	0.00134634	0	0.0322542	0	0	-3.30597	
36.78	0.337	0.103	-0.0115018	0	-2.24197	0.00134437	0	0.0322542	0	0	-3.30597	
36.79	0.337	0.103	-0.011485	0	-2.24197	0.0013424	0	0.0322542	0	0	-3.30597	
36.8	0.337	0.103	-0.0114682	0	-2.24197	0.00134044	0	0.0322542	0	0	-3.30597	
36.81	0.337	0.103	-0.0114514	0	-2.24197	0.00133848	0	0.0322542	0	0	-3.30597	
36.82	0.337	0.103	-0.0114347	0	-2.24197	0.00133652	0	0.0322543	0	0	-3.30597	
36.83	0.337	0.103	-0.0114179	0	-2.24197	0.00133457	0	0.0322543	0	0	-3.30597	
36.84	0.337	0.103	-0.0114012	0	-2.24197	0.00133262	0	0.0322543	0	0	-3.30597	
36.85	0.337	0.103	-0.0113846	0	-2.24197	0.00133067	0	0.0322543	0	0	-3.30597	
36.86	0.337	0.103	-0.0113679	0	-2.24197	0.00132872	0	0.0322543	0	0	-3.30597	
36.87	0.337	0.103	-0.0113513	0	-2.24197	0.00132678	0	0.0322544	0	0	-3.30597	
36.88	0.337	0.103	-0.0113347	0	-2.24197	0.00132484	0	0.0322544	0	0	-3.30597	
36.89	0.337	0.103	-0.0113181	0	-2.24197	0.0013229	0	0.0322544	0	0	-3.30597	
36.9	0.337	0.103	-0.0113016	0	-2.24197	0.00132097	0	0.0322544	0	0	-3.30597	
36.91	0.337	0.103	-0.0112851	0	-2.24197	0.00131904	0	0.0322544	0	0	-3.30597	
36.92	0.337	0.103	-0.0112686	0	-2.24197	0.00131711	0	0.0322545	0	0	-3.30597	
36.93	0.337	0.103	-0.0112521	0	-2.24197	0.00131519	0	0.0322545	0	0	-3.30597	
36.94	0.337	0.103	-0.0112356	0	-2.24197	0.00131326	0	0.0322545	0	0	-3.30597	
36.95	0.337	0.103	-0.0112192	0	-2.24197	0.00131134	0	0.0322545	0	0	-3.30597	
36.96	0.337	0.103	-0.0112028	0	-2.24197	0.00130942	0	0.0322545	0	0	-3.30597	
36.97	0.337	0.103	-0.0111864	0	-2.24197	0.00130751	0	0.0322546	0	0	-3.30597	
36.98	0.337	0.103	-0.0111701	0	-2.24197	0.0013056	0	0.0322546	0	0	-3.30597	
36.99	0.337	0.103	-0.0111537	0	-2.24197	0.00130369	0	0.0322546	0	0	-3.30597	
37	0.337	0.103	-0.0111374	0	-2.24197	0.00130178	0	0.0322546	0	0	-3.30597	
37.01	0.337	0.103	-0.0111212	0	-2.24197	0.00129988	0	0.0322546	0	0	-3.30597	
37.02	0.337	0.103	-0.0111049	0	-2.24197	0.00129798	0	0.0322546	0	0	-3.30597	
37.03	0.337	0.103	-0.0110887	0	-2.24197	0.00129608	0	0.0322547	0	0	-3.30597	
37.04	0.337	0.103	-0.0110724	0	-2.24197	0.00129419	0	0.0322547	0	0	-3.30597	
37.05	0.337	0.103	-0.0110563	0	-2.24197	0.0012923	0	0.0322547	0	0	-3.30597	
37.06	0.337	0.103	-0.0110401	0	-2.24197	0.00129041	0	0.0322547	0	0	-3.30597	
37.07	0.337	0.103	-0.0110239	0	-2.24197	0.00128852	0	0.0322547	0	0	-3.30597	
37.08	0.337	0.103	-0.0110078	0	-2.24197	0.00128664	0	0.0322548	0	0	-3.30597	
37.09	0.337	0.103	-0.0109917	0	-2.24197	0.00128475	0	0.0322548	0	0	-3.30597	
37.1	0.337	0.103	-0.0109757	0	-2.24197	0.00128288	0	0.0322548	0	0	-3.30597	
37.11	0.337	0.103	-0.0109596	0	-2.24197	0.001281	0	0.0322548	0	0	-3.30597	
37.12	0.337	0.103	-0.0109436	0	-2.24197	0.00127913	0	0.0322548	0	0	-3.30597	
37.13	0.337	0.103	-0.0109276	0	-2.24197	0.00127726	0	0.0322549	0	0	-3.30597	
37.14	0.337	0.103	-0.0109116	0	-2.24197	0.00127539	0	0.0322549	0	0	-3.30597	
37.15	0.337	0.103	-0.0108957	0	-2.24197	0.00127353	0	0.0322549	0	0	-3.30597	
37.16	0.337	0.103	-0.0108797	0	-2.24197	0.00127166	0	0.0322549	0	0	-3.30597	
37.17	0.337	0.103	-0.0108638	0	-2.24197	0.0012698	0	0.0322549	0	0	-3.30597	
37.18	0.337	0.103	-0.0108479	0	-2.24197	0.00126795	0	0.0322549	0	0	-3.30597	
37.19	0.337	0.103	-0.0108321	0	-2.24197	0.00126609	0	0.032255	0	0	-3.30597	
37.2	0.337	0.103	-0.0108162	0	-2.24197	0.00126424	0	0.032255	0	0	-3.30597	
37.21	0.337	0.103	-0.0108004	0	-2.24197	0.00126239	0	0.032255	0	0	-3.30597	
37.22	0.337	0.103	-0.0107846	0	-2.24197	0.00126055	0	0.032255	0	0	-3.30597	
37.23	0.337	0.103	-0.0107689	0	-2.24197	0.00125871	0	0.032255	0	0	-3.30597	
37.24	0.337	0.103	-0.0107531	0	-2.24197	0.00125687	0	0.032255	0	0	-3.30597	
37.25	0.337	0.103	-0.0107374	0	-2.24197	0.00125503	0	0.0322551	0	0	-3.30597	
37.26	0.337	0.103	-0.0107217	0	-2.24197	0.00125319	0	0.0322551	0	0	-3.30597	
37.27	0.337	0.103	-0.010706	0	-2.24197	0.00125136	0	0.0322551	0	0	-3.30597	
37.28	0.337	0.103	-0.0106904	0	-2.24197	0.00124953	0	0.0322551	0	0	-3.30597	
37.29	0.337	0.103	-0.0106747	0	-2.24197	0.0012477	0	0.0322551	0	0	-3.30597	
37.3	0.337	0.103	-0.0106591	0	-2.24197	0.00124588	0	0.0322552	0	0	-3.30597	
37.31	0.337	0.103	-0.0106436	0	-2.24197	0.00124406	0	0.0322552	0	0	-3.30597	
37.32	0.337	0.103	-0.010628	0	-2.24197	0.00124224	0	0.0322552	0	0	-3.30597	
37.33	0.337	0.103	-0.0106125	0	-2.24197	0.00124042	0	0.0322552	0	0	-3.30597	
37.34	0.337	0.103	-0.0105969	0	-2.24197	0.00123861	0	0.0322552	0	0	-3.30597	
37.35	0.337	0.103	-0.0105814	0	-2.24198	0.0012368	0	0.0322552	0	0	-3.30597	
37.36	0.337	0.103	-0.010566	0	-2.24198	0.00123499	0	0.0322553	0	0	-3.30597	
37.37	0.337	0.103	-0.0105505	0	-2.24198	0.00123319	0	0.0322553	0	0	-3.30597	
37.38	0.337	0.103	-0.0105351	0	-2.24198	0.00123138	0	0.0322553	0	0	-3.30597	
37.39	0.337	0.103	-0.0105197	0	-2.24198	0.00122958	0	0.0322553	0	0	-3.30597	
37.4	0.337	0.103	-0.0105043	0	-2.24198	0.00122778	0	0.0322553	0	0	-3.30597	
37.41	0.337	0.103	-0.010489	0	-2.24198	0.00122599	0	0.0322553	0	0	-3.30597	
37.42	0.337	0.103	-0.0104736	0	-2.24198	0.0012242	0	0.0322554	0	0	-3.30597	
37.43	0.337	0.103	-0.0104583	0	-2.24198	0.00122241	0	0.0322554	0	0	-3.30597	
37.44	0.337	0.103	-0.010443	0	-2.24198	0.00122062	0	0.0322554	0	0	-3.30597	
37.45	0.337	0.103	-0.0104278	0	-2.24198	0.00121884	0	0.0322554	0	0	-3.30597	
37.46	0.337	0.103	-0.0104125	0	-2.24198	0.00121705	0	0.0322554	0	0	-3.30597	
37.47	0.337	0.103	-0.0103973	0	-2.24198	0.00121527	0	0.0322554	0	0	-3.30597	
37.48	0.337	0.103	-0.0103821	0	-2.24198	0.0012135	0	0.0322555	0	0	-3.30597	
37.49	0.337	0.103	-0.0103669	0	-2.24198	0.00121172	0	0.0322555	0	0	-3.30597	
37.5	0.337	0.103	-0.0103517	0	-2.24198	0.00120995	0	0.0322555	0	0	-3.30597	
37.51	0.337	0.103	-0.0103366	0	-2.24198	0.00120818	0	0.0322555	0	0	-3.30597	
37.52	0.337	0.103	-0.0103215	0	-2.24198	0.00120642	0	0.0322555	0	0	-3.30597	
37.53	0.337	0.103	-0.0103064	0	-2.24198	0.00120465	0	0.0322555	0	0	-3.30597	
37.54	0.337	0.103	-0.0102913	0	-2.24198	0.00120289	0	0.0322556	0	0	-3.30597	
37.55	0.337	0.103	-0.0102763	0	-2.24198	0.00120113	0	0.0322556	0	0	-3.30597	
37.56	0.337	0.103	-0.0102613	0	-2.24198	0.00119938	0	0.0322556	0	0	-3.30597	
37.57	0.337	0.103	-0.0102463	0	-2.24198	0.00119762	0	0.0322556	0	0	-3.30597	
37.58	0.337	0.103	-0.0102313	0	-2.24198	0.00119587	0	0.0322556	0	0	-3.30597	
37.59	0.337	0.103	-0.0102163	0	-2.24198	0.00119412	0	0.0322556	0	0	-3.30597	
37.6	0.337	0.103	-0.0102014	0	-2.24198	0.00119238	0	0.0322557	0	0	-3.30597	
37.61	0.337	0.103	-0.0101865	0	-2.24198	0.00119063	0	0.0322557	0	0	-3.30597	
37.62	0.337	0.103	-0.0101716	0	-2.24198	0.00118889	0	0.0322557	0	0	-3.30597	
37.63	0.337	0.103	-0.0101567	0	-2.24198	0.00118716	0	0.0322557	0	0	-3.30597	
37.64	0.337	0.103	-0.0101419	0	-2.24198	0.00118542	0	0.0322557	0	0	-3.30597	
37.65	0.337	0.103	-0.010127	0	-2.24198	0.00118369	0	0.0322557	0	0	-3.30597	
37.66	0.337	0.103	-0.0101122	0	-2.24198	0.00118196	0	0.0322557	0	0	-3.30597	
37.67	0.337	0.103	-0.0100974	0	-2.24198	0.00118023	0	0.0322558	0	0	-3.30597	
37.68	0.337	0.103	-0.0100827	0	-2.24198	0.0011785	0	0.0322558	0	0	-3.30597	
37.69	0.337	0.103	-0.0100679	0	-2.24198	0.00117678	0	0.0322558	0	0	-3.30597	
37.7	0.337	0.103	-0.0100532	0	-2.24198	0.00117506	0	0.0322558	0	0	-3.30597	
37.71	0.337	0.103	-0.0100385	0	-2.24198	0.00117334	0	0.0322558	0	0	-3.30597	
37.72	0.337	0.103	-0.0100238	0	-2.24198	0.00117163	0	0.0322558	0	0	-3.30597	
37.73	0.337	0.103	-0.0100092	0	-2.24198	0.00116991	0	0.0322559	0	0	-3.30597	
37.74	0.337	0.103	-0.00999455	0	-2.24198	0.0011682	0	0.0322559	0	0	-3.30597	
37.75	0.337	0.103	-0.00997994	0	-2.24198	0.00116649	0	0.0322559	0	0	-3.30597	
37.76	0.337	0.103	-0.00996534	0	-2.24198	0.00116479	0	0.0322559	0	0	-3.30597	
37.77	0.337	0.103	-0.00995077	0	-2.24198	0.00116309	0	0.0322559	0	0	-3.30597	
37.78	0.337	0.103	-0.00993623	0	-2.24198	0.00116139	0	0.0322559	0	0	-3.30597	
37.79	0.337	0.103	-0.0099217	0	-2.24198	0.00115969	0	0.0322559	0	0	-3.30597	
37.8	0.337	0.103	-0.00990719	0	-2.24198	0.00115799	0	0.032256	0	0	-3.30597	
37.81	0.337	0.103	-0.00989271	0	-2.24198	0.0011563	0	0.032256	0	0	-3.30597	
37.82	0.337	0.103	-0.00987824	0	-2.24198	0.00115461	0	0.032256	0	0	-3.30597	
37.83	0.337	0.103	-0.0098638	0	-2.24198	0.00115292	0	0.032256	0	0	-3.30597	
37.84	0.337	0.103	-0.00984938	0	-2.24198	0.00115123	0	0.032256	0	0	-3.30597	
37.85	0.337	0.103	-0.00983498	0	-2.24198	0.00114955	0	0.032256	0	0	-3.30597	
37.86	0.337	0.103	-0.0098206	0	-2.24198	0.00114787	0	0.032256	0	0	-3.30597	
37.87	0.337	0.103	-0.00980624	0	-2.24198	0.00114619	0	0.0322561	0	0	-3.30597	
37.88	0.337	0.103	-0.0097919	0	-2.24198	0.00114452	0	0.0322561	0	0	-3.30597	
37.89	0.337	0.103	-0.00977759	0	-2.24198	0.00114284	0	0.0322561	0	0	-3.30597	
37.9	0.337	0.103	-0.00976329	0	-2.24198	0.00114117	0	0.0322561	0	0	-3.30597	
37.91	0.337	0.103	-0.00974902	0	-2.24198	0.0011395	0	0.0322561	0	0	-3.30597	
37.92	0.337	0.103	-0.00973476	0	-2.24198	0.00113784	0	0.0322561	0	0	-3.30597	
37.93	0.337	0.103	-0.00972053	0	-2.24198	0.00113617	0	0.0322562	0	0	-3.30597	
37.94	0.337	0.103	-0.00970632	0	-2.24198	0.00113451	0	0.0322562	0	0	-3.30597	
37.95	0.337	0.103	-0.00969213	0	-2.24198	0.00113285	0	0.0322562	0	0	-3.30597	
37.96	0.337	0.103	-0.00967796	0	-2.24198	0.0011312	0	0.0322562	0	0	-3.30597	
37.97	0.337	0.103	-0.00966381	0	-2.24198	0.00112954	0	0.0322562	0	0	-3.30597	
37.98	0.337	0.103	-0.00964968	0	-2.24198	0.00112789	0	0.0322562	0	0	-3.30597	
37.99	0.337	0.103	-0.00963557	0	-2.24198	0.00112624	0	0.0322562	0	0	-3.30597	
38	0.337	0.103	-0.00962148	0	-2.24198	0.0011246	0	0.0322562	0	0	-3.30597	
38.01	0.337	0.103	-0.00960741	0	-2.24198	0.00112295	0	0.0322563	0	0	-3.30597	
38.02	0.337	0.103	-0.00959337	0	-2.24198	0.00112131	0	0.0322563	0	0	-3.30597	
38.03	0.337	0.103	-0.00957934	0	-2.24198	0.00111967	0	0.0322563	0	0	-3.30597	
38.04	0.337	0.103	-0.00956534	0	-2.24198	0.00111803	0	0.0322563	0	0	-3.30597	
38.05	0.337	0.103	-0.00955135	0	-2.24198	0.0011164	0	0.0322563	0	0	-3.30597	
38.06	0.337	0.103	-0.00953739	0	-2.24198	0.00111477	0	0.0322563	0	0	-3.30597	
38.07	0.337	0.103	-0.00952344	0	-2.24198	0.00111314	0	0.0322563	0	0	-3.30597	
38.08	0.337	0.103	-0.00950952	0	-2.24198	0.00111151	0	0.0322564	0	0	-3.30597	
38.09	0.337	0.103	-0.00949561	0	-2.24198	0.00110989	0	0.0322564	0	0	-3.30597	
38.1	0.337	0.103	-0.00948173	0	-2.24198	0.00110826	0	0.0322564	0	0	-3.30597	
38.11	0.337	0.103	-0.00946787	0	-2.24198	0.00110664	0	0.0322564	0	0	-3.30597	
38.12	0.337	0.103	-0.00945402	0	-2.24198	0.00110502	0	0.0322564	0	0	-3.30597	
38.13	0.337	0.103	-0.0094402	0	-2.24198	0.00110341	0	0.0322564	0	0	-3.30597	
38.14	0.337	0.103	-0.0094264	0	-2.24198	0.0011018	0	0.0322564	0	0	-3.30597	
38.15	0.337	0.103	-0.00941262	0	-2.24198	0.00110019	0	0.0322565	0	0	-3.30597	
38.16	0.337	0.103	-0.00939886	0	-2.24198	0.00109858	0	0.0322565	0	0	-3.30597	
38.17	0.337	0.103	-0.00938511	0	-2.24198	0.00109697	0	0.0322565	0	0	-3.30597	
38.18	0.337	0.103	-0.00937139	0	-2.24198	0.00109537	0	0.0322565	0	0	-3.30597	
38.19	0.337	0.103	-0.00935769	0	-2.24198	0.00109377	0	0.0322565	0	0	-3.30597	
38.2	0.337	0.103	-0.00934401	0	-2.24198	0.00109217	0	0.0322565	0	0	-3.30597	
38.21	0.337	0.103	-0.00933035	0	-2.24198	0.00109057	0	0.0322565	0	0	-3.30597	
38.22	0.337	0.103	-0.00931671	0	-2.24198	0.00108897	0	0.0322566	0	0	-3.30597	
38.23	0.337	0.103	-0.00930308	0	-2.24198	0.00108738	0	0.0322566	0	0	-3.30597	
38.24	0.337	0.103	-0.00928948	0	-2.24198	0.00108579	0	0.0322566	0	0	-3.30597	
38.25	0.337	0.103	-0.0092759	0	-2.24198	0.00108421	0	0.0322566	0	0	-3.30597	
38.26	0.337	0.103	-0.00926234	0	-2.24198	0.00108262	0	0.0322566	0	0	-3.30597	
38.27	0.337	0.103	-0.0092488	0	-2.24198	0.00108104	0	0.0322566	0	0	-3.30597	
38.28	0.337	0.103	-0.00923527	0	-2.24198	0.00107946	0	0.0322566	0	0	-3.30597	
38.29	0.337	0.103	-0.00922177	0	-2.24198	0.00107788	0	0.0322566	0	0	-3.30597	
38.3	0.337	0.103	-0.00920829	0	-2.24198	0.0010763	0	0.0322567	0	0	-3.30597	
38.31	0.337	0.103	-0.00919483	0	-2.24198	0.00107473	0	0.0322567	0	0	-3.30597	
38.32	0.337	0.103	-0.00918138	0	-2.24198	0.00107316	0	0.0322567	0	0	-3.30597	
38.33	0.337	0.103	-0.00916796	0	-2.24198	0.00107159	0	0.0322567	0	0	-3.30597	
38.34	0.337	0.103	-0.00915455	0	-2.24198	0.00107002	0	0.0322567	0	0	-3.30597	
38.35	0.337	0.103	-0.00914117	0	-2.24198	0.00106846	0	0.0322567	0	0	-3.30597	
38.36	0.337	0.103	-0.0091278	0	-2.24198	0.0010669	0	0.0322567	0	0	-3.30597	
38.37	0.337	0.103	-0.00911446	0	-2.24198	0.00106534	0	0.0322567	0	0	-3.30597	
38.38	0.337	0.103	-0.00910113	0	-2.24198	0.00106378	0	0.0322568	0	0	-3.30597	
38.39	0.337	0.103	-0.00908783	0	-2.24198	0.00106222	0	0.0322568	0	0	-3.30597	
38.4	0.337	0.103	-0.00907454	0	-2.24198	0.00106067	0	0.0322568	0	0	-3.30597	
38.41	0.337	0.103	-0.00906127	0	-2.24198	0.00105912	0	0.0322568	0	0	-3.30597	
38.42	0.337	0.103	-0.00904802	0	-2.24198	0.00105757	0	0.0322568	0	0	-3.30597	
38.43	0.337	0.103	-0.00903479	0	-2.24198	0.00105602	0	0.0322568	0	0	-3.30597	
38.44	0.337	0.103	-0.00902158	0	-2.24198	0.00105448	0	0.0322568	0	0	-3.30597	
38.45	0.337	0.103	-0.00900839	0	-2.24198	0.00105294	0	0.0322568	0	0	-3.30597	
38.46	0.337	0.103	-0.00899522	0	-2.24198	0.0010514	0	0.0322569	0	0	-3.30597	
38.47	0.337	0.103	-0.00898207	0	-2.24198	0.00104986	0	0.0322569	0	0	-3.30597	
38.48	0.337	0.103	-0.00896894	0	-2.24198	0.00104833	0	0.0322569	0	0	-3.30597	
38.49	0.337	0.103	-0.00895583	0	-2.24198	0.00104679	0	0.0322569	0	0	-3.30597	
38.5	0.337	0.103	-0.00894273	0	-2.24198	0.00104526	0	0.0322569	0	0	-3.30597	
38.51	0.337	0.103	-0.00892966	0	-2.24198	0.00104374	0	0.0322569	0	0	-3.30597	
38.52	0.337	0.103	-0.0089166	0	-2.24198	0.00104221	0	0.0322569	0	0	-3.30597	
38.53	0.337	0.103	-0.00890357	0	-2.24198	0.00104069	0	0.0322569	0	0	-3.30597	
38.54	0.337	0.103	-0.00889055	0	-2.24198	0.00103916	0	0.032257	0	0	-3.30597	
38.55	0.337	0.103	-0.00887755	0	-2.24198	0.00103765	0	0.032257	0	0	-3.30597	
38.56	0.337	0.103	-0.00886457	0	-2.24198	0.00103613	0	0.032257	0	0	-3.30597	
38.57	0.337	0.103	-0.00885161	0	-2.24198	0.00103461	0	0.032257	0	0	-3.30597	
38.58	0.337	0.103	-0.00883867	0	-2.24198	0.0010331	0	0.032257	0	0	-3.30597	
38.59	0.337	0.103	-0.00882574	0	-2.24198	0.00103159	0	0.032257	0	0	-3.30597	
38.6	0.337	0.103	-0.00881284	0	-2.24198	0.00103008	0	0.032257	0	0	-3.30597	
38.61	0.337	0.103	-0.00879996	0	-2.24198	0.00102858	0	0.032257	0	0	-3.30597	
38.62	0.337	0.103	-0.00878709	0	-2.24198	0.00102707	0	0.0322571	0	0	-3.30597	
38.63	0.337	0.103	-0.00877424	0	-2.24198	0.00102557	0	0.0322571	0	0	-3.30597	
38.64	0.337	0.103	-0.00876141	0	-2.24198	0.00102407	0	0.0322571	0	0	-3.30597	
38.65	0.337	0.103	-0.0087486	0	-2.24198	0.00102257	0	0.0322571	0	0	-3.30597	
38.66	0.337	0.103	-0.00873581	0	-2.24198	0.00102108	0	0.0322571	0	0	-3.30597	
38.67	0.337	0.103	-0.00872304	0	-2.24198	0.00101959	0	0.0322571	0	0	-3.30597	
38.68	0.337	0.103	-0.00871029	0	-2.24198	0.00101809	0	0.0322571	0	0	-3.30597	
38.69	0.337	0.103	-0.00869755	0	-2.24198	0.00101661	0	0.0322571	0	0	-3.30597	
38.7	0.337	0.103	-0.00868483	0	-2.24198	0.00101512	0	0.0322571	0	0	-3.30597	
38.71	0.337	0.103	-0.00867214	0	-2.24198	0.00101364	0	0.0322572	0	0	-3.30597	
38.72	0.337	0.103	-0.00865946	0	-2.24198	0.00101215	0	0.0322572	0	0	-3.30597	
38.73	0.337	0.103	-0.0086468	0	-2.24198	0.00101067	0	0.0322572	0	0	-3.30597	
38.74	0.337	0.103	-0.00863415	0	-2.24198	0.0010092	0	0.0322572	0	0	-3.30597	
38.75	0.337	0.103	-0.00862153	0	-2.24198	0.00100772	0	0.0322572	0	0	-3.30597	
38.76	0.337	0.103	-0.00860893	0	-2.24198	0.00100625	0	0.0322572	0	0	-3.30597	
38.77	0.337	0.103	-0.00859634	0	-2.24198	0.00100478	0	0.0322572	0	0	-3.30597	
38.78	0.337	0.103	-0.00858377	0	-2.24198	0.00100331	0	0.0322572	0	0	-3.30597	
38.79	0.337	0.103	-0.00857122	0	-2.24198	0.00100184	0	0.0322572	0	0	-3.30597	
38.8	0.337	0.103	-0.00855869	0	-2.24198	0.00100038	0	0.0322573	0	0	-3.30597	
38.81	0.337	0.103	-0.00854617	0	-2.24198	0.000998913	0	0.0322573	0	0	-3.30597	
38.82	0.337	0.103	-0.00853368	0	-2.24198	0.000997453	0	0.0322573	0	0	-3.30597	
38.83	0.337	0.103	-0.0085212	0	-2.24198	0.000995994	0	0.0322573	0	0	-3.30597	
38.84	0.337	0.103	-0.00850874	0	-2.24198	0.000994538	0	0.0322573	0	0	-3.30597	
38.85	0.337	0.103	-0.0084963	0	-2.24198	0.000993084	0	0.0322573	0	0	-3.30597	
38.86	0.337	0.103	-0.00848388	0	-2.24198	0.000991632	0	0.0322573	0	0	-3.30597	
38.87	0.337	0.103	-0.00847148	0	-2.24198	0.000990182	0	0.0322573	0	0	-3.30597	
38.88	0.337	0.103	-0.00845909	0	-2.24198	0.000988735	0	0.0322573	0	0	-3.30597	
38.89	0.337	0.103	-0.00844672	0	-2.24198	0.000987289	0	0.0322574	0	0	-3.30597	
38.9	0.337	0.103	-0.00843437	0	-2.24198	0.000985846	0	0.0322574	0	0	-3.30597	
38.91	0.337	0.103	-0.00842204	0	-2.24198	0.000984404	0	0.0322574	0	0	-3.30597	
38.92	0.337	0.103	-0.00840973	0	-2.24198	0.000982965	0	0.0322574	0	0	-3.30597	
38.93	0.337	0.103	-0.00839743	0	-2.24198	0.000981528	0	0.0322574	0	0	-3.30597	
38.94	0.337	0.103	-0.00838516	0	-2.24198	0.000980093	0	0.0322574	0	0	-3.30597	
38.95	0.337	0.103	-0.0083729	0	-2.24198	0.00097866	0	0.0322574	0	0	-3.30597	
38.96	0.337	0.103	-0.00836065	0	-2.24198	0.000977229	0	0.0322574	0	0	-3.30597	
38.97	0.337	0.103	-0.00834843	0	-2.24198	0.0009758	0	0.0322574	0	0	-3.30597	
38.98	0.337	0.103	-0.00833622	0	-2.24198	0.000974374	0	0.0322575	0	0	-3.30597	
38.99	0.337	0.103	-0.00832404	0	-2.24198	0.000972949	0	0.0322575	0	0	-3.30597	
39	0.337	0.103	-0.00831187	0	-2.24198	0.000971527	0	0.0322575	0	0	-3.30597	
39.01	0.337	0.103	-0.00829971	0	-2.24198	0.000970106	0	0.0322575	0	0	-3.30597	
39.02	0.337	0.103	-0.00828758	0	-2.24198	0.000968688	0	0.0322575	0	0	-3.30597	
39.03	0.337	0.103	-0.00827546	0	-2.24198	0.000967271	0	0.0322575	0	0	-3.30597	
39.04	0.337	0.103	-0.00826336	0	-2.24198	0.000965857	0	0.0322575	0	0	-3.30597	
39.05	0.337	0.103	-0.00825128	0	-2.24198	0.000964445	0	0.0322575	0	0	-3.30597	
39.06	0.337	0.103	-0.00823922	0	-2.24198	0.000963035	0	0.0322575	0	0	-3.30597	
39.07	0.337	0.103	-0.00822717	0	-2.24198	0.000961627	0	0.0322575	0	0	-3.30597	
39.08	0.337	0.103	-0.00821514	0	-2.24198	0.000960221	0	0.0322576	0	0	-3.30597	
39.09	0.337	0.103	-0.00820313	0	-2.24198	0.000958817	0	0.0322576	0	0	-3.30597	
39.1	0.337	0.103	-0.00819114	0	-2.24199	0.000957415	0	0.0322576	0	0	-3.30597	
39.11	0.337	0.103	-0.00817916	0	-2.24199	0.000956016	0	0.0322576	0	0	-3.30597	
39.12	0.337	0.103	-0.0081672	0	-2.24199	0.000954618	0	0.0322576	0	0	-3.30597	
39.13	0.337	0.103	-0.00815526	0	-2.24199	0.000953222	0	0.0322576	0	0	-3.30597	
39.14	0.337	0.103	-0.00814334	0	-2.24199	0.000951828	0	0.0322576	0	0	-3.30597	
39.15	0.337	0.103	-0.00813143	0	-2.24199	0.000950437	0	0.0322576	0	0	-3.30597	
39.16	0.337	0.103	-0.00811954	0	-2.24199	0.000949047	0	0.0322576	0	0	-3.30597	
39.17	0.337	0.103	-0.00810767	0	-2.24199	0.00094766	0	0.0322576	0	0	-3.30597	
39.18	0.337	0.103	-0.00809582	0	-2.24199	0.000946274	0	0.0322577	0	0	-3.30597	
39.19	0.337	0.103	-0.00808398	0	-2.24199	0.000944891	0	0.0322577	0	0	-3.30597	
39.2	0.337	0.103	-0.00807216	0	-2.24199	0.000943509	0	0.0322577	0	0	-3.30597	
39.21	0.337	0.103	-0.00806036	0	-2.24199	0.00094213	0	0.0322577	0	0	-3.30597	
39.22	0.337	0.103	-0.00804857	0	-2.24199	0.000940752	0	0.0322577	0	0	-3.30597	
39.23	0.337	0.103	-0.00803681	0	-2.24199	0.000939377	0	0.0322577	0	0	-3.30597	
39.24	0.337	0.103	-0.00802506	0	-2.24199	0.000938003	0	0.0322577	0	0	-3.30597	
39.25	0.337	0.103	-0.00801332	0	-2.24199	0.000936632	0	0.0322577	0	0	-3.30597	
39.26	0.337	0.103	-0.00800161	0	-2.24199	0.000935263	0	0.0322577	0	0	-3.30597	
39.27	0.337	0.103	-0.00798991	0	-2.24199	0.000933895	0	0.0322577	0	0	-3.30597	
39.28	0.337	0.103	-0.00797823	0	-2.24199	0.00093253	0	0.0322578	0	0	-3.30597	
39.29	0.337	0.103	-0.00796656	0	-2.24199	0.000931166	0	0.0322578	0	0	-3.30597	
39.3	0.337	0.103	-0.00795491	0	-2.24199	0.000929805	0	0.0322578	0	0	-3.30597	
39.31	0.337	0.103	-0.00794328	0	-2.24199	0.000928446	0	0.0322578	0	0	-3.30597	
39.32	0.337	0.103	-0.00793167	0	-2.24199	0.000927088	0	0.0322578	0	0	-3.30597	
39.33	0.337	0.103	-0.00792007	0	-2.24199	0.000925733	0	0.0322578	0	0	-3.30597	
39.34	0.337	0.103	-0.00790849	0	-2.24199	0.000924379	0	0.0322578	0	0	-3.30597	
39.35	0.337	0.103	-0.00789693	0	-2.24199	0.000923028	0	0.0322578	0	0	-3.30597	
39.36	0.337	0.103	-0.00788538	0	-2.24199	0.000921678	0	0.0322578	0	0	-3.30597	
39.37	0.337	0.103	-0.00787385	0	-2.24199	0.000920331	0	0.0322578	0	0	-3.30597	
39.38	0.337	0.103	-0.00786234	0	-2.24199	0.000918985	0	0.0322579	0	0	-3.30597	
39.39	0.337	0.103	-0.00785085	0	-2.24199	0.000917641	0	0.0322579	0	0	-3.30597	
39.4	0.337	0.103	-0.00783937	0	-2.24199	0.0009163	0	0.0322579	0	0	-3.30597	
39.41	0.337	0.103	-0.00782791	0	-2.24199	0.00091496	0	0.0322579	0	0	-3.30597	
39.42	0.337	0.103	-0.00781646	0	-2.24199	0.000913622	0	0.0322579	0	0	-3.30597	
39.43	0.337	0.103	-0.00780503	0	-2.24199	0.000912287	0	0.0322579	0	0	-3.30597	
39.44	0.337	0.103	-0.00779362	0	-2.24199	0.000910953	0	0.0322579	0	0	-3.30597	
39.45	0.337	0.103	-0.00778223	0	-2.24199	0.000909621	0	0.0322579	0	0	-3.30597	
39.46	0.337	0.103	-0.00777085	0	-2.24199	0.000908291	0	0.0322579	0	0	-3.30597	
39.47	0.337	0.103	-0.00775949	0	-2.24199	0.000906963	0	0.0322579	0	0	-3.30597	
39.48	0.337	0.103	-0.00774814	0	-2.24199	0.000905637	0	0.0322579	0	0	-3.30597	
39.49	0.337	0.103	-0.00773681	0	-2.24199	0.000904313	0	0.032258	0	0	-3.30597	
39.5	0.337	0.103	-0.0077255	0	-2.24199	0.000902991	0	0.032258	0	0	-3.30597	
39.51	0.337	0.103	-0.00771421	0	-2.24199	0.000901671	0	0.032258	0	0	-3.30597	
39.52	0.337	0.103	-0.00770293	0	-2.24199	0.000900352	0	0.032258	0	0	-3.30597	
39.53	0.337	0.103	-0.00769167	0	-2.24199	0.000899036	0	0.032258	0	0	-3.30597	
39.54	0.337	0.103	-0.00768042	0	-2.24199	0.000897721	0	0.032258	0	0	-3.30597	
39.55	0.337	0.103	-0.00766919	0	-2.24199	0.000896409	0	0.032258	0	0	-3.30597	
39.56	0.337	0.103	-0.00765798	0	-2.24199	0.000895098	0	0.032258	0	0	-3.30597	
39.57	0.337	0.103	-0.00764678	0	-2.24199	0.00089379	0	0.032258	0	0	-3.30597	
39.58	0.337	0.103	-0.0076356	0	-2.24199	0.000892483	0	0.032258	0	0	-3.30597	
39.59	0.337	0.103	-0.00762444	0	-2.24199	0.000891178	0	0.032258	0	0	-3.30597	
39.6	0.337	0.103	-0.00761329	0	-2.24199	0.000889875	0	0.0322581	0	0	-3.30597	
39.61	0.337	0.103	-0.00760216	0	-2.24199	0.000888574	0	0.0322581	0	0	-3.30597	
39.62	0.337	0.103	-0.00759104	0	-2.24199	0.000887275	0	0.0322581	0	0	-3.30597	
39.63	0.337	0.103	-0.00757995	0	-2.24199	0.000885978	0	0.0322581	0	0	-3.30597	
39.64	0.337	0.103	-0.00756886	0	-2.24199	0.000884682	0	0.0322581	0	0	-3.30597	
39.65	0.337	0.103	-0.0075578	0	-2.24199	0.000883389	0	0.0322581	0	0	-3.30597	
39.66	0.337	0.103	-0.00754675	0	-2.24199	0.000882097	0	0.0322581	0	0	-3.30597	
39.67	0.337	0.103	-0.00753571	0	-2.24199	0.000880808	0	0.0322581	0	0	-3.30597	
39.68	0.337	0.103	-0.0075247	0	-2.24199	0.00087952	0	0.0322581	0	0	-3.30597	
39.69	0.337	0.103	-0.00751369	0	-2.24199	0.000878234	0	0.0322581	0	0	-3.30597	
39.7	0.337	0.103	-0.00750271	0	-2.24199	0.00087695	0	0.0322581	0	0	-3.30597	
39.71	0.337	0.103	-0.00749174	0	-2.24199	0.000875668	0	0.0322581	0	0	-3.30597	
39.72	0.337	0.103	-0.00748078	0	-2.24199	0.000874387	0	0.0322582	0	0	-3.30597	
39.73	0.337	0.103	-0.00746985	0	-2.24199	0.000873109	0	0.0322582	0	0	-3.30597	
39.74	0.337	0.103	-0.00745893	0	-2.24199	0.000871832	0	0.0322582	0	0	-3.30597	
39.75	0.337	0.103	-0.00744802	0	-2.24199	0.000870558	0	0.0322582	0	0	-3.30597	
39.76	0.337	0.103	-0.00743713	0	-2.24199	0.000869285	0	0.0322582	0	0	-3.30597	
39.77	0.337	0.103	-0.00742626	0	-2.24199	0.000868014	0	0.0322582	0	0	-3.30597	
39.78	0.337	0.103	-0.0074154	0	-2.24199	0.000866745	0	0.0322582	0	0	-3.30597	
39.79	0.337	0.103	-0.00740456	0	-2.24199	0.000865478	0	0.0322582	0	0	-3.30597	
39.8	0.337	0.103	-0.00739373	0	-2.24199	0.000864212	0	0.0322582	0	0	-3.30597	
39.81	0.337	0.103	-0.00738292	0	-2.24199	0.000862949	0	0.0322582	0	0	-3.30597	
39.82	0.337	0.103	-0.00737213	0	-2.24199	0.000861687	0	0.0322582	0	0	-3.30597	
39.83	0.337	0.103	-0.00736135	0	-2.24199	0.000860427	0	0.0322583	0	0	-3.30597	
39.84	0.337	0.103	-0.00735059	0	-2.24199	0.000859169	0	0.0322583	0	0	-3.30597	
39.85	0.337	0.103	-0.00733984	0	-2.24199	0.000857913	0	0.0322583	0	0	-3.30597	
39.86	0.337	0.103	-0.00732911	0	-2.24199	0.000856659	0	0.0322583	0	0	-3.30597	
39.87	0.337	0.103	-0.00731839	0	-2.24199	0.000855406	0	0.0322583	0	0	-3.30597	
39.88	0.337	0.103	-0.00730769	0	-2.24199	0.000854156	0	0.0322583	0	0	-3.30597	
39.89	0.337	0.103	-0.00729701	0	-2.24199	0.000852907	0	0.0322583	0	0	-3.30597	
39.9	0.337	0.103	-0.00728634	0	-2.24199	0.00085166	0	0.0322583	0	0	-3.30597	
39.91	0.337	0.103	-0.00727568	0	-2.24199	0.000850415	0	0.0322583	0	0	-3.30597	
39.92	0.337	0.103	-0.00726505	0	-2.24199	0.000849171	0	0.0322583	0	0	-3.30597	
39.93	0.337	0.103	-0.00725443	0	-2.24199	0.00084793	0	0.0322583	0	0	-3.30597	
39.94	0.337	0.103	-0.00724382	0	-2.24199	0.00084669	0	0.0322583	0	0	-3.30597	
39.95	0.337	0.103	-0.00723323	0	-2.24199	0.000845452	0	0.0322583	0	0	-3.30597	
39.96	0.337	0.103	-0.00722265	0	-2.24199	0.000844216	0	0.0322584	0	0	-3.30597	
39.97	0.337	0.103	-0.00721209	0	-2.24199	0.000842982	0	0.0322584	0	0	-3.30597	
39.98	0.337	0.103	-0.00720155	0	-2.24199	0.000841749	0	0.0322584	0	0	-3.30597	
39.99	0.337	0.103	-0.00719102	0	-2.24199	0.000840519	0	0.0322584	0	0	-3.30597	
40	0.337	0.103	-0.0071805	0	-2.24199	0.00083929	0	0.0322584	0	0	-3.30597	
40.01	0.337	0.103	-0.00717001	0	-2.24199	0.000838063	0	0.0322584	0	0	-3.30597	
40.02	0.337	0.103	-0.00715952	0	-2.24199	0.000836837	0	0.0322584	0	0	-3.30597	
40.03	0.337	0.103	-0.00714906	0	-2.24199	0.000835614	0	0.0322584	0	0	-3.30597	
40.04	0.337	0.103	-0.0071386	0	-2.24199	0.000834392	0	0.0322584	0	0	-3.30597	
40.05	0.337	0.103	-0.00712817	0	-2.24199	0.000833172	0	0.0322584	0	0	-3.30597	
40.06	0.337	0.103	-0.00711774	0	-2.24199	0.000831954	0	0.0322584	0	0	-3.30597	
40.07	0.337	0.103	-0.00710734	0	-2.24199	0.000830738	0	0.0322584	0	0	-3.30597	
40.08	0.337	0.103	-0.00709695	0	-2.24199	0.000829523	0	0.0322584	0	0	-3.30597	
40.09	0.337	0.103	-0.00708657	0	-2.24199	0.00082831	0	0.0322585	0	0	-3.30597	
40.1	0.337	0.103	-0.00707621	0	-2.24199	0.000827099	0	0.0322585	0	0	-3.30597	
40.11	0.337	0.103	-0.00706586	0	-2.24199	0.00082589	0	0.0322585	0	0	-3.30597	
40.12	0.337	0.103	-0.00705553	0	-2.24199	0.000824682	0	0.0322585	0	0	-3.30597	
40.13	0.337	0.103	-0.00704522	0	-2.24199	0.000823477	0	0.0322585	0	0	-3.30597	
40.14	0.337	0.103	-0.00703491	0	-2.24199	0.000822273	0	0.0322585	0	0	-3.30597	
40.15	0.337	0.103	-0.00702463	0	-2.24199	0.00082107	0	0.0322585	0	0	-3.30597	
40.16	0.337	0.103	-0.00701436	0	-2.24199	0.00081987	0	0.0322585	0	0	-3.30597	
40.17	0.337	0.103	-0.0070041	0	-2.24199	0.000818671	0	0.0322585	0	0	-3.30597	
40.18	0.337	0.103	-0.00699386	0	-2.24199	0.000817474	0	0.0322585	0	0	-3.30597	
40.19	0.337	0.103	-0.00698364	0	-2.24199	0.000816279	0	0.0322585	0	0	-3.30597	
40.2	0.337	0.103	-0.00697343	0	-2.24199	0.000815086	0	0.0322585	0	0	-3.30597	
40.21	0.337	0.103	-0.00696323	0	-2.24199	0.000813894	0	0.0322585	0	0	-3.30597	
40.22	0.337	0.103	-0.00695305	0	-2.24199	0.000812704	0	0.0322586	0	0	-3.30597	
40.23	0.337	0.103	-0.00694288	0	-2.24199	0.000811516	0	0.0322586	0	0	-3.30597	
40.24	0.337	0.103	-0.00693273	0	-2.24199	0.000810329	0	0.0322586	0	0	-3.30597	
40.25	0.337	0.103	-0.0069226	0	-2.24199	0.000809145	0	0.0322586	0	0	-3.30597	
40.26	0.337	0.103	-0.00691248	0	-2.24199	0.000807962	0	0.0322586	0	0	-3.30597	
40.27	0.337	0.103	-0.00690237	0	-2.24199	0.00080678	0	0.0322586	0	0	-3.30597	
40.28	0.337	0.103	-0.00689228	0	-2.24199	0.000805601	0	0.0322586	0	0	-3.30597	
40.29	0.337	0.103	-0.0068822	0	-2.24199	0.000804423	0	0.0322586	0	0	-3.30597	
40.3	0.337	0.103	-0.00687214	0	-2.24199	0.000803247	0	0.0322586	0	0	-3.30597	
40.31	0.337	0.103	-0.00686209	0	-2.24199	0.000802072	0	0.0322586	0	0	-3.30597	
40.32	0.337	0.103	-0.00685206	0	-2.24199	0.0008009	0	0.0322586	0	0	-3.30597	
40.33	0.337	0.103	-0.00684204	0	-2.24199	0.000799729	0	0.0322586	0	0	-3.30597	
40.34	0.337	0.103	-0.00683204	0	-2.24199	0.000798559	0	0.0322586	0	0	-3.30597	
40.35	0.337	0.103	-0.00682205	0	-2.24199	0.000797392	0	0.0322586	0	0	-3.30597	
40.36	0.337	0.103	-0.00681207	0	-2.24199	0.000796226	0	0.0322587	0	0	-3.30597	
40.37	0.337	0.103	-0.00680211	0	-2.24199	0.000795062	0	0.0322587	0	0	-3.30597	
40.38	0.337	0.103	-0.00679217	0	-2.24199	0.0007939	0	0.0322587	0	0	-3.30597	
40.39	0.337	0.103	-0.00678224	0	-2.24199	0.000792739	0	0.0322587	0	0	-3.30597	
40.4	0.337	0.103	-0.00677232	0	-2.24199	0.00079158	0	0.0322587	0	0	-3.30597	
40.41	0.337	0.103	-0.00676242	0	-2.24199	0.000790422	0	0.0322587	0	0	-3.30597	
40.42	0.337	0.103	-0.00675253	0	-2.24199	0.000789267	0	0.0322587	0	0	-3.30597	
40.43	0.337	0.103	-0.00674266	0	-2.24199	0.000788113	0	0.0322587	0	0	-3.30597	
40.44	0.337	0.103	-0.0067328	0	-2.24199	0.000786961	0	0.0322587	0	0	-3.30597	
40.45	0.337	0.103	-0.00672296	0	-2.24199	0.00078581	0	0.0322587	0	0	-3.30597	
40.46	0.337	0.103	-0.00671313	0	-2.24199	0.000784661	0	0.0322587	0	0	-3.30597	
40.47	0.337	0.103	-0.00670331	0	-2.24199	0.000783514	0	0.0322587	0	0	-3.30597	
40.48	0.337	0.103	-0.00669351	0	-2.24199	0.000782368	0	0.0322587	0	0	-3.30597	
40.49	0.337	0.103	-0.00668373	0	-2.24199	0.000781224	0	0.0322587	0	0	-3.30597	
40.5	0.337	0.103	-0.00667395	0	-2.24199	0.000780082	0	0.0322588	0	0	-3.30597	
40.51	0.337	0.103	-0.0066642	0	-2.24199	0.000778942	0	0.0322588	0	0	-3.30597	
40.52	0.337	0.103	-0.00665445	0	-2.24199	0.000777803	0	0.0322588	0	0	-3.30597	
40.53	0.337	0.103	-0.00664472	0	-2.24199	0.000776666	0	0.0322588	0	0	-3.30597	
40.54	0.337	0.103	-0.00663501	0	-2.24199	0.00077553	0	0.0322588	0	0	-3.30597	
40.55	0.337	0.103	-0.00662531	0	-2.24199	0.000774396	0	0.0322588	0	0	-3.30597	
40.56	0.337	0.103	-0.00661562	0	-2.24199	0.000773264	0	0.0322588	0	0	-3.30597	
40.57	0.337	0.103	-0.00660595	0	-2.24199	0.000772133	0	0.0322588	0	0	-3.30597	
40.58	0.337	0.103	-0.00659629	0	-2.24199	0.000771005	0	0.0322588	0	0	-3.30597	
40.59	0.337	0.103	-0.00658664	0	-2.24199	0.000769877	0	0.0322588	0	0	-3.30597	
40.6	0.337	0.103	-0.00657701	0	-2.24199	0.000768752	0	0.0322588	0	0	-3.30597	
40.61	0.337	0.103	-0.0065674	0	-2.24199	0.000767628	0	0.0322588	0	0	-3.30597	
40.62	0.337	0.103	-0.0065578	0	-2.24199	0.000766505	0	0.0322588	0	0	-3.30597	
40.63	0.337	0.103	-0.00654821	0	-2.24199	0.000765385	0	0.0322588	0	0	-3.30597	
40.64	0.337	0.103	-0.00653863	0	-2.24199	0.000764266	0	0.0322588	0	0	-3.30597	
40.65	0.337	0.103	-0.00652907	0	-2.24199	0.000763148	0	0.0322589	0	0	-3.30597	
40.66	0.337	0.103	-0.00651953	0	-2.24199	0.000762032	0	0.0322589	0	0	-3.30597	
40.67	0.337	0.103	-0.00651	0	-2.24199	0.000760918	0	0.0322589	0	0	-3.30597	
40.68	0.337	0.103	-0.00650048	0	-2.24199	0.000759806	0	0.0322589	0	0	-3.30597	
40.69	0.337	0.103	-0.00649097	0	-2.24199	0.000758695	0	0.0322589	0	0	-3.30597	
40.7	0.337	0.103	-0.00648148	0	-2.24199	0.000757586	0	0.0322589	0	0	-3.30597	
40.71	0.337	0.103	-0.00647201	0	-2.24199	0.000756478	0	0.0322589	0	0	-3.30597	
40.72	0.337	0.103	-0.00646254	0	-2.24199	0.000755372	0	0.0322589	0	0	-3.30597	
40.73	0.337	0.103	-0.0064531	0	-2.24199	0.000754268	0	0.0322589	0	0	-3.30597	
40.74	0.337	0.103	-0.00644366	0	-2.24199	0.000753165	0	0.0322589	0	0	-3.30597	
40.75	0.337	0.103	-0.00643424	0	-2.24199	0.000752064	0	0.0322589	0	0	-3.30597	
40.76	0.337	0.103	-0.00642483	0	-2.24199	0.000750964	0	0.0322589	0	0	-3.30597	
40.77	0.337	0.103	-0.00641544	0	-2.24199	0.000749866	0	0.0322589	0	0	-3.30597	
40.78	0.337	0.103	-0.00640606	0	-2.24199	0.00074877	0	0.0322589	0	0	-3.30597	
40.79	0.337	0.103	-0.00639669	0	-2.24199	0.000747675	0	0.0322589	0	0	-3.30597	
40.8	0.337	0.103	-0.00638734	0	-2.24199	0.000746582	0	0.0322589	0	0	-3.30597	
40.81	0.337	0.103	-0.006378	0	-2.24199	0.00074549	0	0.032259	0	0	-3.30597	
40.82	0.337	0.103	-0.00636868	0	-2.24199	0.0007444	0	0.032259	0	0	-3.30597	
40.83	0.337	0.103	-0.00635936	0	-2.24199	0.000743312	0	0.032259	0	0	-3.30597	
40.84	0.337	0.103	-0.00635007	0	-2.24199	0.000742225	0	0.032259	0	0	-3.30597	
40.85	0.337	0.103	-0.00634078	0	-2.24199	0.00074114	0	0.032259	0	0	-3.30597	
40.86	0.337	0.103	-0.00633151	0	-2.24199	0.000740056	0	0.032259	0	0	-3.30597	
40.87	0.337	0.103	-0.00632225	0	-2.24199	0.000738974	0	0.032259	0	0	-3.30597	
40.88	0.337	0.103	-0.00631301	0	-2.24199	0.000737894	0	0.032259	0	0	-3.30597	
40.89	0.337	0.103	-0.00630378	0	-2.24199	0.000736815	0	0.032259	0	0	-3.30597	
40.9	0.337	0.103	-0.00629456	0	-2.24199	0.000735738	0	0.032259	0	0	-3.30597	
40.91	0.337	0.103	-0.00628536	0	-2.24199	0.000734662	0	0.032259	0	0	-3.30597	
40.92	0.337	0.103	-0.00627617	0	-2.24199	0.000733588	0	0.032259	0	0	-3.30597	
40.93	0.337	0.103	-0.006267	0	-2.24199	0.000732515	0	0.032259	0	0	-3.30597	
40.94	0.337	0.103	-0.00625783	0	-2.24199	0.000731445	0	0.032259	0	0	-3.30597	
40.95	0.337	0.103	-0.00624868	0	-2.24199	0.000730375	0	0.032259	0	0	-3.30597	
40.96	0.337	0.103	-0.00623955	0	-2.24199	0.000729307	0	0.032259	0	0	-3.30597	
40.97	0.337	0.103	-0.00623042	0	-2.24199	0.000728241	0	0.0322591	0	0	-3.30597	
40.98	0.337	0.103	-0.00622131	0	-2.24199	0.000727176	0	0.0322591	0	0	-3.30597	
40.99	0.337	0.103	-0.00621222	0	-2.24199	0.000726113	0	0.0322591	0	0	-3.30597	
41	0.337	0.103	-0.00620314	0	-2.24199	0.000725051	0	0.0322591	0	0	-3.30597	
41.01	0.337	0.103	-0.00619407	0	-2.24199	0.000723991	0	0.0322591	0	0	-3.30597	
41.02	0.337	0.103	-0.00618501	0	-2.24199	0.000722933	0	0.0322591	0	0	-3.30597	
41.03	0.337	0.103	-0.00617597	0	-2.24199	0.000721876	0	0.0322591	0	0	-3.30597	
41.04	0.337	0.103	-0.00616694	0	-2.24199	0.00072082	0	0.0322591	0	0	-3.30597	
41.05	0.337	0.103	-0.00615792	0	-2.24199	0.000719767	0	0.0322591	0	0	-3.30597	
41.06	0.337	0.103	-0.00614892	0	-2.24199	0.000718714	0	0.0322591	0	0	-3.30597	
41.07	0.337	0.103	-0.00613993	0	-2.24199	0.000717663	0	0.0322591	0	0	-3.30597	
41.08	0.337	0.103	-0.00613095	0	-2.24199	0.000716614	0	0.0322591	0	0	-3.30597	
41.09	0.337	0.103	-0.00612199	0	-2.24199	0.000715566	0	0.0322591	0	0	-3.30597	
41.1	0.337	0.103	-0.00611304	0	-2.24199	0.00071452	0	0.0322591	0	0	-3.30597	
41.11	0.337	0.103	-0.0061041	0	-2.24199	0.000713475	0	0.0322591	0	0	-3.30597	
41.12	0.337	0.103	-0.00609517	0	-2.24199	0.000712432	0	0.0322591	0	0	-3.30597	
41.13	0.337	0.103	-0.00608626	0	-2.24199	0.000711391	0	0.0322591	0	0	-3.30597	
41.14	0.337	0.103	-0.00607736	0	-2.24199	0.000710351	0	0.0322591	0	0	-3.30597	
41.15	0.337	0.103	-0.00606848	0	-2.24199	0.000709312	0	0.0322592	0	0	-3.30597	
41.16	0.337	0.103	-0.0060596	0	-2.24199	0.000708275	0	0.0322592	0	0	-3.30597	
41.17	0.337	0.103	-0.00605075	0	-2.24199	0.000707239	0	0.0322592	0	0	-3.30597	
41.18	0.337	0.103	-0.0060419	0	-2.24199	0.000706205	0	0.0322592	0	0	-3.30597	
41.19	0.337	0.103	-0.00603306	0	-2.24199	0.000705173	0	0.0322592	0	0	-3.30597	
41.2	0.337	0.103	-0.00602424	0	-2.24199	0.000704142	0	0.0322592	0	0	-3.30597	
41.21	0.337	0.103	-0.00601544	0	-2.24199	0.000703112	0	0.0322592	0	0	-3.30597	
41.22	0.337	0.103	-0.00600664	0	-2.24199	0.000702084	0	0.0322592	0	0	-3.30597	
41.23	0.337	0.103	-0.00599786	0	-2.24199	0.000701058	0	0.0322592	0	0	-3.30597	
41.24	0.337	0.103	-0.00598909	0	-2.24199	0.000700033	0	0.0322592	0	0	-3.30597	
41.25	0.337	0.103	-0.00598033	0	-2.24199	0.000699009	0	0.0322592	0	0	-3.30597	
41.26	0.337	0.103	-0.00597159	0	-2.24199	0.000697987	0	0.0322592	0	0	-3.30597	
41.27	0.337	0.103	-0.00596286	0	-2.24199	0.000696967	0	0.0322592	0	0	-3.30597	
41.28	0.337	0.103	-0.00595414	0	-2.24199	0.000695948	0	0.0322592	0	0	-3.30597	
41.29	0.337	0.103	-0.00594543	0	-2.24199	0.00069493	0	0.0322592	0	0	-3.30597	
41.3	0.337	0.103	-0.00593674	0	-2.24199	0.000693914	0	0.0322592	0	0	-3.30597	
41.31	0.337	0.103	-0.00592806	0	-2.24199	0.0006929	0	0.0322592	0	0	-3.30597	
41.32	0.337	0.103	-0.00591939	0	-2.24199	0.000691887	0	0.0322592	0	0	-3.30597	
41.33	0.337	0.103	-0.00591074	0	-2.24199	0.000690875	0	0.0322593	0	0	-3.30597	
41.34	0.337	0.103	-0.0059021	0	-2.24199	0.000689865	0	0.0322593	0	0	-3.30597	
41.35	0.337	0.103	-0.00589347	0	-2.24199	0.000688856	0	0.0322593	0	0	-3.30597	
41.36	0.337	0.103	-0.00588485	0	-2.24199	0.000687849	0	0.0322593	0	0	-3.30597	
41.37	0.337	0.103	-0.00587625	0	-2.24199	0.000686844	0	0.0322593	0	0	-3.30597	
41.38	0.337	0.103	-0.00586766	0	-2.24199	0.000685839	0	0.0322593	0	0	-3.30597	
41.39	0.337	0.103	-0.00585908	0	-2.24199	0.000684837	0	0.0322593	0	0	-3.30597	
41.4	0.337	0.103	-0.00585051	0	-2.24199	0.000683835	0	0.0322593	0	0	-3.30597	
41.41	0.337	0.103	-0.00584196	0	-2.24199	0.000682835	0	0.0322593	0	0	-3.30597	
41.42	0.337	0.103	-0.00583342	0	-2.24199	0.000681837	0	0.0322593	0	0	-3.30597	
41.43	0.337	0.103	-0.00582489	0	-2.24199	0.00068084	0	0.0322593	0	0	-3.30597	
41.44	0.337	0.103	-0.00581637	0	-2.24199	0.000679845	0	0.0322593	0	0	-3.30597	
41.45	0.337	0.103	-0.00580787	0	-2.24199	0.000678851	0	0.0322593	0	0	-3.30597	
41.46	0.337	0.103	-0.00579938	0	-2.24199	0.000677858	0	0.0322593	0	0	-3.30597	
41.47	0.337	0.103	-0.0057909	0	-2.24199	0.000676867	0	0.0322593	0	0	-3.30597	
41.48	0.337	0.103	-0.00578243	0	-2.24199	0.000675878	0	0.0322593	0	0	-3.30597	
41.49	0.337	0.103	-0.00577397	0	-2.24199	0.000674889	0	0.0322593	0	0	-3.30597	
41.5	0.337	0.103	-0.00576553	0	-2.24199	0.000673903	0	0.0322593	0	0	-3.30597	
41.51	0.337	0.103	-0.0057571	0	-2.24199	0.000672917	0	0.0322593	0	0	-3.30597	
41.52	0.337	0.103	-0.00574869	0	-2.24199	0.000671934	0	0.0322594	0	0	-3.30597	
41.53	0.337	0.103	-0.00574028	0	-2.24199	0.000670951	0	0.0322594	0	0	-3.30597	
41.54	0.337	0.103	-0.00573189	0	-2.24199	0.00066997	0	0.0322594	0	0	-3.30597	
41.55	0.337	0.103	-0.00572351	0	-2.24199	0.000668991	0	0.0322594	0	0	-3.30597	
41.56	0.337	0.103	-0.00571514	0	-2.24199	0.000668012	0	0.0322594	0	0	-3.30597	
41.57	0.337	0.103	-0.00570678	0	-2.24199	0.000667036	0	0.0322594	0	0	-3.30597	
41.58	0.337	0.103	-0.00569844	0	-2.24199	0.000666061	0	0.0322594	0	0	-3.30597	
41.59	0.337	0.103	-0.00569011	0	-2.24199	0.000665087	0	0.0322594	0	0	-3.30597	
41.6	0.337	0.103	-0.00568179	0	-2.24199	0.000664114	0	0.0322594	0	0	-3.30597	
41.61	0.337	0.103	-0.00567348	0	-2.24199	0.000663143	0	0.0322594	0	0	-3.30597	
41.62	0.337	0.103	-0.00566519	0	-2.24199	0.000662174	0	0.0322594	0	0	-3.30597	
41.63	0.337	0.103	-0.0056569	0	-2.24199	0.000661206	0	0.0322594	0	0	-3.30597	
41.64	0.337	0.103	-0.00564863	0	-2.24199	0.000660239	0	0.0322594	0	0	-3.30597	
41.65	0.337	0.103	-0.00564037	0	-2.24199	0.000659274	0	0.0322594	0	0	-3.30597	
41.66	0.337	0.103	-0.00563213	0	-2.24199	0.00065831	0	0.0322594	0	0	-3.30597	
41.67	0.337	0.103	-0.00562389	0	-2.24199	0.000657347	0	0.0322594	0	0	-3.30597	
41.68	0.337	0.103	-0.00561567	0	-2.24199	0.000656386	0	0.0322594	0	0	-3.30597	
41.69	0.337	0.103	-0.00560746	0	-2.24199	0.000655426	0	0.0322594	0	0	-3.30597	
41.7	0.337	0.103	-0.00559926	0	-2.24199	0.000654468	0	0.0322594	0	0	-3.30597	
41.71	0.337	0.103	-0.00559107	0	-2.24199	0.000653511	0	0.0322594	0	0	-3.30597	
41.72	0.337	0.103	-0.0055829	0	-2.24199	0.000652556	0	0.0322594	0	0	-3.30597	
41.73	0.337	0.103	-0.00557474	0	-2.24199	0.000651602	0	0.0322595	0	0	-3.30597	
41.74	0.337	0.103	-0.00556659	0	-2.24199	0.000650649	0	0.0322595	0	0	-3.30597	
41.75	0.337	0.103	-0.00555845	0	-2.24199	0.000649698	0	0.0322595	0	0	-3.30597	
41.76	0.337	0.103	-0.00555032	0	-2.24199	0.000648748	0	0.0322595	0	0	-3.30597	
41.77	0.337	0.103	-0.00554221	0	-2.24199	0.000647799	0	0.0322595	0	0	-3.30597	
41.78	0.337	0.103	-0.0055341	0	-2.24199	0.000646852	0	0.0322595	0	0	-3.30597	
41.79	0.337	0.103	-0.00552601	0	-2.24199	0.000645906	0	0.0322595	0	0	-3.30597	
41.8	0.337	0.103	-0.00551793	0	-2.24199	0.000644962	0	0.0322595	0	0	-3.30597	
41.81	0.337	0.103	-0.00550986	0	-2.24199	0.000644019	0	0.0322595	0	0	-3.30597	
41.82	0.337	0.103	-0.00550181	0	-2.24199	0.000643077	0	0.0322595	0	0	-3.30597	
41.83	0.337	0.103	-0.00549376	0	-2.24199	0.000642137	0	0.0322595	0	0	-3.30597	
41.84	0.337	0.103	-0.00548573	0	-2.24199	0.000641198	0	0.0322595	0	0	-3.30597	
41.85	0.337	0.103	-0.00547771	0	-2.24199	0.000640261	0	0.0322595	0	0	-3.30597	
41.86	0.337	0.103	-0.0054697	0	-2.24199	0.000639325	0	0.0322595	0	0	-3.30597	
41.87	0.337	0.103	-0.00546171	0	-2.24199	0.00063839	0	0.0322595	0	0	-3.30597	
41.88	0.337	0.103	-0.00545372	0	-2.24199	0.000637457	0	0.0322595	0	0	-3.30597	
41.89	0.337	0.103	-0.00544575	0	-2.24199	0.000636525	0	0.0322595	0	0	-3.30597	
41.9	0.337	0.103	-0.00543778	0	-2.24199	0.000635594	0	0.0322595	0	0	-3.30597	
41.91	0.337	0.103	-0.00542983	0	-2.24199	0.000634665	0	0.0322595	0	0	-3.30597	
41.92	0.337	0.103	-0.00542189	0	-2.24199	0.000633737	0	0.0322595	0	0	-3.30597	
41.93	0.337	0.103	-0.00541397	0	-2.24199	0.00063281	0	0.0322595	0	0	-3.30597	
41.94	0.337	0.103	-0.00540605	0	-2.24199	0.000631885	0	0.0322596	0	0	-3.30597	
41.95	0.337	0.103	-0.00539815	0	-2.24199	0.000630961	0	0.0322596	0	0	-3.30597	
41.96	0.337	0.103	-0.00539026	0	-2.24199	0.000630039	0	0.0322596	0	0	-3.30597	
41.97	0.337	0.103	-0.00538237	0	-2.24199	0.000629118	0	0.0322596	0	0	-3.30597	
41.98	0.337	0.103	-0.0053745	0	-2.24199	0.000628198	0	0.0322596	0	0	-3.30597	
41.99	0.337	0.103	-0.00536665	0	-2.24199	0.000627279	0	0.0322596	0	0	-3.30597	
42	0.337	0.103	-0.0053588	0	-2.24199	0.000626362	0	0.0322596	0	0	-3.30597	
42.01	0.337	0.103	-0.00535097	0	-2.24199	0.000625446	0	0.0322596	0	0	-3.30597	
42.02	0.337	0.103	-0.00534314	0	-2.24199	0.000624532	0	0.0322596	0	0	-3.30597	
42.03	0.337	0.103	-0.00533533	0	-2.24199	0.000623619	0	0.0322596	0	0	-3.30597	
42.04	0.337	0.103	-0.00532753	0	-2.24199	0.000622707	0	0.0322596	0	0	-3.30597	
42.05	0.337	0.103	-0.00531974	0	-2.24199	0.000621797	0	0.0322596	0	0	-3.30597	
42.06	0.337	0.103	-0.00531196	0	-2.24199	0.000620887	0	0.0322596	0	0	-3.30597	
42.07	0.337	0.103	-0.0053042	0	-2.24199	0.00061998	0	0.0322596	0	0	-3.30597	
42.08	0.337	0.103	-0.00529644	0	-2.24199	0.000619073	0	0.0322596	0	0	-3.30597	
42.09	0.337	0.103	-0.0052887	0	-2.24199	0.000618168	0	0.0322596	0	0	-3.30597	
42.1	0.337	0.103	-0.00528096	0	-2.24199	0.000617264	0	0.0322596	0	0	-3.30597	
42.11	0.337	0.103	-0.00527324	0	-2.24199	0.000616362	0	0.0322596	0	0	-3.30597	
42.12	0.337	0.103	-0.00526553	0	-2.24199	0.000615461	0	0.0322596	0	0	-3.30597	
42.13	0.337	0.103	-0.00525783	0	-2.24199	0.000614561	0	0.0322596	0	0	-3.30597	
42.14	0.337	0.103	-0.00525015	0	-2.24199	0.000613662	0	0.0322596	0	0	-3.30597	
42.15	0.337	0.103	-0.00524247	0	-2.24199	0.000612765	0	0.0322596	0	0	-3.30597	
42.16	0.337	0.103	-0.00523481	0	-2.24199	0.000611869	0	0.0322596	0	0	-3.30597	
42.17	0.337	0.103	-0.00522715	0	-2.24199	0.000610975	0	0.0322597	0	0	-3.30597	
42.18	0.337	0.103	-0.00521951	0	-2.24199	0.000610081	0	0.0322597	0	0	-3.30597	
42.19	0.337	0.103	-0.00521188	0	-2.24199	0.000609189	0	0.0322597	0	0	-3.30597	
42.2	0.337	0.103	-0.00520426	0	-2.24199	0.000608299	0	0.0322597	0	0	-3.30597	
42.21	0.337	0.103	-0.00519665	0	-2.24199	0.000607409	0	0.0322597	0	0	-3.30597	
42.22	0.337	0.103	-0.00518905	0	-2.24199	0.000606521	0	0.0322597	0	0	-3.30597	
42.23	0.337	0.103	-0.00518146	0	-2.24199	0.000605634	0	0.0322597	0	0	-3.30597	
42.24	0.337	0.103	-0.00517389	0	-2.24199	0.000604749	0	0.0322597	0	0	-3.30597	
42.25	0.337	0.103	-0.00516632	0	-2.24199	0.000603865	0	0.0322597	0	0	-3.30597	
42.26	0.337	0.103	-0.00515877	0	-2.24199	0.000602982	0	0.0322597	0	0	-3.30597	
42.27	0.337	0.103	-0.00515123	0	-2.24199	0.0006021	0	0.0322597	0	0	-3.30597	
42.28	0.337	0.103	-0.0051437	0	-2.24199	0.00060122	0	0.0322597	0	0	-3.30597	
42.29	0.337	0.103	-0.00513618	0	-2.24199	0.000600341	0	0.0322597	0	0	-3.30597	
42.3	0.337	0.103	-0.00512867	0	-2.24199	0.000599463	0	0.0322597	0	0	-3.30597	
42.31	0.337	0.103	-0.00512117	0	-2.24199	0.000598587	0	0.0322597	0	0	-3.30597	
42.32	0.337	0.103	-0.00511368	0	-2.24199	0.000597711	0	0.0322597	0	0	-3.30597	
42.33	0.337	0.103	-0.0051062	0	-2.24199	0.000596838	0	0.0322597	0	0	-3.30597	
42.34	0.337	0.103	-0.00509874	0	-2.24199	0.000595965	0	0.0322597	0	0	-3.30597	
42.35	0.337	0.103	-0.00509128	0	-2.24199	0.000595094	0	0.0322597	0	0	-3.30597	
42.36	0.337	0.103	-0.00508384	0	-2.24199	0.000594224	0	0.0322597	0	0	-3.30597	
42.37	0.337	0.103	-0.00507641	0	-2.24199	0.000593355	0	0.0322597	0	0	-3.30597	
42.38	0.337	0.103	-0.00506898	0	-2.24199	0.000592487	0	0.0322597	0	0	-3.30597	
42.39	0.337	0.103	-0.00506157	0	-2.24199	0.000591621	0	0.0322597	0	0	-3.30597	
42.4	0.337	0.103	-0.00505417	0	-2.24199	0.000590756	0	0.0322597	0	0	-3.30597	
42.41	0.337	0.103	-0.00504678	0	-2.24199	0.000589892	0	0.0322597	0	0	-3.30597	
42.42	0.337	0.103	-0.0050394	0	-2.24199	0.00058903	0	0.0322598	0	0	-3.30597	
42.43	0.337	0.103	-0.00503204	0	-2.24199	0.000588169	0	0.0322598	0	0	-3.30597	
42.44	0.337	0.103	-0.00502468	0	-2.24199	0.000587309	0	0.0322598	0	0	-3.30597	
42.45	0.337	0.103	-0.00501733	0	-2.24199	0.00058645	0	0.0322598	0	0	-3.30597	
42.46	0.337	0.103	-0.00501	0	-2.24199	0.000585593	0	0.0322598	0	0	-3.30597	
42.47	0.337	0.103	-0.00500267	0	-2.24199	0.000584736	0	0.0322598	0	0	-3.30597	
42.48	0.337	0.103	-0.00499536	0	-2.24199	0.000583881	0	0.0322598	0	0	-3.30597	
42.49	0.337	0.103	-0.00498805	0	-2.24199	0.000583028	0	0.0322598	0	0	-3.30597	
42.5	0.337	0.103	-0.00498076	0	-2.24199	0.000582175	0	0.0322598	0	0	-3.30597	
42.51	0.337	0.103	-0.00497348	0	-2.24199	0.000581324	0	0.0322598	0	0	-3.30597	
42.52	0.337	0.103	-0.00496621	0	-2.24199	0.000580474	0	0.0322598	0	0	-3.30597	
42.53	0.337	0.103	-0.00495895	0	-2.24199	0.000579625	0	0.0322598	0	0	-3.30597	
42.54	0.337	0.103	-0.0049517	0	-2.24199	0.000578778	0	0.0322598	0	0	-3.30597	
42.55	0.337	0.103	-0.00494446	0	-2.24199	0.000577932	0	0.0322598	0	0	-3.30597	
42.56	0.337	0.103	-0.00493723	0	-2.24199	0.000577087	0	0.0322598	0	0	-3.30597	
42.57	0.337	0.103	-0.00493001	0	-2.24199	0.000576243	0	0.0322598	0	0	-3.30597	
42.58	0.337	0.103	-0.0049228	0	-2.24199	0.000575401	0	0.0322598	0	0	-3.30597	
42.59	0.337	0.103	-0.0049156	0	-2.24199	0.000574559	0	0.0322598	0	0	-3.30597	
42.6	0.337	0.103	-0.00490842	0	-2.24199	0.000573719	0	0.0322598	0	0	-3.30597	
42.61	0.337	0.103	-0.00490124	0	-2.24199	0.00057288	0	0.0322598	0	0	-3.30597	
42.62	0.337	0.103	-0.00489407	0	-2.24199	0.000572043	0	0.0322598	0	0	-3.30597	
42.63	0.337	0.103	-0.00488692	0	-2.24199	0.000571206	0	0.0322598	0	0	-3.30597	
42.64	0.337	0.103	-0.00487977	0	-2.24199	0.000570371	0	0.0322598	0	0	-3.30597	
42.65	0.337	0.103	-0.00487264	0	-2.24199	0.000569537	0	0.0322598	0	0	-3.30597	
42.66	0.337	0.103	-0.00486551	0	-2.24199	0.000568705	0	0.0322598	0	0	-3.30597	
42.67	0.337	0.103	-0.0048584	0	-2.24199	0.000567873	0	0.0322598	0	0	-3.30597	
42.68	0.337	0.103	-0.0048513	0	-2.24199	0.000567043	0	0.0322598	0	0	-3.30597	
42.69	0.337	0.103	-0.0048442	0	-2.24199	0.000566214	0	0.0322599	0	0	-3.30597	
42.7	0.337	0.103	-0.00483712	0	-2.24199	0.000565386	0	0.0322599	0	0	-3.30597	
42.71	0.337	0.103	-0.00483005	0	-2.24199	0.000564559	0	0.0322599	0	0	-3.30597	
42.72	0.337	0.103	-0.00482299	0	-2.24199	0.000563734	0	0.0322599	0	0	-3.30597	
42.73	0.337	0.103	-0.00481594	0	-2.24199	0.00056291	0	0.0322599	0	0	-3.30597	
42.74	0.337	0.103	-0.00480889	0	-2.24199	0.000562087	0	0.0322599	0	0	-3.30597	
42.75	0.337	0.103	-0.00480186	0	-2.24199	0.000561265	0	0.0322599	0	0	-3.30597	
42.76	0.337	0.103	-0.00479484	0	-2.24199	0.000560444	0	0.0322599	0	0	-3.30597	
42.77	0.337	0.103	-0.00478783	0	-2.24199	0.000559625	0	0.0322599	0	0	-3.30597	
42.78	0.337	0.103	-0.00478083	0	-2.24199	0.000558807	0	0.0322599	0	0	-3.30597	
42.79	0.337	0.103	-0.00477384	0	-2.24199	0.00055799	0	0.0322599	0	0	-3.30597	
42.8	0.337	0.103	-0.00476686	0	-2.24199	0.000557174	0	0.0322599	0	0	-3.30597	
42.81	0.337	0.103	-0.00475989	0	-2.24199	0.000556359	0	0.0322599	0	0	-3.30597	
42.82	0.337	0.103	-0.00475293	0	-2.24199	0.000555546	0	0.0322599	0	0	-3.30597	
42.83	0.337	0.103	-0.00474598	0	-2.24199	0.000554734	0	0.0322599	0	0	-3.30597	
42.84	0.337	0.103	-0.00473904	0	-2.24199	0.000553922	0	0.0322599	0	0	-3.30597	
42.85	0.337	0.103	-0.00473212	0	-2.242	0.000553113	0	0.0322599	0	0	-3.30597	
42.86	0.337	0.103	-0.0047252	0	-2.242	0.000552304	0	0.0322599	0	0	-3.30597	
42.87	0.337	0.103	-0.00471829	0	-2.242	0.000551496	0	0.0322599	0	0	-3.30597	
42.88	0.337	0.103	-0.00471139	0	-2.242	0.00055069	0	0.0322599	0	0	-3.30597	
42.89	0.337	0.103	-0.0047045	0	-2.242	0.000549885	0	0.0322599	0	0	-3.30597	
42.9	0.337	0.103	-0.00469762	0	-2.242	0.000549081	0	0.0322599	0	0	-3.30597	
42.91	0.337	0.103	-0.00469076	0	-2.242	0.000548278	0	0.0322599	0	0	-3.30597	
42.92	0.337	0.103	-0.0046839	0	-2.242	0.000547477	0	0.0322599	0	0	-3.30597	
42.93	0.337	0.103	-0.00467705	0	-2.242	0.000546676	0	0.0322599	0	0	-3.30597	
42.94	0.337	0.103	-0.00467021	0	-2.242	0.000545877	0	0.0322599	0	0	-3.30597	
42.95	0.337	0.103	-0.00466338	0	-2.242	0.000545079	0	0.0322599	0	0	-3.30597	
42.96	0.337	0.103	-0.00465656	0	-2.242	0.000544282	0	0.0322599	0	0	-3.30597	
42.97	0.337	0.103	-0.00464976	0	-2.242	0.000543486	0	0.0322599	0	0	-3.30597	
42.98	0.337	0.103	-0.00464296	0	-2.242	0.000542691	0	0.03226	0	0	-3.30597	
42.99	0.337	0.103	-0.00463617	0	-2.242	0.000541898	0	0.03226	0	0	-3.30597	
43	0.337	0.103	-0.00462939	0	-2.242	0.000541106	0	0.03226	0	0	-3.30597	
43.01	0.337	0.103	-0.00462262	0	-2.242	0.000540314	0	0.03226	0	0	-3.30597	
43.02	0.337	0.103	-0.00461586	0	-2.242	0.000539524	0	0.03226	0	0	-3.30597	
43.03	0.337	0.103	-0.00460911	0	-2.242	0.000538736	0	0.03226	0	0	-3.30597	
43.04	0.337	0.103	-0.00460238	0	-2.242	0.000537948	0	0.03226	0	0	-3.30597	
43.05	0.337	0.103	-0.00459565	0	-2.242	0.000537161	0	0.03226	0	0	-3.30597	
43.06	0.337	0.103	-0.00458893	0	-2.242	0.000536376	0	0.03226	0	0	-3.30597	
43.07	0.337	0.103	-0.00458222	0	-2.242	0.000535592	0	0.03226	0	0	-3.30597	
43.08	0.337	0.103	-0.00457552	0	-2.242	0.000534809	0	0.03226	0	0	-3.30597	
43.09	0.337	0.103	-0.00456883	0	-2.242	0.000534027	0	0.03226	0	0	-3.30597	
43.1	0.337	0.103	-0.00456215	0	-2.242	0.000533246	0	0.03226	0	0	-3.30597	
43.11	0.337	0.103	-0.00455548	0	-2.242	0.000532466	0	0.03226	0	0	-3.30597	
43.12	0.337	0.103	-0.00454882	0	-2.242	0.000531688	0	0.03226	0	0	-3.30597	
43.13	0.337	0.103	-0.00454217	0	-2.242	0.000530911	0	0.03226	0	0	-3.30597	
43.14	0.337	0.103	-0.00453553	0	-2.242	0.000530134	0	0.03226	0	0	-3.30597	
43.15	0.337	0.103	-0.00452889	0	-2.242	0.000529359	0	0.03226	0	0	-3.30597	
43.16	0.337	0.103	-0.00452227	0	-2.242	0.000528585	0	0.03226	0	0	-3.30597	
43.17	0.337	0.103	-0.00451566	0	-2.242	0.000527812	0	0.03226	0	0	-3.30597	
43.18	0.337	0.103	-0.00450906	0	-2.242	0.000527041	0	0.03226	0	0	-3.30597	
43.19	0.337	0.103	-0.00450247	0	-2.242	0.00052627	0	0.03226	0	0	-3.30597	
43.2	0.337	0.103	-0.00449588	0	-2.242	0.000525501	0	0.03226	0	0	-3.30597	
43.21	0.337	0.103	-0.00448931	0	-2.242	0.000524732	0	0.03226	0	0	-3.30597	
43.22	0.337	0.103	-0.00448275	0	-2.242	0.000523965	0	0.03226	0	0	-3.30597	
43.23	0.337	0.103	-0.00447619	0	-2.242	0.000523199	0	0.03226	0	0	-3.30597	
43.24	0.337	0.103	-0.00446965	0	-2.242	0.000522434	0	0.03226	0	0	-3.30597	
43.25	0.337	0.103	-0.00446311	0	-2.242	0.00052167	0	0.03226	0	0	-3.30597	
43.26	0.337	0.103	-0.00445659	0	-2.242	0.000520908	0	0.03226	0	0	-3.30597	
43.27	0.337	0.103	-0.00445007	0	-2.242	0.000520146	0	0.03226	0	0	-3.30597	
43.28	0.337	0.103	-0.00444357	0	-2.242	0.000519386	0	0.03226	0	0	-3.30597	
43.29	0.337	0.103	-0.00443707	0	-2.242	0.000518626	0	0.03226	0	0	-3.30597	
43.3	0.337	0.103	-0.00443058	0	-2.242	0.000517868	0	0.0322601	0	0	-3.30597	
43.31	0.337	0.103	-0.0044241	0	-2.242	0.000517111	0	0.0322601	0	0	-3.30597	
43.32	0.337	0.103	-0.00441763	0	-2.242	0.000516355	0	0.0322601	0	0	-3.30597	
43.33	0.337	0.103	-0.00441118	0	-2.242	0.0005156	0	0.0322601	0	0	-3.30597	
43.34	0.337	0.103	-0.00440473	0	-2.242	0.000514846	0	0.0322601	0	0	-3.30597	
43.35	0.337	0.103	-0.00439829	0	-2.242	0.000514093	0	0.0322601	0	0	-3.30597	
43.36	0.337	0.103	-0.00439186	0	-2.242	0.000513341	0	0.0322601	0	0	-3.30597	
43.37	0.337	0.103	-0.00438543	0	-2.242	0.000512591	0	0.0322601	0	0	-3.30597	
43.38	0.337	0.103	-0.00437902	0	-2.242	0.000511841	0	0.0322601	0	0	-3.30597	
43.39	0.337	0.103	-0.00437262	0	-2.242	0.000511093	0	0.0322601	0	0	-3.30597	
43.4	0.337	0.103	-0.00436623	0	-2.242	0.000510346	0	0.0322601	0	0	-3.30597	
43.41	0.337	0.103	-0.00435984	0	-2.242	0.0005096	0	0.0322601	0	0	-3.30597	
43.42	0.337	0.103	-0.00435347	0	-2.242	0.000508855	0	0.0322601	0	0	-3.30597	
43.43	0.337	0.103	-0.0043471	0	-2.242	0.000508111	0	0.0322601	0	0	-3.30597	
43.44	0.337	0.103	-0.00434075	0	-2.242	0.000507368	0	0.0322601	0	0	-3.30597	
43.45	0.337	0.103	-0.0043344	0	-2.242	0.000506626	0	0.0322601	0	0	-3.30597	
43.46	0.337	0.103	-0.00432806	0	-2.242	0.000505885	0	0.0322601	0	0	-3.30597	
43.47	0.337	0.103	-0.00432174	0	-2.242	0.000505146	0	0.0322601	0	0	-3.30597	
43.48	0.337	0.103	-0.00431542	0	-2.242	0.000504407	0	0.0322601	0	0	-3.30597	
43.49	0.337	0.103	-0.00430911	0	-2.242	0.00050367	0	0.0322601	0	0	-3.30597	
43.5	0.337	0.103	-0.00430281	0	-2.242	0.000502933	0	0.0322601	0	0	-3.30597	
43.51	0.337	0.103	-0.00429652	0	-2.242	0.000502198	0	0.0322601	0	0	-3.30597	
43.52	0.337	0.103	-0.00429023	0	-2.242	0.000501464	0	0.0322601	0	0	-3.30597	
43.53	0.337	0.103	-0.00428396	0	-2.242	0.00050073	0	0.0322601	0	0	-3.30597	
43.54	0.337	0.103	-0.0042777	0	-2.242	0.000499998	0	0.0322601	0	0	-3.30597	
43.55	0.337	0.103	-0.00427144	0	-2.242	0.000499267	0	0.0322601	0	0	-3.30597	
43.56	0.337	0.103	-0.0042652	0	-2.242	0.000498537	0	0.0322601	0	0	-3.30597	
43.57	0.337	0.103	-0.00425896	0	-2.242	0.000497808	0	0.0322601	0	0	-3.30597	
43.58	0.337	0.103	-0.00425274	0	-2.242	0.000497081	0	0.0322601	0	0	-3.30597	
43.59	0.337	0.103	-0.00424652	0	-2.242	0.000496354	0	0.0322601	0	0	-3.30597	
43.6	0.337	0.103	-0.00424031	0	-2.242	0.000495628	0	0.0322601	0	0	-3.30597	
43.61	0.337	0.103	-0.00423411	0	-2.242	0.000494903	0	0.0322601	0	0	-3.30597	
43.62	0.337	0.103	-0.00422792	0	-2.242	0.00049418	0	0.0322601	0	0	-3.30597	
43.63	0.337	0.103	-0.00422174	0	-2.242	0.000493457	0	0.0322601	0	0	-3.30597	
43.64	0.337	0.103	-0.00421556	0	-2.242	0.000492736	0	0.0322601	0	0	-3.30597	
43.65	0.337	0.103	-0.0042094	0	-2.242	0.000492015	0	0.0322602	0	0	-3.30597	
43.66	0.337	0.103	-0.00420325	0	-2.242	0.000491296	0	0.0322602	0	0	-3.30597	
43.67	0.337	0.103	-0.0041971	0	-2.242	0.000490578	0	0.0322602	0	0	-3.30597	
43.68	0.337	0.103	-0.00419096	0	-2.242	0.00048986	0	0.0322602	0	0	-3.30597	
43.69	0.337	0.103	-0.00418484	0	-2.242	0.000489144	0	0.0322602	0	0	-3.30597	
43.7	0.337	0.103	-0.00417872	0	-2.242	0.000488429	0	0.0322602	0	0	-3.30597	
43.71	0.337	0.103	-0.00417261	0	-2.242	0.000487715	0	0.0322602	0	0	-3.30597	
43.72	0.337	0.103	-0.00416651	0	-2.242	0.000487002	0	0.0322602	0	0	-3.30597	
43.73	0.337	0.103	-0.00416042	0	-2.242	0.00048629	0	0.0322602	0	0	-3.30597	
43.74	0.337	0.103	-0.00415433	0	-2.242	0.000485579	0	0.0322602	0	0	-3.30597	
43.75	0.337	0.103	-0.00414826	0	-2.242	0.000484869	0	0.0322602	0	0	-3.30597	
43.76	0.337	0.103	-0.00414219	0	-2.242	0.00048416	0	0.0322602	0	0	-3.30597	
43.77	0.337	0.103	-0.00413614	0	-2.242	0.000483452	0	0.0322602	0	0	-3.30597	
43.78	0.337	0.103	-0.00413009	0	-2.242	0.000482745	0	0.0322602	0	0	-3.30597	
43.79	0.337	0.103	-0.00412405	0	-2.242	0.000482039	0	0.0322602	0	0	-3.30597	
43.8	0.337	0.103	-0.00411802	0	-2.242	0.000481335	0	0.0322602	0	0	-3.30597	
43.81	0.337	0.103	-0.004112	0	-2.242	0.000480631	0	0.0322602	0	0	-3.30597	
43.82	0.337	0.103	-0.00410599	0	-2.242	0.000479928	0	0.0322602	0	0	-3.30597	
43.83	0.337	0.103	-0.00409999	0	-2.242	0.000479227	0	0.0322602	0	0	-3.30597	
43.84	0.337	0.103	-0.00409399	0	-2.242	0.000478526	0	0.0322602	0	0	-3.30597	
43.85	0.337	0.103	-0.00408801	0	-2.242	0.000477826	0	0.0322602	0	0	-3.30597	
43.86	0.337	0.103	-0.00408203	0	-2.242	0.000477128	0	0.0322602	0	0	-3.30597	
43.87	0.337	0.103	-0.00407606	0	-2.242	0.00047643	0	0.0322602	0	0	-3.30597	
43.88	0.337	0.103	-0.0040701	0	-2.242	0.000475733	0	0.0322602	0	0	-3.30597	
43.89	0.337	0.103	-0.00406415	0	-2.242	0.000475038	0	0.0322602	0	0	-3.30597	
43.9	0.337	0.103	-0.00405821	0	-2.242	0.000474343	0	0.0322602	0	0	-3.30597	
43.91	0.337	0.103	-0.00405228	0	-2.242	0.00047365	0	0.0322602	0	0	-3.30597	
43.92	0.337	0.103	-0.00404635	0	-2.242	0.000472957	0	0.0322602	0	0	-3.30597	
43.93	0.337	0.103	-0.00404043	0	-2.242	0.000472266	0	0.0322602	0	0	-3.30597	
43.94	0.337	0.103	-0.00403453	0	-2.242	0.000471575	0	0.0322602	0	0	-3.30597	
43.95	0.337	0.103	-0.00402863	0	-2.242	0.000470886	0	0.0322602	0	0	-3.30597	
43.96	0.337	0.103	-0.00402274	0	-2.242	0.000470197	0	0.0322602	0	0	-3.30597	
43.97	0.337	0.103	-0.00401686	0	-2.242	0.00046951	0	0.0322602	0	0	-3.30597	
43.98	0.337	0.103	-0.00401098	0	-2.242	0.000468823	0	0.0322602	0	0	-3.30597	
43.99	0.337	0.103	-0.00400512	0	-2.242	0.000468138	0	0.0322602	0	0	-3.30597	
44	0.337	0.103	-0.00399926	0	-2.242	0.000467454	0	0.0322602	0	0	-3.30597	
44.01	0.337	0.103	-0.00399342	0	-2.242	0.00046677	0	0.0322602	0	0	-3.30597	
44.02	0.337	0.103	-0.00398758	0	-2.242	0.000466088	0	0.0322602	0	0	-3.30597	
44.03	0.337	0.103	-0.00398175	0	-2.242	0.000465406	0	0.0322602	0	0	-3.30597	
44.04	0.337	0.103	-0.00397593	0	-2.242	0.000464726	0	0.0322603	0	0	-3.30597	
44.05	0.337	0.103	-0.00397011	0	-2.242	0.000464046	0	0.0322603	0	0	-3.30597	
44.06	0.337	0.103	-0.00396431	0	-2.242	0.000463368	0	0.0322603	0	0	-3.30597	
44.07	0.337	0.103	-0.00395851	0	-2.242	0.00046269	0	0.0322603	0	0	-3.30597	
44.08	0.337	0.103	-0.00395272	0	-2.242	0.000462014	0	0.0322603	0	0	-3.30597	
44.09	0.337	0.103	-0.00394694	0	-2.242	0.000461338	0	0.0322603	0	0	-3.30597	
44.1	0.337	0.103	-0.00394117	0	-2.242	0.000460664	0	0.0322603	0	0	-3.30597	
44.11	0.337	0.103	-0.00393541	0	-2.242	0.00045999	0	0.0322603	0	0	-3.30597	
44.12	0.337	0.103	-0.00392966	0	-2.242	0.000459318	0	0.0322603	0	0	-3.30597	
44.13	0.337	0.103	-0.00392391	0	-2.242	0.000458646	0	0.0322603	0	0	-3.30597	
44.14	0.337	0.103	-0.00391818	0	-2.242	0.000457976	0	0.0322603	0	0	-3.30597	
44.15	0.337	0.103	-0.00391245	0	-2.242	0.000457306	0	0.0322603	0	0	-3.30597	
44.16	0.337	0.103	-0.00390673	0	-2.242	0.000456637	0	0.0322603	0	0	-3.30597	
44.17	0.337	0.103	-0.00390101	0	-2.242	0.00045597	0	0.0322603	0	0	-3.30597	
44.18	0.337	0.103	-0.00389531	0	-2.242	0.000455303	0	0.0322603	0	0	-3.30597	
44.19	0.337	0.103	-0.00388962	0	-2.242	0.000454637	0	0.0322603	0	0	-3.30597	
44.2	0.337	0.103	-0.00388393	0	-2.242	0.000453973	0	0.0322603	0	0	-3.30597	
44.21	0.337	0.103	-0.00387825	0	-2.242	0.000453309	0	0.0322603	0	0	-3.30597	
44.22	0.337	0.103	-0.00387258	0	-2.242	0.000452646	0	0.0322603	0	0	-3.30597	
44.23	0.337	0.103	-0.00386692	0	-2.242	0.000451984	0	0.0322603	0	0	-3.30597	
44.24	0.337	0.103	-0.00386126	0	-2.242	0.000451324	0	0.0322603	0	0	-3.30597	
44.25	0.337	0.103	-0.00385562	0	-2.242	0.000450664	0	0.0322603	0	0	-3.30597	
44.26	0.337	0.103	-0.00384998	0	-2.242	0.000450005	0	0.0322603	0	0	-3.30597	
44.27	0.337	0.103	-0.00384435	0	-2.242	0.000449347	0	0.0322603	0	0	-3.30597	
44.28	0.337	0.103	-0.00383873	0	-2.242	0.00044869	0	0.0322603	0	0	-3.30597	
44.29	0.337	0.103	-0.00383312	0	-2.242	0.000448034	0	0.0322603	0	0	-3.30597	
44.3	0.337	0.103	-0.00382751	0	-2.242	0.000447379	0	0.0322603	0	0	-3.30597	
44.31	0.337	0.103	-0.00382192	0	-2.242	0.000446725	0	0.0322603	0	0	-3.30597	
44.32	0.337	0.103	-0.00381633	0	-2.242	0.000446072	0	0.0322603	0	0	-3.30597	
44.33	0.337	0.103	-0.00381075	0	-2.242	0.000445419	0	0.0322603	0	0	-3.30597	
44.34	0.337	0.103	-0.00380518	0	-2.242	0.000444768	0	0.0322603	0	0	-3.30597	
44.35	0.337	0.103	-0.00379962	0	-2.242	0.000444118	0	0.0322603	0	0	-3.30597	
44.36	0.337	0.103	-0.00379406	0	-2.242	0.000443468	0	0.0322603	0	0	-3.30597	
44.37	0.337	0.103	-0.00378851	0	-2.242	0.00044282	0	0.0322603	0	0	-3.30597	
44.38	0.337	0.103	-0.00378297	0	-2.242	0.000442173	0	0.0322603	0	0	-3.30597	
44.39	0.337	0.103	-0.00377744	0	-2.242	0.000441526	0	0.0322603	0	0	-3.30597	
44.4	0.337	0.103	-0.00377192	0	-2.242	0.000440881	0	0.0322603	0	0	-3.30597	
44.41	0.337	0.103	-0.00376641	0	-2.242	0.000440236	0	0.0322603	0	0	-3.30597	
44.42	0.337	0.103	-0.0037609	0	-2.242	0.000439592	0	0.0322603	0	0	-3.30597	
44.43	0.337	0.103	-0.0037554	0	-2.242	0.00043895	0	0.0322603	0	0	-3.30597	
44.44	0.337	0.103	-0.00374991	0	-2.242	0.000438308	0	0.0322603	0	0	-3.30597	
44.45	0.337	0.103	-0.00374443	0	-2.242	0.000437667	0	0.0322603	0	0	-3.30597	
44.46	0.337	0.103	-0.00373895	0	-2.242	0.000437027	0	0.0322603	0	0	-3.30597	
44.47	0.337	0.103	-0.00373348	0	-2.242	0.000436388	0	0.0322603	0	0	-3.30597	
44.48	0.337	0.103	-0.00372803	0	-2.242	0.00043575	0	0.0322603	0	0	-3.30597	
44.49	0.337	0.103	-0.00372258	0	-2.242	0.000435113	0	0.0322604	0	0	-3.30597	
44.5	0.337	0.103	-0.00371713	0	-2.242	0.000434477	0	0.0322604	0	0	-3.30597	
44.51	0.337	0.103	-0.0037117	0	-2.242	0.000433842	0	0.0322604	0	0	-3.30597	
44.52	0.337	0.103	-0.00370627	0	-2.242	0.000433207	0	0.0322604	0	0	-3.30597	
44.53	0.337	0.103	-0.00370085	0	-2.242	0.000432574	0	0.0322604	0	0	-3.30597	
44.54	0.337	0.103	-0.00369544	0	-2.242	0.000431941	0	0.0322604	0	0	-3.30597	
44.55	0.337	0.103	-0.00369004	0	-2.242	0.00043131	0	0.0322604	0	0	-3.30597	
44.56	0.337	0.103	-0.00368464	0	-2.242	0.000430679	0	0.0322604	0	0	-3.30597	
44.57	0.337	0.103	-0.00367926	0	-2.242	0.00043005	0	0.0322604	0	0	-3.30597	
44.58	0.337	0.103	-0.00367388	0	-2.242	0.000429421	0	0.0322604	0	0	-3.30597	
44.59	0.337	0.103	-0.00366851	0	-2.242	0.000428793	0	0.0322604	0	0	-3.30597	
44.6	0.337	0.103	-0.00366314	0	-2.242	0.000428166	0	0.0322604	0	0	-3.30597	
44.61	0.337	0.103	-0.00365779	0	-2.242	0.00042754	0	0.0322604	0	0	-3.30597	
44.62	0.337	0.103	-0.00365244	0	-2.242	0.000426915	0	0.0322604	0	0	-3.30597	
44.63	0.337	0.103	-0.0036471	0	-2.242	0.000426291	0	0.0322604	0	0	-3.30597	
44.64	0.337	0.103	-0.00364177	0	-2.242	0.000425668	0	0.0322604	0	0	-3.30597	
44.65	0.337	0.103	-0.00363644	0	-2.242	0.000425045	0	0.0322604	0	0	-3.30597	
44.66	0.337	0.103	-0.00363112	0	-2.242	0.000424424	0	0.0322604	0	0	-3.30597	
44.67	0.337	0.103	-0.00362581	0	-2.242	0.000423803	0	0.0322604	0	0	-3.30597	
44.68	0.337	0.103	-0.00362051	0	-2.242	0.000423184	0	0.0322604	0	0	-3.30597	
44.69	0.337	0.103	-0.00361522	0	-2.242	0.000422565	0	0.0322604	0	0	-3.30597	
44.7	0.337	0.103	-0.00360993	0	-2.242	0.000421947	0	0.0322604	0	0	-3.30597	
44.71	0.337	0.103	-0.00360466	0	-2.242	0.00042133	0	0.0322604	0	0	-3.30597	
44.72	0.337	0.103	-0.00359939	0	-2.242	0.000420714	0	0.0322604	0	0	-3.30597	
44.73	0.337	0.103	-0.00359412	0	-2.242	0.000420099	0	0.0322604	0	0	-3.30597	
44.74	0.337	0.103	-0.00358887	0	-2.242	0.000419485	0	0.0322604	0	0	-3.30597	
44.75	0.337	0.103	-0.00358362	0	-2.242	0.000418871	0	0.0322604	0	0	-3.30597	
44.76	0.337	0.103	-0.00357838	0	-2.242	0.000418259	0	0.0322604	0	0	-3.30597	
44.77	0.337	0.103	-0.00357315	0	-2.242	0.000417647	0	0.0322604	0	0	-3.30597	
44.78	0.337	0.103	-0.00356793	0	-2.242	0.000417037	0	0.0322604	0	0	-3.30597	
44.79	0.337	0.103	-0.00356271	0	-2.242	0.000416427	0	0.0322604	0	0	-3.30597	
44.8	0.337	0.103	-0.0035575	0	-2.242	0.000415818	0	0.0322604	0	0	-3.30597	
44.81	0.337	0.103	-0.0035523	0	-2.242	0.00041521	0	0.0322604	0	0	-3.30597	
44.82	0.337	0.103	-0.00354711	0	-2.242	0.000414603	0	0.0322604	0	0	-3.30597	
44.83	0.337	0.103	-0.00354192	0	-2.242	0.000413997	0	0.0322604	0	0	-3.30597	
44.84	0.337	0.103	-0.00353674	0	-2.242	0.000413392	0	0.0322604	0	0	-3.30597	
44.85	0.337	0.103	-0.00353157	0	-2.242	0.000412787	0	0.0322604	0	0	-3.30597	
44.86	0.337	0.103	-0.00352641	0	-2.242	0.000412184	0	0.0322604	0	0	-3.30597	
44.87	0.337	0.103	-0.00352125	0	-2.242	0.000411581	0	0.0322604	0	0	-3.30597	
44.88	0.337	0.103	-0.0035161	0	-2.242	0.000410979	0	0.0322604	0	0	-3.30597	
44.89	0.337	0.103	-0.00351096	0	-2.242	0.000410378	0	0.0322604	0	0	-3.30597	
44.9	0.337	0.103	-0.00350583	0	-2.242	0.000409778	0	0.0322604	0	0	-3.30597	
44.91	0.337	0.103	-0.0035007	0	-2.242	0.000409179	0	0.0322604	0	0	-3.30597	
44.92	0.337	0.103	-0.00349558	0	-2.242	0.000408581	0	0.0322604	0	0	-3.30597	
44.93	0.337	0.103	-0.00349047	0	-2.242	0.000407984	0	0.0322604	0	0	-3.30597	
44.94	0.337	0.103	-0.00348537	0	-2.242	0.000407387	0	0.0322604	0	0	-3.30597	
44.95	0.337	0.103	-0.00348027	0	-2.242	0.000406792	0	0.0322604	0	0	-3.30597	
44.96	0.337	0.103	-0.00347518	0	-2.242	0.000406197	0	0.0322604	0	0	-3.30597	
44.97	0.337	0.103	-0.0034701	0	-2.242	0.000405603	0	0.0322604	0	0	-3.30597	
44.98	0.337	0.103	-0.00346503	0	-2.242	0.00040501	0	0.0322604	0	0	-3.30597	
44.99	0.337	0.103	-0.00345996	0	-2.242	0.000404418	0	0.0322605	0	0	-3.30597	
45	0.337	0.103	-0.00345491	0	-2.242	0.000403826	0	0.0322605	0	0	-3.30597	
45.01	0.337	0.103	-0.00344985	0	-2.242	0.000403236	0	0.0322605	0	0	-3.30597	
45.02	0.337	0.103	-0.00344481	0	-2.242	0.000402646	0	0.0322605	0	0	-3.30597	
45.03	0.337	0.103	-0.00343977	0	-2.242	0.000402058	0	0.0322605	0	0	-3.30597	
45.04	0.337	0.103	-0.00343474	0	-2.242	0.00040147	0	0.0322605	0	0	-3.30597	
45.05	0.337	0.103	-0.00342972	0	-2.242	0.000400883	0	0.0322605	0	0	-3.30597	
45.06	0.337	0.103	-0.00342471	0	-2.242	0.000400297	0	0.0322605	0	0	-3.30597	
45.07	0.337	0.103	-0.0034197	0	-2.242	0.000399712	0	0.0322605	0	0	-3.30597	
45.08	0.337	0.103	-0.0034147	0	-2.242	0.000399127	0	0.0322605	0	0	-3.30597	
45.09	0.337	0.103	-0.00340971	0	-2.242	0.000398544	0	0.0322605	0	0	-3.30597	
45.1	0.337	0.103	-0.00340472	0	-2.242	0.000397961	0	0.0322605	0	0	-3.30597	
45.11	0.337	0.103	-0.00339974	0	-2.242	0.000397379	0	0.0322605	0	0	-3.30597	
45.12	0.337	0.103	-0.00339477	0	-2.242	0.000396798	0	0.0322605	0	0	-3.30597	
45.13	0.337	0.103	-0.00338981	0	-2.242	0.000396218	0	0.0322605	0	0	-3.30597	
45.14	0.337	0.103	-0.00338485	0	-2.242	0.000395639	0	0.0322605	0	0	-3.30597	
45.15	0.337	0.103	-0.00337991	0	-2.242	0.00039506	0	0.0322605	0	0	-3.30597	
45.16	0.337	0.103	-0.00337496	0	-2.242	0.000394483	0	0.0322605	0	0	-3.30597	
45.17	0.337	0.103	-0.00337003	0	-2.242	0.000393906	0	0.0322605	0	0	-3.30597	
45.18	0.337	0.103	-0.0033651	0	-2.242	0.00039333	0	0.0322605	0	0	-3.30597	
45.19	0.337	0.103	-0.00336018	0	-2.242	0.000392755	0	0.0322605	0	0	-3.30597	
45.2	0.337	0.103	-0.00335527	0	-2.242	0.000392181	0	0.0322605	0	0	-3.30597	
45.21	0.337	0.103	-0.00335036	0	-2.242	0.000391607	0	0.0322605	0	0	-3.30597	
45.22	0.337	0.103	-0.00334547	0	-2.242	0.000391035	0	0.0322605	0	0	-3.30597	
45.23	0.337	0.103	-0.00334057	0	-2.242	0.000390463	0	0.0322605	0	0	-3.30597	
45.24	0.337	0.103	-0.00333569	0	-2.242	0.000389892	0	0.0322605	0	0	-3.30597	
45.25	0.337	0.103	-0.00333081	0	-2.242	0.000389322	0	0.0322605	0	0	-3.30597	
45.26	0.337	0.103	-0.00332594	0	-2.242	0.000388753	0	0.0322605	0	0	-3.30597	
45.27	0.337	0.103	-0.00332108	0	-2.242	0.000388184	0	0.0322605	0	0	-3.30597	
45.28	0.337	0.103	-0.00331622	0	-2.242	0.000387617	0	0.0322605	0	0	-3.30597	
45.29	0.337	0.103	-0.00331138	0	-2.242	0.00038705	0	0.0322605	0	0	-3.30597	
45.3	0.337	0.103	-0.00330653	0	-2.242	0.000386484	0	0.0322605	0	0	-3.30597	
45.31	0.337	0.103	-0.0033017	0	-2.242	0.000385919	0	0.0322605	0	0	-3.30597	
45.32	0.337	0.103	-0.00329687	0	-2.242	0.000385355	0	0.0322605	0	0	-3.30597	
45.33	0.337	0.103	-0.00329205	0	-2.242	0.000384791	0	0.0322605	0	0	-3.30597	
45.34	0.337	0.103	-0.00328724	0	-2.242	0.000384229	0	0.0322605	0	0	-3.30597	
45.35	0.337	0.103	-0.00328243	0	-2.242	0.000383667	0	0.0322605	0	0	-3.30597	
45.36	0.337	0.103	-0.00327763	0	-2.242	0.000383106	0	0.0322605	0	0	-3.30597	
45.37	0.337	0.103	-0.00327284	0	-2.242	0.000382546	0	0.0322605	0	0	-3.30597	
45.38	0.337	0.103	-0.00326806	0	-2.242	0.000381987	0	0.0322605	0	0	-3.30597	
45.39	0.337	0.103	-0.00326328	0	-2.242	0.000381428	0	0.0322605	0	0	-3.30597	
45.4	0.337	0.103	-0.00325851	0	-2.242	0.00038087	0	0.0322605	0	0	-3.30597	
45.41	0.337	0.103	-0.00325374	0	-2.242	0.000380314	0	0.0322605	0	0	-3.30597	
45.42	0.337	0.103	-0.00324899	0	-2.242	0.000379758	0	0.0322605	0	0	-3.30597	
45.43	0.337	0.103	-0.00324423	0	-2.242	0.000379202	0	0.0322605	0	0	-3.30597	
45.44	0.337	0.103	-0.00323949	0	-2.242	0.000378648	0	0.0322605	0	0	-3.30597	
45.45	0.337	0.103	-0.00323476	0	-2.242	0.000378094	0	0.0322605	0	0	-3.30597	
45.46	0.337	0.103	-0.00323003	0	-2.242	0.000377541	0	0.0322605	0	0	-3.30597	
45.47	0.337	0.103	-0.0032253	0	-2.242	0.000376989	0	0.0322605	0	0	-3.30597	
45.48	0.337	0.103	-0.00322059	0	-2.242	0.000376438	0	0.0322605	0	0	-3.30597	
45.49	0.337	0.103	-0.00321588	0	-2.242	0.000375888	0	0.0322605	0	0	-3.30597	
45.5	0.337	0.103	-0.00321118	0	-2.242	0.000375338	0	0.0322605	0	0	-3.30597	
45.51	0.337	0.103	-0.00320648	0	-2.242	0.00037479	0	0.0322605	0	0	-3.30597	
45.52	0.337	0.103	-0.00320179	0	-2.242	0.000374242	0	0.0322605	0	0	-3.30597	
45.53	0.337	0.103	-0.00319711	0	-2.242	0.000373694	0	0.0322605	0	0	-3.30597	
45.54	0.337	0.103	-0.00319244	0	-2.242	0.000373148	0	0.0322605	0	0	-3.30597	
45.55	0.337	0.103	-0.00318777	0	-2.242	0.000372602	0	0.0322605	0	0	-3.30597	
45.56	0.337	0.103	-0.00318311	0	-2.242	0.000372058	0	0.0322605	0	0	-3.30597	
45.57	0.337	0.103	-0.00317846	0	-2.242	0.000371514	0	0.0322605	0	0	-3.30597	
45.58	0.337	0.103	-0.00317381	0	-2.242	0.000370971	0	0.0322605	0	0	-3.30597	
45.59	0.337	0.103	-0.00316917	0	-2.242	0.000370428	0	0.0322606	0	0	-3.30597	
45.6	0.337	0.103	-0.00316453	0	-2.242	0.000369887	0	0.0322606	0	0	-3.30597	
45.61	0.337	0.103	-0.00315991	0	-2.242	0.000369346	0	0.0322606	0	0	-3.30597	
45.62	0.337	0.103	-0.00315529	0	-2.242	0.000368806	0	0.0322606	0	0	-3.30597	
45.63	0.337	0.103	-0.00315067	0	-2.242	0.000368267	0	0.0322606	0	0	-3.30597	
45.64	0.337	0.103	-0.00314607	0	-2.242	0.000367728	0	0.0322606	0	0	-3.30597	
45.65	0.337	0.103	-0.00314147	0	-2.242	0.00036719	0	0.0322606	0	0	-3.30597	
45.66	0.337	0.103	-0.00313687	0	-2.242	0.000366654	0	0.0322606	0	0	-3.30597	
45.67	0.337	0.103	-0.00313229	0	-2.242	0.000366118	0	0.0322606	0	0	-3.30597	
45.68	0.337	0.103	-0.00312771	0	-2.242	0.000365582	0	0.0322606	0	0	-3.30597	
45.69	0.337	0.103	-0.00312314	0	-2.242	0.000365048	0	0.0322606	0	0	-3.30597	
45.7	0.337	0.103	-0.00311857	0	-2.242	0.000364514	0	0.0322606	0	0	-3.30597	
45.71	0.337	0.103	-0.00311401	0	-2.242	0.000363981	0	0.0322606	0	0	-3.30597	
45.72	0.337	0.103	-0.00310946	0	-2.242	0.000363449	0	0.0322606	0	0	-3.30597	
45.73	0.337	0.103	-0.00310491	0	-2.242	0.000362917	0	0.0322606	0	0	-3.30597	
45.74	0.337	0.103	-0.00310037	0	-2.242	0.000362387	0	0.0322606	0	0	-3.30597	
45.75	0.337	0.103	-0.00309584	0	-2.242	0.000361857	0	0.0322606	0	0	-3.30597	
45.76	0.337	0.103	-0.00309131	0	-2.242	0.000361328	0	0.0322606	0	0	-3.30597	
45.77	0.337	0.103	-0.00308679	0	-2.242	0.0003608	0	0.0322606	0	0	-3.30597	
45.78	0.337	0.103	-0.00308228	0	-2.242	0.000360272	0	0.0322606	0	0	-3.30597	
45.79	0.337	0.103	-0.00307777	0	-2.242	0.000359745	0	0.0322606	0	0	-3.30597	
45.8	0.337	0.103	-0.00307327	0	-2.242	0.000359219	0	0.0322606	0	0	-3.30597	
45.81	0.337	0.103	-0.00306878	0	-2.242	0.000358694	0	0.0322606	0	0	-3.30597	
45.82	0.337	0.103	-0.00306429	0	-2.242	0.00035817	0	0.0322606	0	0	-3.30597	
45.83	0.337	0.103	-0.00305981	0	-2.242	0.000357646	0	0.0322606	0	0	-3.30597	
45.84	0.337	0.103	-0.00305534	0	-2.242	0.000357123	0	0.0322606	0	0	-3.30597	
45.85	0.337	0.103	-0.00305087	0	-2.242	0.000356601	0	0.0322606	0	0	-3.30597	
45.86	0.337	0.103	-0.00304641	0	-2.242	0.00035608	0	0.0322606	0	0	-3.30597	
45.87	0.337	0.103	-0.00304196	0	-2.242	0.000355559	0	0.0322606	0	0	-3.30597	
45.88	0.337	0.103	-0.00303751	0	-2.242	0.000355039	0	0.0322606	0	0	-3.30597	
45.89	0.337	0.103	-0.00303307	0	-2.242	0.00035452	0	0.0322606	0	0	-3.30597	
45.9	0.337	0.103	-0.00302863	0	-2.242	0.000354002	0	0.0322606	0	0	-3.30597	
45.91	0.337	0.103	-0.00302421	0	-2.242	0.000353484	0	0.0322606	0	0	-3.30597	
45.92	0.337	0.103	-0.00301978	0	-2.242	0.000352967	0	0.0322606	0	0	-3.30597	
45.93	0.337	0.103	-0.00301537	0	-2.242	0.000352451	0	0.0322606	0	0	-3.30597	
45.94	0.337	0.103	-0.00301096	0	-2.242	0.000351936	0	0.0322606	0	0	-3.30597	
45.95	0.337	0.103	-0.00300656	0	-2.242	0.000351421	0	0.0322606	0	0	-3.30597	
45.96	0.337	0.103	-0.00300216	0	-2.242	0.000350908	0	0.0322606	0	0	-3.30597	
45.97	0.337	0.103	-0.00299777	0	-2.242	0.000350395	0	0.0322606	0	0	-3.30597	
45.98	0.337	0.103	-0.00299339	0	-2.242	0.000349882	0	0.0322606	0	0	-3.30597	
45.99	0.337	0.103	-0.00298901	0	-2.242	0.000349371	0	0.0322606	0	0	-3.30597	
46	0.337	0.103	-0.00298464	0	-2.242	0.00034886	0	0.0322606	0	0	-3.30597	
46.01	0.337	0.103	-0.00298028	0	-2.242	0.00034835	0	0.0322606	0	0	-3.30597	
46.02	0.337	0.103	-0.00297592	0	-2.242	0.000347841	0	0.0322606	0	0	-3.30597	
46.03	0.337	0.103	-0.00297157	0	-2.242	0.000347332	0	0.0322606	0	0	-3.30597	
46.04	0.337	0.103	-0.00296723	0	-2.242	0.000346824	0	0.0322606	0	0	-3.30597	
46.05	0.337	0.103	-0.00296289	0	-2.242	0.000346317	0	0.0322606	0	0	-3.30597	
46.06	0.337	0.103	-0.00295856	0	-2.242	0.000345811	0	0.0322606	0	0	-3.30597	
46.07	0.337	0.103	-0.00295423	0	-2.242	0.000345305	0	0.0322606	0	0	-3.30597	
46.08	0.337	0.103	-0.00294991	0	-2.242	0.0003448	0	0.0322606	0	0	-3.30597	
46.09	0.337	0.103	-0.0029456	0	-2.242	0.000344296	0	0.0322606	0	0	-3.30597	
46.1	0.337	0.103	-0.00294129	0	-2.242	0.000343793	0	0.0322606	0	0	-3.30597	
46.11	0.337	0.103	-0.00293699	0	-2.242	0.00034329	0	0.0322606	0	0	-3.30597	
46.12	0.337	0.103	-0.0029327	0	-2.242	0.000342788	0	0.0322606	0	0	-3.30597	
46.13	0.337	0.103	-0.00292841	0	-2.242	0.000342287	0	0.0322606	0	0	-3.30597	
46.14	0.337	0.103	-0.00292413	0	-2.242	0.000341787	0	0.0322606	0	0	-3.30597	
46.15	0.337	0.103	-0.00291985	0	-2.242	0.000341287	0	0.0322606	0	0	-3.30597	
46.16	0.337	0.103	-0.00291558	0	-2.242	0.000340788	0	0.0322606	0	0	-3.30597	
46.17	0.337	0.103	-0.00291132	0	-2.242	0.00034029	0	0.0322606	0	0	-3.30597	
46.18	0.337	0.103	-0.00290706	0	-2.242	0.000339792	0	0.0322606	0	0	-3.30597	
46.19	0.337	0.103	-0.00290281	0	-2.242	0.000339295	0	0.0322606	0	0	-3.30597	
46.2	0.337	0.103	-0.00289857	0	-2.242	0.000338799	0	0.0322606	0	0	-3.30597	
46.21	0.337	0.103	-0.00289433	0	-2.242	0.000338304	0	0.0322606	0	0	-3.30597	
46.22	0.337	0.103	-0.0028901	0	-2.242	0.000337809	0	0.0322606	0	0	-3.30597	
46.23	0.337	0.103	-0.00288587	0	-2.242	0.000337315	0	0.0322606	0	0	-3.30597	
46.24	0.337	0.103	-0.00288165	0	-2.242	0.000336822	0	0.0322606	0	0	-3.30597	
46.25	0.337	0.103	-0.00287744	0	-2.242	0.00033633	0	0.0322606	0	0	-3.30597	
46.26	0.337	0.103	-0.00287323	0	-2.242	0.000335838	0	0.0322606	0	0	-3.30597	
46.27	0.337	0.103	-0.00286903	0	-2.242	0.000335347	0	0.0322606	0	0	-3.30597	
46.28	0.337	0.103	-0.00286484	0	-2.242	0.000334857	0	0.0322606	0	0	-3.30597	
46.29	0.337	0.103	-0.00286065	0	-2.242	0.000334367	0	0.0322606	0	0	-3.30597	
46.3	0.337	0.103	-0.00285647	0	-2.242	0.000333878	0	0.0322606	0	0	-3.30597	
46.31	0.337	0.103	-0.00285229	0	-2.242	0.00033339	0	0.0322606	0	0	-3.30597	
46.32	0.337	0.103	-0.00284812	0	-2.242	0.000332902	0	0.0322607	0	0	-3.30597	
46.33	0.337	0.103	-0.00284396	0	-2.242	0.000332416	0	0.0322607	0	0	-3.30597	
46.34	0.337	0.103	-0.0028398	0	-2.242	0.00033193	0	0.0322607	0	0	-3.30597	
46.35	0.337	0.103	-0.00283565	0	-2.242	0.000331444	0	0.0322607	0	0	-3.30597	
46.36	0.337	0.103	-0.0028315	0	-2.242	0.00033096	0	0.0322607	0	0	-3.30597	
46.37	0.337	0.103	-0.00282736	0	-2.242	0.000330476	0	0.0322607	0	0	-3.30597	
46.38	0.337	0.103	-0.00282323	0	-2.242	0.000329993	0	0.0322607	0	0	-3.30597	
46.39	0.337	0.103	-0.0028191	0	-2.242	0.00032951	0	0.0322607	0	0	-3.30597	
46.4	0.337	0.103	-0.00281498	0	-2.242	0.000329029	0	0.0322607	0	0	-3.30597	
46.41	0.337	0.103	-0.00281086	0	-2.242	0.000328547	0	0.0322607	0	0	-3.30597	
46.42	0.337	0.103	-0.00280675	0	-2.242	0.000328067	0	0.0322607	0	0	-3.30597	
46.43	0.337	0.103	-0.00280265	0	-2.242	0.000327587	0	0.0322607	0	0	-3.30597	
46.44	0.337	0.103	-0.00279855	0	-2.242	0.000327108	0	0.0322607	0	0	-3.30597	
46.45	0.337	0.103	-0.00279446	0	-2.242	0.00032663	0	0.0322607	0	0	-3.30597	
46.46	0.337	0.103	-0.00279037	0	-2.242	0.000326153	0	0.0322607	0	0	-3.30597	
46.47	0.337	0.103	-0.00278629	0	-2.242	0.000325676	0	0.0322607	0	0	-3.30597	
46.48	0.337	0.103	-0.00278222	0	-2.242	0.0003252	0	0.0322607	0	0	-3.30597	
46.49	0.337	0.103	-0.00277815	0	-2.242	0.000324724	0	0.0322607	0	0	-3.30597	
46.5	0.337	0.103	-0.00277409	0	-2.242	0.000324249	0	0.0322607	0	0	-3.30597	
46.51	0.337	0.103	-0.00277003	0	-2.242	0.000323775	0	0.0322607	0	0	-3.30597	
46.52	0.337	0.103	-0.00276598	0	-2.242	0.000323302	0	0.0322607	0	0	-3.30597	
46.53	0.337	0.103	-0.00276194	0	-2.242	0.000322829	0	0.0322607	0	0	-3.30597	
46.54	0.337	0.103	-0.0027579	0	-2.242	0.000322357	0	0.0322607	0	0	-3.30597	
46.55	0.337	0.103	-0.00275387	0	-2.242	0.000321886	0	0.0322607	0	0	-3.30597	
46.56	0.337	0.103	-0.00274984	0	-2.242	0.000321415	0	0.0322607	0	0	-3.30597	
46.57	0.337	0.103	-0.00274582	0	-2.242	0.000320945	0	0.0322607	0	0	-3.30597	
46.58	0.337	0.103	-0.00274181	0	-2.242	0.000320476	0	0.0322607	0	0	-3.30597	
46.59	0.337	0.103	-0.0027378	0	-2.242	0.000320008	0	0.0322607	0	0	-3.30597	
46.6	0.337	0.103	-0.0027338	0	-2.242	0.00031954	0	0.0322607	0	0	-3.30597	
46.61	0.337	0.103	-0.0027298	0	-2.242	0.000319072	0	0.0322607	0	0	-3.30597	
46.62	0.337	0.103	-0.00272581	0	-2.242	0.000318606	0	0.0322607	0	0	-3.30597	
46.63	0.337	0.103	-0.00272182	0	-2.242	0.00031814	0	0.0322607	0	0	-3.30597	
46.64	0.337	0.103	-0.00271784	0	-2.242	0.000317675	0	0.0322607	0	0	-3.30597	
46.65	0.337	0.103	-0.00271387	0	-2.242	0.000317211	0	0.0322607	0	0	-3.30597	
46.66	0.337	0.103	-0.0027099	0	-2.242	0.000316747	0	0.0322607	0	0	-3.30597	
46.67	0.337	0.103	-0.00270594	0	-2.242	0.000316284	0	0.0322607	0	0	-3.30597	
46.68	0.337	0.103	-0.00270198	0	-2.242	0.000315821	0	0.0322607	0	0	-3.30597	
46.69	0.337	0.103	-0.00269803	0	-2.242	0.000315359	0	0.0322607	0	0	-3.30597	
46.7	0.337	0.103	-0.00269409	0	-2.242	0.000314898	0	0.0322607	0	0	-3.30597	
46.71	0.337	0.103	-0.00269015	0	-2.242	0.000314438	0	0.0322607	0	0	-3.30597	
46.72	0.337	0.103	-0.00268621	0	-2.242	0.000313978	0	0.0322607	0	0	-3.30597	
46.73	0.337	0.103	-0.00268229	0	-2.242	0.000313519	0	0.0322607	0	0	-3.30597	
46.74	0.337	0.103	-0.00267837	0	-2.242	0.000313061	0	0.0322607	0	0	-3.30597	
46.75	0.337	0.103	-0.00267445	0	-2.242	0.000312603	0	0.0322607	0	0	-3.30597	
46.76	0.337	0.103	-0.00267054	0	-2.242	0.000312146	0	0.0322607	0	0	-3.30597	
46.77	0.337	0.103	-0.00266663	0	-2.242	0.00031169	0	0.0322607	0	0	-3.30597	
46.78	0.337	0.103	-0.00266274	0	-2.242	0.000311234	0	0.0322607	0	0	-3.30597	
46.79	0.337	0.103	-0.00265884	0	-2.242	0.000310779	0	0.0322607	0	0	-3.30597	
46.8	0.337	0.103	-0.00265496	0	-2.242	0.000310324	0	0.0322607	0	0	-3.30597	
46.81	0.337	0.103	-0.00265107	0	-2.242	0.000309871	0	0.0322607	0	0	-3.30597	
46.82	0.337	0.103	-0.0026472	0	-2.242	0.000309418	0	0.0322607	0	0	-3.30597	
46.83	0.337	0.103	-0.00264333	0	-2.242	0.000308965	0	0.0322607	0	0	-3.30597	
46.84	0.337	0.103	-0.00263946	0	-2.242	0.000308514	0	0.0322607	0	0	-3.30597	
46.85	0.337	0.103	-0.0026356	0	-2.242	0.000308063	0	0.0322607	0	0	-3.30597	
46.86	0.337	0.103	-0.00263175	0	-2.242	0.000307612	0	0.0322607	0	0	-3.30597	
46.87	0.337	0.103	-0.0026279	0	-2.242	0.000307162	0	0.0322607	0	0	-3.30597	
46.88	0.337	0.103	-0.00262406	0	-2.242	0.000306713	0	0.0322607	0	0	-3.30597	
46.89	0.337	0.103	-0.00262022	0	-2.242	0.000306265	0	0.0322607	0	0	-3.30597	
46.9	0.337	0.103	-0.00261639	0	-2.242	0.000305817	0	0.0322607	0	0	-3.30597	
46.91	0.337	0.103	-0.00261257	0	-2.242	0.00030537	0	0.0322607	0	0	-3.30597	
46.92	0.337	0.103	-0.00260875	0	-2.242	0.000304923	0	0.0322607	0	0	-3.30597	
46.93	0.337	0.103	-0.00260493	0	-2.242	0.000304478	0	0.0322607	0	0	-3.30597	
46.94	0.337	0.103	-0.00260112	0	-2.242	0.000304032	0	0.0322607	0	0	-3.30597	
46.95	0.337	0.103	-0.00259732	0	-2.242	0.000303588	0	0.0322607	0	0	-3.30597	
46.96	0.337	0.103	-0.00259352	0	-2.242	0.000303144	0	0.0322607	0	0	-3.30597	
46.97	0.337	0.103	-0.00258973	0	-2.242	0.000302701	0	0.0322607	0	0	-3.30597	
46.98	0.337	0.103	-0.00258594	0	-2.242	0.000302258	0	0.0322607	0	0	-3.30597	
46.99	0.337	0.103	-0.00258216	0	-2.242	0.000301816	0	0.0322607	0	0	-3.30597	
47	0.337	0.103	-0.00257839	0	-2.242	0.000301375	0	0.0322607	0	0	-3.30597	
47.01	0.337	0.103	-0.00257462	0	-2.242	0.000300934	0	0.0322607	0	0	-3.30597	
47.02	0.337	0.103	-0.00257085	0	-2.242	0.000300494	0	0.0322607	0	0	-3.30597	
47.03	0.337	0.103	-0.0025671	0	-2.242	0.000300055	0	0.0322607	0	0	-3.30597	
47.04	0.337	0.103	-0.00256334	0	-2.242	0.000299616	0	0.0322607	0	0	-3.30597	
47.05	0.337	0.103	-0.00255959	0	-2.242	0.000299178	0	0.0322607	0	0	-3.30597	
47.06	0.337	0.103	-0.00255585	0	-2.242	0.000298741	0	0.0322607	0	0	-3.30597	
47.07	0.337	0.103	-0.00255212	0	-2.242	0.000298304	0	0.0322607	0	0	-3.30597	
47.08	0.337	0.103	-0.00254838	0	-2.242	0.000297868	0	0.0322607	0	0	-3.30597	
47.09	0.337	0.103	-0.00254466	0	-2.242	0.000297432	0	0.0322607	0	0	-3.30597	
47.1	0.337	0.103	-0.00254094	0	-2.242	0.000296998	0	0.0322607	0	0	-3.30597	
47.11	0.337	0.103	-0.00253722	0	-2.242	0.000296563	0	0.0322607	0	0	-3.30597	
47.12	0.337	0.103	-0.00253351	0	-2.242	0.00029613	0	0.0322607	0	0	-3.30597	
47.13	0.337	0.103	-0.00252981	0	-2.242	0.000295697	0	0.0322607	0	0	-3.30597	
47.14	0.337	0.103	-0.00252611	0	-2.242	0.000295264	0	0.0322607	0	0	-3.30597	
47.15	0.337	0.103	-0.00252242	0	-2.242	0.000294833	0	0.0322607	0	0	-3.30597	
47.16	0.337	0.103	-0.00251873	0	-2.242	0.000294402	0	0.0322607	0	0	-3.30597	
47.17	0.337	0.103	-0.00251505	0	-2.242	0.000293971	0	0.0322607	0	0	-3.30597	
47.18	0.337	0.103	-0.00251137	0	-2.242	0.000293541	0	0.0322607	0	0	-3.30597	
47.19	0.337	0.103	-0.0025077	0	-2.242	0.000293112	0	0.0322607	0	0	-3.30597	
47.2	0.337	0.103	-0.00250403	0	-2.242	0.000292684	0	0.0322607	0	0	-3.30597	
47.21	0.337	0.103	-0.00250037	0	-2.242	0.000292256	0	0.0322607	0	0	-3.30597	
47.22	0.337	0.103	-0.00249671	0	-2.242	0.000291828	0	0.0322607	0	0	-3.30597	
47.23	0.337	0.103	-0.00249306	0	-2.242	0.000291402	0	0.0322607	0	0	-3.30597	
47.24	0.337	0.103	-0.00248942	0	-2.242	0.000290976	0	0.0322608	0	0	-3.30597	
47.25	0.337	0.103	-0.00248578	0	-2.242	0.00029055	0	0.0322608	0	0	-3.30597	
47.26	0.337	0.103	-0.00248214	0	-2.242	0.000290125	0	0.0322608	0	0	-3.30597	
47.27	0.337	0.103	-0.00247851	0	-2.242	0.000289701	0	0.0322608	0	0	-3.30597	
47.28	0.337	0.103	-0.00247489	0	-2.242	0.000289278	0	0.0322608	0	0	-3.30597	
47.29	0.337	0.103	-0.00247127	0	-2.242	0.000288855	0	0.0322608	0	0	-3.30597	
47.3	0.337	0.103	-0.00246766	0	-2.242	0.000288432	0	0.0322608	0	0	-3.30597	
47.31	0.337	0.103	-0.00246405	0	-2.242	0.000288011	0	0.0322608	0	0	-3.30597	
47.32	0.337	0.103	-0.00246045	0	-2.242	0.00028759	0	0.0322608	0	0	-3.30597	
47.33	0.337	0.103	-0.00245685	0	-2.242	0.000287169	0	0.0322608	0	0	-3.30597	
47.34	0.337	0.103	-0.00245326	0	-2.242	0.000286749	0	0.0322608	0	0	-3.30597	
47.35	0.337	0.103	-0.00244967	0	-2.242	0.00028633	0	0.0322608	0	0	-3.30597	
47.36	0.337	0.103	-0.00244609	0	-2.242	0.000285911	0	0.0322608	0	0	-3.30597	
47.37	0.337	0.103	-0.00244251	0	-2.242	0.000285493	0	0.0322608	0	0	-3.30597	
47.38	0.337	0.103	-0.00243894	0	-2.242	0.000285076	0	0.0322608	0	0	-3.30597	
47.39	0.337	0.103	-0.00243538	0	-2.242	0.000284659	0	0.0322608	0	0	-3.30597	
47.4	0.337	0.103	-0.00243182	0	-2.242	0.000284243	0	0.0322608	0	0	-3.30597	
47.41	0.337	0.103	-0.00242826	0	-2.242	0.000283827	0	0.0322608	0	0	-3.30597	
47.42	0.337	0.103	-0.00242471	0	-2.242	0.000283412	0	0.0322608	0	0	-3.30597	
47.43	0.337	0.103	-0.00242117	0	-2.242	0.000282998	0	0.0322608	0	0	-3.30597	
47.44	0.337	0.103	-0.00241763	0	-2.242	0.000282584	0	0.0322608	0	0	-3.30597	
47.45	0.337	0.103	-0.00241409	0	-2.242	0.000282171	0	0.0322608	0	0	-3.30597	
47.46	0.337	0.103	-0.00241056	0	-2.242	0.000281759	0	0.0322608	0	0	-3.30597	
47.47	0.337	0.103	-0.00240704	0	-2.242	0.000281347	0	0.0322608	0	0	-3.30597	
47.48	0.337	0.103	-0.00240352	0	-2.242	0.000280935	0	0.0322608	0	0	-3.30597	
47.49	0.337	0.103	-0.0024	0	-2.242	0.000280525	0	0.0322608	0	0	-3.30597	
47.5	0.337	0.103	-0.00239649	0	-2.242	0.000280114	0	0.0322608	0	0	-3.30597	
47.51	0.337	0.103	-0.00239299	0	-2.242	0.000279705	0	0.0322608	0	0	-3.30597	
47.52	0.337	0.103	-0.00238949	0	-2.242	0.000279296	0	0.0322608	0	0	-3.30597	
47.53	0.337	0.103	-0.002386	0	-2.242	0.000278887	0	0.0322608	0	0	-3.30597	
47.54	0.337	0.103	-0.00238251	0	-2.242	0.00027848	0	0.0322608	0	0	-3.30597	
47.55	0.337	0.103	-0.00237903	0	-2.242	0.000278073	0	0.0322608	0	0	-3.30597	
47.56	0.337	0.103	-0.00237555	0	-2.242	0.000277666	0	0.0322608	0	0	-3.30597	
47.57	0.337	0.103	-0.00237207	0	-2.242	0.00027726	0	0.0322608	0	0	-3.30597	
47.58	0.337	0.103	-0.00236861	0	-2.242	0.000276855	0	0.0322608	0	0	-3.30597	
47.59	0.337	0.103	-0.00236514	0	-2.242	0.00027645	0	0.0322608	0	0	-3.30597	
47.6	0.337	0.103	-0.00236169	0	-2.242	0.000276046	0	0.0322608	0	0	-3.30597	
47.61	0.337	0.103	-0.00235823	0	-2.242	0.000275642	0	0.0322608	0	0	-3.30597	
47.62	0.337	0.103	-0.00235478	0	-2.242	0.000275239	0	0.0322608	0	0	-3.30597	
47.63	0.337	0.103	-0.00235134	0	-2.242	0.000274837	0	0.0322608	0	0	-3.30597	
47.64	0.337	0.103	-0.0023479	0	-2.242	0.000274435	0	0.0322608	0	0	-3.30597	
47.65	0.337	0.103	-0.00234447	0	-2.242	0.000274034	0	0.0322608	0	0	-3.30597	
47.66	0.337	0.103	-0.00234104	0	-2.242	0.000273633	0	0.0322608	0	0	-3.30597	
47.67	0.337	0.103	-0.00233762	0	-2.242	0.000273233	0	0.0322608	0	0	-3.30597	
47.68	0.337	0.103	-0.0023342	0	-2.242	0.000272833	0	0.0322608	0	0	-3.30597	
47.69	0.337	0.103	-0.00233079	0	-2.242	0.000272434	0	0.0322608	0	0	-3.30597	
47.7	0.337	0.103	-0.00232738	0	-2.242	0.000272036	0	0.0322608	0	0	-3.30597	
47.71	0.337	0.103	-0.00232398	0	-2.242	0.000271638	0	0.0322608	0	0	-3.30597	
47.72	0.337	0.103	-0.00232058	0	-2.242	0.000271241	0	0.0322608	0	0	-3.30597	
47.73	0.337	0.103	-0.00231719	0	-2.242	0.000270845	0	0.0322608	0	0	-3.30597	
47.74	0.337	0.103	-0.0023138	0	-2.242	0.000270449	0	0.0322608	0	0	-3.30597	
47.75	0.337	0.103	-0.00231042	0	-2.242	0.000270053	0	0.0322608	0	0	-3.30597	
47.76	0.337	0.103	-0.00230704	0	-2.242	0.000269658	0	0.0322608	0	0	-3.30597	
47.77	0.337	0.103	-0.00230367	0	-2.242	0.000269264	0	0.0322608	0	0	-3.30597	
47.78	0.337	0.103	-0.0023003	0	-2.242	0.00026887	0	0.0322608	0	0	-3.30597	
47.79	0.337	0.103	-0.00229694	0	-2.242	0.000268477	0	0.0322608	0	0	-3.30597	
47.8	0.337	0.103	-0.00229358	0	-2.242	0.000268085	0	0.0322608	0	0	-3.30597	
47.81	0.337	0.103	-0.00229022	0	-2.242	0.000267693	0	0.0322608	0	0	-3.30597	
47.82	0.337	0.103	-0.00228687	0	-2.242	0.000267301	0	0.0322608	0	0	-3.30597	
47.83	0.337	0.103	-0.00228353	0	-2.242	0.000266911	0	0.0322608	0	0	-3.30597	
47.84	0.337	0.103	-0.00228019	0	-2.242	0.00026652	0	0.0322608	0	0	-3.30597	
47.85	0.337	0.103	-0.00227686	0	-2.242	0.000266131	0	0.0322608	0	0	-3.30597	
47.86	0.337	0.103	-0.00227353	0	-2.242	0.000265742	0	0.0322608	0	0	-3.30597	
47.87	0.337	0.103	-0.00227021	0	-2.242	0.000265353	0	0.0322608	0	0	-3.30597	
47.88	0.337	0.103	-0.00226689	0	-2.242	0.000264965	0	0.0322608	0	0	-3.30597	
47.89	0.337	0.103	-0.00226357	0	-2.242	0.000264578	0	0.0322608	0	0	-3.30597	
47.9	0.337	0.103	-0.00226026	0	-2.242	0.000264191	0	0.0322608	0	0	-3.30597	
47.91	0.337	0.103	-0.00225696	0	-2.242	0.000263805	0	0.0322608	0	0	-3.30597	
47.92	0.337	0.103	-0.00225366	0	-2.242	0.000263419	0	0.0322608	0	0	-3.30597	
47.93	0.337	0.103	-0.00225036	0	-2.242	0.000263034	0	0.0322608	0	0	-3.30597	
47.94	0.337	0.103	-0.00224707	0	-2.242	0.000262649	0	0.0322608	0	0	-3.30597	
47.95	0.337	0.103	-0.00224379	0	-2.242	0.000262265	0	0.0322608	0	0	-3.30597	
47.96	0.337	0.103	-0.00224051	0	-2.242	0.000261882	0	0.0322608	0	0	-3.30597	
47.97	0.337	0.103	-0.00223723	0	-2.242	0.000261499	0	0.0322608	0	0	-3.30597	
47.98	0.337	0.103	-0.00223396	0	-2.242	0.000261117	0	0.0322608	0	0	-3.30597	
47.99	0.337	0.103	-0.00223069	0	-2.242	0.000260735	0	0.0322608	0	0	-3.30597	
48	0.337	0.103	-0.00222743	0	-2.242	0.000260354	0	0.0322608	0	0	-3.30597	
48.01	0.337	0.103	-0.00222418	0	-2.242	0.000259973	0	0.0322608	0	0	-3.30597	
48.02	0.337	0.103	-0.00222092	0	-2.242	0.000259593	0	0.0322608	0	0	-3.30597	
48.03	0.337	0.103	-0.00221768	0	-2.242	0.000259213	0	0.0322608	0	0	-3.30597	
48.04	0.337	0.103	-0.00221443	0	-2.242	0.000258834	0	0.0322608	0	0	-3.30597	
48.05	0.337	0.103	-0.0022112	0	-2.242	0.000258456	0	0.0322608	0	0	-3.30597	
48.06	0.337	0.103	-0.00220796	0	-2.242	0.000258078	0	0.0322608	0	0	-3.30597	
48.07	0.337	0.103	-0.00220474	0	-2.242	0.000257701	0	0.0322608	0	0	-3.30597	
48.08	0.337	0.103	-0.00220151	0	-2.242	0.000257324	0	0.0322608	0	0	-3.30597	
48.09	0.337	0.103	-0.00219829	0	-2.242	0.000256948	0	0.0322608	0	0	-3.30597	
48.1	0.337	0.103	-0.00219508	0	-2.242	0.000256572	0	0.0322608	0	0	-3.30597	
48.11	0.337	0.103	-0.00219187	0	-2.242	0.000256197	0	0.0322608	0	0	-3.30597	
48.12	0.337	0.103	-0.00218866	0	-2.242	0.000255822	0	0.0322608	0	0	-3.30597	
48.13	0.337	0.103	-0.00218546	0	-2.242	0.000255448	0	0.0322608	0	0	-3.30597	
48.14	0.337	0.103	-0.00218227	0	-2.242	0.000255075	0	0.0322608	0	0	-3.30597	
48.15	0.337	0.103	-0.00217908	0	-2.242	0.000254702	0	0.0322608	0	0	-3.30597	
48.16	0.337	0.103	-0.00217589	0	-2.242	0.000254329	0	0.0322608	0	0	-3.30597	
48.17	0.337	0.103	-0.00217271	0	-2.242	0.000253957	0	0.0322608	0	0	-3.30597	
48.18	0.337	0.103	-0.00216953	0	-2.242	0.000253586	0	0.0322608	0	0	-3.30597	
48.19	0.337	0.103	-0.00216636	0	-2.242	0.000253215	0	0.0322608	0	0	-3.30597	
48.2	0.337	0.103	-0.0021632	0	-2.242	0.000252845	0	0.0322608	0	0	-3.30597	
48.21	0.337	0.103	-0.00216003	0	-2.242	0.000252475	0	0.0322608	0	0	-3.30597	
48.22	0.337	0.103	-0.00215687	0	-2.242	0.000252106	0	0.0322608	0	0	-3.30597	
48.23	0.337	0.103	-0.00215372	0	-2.242	0.000251738	0	0.0322608	0	0	-3.30597	
48.24	0.337	0.103	-0.00215057	0	-2.242	0.00025137	0	0.0322608	0	0	-3.30597	
48.25	0.337	0.103	-0.00214743	0	-2.242	0.000251002	0	0.0322608	0	0	-3.30597	
48.26	0.337	0.103	-0.00214429	0	-2.242	0.000250635	0	0.0322608	0	0	-3.30597	
48.27	0.337	0.103	-0.00214115	0	-2.242	0.000250269	0	0.0322608	0	0	-3.30597	
48.28	0.337	0.103	-0.00213802	0	-2.242	0.000249903	0	0.0322608	0	0	-3.30597	
48.29	0.337	0.103	-0.0021349	0	-2.242	0.000249537	0	0.0322608	0	0	-3.30597	
48.3	0.337	0.103	-0.00213177	0	-2.242	0.000249173	0	0.0322608	0	0	-3.30597	
48.31	0.337	0.103	-0.00212866	0	-2.242	0.000248808	0	0.0322608	0	0	-3.30597	
48.32	0.337	0.103	-0.00212555	0	-2.242	0.000248445	0	0.0322608	0	0	-3.30597	
48.33	0.337	0.103	-0.00212244	0	-2.242	0.000248081	0	0.0322608	0	0	-3.30597	
48.34	0.337	0.103	-0.00211933	0	-2.242	0.000247719	0	0.0322608	0	0	-3.30597	
48.35	0.337	0.103	-0.00211624	0	-2.242	0.000247356	0	0.0322608	0	0	-3.30597	
48.36	0.337	0.103	-0.00211314	0	-2.242	0.000246995	0	0.0322608	0	0	-3.30597	
48.37	0.337	0.103	-0.00211005	0	-2.242	0.000246634	0	0.0322608	0	0	-3.30597	
48.38	0.337	0.103	-0.00210697	0	-2.242	0.000246273	0	0.0322608	0	0	-3.30597	
48.39	0.337	0.103	-0.00210389	0	-2.242	0.000245913	0	0.0322608	0	0	-3.30597	
48.4	0.337	0.103	-0.00210081	0	-2.242	0.000245553	0	0.0322608	0	0	-3.30597	
48.41	0.337	0.103	-0.00209774	0	-2.242	0.000245194	0	0.0322608	0	0	-3.30597	
48.42	0.337	0.103	-0.00209467	0	-2.242	0.000244836	0	0.0322608	0	0	-3.30597	
48.43	0.337	0.103	-0.00209161	0	-2.242	0.000244478	0	0.0322608	0	0	-3.30597	
48.44	0.337	0.103	-0.00208855	0	-2.242	0.00024412	0	0.0322608	0	0	-3.30597	
48.45	0.337	0.103	-0.0020855	0	-2.242	0.000243764	0	0.0322608	0	0	-3.30597	
48.46	0.337	0.103	-0.00208245	0	-2.242	0.000243407	0	0.0322608	0	0	-3.30597	
48.47	0.337	0.103	-0.0020794	0	-2.242	0.000243051	0	0.0322608	0	0	-3.30597	
48.48	0.337	0.103	-0.00207636	0	-2.242	0.000242696	0	0.0322608	0	0	-3.30597	
48.49	0.337	0.103	-0.00207333	0	-2.242	0.000242341	0	0.0322608	0	0	-3.30597	
48.5	0.337	0.103	-0.0020703	0	-2.242	0.000241987	0	0.0322609	0	0	-3.30597	
48.51	0.337	0.103	-0.00206727	0	-2.242	0.000241633	0	0.0322609	0	0	-3.30597	
48.52	0.337	0.103	-0.00206425	0	-2.242	0.00024128	0	0.0322609	0	0	-3.30597	
48.53	0.337	0.103	-0.00206123	0	-2.242	0.000240927	0	0.0322609	0	0	-3.30597	
48.54	0.337	0.103	-0.00205822	0	-2.242	0.000240575	0	0.0322609	0	0	-3.30597	
48.55	0.337	0.103	-0.00205521	0	-2.242	0.000240223	0	0.0322609	0	0	-3.30597	
48.56	0.337	0.103	-0.0020522	0	-2.242	0.000239872	0	0.0322609	0	0	-3.30597	
48.57	0.337	0.103	-0.0020492	0	-2.242	0.000239521	0	0.0322609	0	0	-3.30597	
48.58	0.337	0.103	-0.0020462	0	-2.242	0.000239171	0	0.0322609	0	0	-3.30597	
48.59	0.337	0.103	-0.00204321	0	-2.242	0.000238821	0	0.0322609	0	0	-3.30597	
48.6	0.337	0.103	-0.00204023	0	-2.242	0.000238472	0	0.0322609	0	0	-3.30597	
48.61	0.337	0.103	-0.00203724	0	-2.242	0.000238123	0	0.0322609	0	0	-3.30597	
48.62	0.337	0.103	-0.00203426	0	-2.242	0.000237775	0	0.0322609	0	0	-3.30597	
48.63	0.337	0.103	-0.00203129	0	-2.242	0.000237427	0	0.0322609	0	0	-3.30597	
48.64	0.337	0.103	-0.00202832	0	-2.242	0.00023708	0	0.0322609	0	0	-3.30597	
48.65	0.337	0.103	-0.00202535	0	-2.242	0.000236734	0	0.0322609	0	0	-3.30597	
48.66	0.337	0.103	-0.00202239	0	-2.242	0.000236387	0	0.0322609	0	0	-3.30597	
48.67	0.337	0.103	-0.00201944	0	-2.242	0.000236042	0	0.0322609	0	0	-3.30597	
48.68	0.337	0.103	-0.00201648	0	-2.242	0.000235697	0	0.0322609	0	0	-3.30597	
48.69	0.337	0.103	-0.00201354	0	-2.242	0.000235352	0	0.0322609	0	0	-3.30597	
48.7	0.337	0.103	-0.00201059	0	-2.242	0.000235008	0	0.0322609	0	0	-3.30597	
48.71	0.337	0.103	-0.00200765	0	-2.242	0.000234664	0	0.0322609	0	0	-3.30597	
48.72	0.337	0.103	-0.00200472	0	-2.242	0.000234321	0	0.0322609	0	0	-3.30597	
48.73	0.337	0.103	-0.00200179	0	-2.242	0.000233979	0	0.0322609	0	0	-3.30597	
48.74	0.337	0.103	-0.00199886	0	-2.242	0.000233637	0	0.0322609	0	0	-3.30597	
48.75	0.337	0.103	-0.00199594	0	-2.242	0.000233295	0	0.0322609	0	0	-3.30597	
48.76	0.337	0.103	-0.00199302	0	-2.242	0.000232954	0	0.0322609	0	0	-3.30597	
48.77	0.337	0.103	-0.0019901	0	-2.242	0.000232613	0	0.0322609	0	0	-3.30597	
48.78	0.337	0.103	-0.00198719	0	-2.242	0.000232273	0	0.0322609	0	0	-3.30597	
48.79	0.337	0.103	-0.00198429	0	-2.242	0.000231934	0	0.0322609	0	0	-3.30597	
48.8	0.337	0.103	-0.00198139	0	-2.242	0.000231595	0	0.0322609	0	0	-3.30597	
48.81	0.337	0.103	-0.00197849	0	-2.242	0.000231256	0	0.0322609	0	0	-3.30597	
48.82	0.337	0.103	-0.0019756	0	-2.242	0.000230918	0	0.0322609	0	0	-3.30597	
48.83	0.337	0.103	-0.00197271	0	-2.242	0.00023058	0	0.0322609	0	0	-3.30597	
48.84	0.337	0.103	-0.00196982	0	-2.242	0.000230243	0	0.0322609	0	0	-3.30597	
48.85	0.337	0.103	-0.00196694	0	-2.242	0.000229906	0	0.0322609	0	0	-3.30597	
48.86	0.337	0.103	-0.00196407	0	-2.242	0.00022957	0	0.0322609	0	0	-3.30597	
48.87	0.337	0.103	-0.0019612	0	-2.242	0.000229235	0	0.0322609	0	0	-3.30597	
48.88	0.337	0.103	-0.00195833	0	-2.242	0.0002289	0	0.0322609	0	0	-3.30597	
48.89	0.337	0.103	-0.00195547	0	-2.242	0.000228565	0	0.0322609	0	0	-3.30597	
48.9	0.337	0.103	-0.00195261	0	-2.242	0.000228231	0	0.0322609	0	0	-3.30597	
48.91	0.337	0.103	-0.00194975	0	-2.242	0.000227897	0	0.0322609	0	0	-3.30597	
48.92	0.337	0.103	-0.0019469	0	-2.242	0.000227564	0	0.0322609	0	0	-3.30597	
48.93	0.337	0.103	-0.00194406	0	-2.242	0.000227231	0	0.0322609	0	0	-3.30597	
48.94	0.337	0.103	-0.00194121	0	-2.242	0.000226899	0	0.0322609	0	0	-3.30597	
48.95	0.337	0.103	-0.00193837	0	-2.242	0.000226567	0	0.0322609	0	0	-3.30597	
48.96	0.337	0.103	-0.00193554	0	-2.242	0.000226236	0	0.0322609	0	0	-3.30597	
48.97	0.337	0.103	-0.00193271	0	-2.242	0.000225905	0	0.0322609	0	0	-3.30597	
48.98	0.337	0.103	-0.00192989	0	-2.242	0.000225575	0	0.0322609	0	0	-3.30597	
48.99	0.337	0.103	-0.00192706	0	-2.242	0.000225245	0	0.0322609	0	0	-3.30597	
49	0.337	0.103	-0.00192425	0	-2.242	0.000224916	0	0.0322609	0	0	-3.30597	
49.01	0.337	0.103	-0.00192143	0	-2.242	0.000224587	0	0.0322609	0	0	-3.30597	
49.02	0.337	0.103	-0.00191862	0	-2.242	0.000224258	0	0.0322609	0	0	-3.30597	
49.03	0.337	0.103	-0.00191582	0	-2.242	0.000223931	0	0.0322609	0	0	-3.30597	
49.04	0.337	0.103	-0.00191302	0	-2.242	0.000223603	0	0.0322609	0	0	-3.30597	
49.05	0.337	0.103	-0.00191022	0	-2.242	0.000223276	0	0.0322609	0	0	-3.30597	
49.06	0.337	0.103	-0.00190743	0	-2.242	0.00022295	0	0.0322609	0	0	-3.30597	
49.07	0.337	0.103	-0.00190464	0	-2.242	0.000222624	0	0.0322609	0	0	-3.30597	
49.08	0.337	0.103	-0.00190185	0	-2.242	0.000222298	0	0.0322609	0	0	-3.30597	
49.09	0.337	0.103	-0.00189907	0	-2.242	0.000221973	0	0.0322609	0	0	-3.30597	
49.1	0.337	0.103	-0.0018963	0	-2.242	0.000221649	0	0.0322609	0	0	-3.30597	
49.11	0.337	0.103	-0.00189352	0	-2.242	0.000221325	0	0.0322609	0	0	-3.30597	
49.12	0.337	0.103	-0.00189076	0	-2.242	0.000221001	0	0.0322609	0	0	-3.30597	
49.13	0.337	0.103	-0.00188799	0	-2.242	0.000220678	0	0.0322609	0	0	-3.30597	
49.14	0.337	0.103	-0.00188523	0	-2.242	0.000220355	0	0.0322609	0	0	-3.30597	
49.15	0.337	0.103	-0.00188247	0	-2.242	0.000220033	0	0.0322609	0	0	-3.30597	
49.16	0.337	0.103	-0.00187972	0	-2.242	0.000219711	0	0.0322609	0	0	-3.30597	
49.17	0.337	0.103	-0.00187697	0	-2.242	0.00021939	0	0.0322609	0	0	-3.30597	
49.18	0.337	0.103	-0.00187423	0	-2.242	0.000219069	0	0.0322609	0	0	-3.30597	
49.19	0.337	0.103	-0.00187149	0	-2.242	0.000218749	0	0.0322609	0	0	-3.30597	
49.2	0.337	0.103	-0.00186875	0	-2.242	0.000218429	0	0.0322609	0	0	-3.30597	
49.21	0.337	0.103	-0.00186602	0	-2.242	0.00021811	0	0.0322609	0	0	-3.30597	
49.22	0.337	0.103	-0.00186329	0	-2.242	0.000217791	0	0.0322609	0	0	-3.30597	
49.23	0.337	0.103	-0.00186057	0	-2.242	0.000217473	0	0.0322609	0	0	-3.30597	
49.24	0.337	0.103	-0.00185785	0	-2.242	0.000217155	0	0.0322609	0	0	-3.30597	
49.25	0.337	0.103	-0.00185513	0	-2.242	0.000216837	0	0.0322609	0	0	-3.30597	
49.26	0.337	0.103	-0.00185242	0	-2.242	0.00021652	0	0.0322609	0	0	-3.30597	
49.27	0.337	0.103	-0.00184971	0	-2.242	0.000216204	0	0.0322609	0	0	-3.30597	
49.28	0.337	0.103	-0.00184701	0	-2.242	0.000215887	0	0.0322609	0	0	-3.30597	
49.29	0.337	0.103	-0.00184431	0	-2.242	0.000215572	0	0.0322609	0	0	-3.30597	
49.3	0.337	0.103	-0.00184161	0	-2.242	0.000215257	0	0.0322609	0	0	-3.30597	
49.31	0.337	0.103	-0.00183892	0	-2.242	0.000214942	0	0.0322609	0	0	-3.30597	
49.32	0.337	0.103	-0.00183623	0	-2.242	0.000214628	0	0.0322609	0	0	-3.30597	
49.33	0.337	0.103	-0.00183354	0	-2.242	0.000214314	0	0.0322609	0	0	-3.30597	
49.34	0.337	0.103	-0.00183086	0	-2.242	0.000214	0	0.0322609	0	0	-3.30597	
49.35	0.337	0.103	-0.00182819	0	-2.242	0.000213688	0	0.0322609	0	0	-3.30597	
49.36	0.337	0.103	-0.00182551	0	-2.242	0.000213375	0	0.0322609	0	0	-3.30597	
49.37	0.337	0.103	-0.00182284	0	-2.242	0.000213063	0	0.0322609	0	0	-3.30597	
49.38	0.337	0.103	-0.00182018	0	-2.242	0.000212752	0	0.0322609	0	0	-3.30597	
49.39	0.337	0.103	-0.00181752	0	-2.242	0.000212441	0	0.0322609	0	0	-3.30597	
49.4	0.337	0.103	-0.00181486	0	-2.242	0.00021213	0	0.0322609	0	0	-3.30597	
49.41	0.337	0.103	-0.00181221	0	-2.242	0.00021182	0	0.0322609	0	0	-3.30597	
49.42	0.337	0.103	-0.00180956	0	-2.242	0.00021151	0	0.0322609	0	0	-3.30597	
49.43	0.337	0.103	-0.00180691	0	-2.242	0.000211201	0	0.0322609	0	0	-3.30597	
49.44	0.337	0.103	-0.00180427	0	-2.242	0.000210892	0	0.0322609	0	0	-3.30597	
49.45	0.337	0.103	-0.00180163	0	-2.242	0.000210584	0	0.0322609	0	0	-3.30597	
49.46	0.337	0.103	-0.001799	0	-2.242	0.000210276	0	0.0322609	0	0	-3.30597	
49.47	0.337	0.103	-0.00179637	0	-2.242	0.000209968	0	0.0322609	0	0	-3.30597	
49.48	0.337	0.103	-0.00179374	0	-2.242	0.000209661	0	0.0322609	0	0	-3.30597	
49.49	0.337	0.103	-0.00179112	0	-2.242	0.000209355	0	0.0322609	0	0	-3.30597	
49.5	0.337	0.103	-0.0017885	0	-2.242	0.000209049	0	0.0322609	0	0	-3.30597	
49.51	0.337	0.103	-0.00178588	0	-2.242	0.000208743	0	0.0322609	0	0	-3.30597	
49.52	0.337	0.103	-0.00178327	0	-2.242	0.000208438	0	0.0322609	0	0	-3.30597	
49.53	0.337	0.103	-0.00178067	0	-2.242	0.000208133	0	0.0322609	0	0	-3.30597	
49.54	0.337	0.103	-0.00177806	0	-2.242	0.000207829	0	0.0322609	0	0	-3.30597	
49.55	0.337	0.103	-0.00177546	0	-2.242	0.000207525	0	0.0322609	0	0	-3.30597	
49.56	0.337	0.103	-0.00177287	0	-2.242	0.000207222	0	0.0322609	0	0	-3.30597	
49.57	0.337	0.103	-0.00177027	0	-2.242	0.000206919	0	0.0322609	0	0	-3.30597	
49.58	0.337	0.103	-0.00176769	0	-2.242	0.000206616	0	0.0322609	0	0	-3.30597	
49.59	0.337	0.103	-0.0017651	0	-2.242	0.000206314	0	0.0322609	0	0	-3.30597	
49.6	0.337	0.103	-0.00176252	0	-2.242	0.000206012	0	0.0322609	0	0	-3.30597	
49.61	0.337	0.103	-0.00175994	0	-2.242	0.000205711	0	0.0322609	0	0	-3.30597	
49.62	0.337	0.103	-0.00175737	0	-2.242	0.00020541	0	0.0322609	0	0	-3.30597	
49.63	0.337	0.103	-0.0017548	0	-2.242	0.00020511	0	0.0322609	0	0	-3.30597	
49.64	0.337	0.103	-0.00175224	0	-2.242	0.00020481	0	0.0322609	0	0	-3.30597	
49.65	0.337	0.103	-0.00174967	0	-2.242	0.000204511	0	0.0322609	0	0	-3.30597	
49.66	0.337	0.103	-0.00174712	0	-2.242	0.000204212	0	0.0322609	0	0	-3.30597	
49.67	0.337	0.103	-0.00174456	0	-2.242	0.000203913	0	0.0322609	0	0	-3.30597	
49.68	0.337	0.103	-0.00174201	0	-2.242	0.000203615	0	0.0322609	0	0	-3.30597	
49.69	0.337	0.103	-0.00173946	0	-2.242	0.000203317	0	0.0322609	0	0	-3.30597	
49.7	0.337	0.103	-0.00173692	0	-2.242	0.00020302	0	0.0322609	0	0	-3.30597	
49.71	0.337	0.103	-0.00173438	0	-2.242	0.000202723	0	0.0322609	0	0	-3.30597	
49.72	0.337	0.103	-0.00173184	0	-2.242	0.000202427	0	0.0322609	0	0	-3.30597	
49.73	0.337	0.103	-0.00172931	0	-2.242	0.000202131	0	0.0322609	0	0	-3.30597	
49.74	0.337	0.103	-0.00172678	0	-2.242	0.000201835	0	0.0322609	0	0	-3.30597	
49.75	0.337	0.103	-0.00172426	0	-2.242	0.00020154	0	0.0322609	0	0	-3.30597	
49.76	0.337	0.103	-0.00172174	0	-2.242	0.000201246	0	0.0322609	0	0	-3.30597	
49.77	0.337	0.103	-0.00171922	0	-2.242	0.000200951	0	0.0322609	0	0	-3.30597	
49.78	0.337	0.103	-0.00171671	0	-2.242	0.000200657	0	0.0322609	0	0	-3.30597	
49.79	0.337	0.103	-0.0017142	0	-2.242	0.000200364	0	0.0322609	0	0	-3.30597	
49.8	0.337	0.103	-0.00171169	0	-2.242	0.000200071	0	0.0322609	0	0	-3.30597	
49.81	0.337	0.103	-0.00170919	0	-2.242	0.000199779	0	0.0322609	0	0	-3.30597	
49.82	0.337	0.103	-0.00170669	0	-2.242	0.000199487	0	0.0322609	0	0	-3.30597	
49.83	0.337	0.103	-0.00170419	0	-2.242	0.000199195	0	0.0322609	0	0	-3.30597	
49.84	0.337	0.103	-0.0017017	0	-2.242	0.000198904	0	0.0322609	0	0	-3.30597	
49.85	0.337	0.103	-0.00169921	0	-2.242	0.000198613	0	0.0322609	0	0	-3.30597	
49.86	0.337	0.103	-0.00169673	0	-2.242	0.000198322	0	0.0322609	0	0	-3.30597	
49.87	0.337	0.103	-0.00169425	0	-2.242	0.000198032	0	0.0322609	0	0	-3.30597	
49.88	0.337	0.103	-0.00169177	0	-2.242	0.000197743	0	0.0322609	0	0	-3.30597	
49.89	0.337	0.103	-0.0016893	0	-2.242	0.000197454	0	0.0322609	0	0	-3.30597	
49.9	0.337	0.103	-0.00168683	0	-2.242	0.000197165	0	0.0322609	0	0	-3.30597	
49.91	0.337	0.103	-0.00168436	0	-2.242	0.000196877	0	0.0322609	0	0	-3.30597	
49.92	0.337	0.103	-0.0016819	0	-2.242	0.000196589	0	0.0322609	0	0	-3.30597	
49.93	0.337	0.103	-0.00167944	0	-2.242	0.000196302	0	0.0322609	0	0	-3.30597	
49.94	0.337	0.103	-0.00167699	0	-2.242	0.000196015	0	0.0322609	0	0	-3.30597	
49.95	0.337	0.103	-0.00167453	0	-2.242	0.000195728	0	0.0322609	0	0	-3.30597	
49.96	0.337	0.103	-0.00167209	0	-2.242	0.000195442	0	0.0322609	0	0	-3.30597	
49.97	0.337	0.103	-0.00166964	0	-2.242	0.000195156	0	0.0322609	0	0	-3.30597	
49.98	0.337	0.103	-0.0016672	0	-2.242	0.000194871	0	0.0322609	0	0	-3.30597	
49.99	0.337	0.103	-0.00166476	0	-2.242	0.000194586	0	0.0322609	0	0	-3.30597	
50	0.337	0.103	-0.00166233	0	-2.242	0.000194301	0	0.0322609	0	0	-3.30597	
50.01	0.337	0.103	-0.0016599	0	-2.242	0.000194017	0	0.0322609	0	0	-3.30597	
50.02	0.337	0.103	-0.00165747	0	-2.242	0.000193734	0	0.0322609	0	0	-3.30597	
50.03	0.337	0.103	-0.00165505	0	-2.242	0.00019345	0	0.0322609	0	0	-3.30597	
50.04	0.337	0.103	-0.00165263	0	-2.242	0.000193167	0	0.0322609	0	0	-3.30597	
50.05	0.337	0.103	-0.00165021	0	-2.242	0.000192885	0	0.0322609	0	0	-3.30597	
50.06	0.337	0.103	-0.0016478	0	-2.242	0.000192603	0	0.0322609	0	0	-3.30597	
50.07	0.337	0.103	-0.00164539	0	-2.242	0.000192321	0	0.0322609	0	0	-3.30597	
50.08	0.337	0.103	-0.00164298	0	-2.242	0.00019204	0	0.0322609	0	0	-3.30597	
50.09	0.337	0.103	-0.00164058	0	-2.242	0.000191759	0	0.0322609	0	0	-3.30597	
50.1	0.337	0.103	-0.00163818	0	-2.242	0.000191479	0	0.0322609	0	0	-3.30597	
50.11	0.337	0.103	-0.00163579	0	-2.242	0.000191199	0	0.0322609	0	0	-3.30597	
50.12	0.337	0.103	-0.0016334	0	-2.242	0.00019092	0	0.0322609	0	0	-3.30597	
50.13	0.337	0.103	-0.00163101	0	-2.242	0.00019064	0	0.0322609	0	0	-3.30597	
50.14	0.337	0.103	-0.00162862	0	-2.242	0.000190362	0	0.0322609	0	0	-3.30597	
50.15	0.337	0.103	-0.00162624	0	-2.242	0.000190083	0	0.0322609	0	0	-3.30597	
50.16	0.337	0.103	-0.00162386	0	-2.242	0.000189805	0	0.0322609	0	0	-3.30597	
50.17	0.337	0.103	-0.00162149	0	-2.242	0.000189528	0	0.0322609	0	0	-3.30597	
50.18	0.337	0.103	-0.00161912	0	-2.242	0.000189251	0	0.0322609	0	0	-3.30597	
50.19	0.337	0.103	-0.00161675	0	-2.242	0.000188974	0	0.0322609	0	0	-3.30597	
50.2	0.337	0.103	-0.00161439	0	-2.242	0.000188698	0	0.0322609	0	0	-3.30597	
50.21	0.337	0.103	-0.00161203	0	-2.242	0.000188422	0	0.0322609	0	0	-3.30597	
50.22	0.337	0.103	-0.00160967	0	-2.242	0.000188146	0	0.0322609	0	0	-3.30597	
50.23	0.337	0.103	-0.00160732	0	-2.242	0.000187871	0	0.0322609	0	0	-3.30597	
50.24	0.337	0.103	-0.00160497	0	-2.242	0.000187597	0	0.0322609	0	0	-3.30597	
50.25	0.337	0.103	-0.00160262	0	-2.242	0.000187322	0	0.0322609	0	0	-3.30597	
50.26	0.337	0.103	-0.00160028	0	-2.242	0.000187049	0	0.0322609	0	0	-3.30597	
50.27	0.337	0.103	-0.00159794	0	-2.242	0.000186775	0	0.0322609	0	0	-3.30597	
50.28	0.337	0.103	-0.0015956	0	-2.242	0.000186502	0	0.0322609	0	0	-3.30597	
50.29	0.337	0.103	-0.00159327	0	-2.242	0.000186229	0	0.0322609	0	0	-3.30597	
50.3	0.337	0.103	-0.00159094	0	-2.242	0.000185957	0	0.0322609	0	0	-3.30597	
50.31	0.337	0.103	-0.00158861	0	-2.242	0.000185685	0	0.0322609	0	0	-3.30597	
50.32	0.337	0.103	-0.00158629	0	-2.242	0.000185414	0	0.0322609	0	0	-3.30597	
50.33	0.337	0.103	-0.00158397	0	-2.242	0.000185143	0	0.0322609	0	0	-3.30597	
50.34	0.337	0.103	-0.00158165	0	-2.242	0.000184872	0	0.0322609	0	0	-3.30597	
50.35	0.337	0.103	-0.00157934	0	-2.242	0.000184602	0	0.0322609	0	0	-3.30597	
50.36	0.337	0.103	-0.00157703	0	-2.242	0.000184332	0	0.0322609	0	0	-3.30597	
50.37	0.337	0.103	-0.00157473	0	-2.242	0.000184062	0	0.0322609	0	0	-3.30597	
50.38	0.337	0.103	-0.00157243	0	-2.242	0.000183793	0	0.0322609	0	0	-3.30597	
50.39	0.337	0.103	-0.00157013	0	-2.242	0.000183524	0	0.0322609	0	0	-3.30597	
50.4	0.337	0.103	-0.00156783	0	-2.242	0.000183256	0	0.0322609	0	0	-3.30597	
50.41	0.337	0.103	-0.00156554	0	-2.242	0.000182988	0	0.0322609	0	0	-3.30597	
50.42	0.337	0.103	-0.00156325	0	-2.242	0.000182721	0	0.0322609	0	0	-3.30597	
50.43	0.337	0.103	-0.00156096	0	-2.242	0.000182453	0	0.0322609	0	0	-3.30597	
50.44	0.337	0.103	-0.00155868	0	-2.242	0.000182187	0	0.0322609	0	0	-3.30597	
50.45	0.337	0.103	-0.0015564	0	-2.242	0.00018192	0	0.0322609	0	0	-3.30597	
50.46	0.337	0.103	-0.00155413	0	-2.242	0.000181654	0	0.0322609	0	0	-3.30597	
50.47	0.337	0.103	-0.00155185	0	-2.242	0.000181389	0	0.0322609	0	0	-3.30597	
50.48	0.337	0.103	-0.00154959	0	-2.242	0.000181123	0	0.0322609	0	0	-3.30597	
50.49	0.337	0.103	-0.00154732	0	-2.242	0.000180859	0	0.0322609	0	0	-3.30597	
50.5	0.337	0.103	-0.00154506	0	-2.242	0.000180594	0	0.0322609	0	0	-3.30597	
50.51	0.337	0.103	-0.0015428	0	-2.242	0.00018033	0	0.0322609	0	0	-3.30597	
50.52	0.337	0.103	-0.00154054	0	-2.242	0.000180066	0	0.032261	0	0	-3.30597	
50.53	0.337	0.103	-0.00153829	0	-2.242	0.000179803	0	0.032261	0	0	-3.30597	
50.54	0.337	0.103	-0.00153604	0	-2.242	0.00017954	0	0.032261	0	0	-3.30597	
50.55	0.337	0.103	-0.0015338	0	-2.242	0.000179278	0	0.032261	0	0	-3.30597	
50.56	0.337	0.103	-0.00153155	0	-2.242	0.000179016	0	0.032261	0	0	-3.30597	
50.57	0.337	0.103	-0.00152931	0	-2.242	0.000178754	0	0.032261	0	0	-3.30597	
50.58	0.337	0.103	-0.00152708	0	-2.242	0.000178493	0	0.032261	0	0	-3.30597	
50.59	0.337	0.103	-0.00152485	0	-2.242	0.000178232	0	0.032261	0	0	-3.30597	
50.6	0.337	0.103	-0.00152262	0	-2.242	0.000177971	0	0.032261	0	0	-3.30597	
50.61	0.337	0.103	-0.00152039	0	-2.242	0.000177711	0	0.032261	0	0	-3.30597	
50.62	0.337	0.103	-0.00151817	0	-2.242	0.000177451	0	0.032261	0	0	-3.30597	
50.63	0.337	0.103	-0.00151595	0	-2.242	0.000177192	0	0.032261	0	0	-3.30597	
50.64	0.337	0.103	-0.00151373	0	-2.242	0.000176933	0	0.032261	0	0	-3.30597	
50.65	0.337	0.103	-0.00151152	0	-2.242	0.000176674	0	0.032261	0	0	-3.30597	
50.66	0.337	0.103	-0.00150931	0	-2.242	0.000176416	0	0.032261	0	0	-3.30597	
50.67	0.337	0.103	-0.0015071	0	-2.242	0.000176158	0	0.032261	0	0	-3.30597	
50.68	0.337	0.103	-0.0015049	0	-2.242	0.0001759	0	0.032261	0	0	-3.30597	
50.69	0.337	0.103	-0.0015027	0	-2.242	0.000175643	0	0.032261	0	0	-3.30597	
50.7	0.337	0.103	-0.0015005	0	-2.242	0.000175386	0	0.032261	0	0	-3.30597	
50.71	0.337	0.103	-0.00149831	0	-2.242	0.00017513	0	0.032261	0	0	-3.30597	
50.72	0.337	0.103	-0.00149612	0	-2.242	0.000174874	0	0.032261	0	0	-3.30597	
50.73	0.337	0.103	-0.00149393	0	-2.242	0.000174618	0	0.032261	0	0	-3.30597	
50.74	0.337	0.103	-0.00149174	0	-2.242	0.000174363	0	0.032261	0	0	-3.30597	
50.75	0.337	0.103	-0.00148956	0	-2.242	0.000174108	0	0.032261	0	0	-3.30597	
50.76	0.337	0.103	-0.00148738	0	-2.242	0.000173853	0	0.032261	0	0	-3.30597	
50.77	0.337	0.103	-0.00148521	0	-2.242	0.000173599	0	0.032261	0	0	-3.30597	
50.78	0.337	0.103	-0.00148304	0	-2.242	0.000173345	0	0.032261	0	0	-3.30597	
50.79	0.337	0.103	-0.00148087	0	-2.242	0.000173092	0	0.032261	0	0	-3.30597	
50.8	0.337	0.103	-0.00147871	0	-2.242	0.000172839	0	0.032261	0	0	-3.30597	
50.81	0.337	0.103	-0.00147654	0	-2.242	0.000172586	0	0.032261	0	0	-3.30597	
50.82	0.337	0.103	-0.00147438	0	-2.242	0.000172334	0	0.032261	0	0	-3.30597	
50.83	0.337	0.103	-0.00147223	0	-2.242	0.000172082	0	0.032261	0	0	-3.30597	
50.84	0.337	0.103	-0.00147008	0	-2.242	0.00017183	0	0.032261	0	0	-3.30597	
50.85	0.337	0.103	-0.00146793	0	-2.242	0.000171579	0	0.032261	0	0	-3.30597	
50.86	0.337	0.103	-0.00146578	0	-2.242	0.000171328	0	0.032261	0	0	-3.30597	
50.87	0.337	0.103	-0.00146364	0	-2.242	0.000171077	0	0.032261	0	0	-3.30597	
50.88	0.337	0.103	-0.0014615	0	-2.242	0.000170827	0	0.032261	0	0	-3.30597	
50.89	0.337	0.103	-0.00145936	0	-2.242	0.000170577	0	0.032261	0	0	-3.30597	
50.9	0.337	0.103	-0.00145723	0	-2.242	0.000170328	0	0.032261	0	0	-3.30597	
50.91	0.337	0.103	-0.0014551	0	-2.242	0.000170079	0	0.032261	0	0	-3.30597	
50.92	0.337	0.103	-0.00145297	0	-2.242	0.00016983	0	0.032261	0	0	-3.30597	
50.93	0.337	0.103	-0.00145084	0	-2.242	0.000169582	0	0.032261	0	0	-3.30597	
50.94	0.337	0.103	-0.00144872	0	-2.242	0.000169334	0	0.032261	0	0	-3.30597	
50.95	0.337	0.103	-0.00144661	0	-2.242	0.000169087	0	0.032261	0	0	-3.30597	
50.96	0.337	0.103	-0.00144449	0	-2.242	0.000168839	0	0.032261	0	0	-3.30597	
50.97	0.337	0.103	-0.00144238	0	-2.242	0.000168592	0	0.032261	0	0	-3.30597	
50.98	0.337	0.103	-0.00144027	0	-2.242	0.000168346	0	0.032261	0	0	-3.30597	
50.99	0.337	0.103	-0.00143816	0	-2.242	0.0001681	0	0.032261	0	0	-3.30597	
51	0.337	0.103	-0.00143606	0	-2.242	0.000167854	0	0.032261	0	0	-3.30597	
51.01	0.337	0.103	-0.00143396	0	-2.242	0.000167609	0	0.032261	0	0	-3.30597	
51.02	0.337	0.103	-0.00143186	0	-2.242	0.000167364	0	0.032261	0	0	-3.30597	
51.03	0.337	0.103	-0.00142977	0	-2.242	0.000167119	0	0.032261	0	0	-3.30597	
51.04	0.337	0.103	-0.00142768	0	-2.242	0.000166875	0	0.032261	0	0	-3.30597	
51.05	0.337	0.103	-0.00142559	0	-2.242	0.000166631	0	0.032261	0	0	-3.30597	
51.06	0.337	0.103	-0.00142351	0	-2.242	0.000166387	0	0.032261	0	0	-3.30597	
51.07	0.337	0.103	-0.00142143	0	-2.242	0.000166144	0	0.032261	0	0	-3.30597	
51.08	0.337	0.103	-0.00141935	0	-2.242	0.000165901	0	0.032261	0	0	-3.30597	
51.09	0.337	0.103	-0.00141727	0	-2.242	0.000165658	0	0.032261	0	0	-3.30597	
51.1	0.337	0.103	-0.0014152	0	-2.242	0.000165416	0	0.032261	0	0	-3.30597	
51.11	0.337	0.103	-0.00141313	0	-2.242	0.000165174	0	0.032261	0	0	-3.30597	
51.12	0.337	0.103	-0.00141107	0	-2.242	0.000164933	0	0.032261	0	0	-3.30597	
51.13	0.337	0.103	-0.001409	0	-2.242	0.000164691	0	0.032261	0	0	-3.30597	
51.14	0.337	0.103	-0.00140694	0	-2.242	0.000164451	0	0.032261	0	0	-3.30597	
51.15	0.337	0.103	-0.00140489	0	-2.242	0.00016421	0	0.032261	0	0	-3.30597	
51.16	0.337	0.103	-0.00140283	0	-2.242	0.00016397	0	0.032261	0	0	-3.30597	
51.17	0.337	0.103	-0.00140078	0	-2.242	0.00016373	0	0.032261	0	0	-3.30597	
51.18	0.337	0.103	-0.00139873	0	-2.242	0.000163491	0	0.032261	0	0	-3.30597	
51.19	0.337	0.103	-0.00139669	0	-2.242	0.000163252	0	0.032261	0	0	-3.30597	
51.2	0.337	0.103	-0.00139465	0	-2.242	0.000163013	0	0.032261	0	0	-3.30597	
51.21	0.337	0.103	-0.00139261	0	-2.242	0.000162775	0	0.032261	0	0	-3.30597	
51.22	0.337	0.103	-0.00139057	0	-2.242	0.000162537	0	0.032261	0	0	-3.30597	
51.23	0.337	0.103	-0.00138854	0	-2.242	0.000162299	0	0.032261	0	0	-3.30597	
51.24	0.337	0.103	-0.00138651	0	-2.242	0.000162062	0	0.032261	0	0	-3.30597	
51.25	0.337	0.103	-0.00138448	0	-2.242	0.000161825	0	0.032261	0	0	-3.30597	
51.26	0.337	0.103	-0.00138246	0	-2.242	0.000161588	0	0.032261	0	0	-3.30597	
51.27	0.337	0.103	-0.00138043	0	-2.242	0.000161352	0	0.032261	0	0	-3.30597	
51.28	0.337	0.103	-0.00137842	0	-2.242	0.000161116	0	0.032261	0	0	-3.30597	
51.29	0.337	0.103	-0.0013764	0	-2.242	0.000160881	0	0.032261	0	0	-3.30597	
51.3	0.337	0.103	-0.00137439	0	-2.242	0.000160646	0	0.032261	0	0	-3.30597	
51.31	0.337	0.103	-0.00137238	0	-2.242	0.000160411	0	0.032261	0	0	-3.30597	
51.32	0.337	0.103	-0.00137037	0	-2.242	0.000160176	0	0.032261	0	0	-3.30597	
51.33	0.337	0.103	-0.00136837	0	-2.242	0.000159942	0	0.032261	0	0	-3.30597	
51.34	0.337	0.103	-0.00136637	0	-2.242	0.000159708	0	0.032261	0	0	-3.30597	
51.35	0.337	0.103	-0.00136437	0	-2.242	0.000159475	0	0.032261	0	0	-3.30597	
51.36	0.337	0.103	-0.00136238	0	-2.242	0.000159241	0	0.032261	0	0	-3.30597	
51.37	0.337	0.103	-0.00136038	0	-2.242	0.000159009	0	0.032261	0	0	-3.30597	
51.38	0.337	0.103	-0.0013584	0	-2.242	0.000158776	0	0.032261	0	0	-3.30597	
51.39	0.337	0.103	-0.00135641	0	-2.242	0.000158544	0	0.032261	0	0	-3.30597	
51.4	0.337	0.103	-0.00135443	0	-2.242	0.000158312	0	0.032261	0	0	-3.30597	
51.41	0.337	0.103	-0.00135245	0	-2.242	0.000158081	0	0.032261	0	0	-3.30597	
51.42	0.337	0.103	-0.00135047	0	-2.242	0.00015785	0	0.032261	0	0	-3.30597	
51.43	0.337	0.103	-0.00134849	0	-2.242	0.000157619	0	0.032261	0	0	-3.30597	
51.44	0.337	0.103	-0.00134652	0	-2.242	0.000157388	0	0.032261	0	0	-3.30597	
51.45	0.337	0.103	-0.00134455	0	-2.242	0.000157158	0	0.032261	0	0	-3.30597	
51.46	0.337	0.103	-0.00134259	0	-2.242	0.000156928	0	0.032261	0	0	-3.30597	
51.47	0.337	0.103	-0.00134062	0	-2.242	0.000156699	0	0.032261	0	0	-3.30597	
51.48	0.337	0.103	-0.00133866	0	-2.242	0.00015647	0	0.032261	0	0	-3.30597	
51.49	0.337	0.103	-0.00133671	0	-2.242	0.000156241	0	0.032261	0	0	-3.30597	
51.5	0.337	0.103	-0.00133475	0	-2.242	0.000156013	0	0.032261	0	0	-3.30597	
51.51	0.337	0.103	-0.0013328	0	-2.242	0.000155785	0	0.032261	0	0	-3.30597	
51.52	0.337	0.103	-0.00133085	0	-2.242	0.000155557	0	0.032261	0	0	-3.30597	
51.53	0.337	0.103	-0.00132891	0	-2.242	0.000155329	0	0.032261	0	0	-3.30597	
51.54	0.337	0.103	-0.00132696	0	-2.242	0.000155102	0	0.032261	0	0	-3.30597	
51.55	0.337	0.103	-0.00132502	0	-2.242	0.000154875	0	0.032261	0	0	-3.30597	
51.56	0.337	0.103	-0.00132309	0	-2.242	0.000154649	0	0.032261	0	0	-3.30597	
51.57	0.337	0.103	-0.00132115	0	-2.242	0.000154423	0	0.032261	0	0	-3.30597	
51.58	0.337	0.103	-0.00131922	0	-2.242	0.000154197	0	0.032261	0	0	-3.30597	
51.59	0.337	0.103	-0.00131729	0	-2.242	0.000153972	0	0.032261	0	0	-3.30597	
51.6	0.337	0.103	-0.00131537	0	-2.242	0.000153747	0	0.032261	0	0	-3.30597	
51.61	0.337	0.103	-0.00131344	0	-2.242	0.000153522	0	0.032261	0	0	-3.30597	
51.62	0.337	0.103	-0.00131152	0	-2.242	0.000153297	0	0.032261	0	0	-3.30597	
51.63	0.337	0.103	-0.0013096	0	-2.242	0.000153073	0	0.032261	0	0	-3.30597	
51.64	0.337	0.103	-0.00130769	0	-2.242	0.000152849	0	0.032261	0	0	-3.30597	
51.65	0.337	0.103	-0.00130578	0	-2.242	0.000152626	0	0.032261	0	0	-3.30597	
51.66	0.337	0.103	-0.00130387	0	-2.242	0.000152403	0	0.032261	0	0	-3.30597	
51.67	0.337	0.103	-0.00130196	0	-2.242	0.00015218	0	0.032261	0	0	-3.30597	
51.68	0.337	0.103	-0.00130006	0	-2.242	0.000151957	0	0.032261	0	0	-3.30597	
51.69	0.337	0.103	-0.00129816	0	-2.242	0.000151735	0	0.032261	0	0	-3.30597	
51.7	0.337	0.103	-0.00129626	0	-2.242	0.000151513	0	0.032261	0	0	-3.30597	
51.71	0.337	0.103	-0.00129436	0	-2.242	0.000151292	0	0.032261	0	0	-3.30597	
51.72	0.337	0.103	-0.00129247	0	-2.242	0.000151071	0	0.032261	0	0	-3.30597	
51.73	0.337	0.103	-0.00129058	0	-2.242	0.00015085	0	0.032261	0	0	-3.30597	
51.74	0.337	0.103	-0.0012887	0	-2.242	0.000150629	0	0.032261	0	0	-3.30597	
51.75	0.337	0.103	-0.00128681	0	-2.242	0.000150409	0	0.032261	0	0	-3.30597	
51.76	0.337	0.103	-0.00128493	0	-2.242	0.000150189	0	0.032261	0	0	-3.30597	
51.77	0.337	0.103	-0.00128305	0	-2.242	0.00014997	0	0.032261	0	0	-3.30597	
51.78	0.337	0.103	-0.00128118	0	-2.242	0.00014975	0	0.032261	0	0	-3.30597	
51.79	0.337	0.103	-0.0012793	0	-2.242	0.000149531	0	0.032261	0	0	-3.30597	
51.8	0.337	0.103	-0.00127743	0	-2.242	0.000149313	0	0.032261	0	0	-3.30597	
51.81	0.337	0.103	-0.00127556	0	-2.242	0.000149094	0	0.032261	0	0	-3.30597	
51.82	0.337	0.103	-0.0012737	0	-2.242	0.000148876	0	0.032261	0	0	-3.30597	
51.83	0.337	0.103	-0.00127184	0	-2.242	0.000148659	0	0.032261	0	0	-3.30597	
51.84	0.337	0.103	-0.00126998	0	-2.242	0.000148441	0	0.032261	0	0	-3.30597	
51.85	0.337	0.103	-0.00126812	0	-2.242	0.000148224	0	0.032261	0	0	-3.30597	
51.86	0.337	0.103	-0.00126627	0	-2.242	0.000148008	0	0.032261	0	0	-3.30597	
51.87	0.337	0.103	-0.00126441	0	-2.242	0.000147791	0	0.032261	0	0	-3.30597	
51.88	0.337	0.103	-0.00126257	0	-2.242	0.000147575	0	0.032261	0	0	-3.30597	
51.89	0.337	0.103	-0.00126072	0	-2.242	0.000147359	0	0.032261	0	0	-3.30597	
51.9	0.337	0.103	-0.00125888	0	-2.242	0.000147144	0	0.032261	0	0	-3.30597	
51.91	0.337	0.103	-0.00125704	0	-2.242	0.000146929	0	0.032261	0	0	-3.30597	
51.92	0.337	0.103	-0.0012552	0	-2.242	0.000146714	0	0.032261	0	0	-3.30597	
51.93	0.337	0.103	-0.00125336	0	-2.242	0.000146499	0	0.032261	0	0	-3.30597	
51.94	0.337	0.103	-0.00125153	0	-2.242	0.000146285	0	0.032261	0	0	-3.30597	
51.95	0.337	0.103	-0.0012497	0	-2.242	0.000146071	0	0.032261	0	0	-3.30597	
51.96	0.337	0.103	-0.00124787	0	-2.242	0.000145858	0	0.032261	0	0	-3.30597	
51.97	0.337	0.103	-0.00124605	0	-2.242	0.000145645	0	0.032261	0	0	-3.30597	
51.98	0.337	0.103	-0.00124423	0	-2.242	0.000145432	0	0.032261	0	0	-3.30597	
51.99	0.337	0.103	-0.00124241	0	-2.242	0.000145219	0	0.032261	0	0	-3.30597	
52	0.337	0.103	-0.00124059	0	-2.242	0.000145007	0	0.032261	0	0	-3.30597	
52.01	0.337	0.103	-0.00123878	0	-2.242	0.000144795	0	0.032261	0	0	-3.30597	
52.02	0.337	0.103	-0.00123697	0	-2.242	0.000144583	0	0.032261	0	0	-3.30597	
52.03	0.337	0.103	-0.00123516	0	-2.242	0.000144372	0	0.032261	0	0	-3.30597	
52.04	0.337	0.103	-0.00123335	0	-2.242	0.00014416	0	0.032261	0	0	-3.30597	
52.05	0.337	0.103	-0.00123155	0	-2.242	0.00014395	0	0.032261	0	0	-3.30597	
52.06	0.337	0.103	-0.00122975	0	-2.242	0.000143739	0	0.032261	0	0	-3.30597	
52.07	0.337	0.103	-0.00122795	0	-2.242	0.000143529	0	0.032261	0	0	-3.30597	
52.08	0.337	0.103	-0.00122615	0	-2.242	0.000143319	0	0.032261	0	0	-3.30597	
52.09	0.337	0.103	-0.00122436	0	-2.242	0.00014311	0	0.032261	0	0	-3.30597	
52.1	0.337	0.103	-0.00122257	0	-2.242	0.0001429	0	0.032261	0	0	-3.30597	
52.11	0.337	0.103	-0.00122078	0	-2.242	0.000142692	0	0.032261	0	0	-3.30597	
52.12	0.337	0.103	-0.001219	0	-2.242	0.000142483	0	0.032261	0	0	-3.30597	
52.13	0.337	0.103	-0.00121722	0	-2.242	0.000142275	0	0.032261	0	0	-3.30597	
52.14	0.337	0.103	-0.00121544	0	-2.242	0.000142067	0	0.032261	0	0	-3.30597	
52.15	0.337	0.103	-0.00121366	0	-2.242	0.000141859	0	0.032261	0	0	-3.30597	
52.16	0.337	0.103	-0.00121189	0	-2.242	0.000141651	0	0.032261	0	0	-3.30597	
52.17	0.337	0.103	-0.00121011	0	-2.242	0.000141444	0	0.032261	0	0	-3.30597	
52.18	0.337	0.103	-0.00120834	0	-2.242	0.000141238	0	0.032261	0	0	-3.30597	
52.19	0.337	0.103	-0.00120658	0	-2.242	0.000141031	0	0.032261	0	0	-3.30597	
52.2	0.337	0.103	-0.00120481	0	-2.242	0.000140825	0	0.032261	0	0	-3.30597	
52.21	0.337	0.103	-0.00120305	0	-2.242	0.000140619	0	0.032261	0	0	-3.30597	
52.22	0.337	0.103	-0.00120129	0	-2.242	0.000140413	0	0.032261	0	0	-3.30597	
52.23	0.337	0.103	-0.00119954	0	-2.242	0.000140208	0	0.032261	0	0	-3.30597	
52.24	0.337	0.103	-0.00119778	0	-2.242	0.000140003	0	0.032261	0	0	-3.30597	
52.25	0.337	0.103	-0.00119603	0	-2.242	0.000139798	0	0.032261	0	0	-3.30597	
52.26	0.337	0.103	-0.00119428	0	-2.242	0.000139594	0	0.032261	0	0	-3.30597	
52.27	0.337	0.103	-0.00119254	0	-2.242	0.00013939	0	0.032261	0	0	-3.30597	
52.28	0.337	0.103	-0.00119079	0	-2.242	0.000139186	0	0.032261	0	0	-3.30597	
52.29	0.337	0.103	-0.00118905	0	-2.242	0.000138983	0	0.032261	0	0	-3.30597	
52.3	0.337	0.103	-0.00118731	0	-2.242	0.000138779	0	0.032261	0	0	-3.30597	
52.31	0.337	0.103	-0.00118558	0	-2.242	0.000138576	0	0.032261	0	0	-3.30597	
52.32	0.337	0.103	-0.00118384	0	-2.242	0.000138374	0	0.032261	0	0	-3.30597	
52.33	0.337	0.103	-0.00118211	0	-2.242	0.000138171	0	0.032261	0	0	-3.30597	
52.34	0.337	0.103	-0.00118039	0	-2.242	0.000137969	0	0.032261	0	0	-3.30597	
52.35	0.337	0.103	-0.00117866	0	-2.242	0.000137768	0	0.032261	0	0	-3.30597	
52.36	0.337	0.103	-0.00117694	0	-2.242	0.000137566	0	0.032261	0	0	-3.30597	
52.37	0.337	0.103	-0.00117522	0	-2.242	0.000137365	0	0.032261	0	0	-3.30597	
52.38	0.337	0.103	-0.0011735	0	-2.242	0.000137164	0	0.032261	0	0	-3.30597	
52.39	0.337	0.103	-0.00117178	0	-2.242	0.000136964	0	0.032261	0	0	-3.30597	
52.4	0.337	0.103	-0.00117007	0	-2.242	0.000136764	0	0.032261	0	0	-3.30597	
52.41	0.337	0.103	-0.00116836	0	-2.242	0.000136564	0	0.032261	0	0	-3.30597	
52.42	0.337	0.103	-0.00116665	0	-2.242	0.000136364	0	0.032261	0	0	-3.30597	
52.43	0.337	0.103	-0.00116494	0	-2.242	0.000136165	0	0.032261	0	0	-3.30597	
52.44	0.337	0.103	-0.00116324	0	-2.242	0.000135965	0	0.032261	0	0	-3.30597	
52.45	0.337	0.103	-0.00116154	0	-2.242	0.000135767	0	0.032261	0	0	-3.30597	
52.46	0.337	0.103	-0.00115984	0	-2.242	0.000135568	0	0.032261	0	0	-3.30597	
52.47	0.337	0.103	-0.00115815	0	-2.242	0.00013537	0	0.032261	0	0	-3.30597	
52.48	0.337	0.103	-0.00115645	0	-2.242	0.000135172	0	0.032261	0	0	-3.30597	
52.49	0.337	0.103	-0.00115476	0	-2.242	0.000134974	0	0.032261	0	0	-3.30597	
52.5	0.337	0.103	-0.00115307	0	-2.242	0.000134777	0	0.032261	0	0	-3.30597	
52.51	0.337	0.103	-0.00115139	0	-2.242	0.00013458	0	0.032261	0	0	-3.30597	
52.52	0.337	0.103	-0.0011497	0	-2.242	0.000134383	0	0.032261	0	0	-3.30597	
52.53	0.337	0.103	-0.00114802	0	-2.242	0.000134187	0	0.032261	0	0	-3.30597	
52.54	0.337	0.103	-0.00114634	0	-2.242	0.000133991	0	0.032261	0	0	-3.30597	
52.55	0.337	0.103	-0.00114467	0	-2.242	0.000133795	0	0.032261	0	0	-3.30597	
52.56	0.337	0.103	-0.00114299	0	-2.242	0.000133599	0	0.032261	0	0	-3.30597	
52.57	0.337	0.103	-0.00114132	0	-2.242	0.000133404	0	0.032261	0	0	-3.30597	
52.58	0.337	0.103	-0.00113965	0	-2.242	0.000133209	0	0.032261	0	0	-3.30597	
52.59	0.337	0.103	-0.00113799	0	-2.242	0.000133014	0	0.032261	0	0	-3.30597	
52.6	0.337	0.103	-0.00113632	0	-2.242	0.000132819	0	0.032261	0	0	-3.30597	
52.61	0.337	0.103	-0.00113466	0	-2.242	0.000132625	0	0.032261	0	0	-3.30597	
52.62	0.337	0.103	-0.001133	0	-2.242	0.000132431	0	0.032261	0	0	-3.30597	
52.63	0.337	0.103	-0.00113135	0	-2.242	0.000132238	0	0.032261	0	0	-3.30597	
52.64	0.337	0.103	-0.00112969	0	-2.242	0.000132044	0	0.032261	0	0	-3.30597	
52.65	0.337	0.103	-0.00112804	0	-2.242	0.000131851	0	0.032261	0	0	-3.30597	
52.66	0.337	0.103	-0.00112639	0	-2.242	0.000131659	0	0.032261	0	0	-3.30597	
52.67	0.337	0.103	-0.00112475	0	-2.242	0.000131466	0	0.032261	0	0	-3.30597	
52.68	0.337	0.103	-0.0011231	0	-2.242	0.000131274	0	0.032261	0	0	-3.30597	
52.69	0.337	0.103	-0.00112146	0	-2.242	0.000131082	0	0.032261	0	0	-3.30597	
52.7	0.337	0.103	-0.00111982	0	-2.242	0.00013089	0	0.032261	0	0	-3.30597	
52.71	0.337	0.103	-0.00111818	0	-2.242	0.000130699	0	0.032261	0	0	-3.30597	
52.72	0.337	0.103	-0.00111655	0	-2.242	0.000130508	0	0.032261	0	0	-3.30597	
52.73	0.337	0.103	-0.00111492	0	-2.242	0.000130317	0	0.032261	0	0	-3.30597	
52.74	0.337	0.103	-0.00111328	0	-2.242	0.000130126	0	0.032261	0	0	-3.30597	
52.75	0.337	0.103	-0.00111166	0	-2.242	0.000129936	0	0.032261	0	0	-3.30597	
52.76	0.337	0.103	-0.00111003	0	-2.242	0.000129746	0	0.032261	0	0	-3.30597	
52.77	0.337	0.103	-0.00110841	0	-2.242	0.000129556	0	0.032261	0	0	-3.30597	
52.78	0.337	0.103	-0.00110679	0	-2.242	0.000129367	0	0.032261	0	0	-3.30597	
52.79	0.337	0.103	-0.00110517	0	-2.242	0.000129178	0	0.032261	0	0	-3.30597	
52.8	0.337	0.103	-0.00110355	0	-2.242	0.000128989	0	0.032261	0	0	-3.30597	
52.81	0.337	0.103	-0.00110194	0	-2.242	0.0001288	0	0.032261	0	0	-3.30597	
52.82	0.337	0.103	-0.00110033	0	-2.242	0.000128612	0	0.032261	0	0	-3.30597	
52.83	0.337	0.103	-0.00109872	0	-2.242	0.000128424	0	0.032261	0	0	-3.30597	
52.84	0.337	0.103	-0.00109711	0	-2.242	0.000128236	0	0.032261	0	0	-3.30597	
52.85	0.337	0.103	-0.00109551	0	-2.242	0.000128049	0	0.032261	0	0	-3.30597	
52.86	0.337	0.103	-0.00109391	0	-2.242	0.000127862	0	0.032261	0	0	-3.30597	
52.87	0.337	0.103	-0.00109231	0	-2.242	0.000127675	0	0.032261	0	0	-3.30597	
52.88	0.337	0.103	-0.00109071	0	-2.242	0.000127488	0	0.032261	0	0	-3.30597	
52.89	0.337	0.103	-0.00108912	0	-2.242	0.000127302	0	0.032261	0	0	-3.30597	
52.9	0.337	0.103	-0.00108753	0	-2.242	0.000127115	0	0.032261	0	0	-3.30597	
52.91	0.337	0.103	-0.00108594	0	-2.242	0.00012693	0	0.032261	0	0	-3.30597	
52.92	0.337	0.103	-0.00108435	0	-2.242	0.000126744	0	0.032261	0	0	-3.30597	
52.93	0.337	0.103	-0.00108276	0	-2.242	0.000126559	0	0.032261	0	0	-3.30597	
52.94	0.337	0.103	-0.00108118	0	-2.242	0.000126374	0	0.032261	0	0	-3.30597	
52.95	0.337	0.103	-0.0010796	0	-2.242	0.000126189	0	0.032261	0	0	-3.30597	
52.96	0.337	0.103	-0.00107802	0	-2.242	0.000126004	0	0.032261	0	0	-3.30597	
52.97	0.337	0.103	-0.00107644	0	-2.242	0.00012582	0	0.032261	0	0	-3.30597	
52.98	0.337	0.103	-0.00107487	0	-2.242	0.000125636	0	0.032261	0	0	-3.30597	
52.99	0.337	0.103	-0.0010733	0	-2.242	0.000125453	0	0.032261	0	0	-3.30597	
53	0.337	0.103	-0.00107173	0	-2.242	0.000125269	0	0.032261	0	0	-3.30597	
53.01	0.337	0.103	-0.00107016	0	-2.242	0.000125086	0	0.032261	0	0	-3.30597	
53.02	0.337	0.103	-0.0010686	0	-2.242	0.000124903	0	0.032261	0	0	-3.30597	
53.03	0.337	0.103	-0.00106703	0	-2.242	0.00012472	0	0.032261	0	0	-3.30597	
53.04	0.337	0.103	-0.00106547	0	-2.242	0.000124538	0	0.032261	0	0	-3.30597	
53.05	0.337	0.103	-0.00106392	0	-2.242	0.000124356	0	0.032261	0	0	-3.30597	
53.06	0.337	0.103	-0.00106236	0	-2.242	0.000124174	0	0.032261	0	0	-3.30597	
53.07	0.337	0.103	-0.00106081	0	-2.242	0.000123993	0	0.032261	0	0	-3.30597	
53.08	0.337	0.103	-0.00105926	0	-2.242	0.000123811	0	0.032261	0	0	-3.30597	
53.09	0.337	0.103	-0.00105771	0	-2.242	0.00012363	0	0.032261	0	0	-3.30597	
53.1	0.337	0.103	-0.00105616	0	-2.242	0.00012345	0	0.032261	0	0	-3.30597	
53.11	0.337	0.103	-0.00105462	0	-2.242	0.000123269	0	0.032261	0	0	-3.30597	
53.12	0.337	0.103	-0.00105308	0	-2.242	0.000123089	0	0.032261	0	0	-3.30597	
53.13	0.337	0.103	-0.00105154	0	-2.242	0.000122909	0	0.032261	0	0	-3.30597	
53.14	0.337	0.103	-0.00105	0	-2.242	0.000122729	0	0.032261	0	0	-3.30597	
53.15	0.337	0.103	-0.00104846	0	-2.242	0.00012255	0	0.032261	0	0	-3.30597	
53.16	0.337	0.103	-0.00104693	0	-2.242	0.000122371	0	0.032261	0	0	-3.30597	
53.17	0.337	0.103	-0.0010454	0	-2.242	0.000122192	0	0.032261	0	0	-3.30597	
53.18	0.337	0.103	-0.00104387	0	-2.242	0.000122013	0	0.032261	0	0	-3.30597	
53.19	0.337	0.103	-0.00104235	0	-2.242	0.000121835	0	0.032261	0	0	-3.30597	
53.2	0.337	0.103	-0.00104082	0	-2.242	0.000121656	0	0.032261	0	0	-3.30597	
53.21	0.337	0.103	-0.0010393	0	-2.242	0.000121479	0	0.032261	0	0	-3.30597	
53.22	0.337	0.103	-0.00103778	0	-2.242	0.000121301	0	0.032261	0	0	-3.30597	
53.23	0.337	0.103	-0.00103626	0	-2.242	0.000121124	0	0.032261	0	0	-3.30597	
53.24	0.337	0.103	-0.00103475	0	-2.242	0.000120947	0	0.032261	0	0	-3.30597	
53.25	0.337	0.103	-0.00103323	0	-2.242	0.00012077	0	0.032261	0	0	-3.30597	
53.26	0.337	0.103	-0.00103172	0	-2.242	0.000120593	0	0.032261	0	0	-3.30597	
53.27	0.337	0.103	-0.00103022	0	-2.242	0.000120417	0	0.032261	0	0	-3.30597	
53.28	0.337	0.103	-0.00102871	0	-2.242	0.000120241	0	0.032261	0	0	-3.30597	
53.29	0.337	0.103	-0.00102721	0	-2.242	0.000120065	0	0.032261	0	0	-3.30597	
53.3	0.337	0.103	-0.0010257	0	-2.242	0.000119889	0	0.032261	0	0	-3.30597	
53.31	0.337	0.103	-0.0010242	0	-2.242	0.000119714	0	0.032261	0	0	-3.30597	
53.32	0.337	0.103	-0.00102271	0	-2.242	0.000119539	0	0.032261	0	0	-3.30597	
53.33	0.337	0.103	-0.00102121	0	-2.242	0.000119364	0	0.032261	0	0	-3.30597	
53.34	0.337	0.103	-0.00101972	0	-2.242	0.00011919	0	0.032261	0	0	-3.30597	
53.35	0.337	0.103	-0.00101823	0	-2.242	0.000119016	0	0.032261	0	0	-3.30597	
53.36	0.337	0.103	-0.00101674	0	-2.242	0.000118842	0	0.032261	0	0	-3.30597	
53.37	0.337	0.103	-0.00101525	0	-2.242	0.000118668	0	0.032261	0	0	-3.30597	
53.38	0.337	0.103	-0.00101377	0	-2.242	0.000118494	0	0.032261	0	0	-3.30597	
53.39	0.337	0.103	-0.00101228	0	-2.242	0.000118321	0	0.032261	0	0	-3.30597	
53.4	0.337	0.103	-0.0010108	0	-2.242	0.000118148	0	0.032261	0	0	-3.30597	
53.41	0.337	0.103	-0.00100933	0	-2.242	0.000117975	0	0.032261	0	0	-3.30597	
53.42	0.337	0.103	-0.00100785	0	-2.242	0.000117803	0	0.032261	0	0	-3.30597	
53.43	0.337	0.103	-0.00100638	0	-2.242	0.000117631	0	0.032261	0	0	-3.30597	
53.44	0.337	0.103	-0.00100491	0	-2.242	0.000117459	0	0.032261	0	0	-3.30597	
53.45	0.337	0.103	-0.00100344	0	-2.242	0.000117287	0	0.032261	0	0	-3.30597	
53.46	0.337	0.103	-0.00100197	0	-2.242	0.000117115	0	0.032261	0	0	-3.30597	
53.47	0.337	0.103	-0.00100051	0	-2.242	0.000116944	0	0.032261	0	0	-3.30597	
53.48	0.337	0.103	-0.000999042	0	-2.242	0.000116773	0	0.032261	0	0	-3.30597	
53.49	0.337	0.103	-0.000997582	0	-2.242	0.000116602	0	0.032261	0	0	-3.30597	
53.5	0.337	0.103	-0.000996123	0	-2.242	0.000116432	0	0.032261	0	0	-3.30597	
53.51	0.337	0.103	-0.000994667	0	-2.242	0.000116262	0	0.032261	0	0	-3.30597	
53.52	0.337	0.103	-0.000993212	0	-2.242	0.000116092	0	0.032261	0	0	-3.30597	
53.53	0.337	0.103	-0.00099176	0	-2.242	0.000115922	0	0.032261	0	0	-3.30597	
53.54	0.337	0.103	-0.00099031	0	-2.242	0.000115752	0	0.032261	0	0	-3.30597	
53.55	0.337	0.103	-0.000988862	0	-2.242	0.000115583	0	0.032261	0	0	-3.30597	
53.56	0.337	0.103	-0.000987416	0	-2.242	0.000115414	0	0.032261	0	0	-3.30597	
53.57	0.337	0.103	-0.000985973	0	-2.242	0.000115246	0	0.032261	0	0	-3.30597	
53.58	0.337	0.103	-0.000984531	0	-2.242	0.000115077	0	0.032261	0	0	-3.30597	
53.59	0.337	0.103	-0.000983092	0	-2.242	0.000114909	0	0.032261	0	0	-3.30597	
53.6	0.337	0.103	-0.000981654	0	-2.242	0.000114741	0	0.032261	0	0	-3.30597	
53.61	0.337	0.103	-0.000980219	0	-2.242	0.000114573	0	0.032261	0	0	-3.30597	
53.62	0.337	0.103	-0.000978786	0	-2.242	0.000114405	0	0.032261	0	0	-3.30597	
53.63	0.337	0.103	-0.000977355	0	-2.242	0.000114238	0	0.032261	0	0	-3.30597	
53.64	0.337	0.103	-0.000975926	0	-2.242	0.000114071	0	0.032261	0	0	-3.30597	
53.65	0.337	0.103	-0.000974499	0	-2.242	0.000113904	0	0.032261	0	0	-3.30597	
53.66	0.337	0.103	-0.000973074	0	-2.242	0.000113738	0	0.032261	0	0	-3.30597	
53.67	0.337	0.103	-0.000971651	0	-2.242	0.000113572	0	0.032261	0	0	-3.30597	
53.68	0.337	0.103	-0.000970231	0	-2.242	0.000113406	0	0.032261	0	0	-3.30597	
53.69	0.337	0.103	-0.000968812	0	-2.242	0.00011324	0	0.032261	0	0	-3.30597	
53.7	0.337	0.103	-0.000967396	0	-2.242	0.000113074	0	0.032261	0	0	-3.30597	
53.71	0.337	0.103	-0.000965981	0	-2.242	0.000112909	0	0.032261	0	0	-3.30597	
53.72	0.337	0.103	-0.000964569	0	-2.242	0.000112744	0	0.032261	0	0	-3.30597	
53.73	0.337	0.103	-0.000963159	0	-2.242	0.000112579	0	0.032261	0	0	-3.30597	
53.74	0.337	0.103	-0.00096175	0	-2.242	0.000112414	0	0.032261	0	0	-3.30597	
53.75	0.337	0.103	-0.000960344	0	-2.242	0.00011225	0	0.032261	0	0	-3.30597	
53.76	0.337	0.103	-0.00095894	0	-2.242	0.000112086	0	0.032261	0	0	-3.30597	
53.77	0.337	0.103	-0.000957538	0	-2.242	0.000111922	0	0.032261	0	0	-3.30597	
53.78	0.337	0.103	-0.000956138	0	-2.242	0.000111758	0	0.032261	0	0	-3.30597	
53.79	0.337	0.103	-0.00095474	0	-2.242	0.000111595	0	0.032261	0	0	-3.30597	
53.8	0.337	0.103	-0.000953344	0	-2.242	0.000111432	0	0.032261	0	0	-3.30597	
53.81	0.337	0.103	-0.00095195	0	-2.242	0.000111269	0	0.032261	0	0	-3.30597	
53.82	0.337	0.103	-0.000950559	0	-2.242	0.000111106	0	0.032261	0	0	-3.30597	
53.83	0.337	0.103	-0.000949169	0	-2.242	0.000110944	0	0.032261	0	0	-3.30597	
53.84	0.337	0.103	-0.000947781	0	-2.242	0.000110781	0	0.032261	0	0	-3.30597	
53.85	0.337	0.103	-0.000946395	0	-2.242	0.00011062	0	0.032261	0	0	-3.30597	
53.86	0.337	0.103	-0.000945012	0	-2.242	0.000110458	0	0.032261	0	0	-3.30597	
53.87	0.337	0.103	-0.00094363	0	-2.242	0.000110296	0	0.032261	0	0	-3.30597	
53.88	0.337	0.103	-0.00094225	0	-2.242	0.000110135	0	0.032261	0	0	-3.30597	
53.89	0.337	0.103	-0.000940873	0	-2.242	0.000109974	0	0.032261	0	0	-3.30597	
53.9	0.337	0.103	-0.000939497	0	-2.242	0.000109813	0	0.032261	0	0	-3.30597	
53.91	0.337	0.103	-0.000938123	0	-2.242	0.000109653	0	0.032261	0	0	-3.30597	
53.92	0.337	0.103	-0.000936752	0	-2.242	0.000109492	0	0.032261	0	0	-3.30597	
53.93	0.337	0.103	-0.000935382	0	-2.242	0.000109332	0	0.032261	0	0	-3.30597	
53.94	0.337	0.103	-0.000934015	0	-2.242	0.000109172	0	0.032261	0	0	-3.30597	
53.95	0.337	0.103	-0.000932649	0	-2.242	0.000109013	0	0.032261	0	0	-3.30597	
53.96	0.337	0.103	-0.000931285	0	-2.242	0.000108853	0	0.032261	0	0	-3.30597	
53.97	0.337	0.103	-0.000929924	0	-2.242	0.000108694	0	0.032261	0	0	-3.30597	
53.98	0.337	0.103	-0.000928564	0	-2.242	0.000108535	0	0.032261	0	0	-3.30597	
53.99	0.337	0.103	-0.000927206	0	-2.242	0.000108377	0	0.032261	0	0	-3.30597	
54	0.337	0.103	-0.000925851	0	-2.242	0.000108218	0	0.032261	0	0	-3.30597	
54.01	0.337	0.103	-0.000924497	0	-2.242	0.00010806	0	0.032261	0	0	-3.30597	
54.02	0.337	0.103	-0.000923145	0	-2.242	0.000107902	0	0.032261	0	0	-3.30597	
54.03	0.337	0.103	-0.000921796	0	-2.242	0.000107744	0	0.032261	0	0	-3.30597	
54.04	0.337	0.103	-0.000920448	0	-2.242	0.000107587	0	0.032261	0	0	-3.30597	
54.05	0.337	0.103	-0.000919102	0	-2.242	0.000107429	0	0.032261	0	0	-3.30597	
54.06	0.337	0.103	-0.000917758	0	-2.242	0.000107272	0	0.032261	0	0	-3.30597	
54.07	0.337	0.103	-0.000916417	0	-2.242	0.000107115	0	0.032261	0	0	-3.30597	
54.08	0.337	0.103	-0.000915077	0	-2.242	0.000106959	0	0.032261	0	0	-3.30597	
54.09	0.337	0.103	-0.000913739	0	-2.242	0.000106802	0	0.032261	0	0	-3.30597	
54.1	0.337	0.103	-0.000912403	0	-2.242	0.000106646	0	0.032261	0	0	-3.30597	
54.11	0.337	0.103	-0.000911069	0	-2.242	0.00010649	0	0.032261	0	0	-3.30597	
54.12	0.337	0.103	-0.000909737	0	-2.242	0.000106335	0	0.032261	0	0	-3.30597	
54.13	0.337	0.103	-0.000908407	0	-2.242	0.000106179	0	0.032261	0	0	-3.30597	
54.14	0.337	0.103	-0.000907078	0	-2.242	0.000106024	0	0.032261	0	0	-3.30597	
54.15	0.337	0.103	-0.000905752	0	-2.242	0.000105869	0	0.032261	0	0	-3.30597	
54.16	0.337	0.103	-0.000904428	0	-2.242	0.000105714	0	0.032261	0	0	-3.30597	
54.17	0.337	0.103	-0.000903106	0	-2.242	0.00010556	0	0.032261	0	0	-3.30597	
54.18	0.337	0.103	-0.000901785	0	-2.242	0.000105405	0	0.032261	0	0	-3.30597	
54.19	0.337	0.103	-0.000900467	0	-2.242	0.000105251	0	0.032261	0	0	-3.30597	
54.2	0.337	0.103	-0.00089915	0	-2.242	0.000105097	0	0.032261	0	0	-3.30597	
54.21	0.337	0.103	-0.000897836	0	-2.242	0.000104944	0	0.032261	0	0	-3.30597	
54.22	0.337	0.103	-0.000896523	0	-2.242	0.00010479	0	0.032261	0	0	-3.30597	
54.23	0.337	0.103	-0.000895212	0	-2.242	0.000104637	0	0.032261	0	0	-3.30597	
54.24	0.337	0.103	-0.000893903	0	-2.242	0.000104484	0	0.032261	0	0	-3.30597	
54.25	0.337	0.103	-0.000892596	0	-2.242	0.000104331	0	0.032261	0	0	-3.30597	
54.26	0.337	0.103	-0.000891291	0	-2.242	0.000104179	0	0.032261	0	0	-3.30597	
54.27	0.337	0.103	-0.000889988	0	-2.242	0.000104026	0	0.032261	0	0	-3.30597	
54.28	0.337	0.103	-0.000888687	0	-2.242	0.000103874	0	0.032261	0	0	-3.30597	
54.29	0.337	0.103	-0.000887387	0	-2.242	0.000103722	0	0.032261	0	0	-3.30597	
54.3	0.337	0.103	-0.00088609	0	-2.242	0.000103571	0	0.032261	0	0	-3.30597	
54.31	0.337	0.103	-0.000884794	0	-2.242	0.000103419	0	0.032261	0	0	-3.30597	
54.32	0.337	0.103	-0.000883501	0	-2.242	0.000103268	0	0.032261	0	0	-3.30597	
54.33	0.337	0.103	-0.000882209	0	-2.242	0.000103117	0	0.032261	0	0	-3.30597	
54.34	0.337	0.103	-0.000880919	0	-2.242	0.000102966	0	0.032261	0	0	-3.30597	
54.35	0.337	0.103	-0.000879631	0	-2.242	0.000102816	0	0.032261	0	0	-3.30597	
54.36	0.337	0.103	-0.000878345	0	-2.242	0.000102665	0	0.032261	0	0	-3.30597	
54.37	0.337	0.103	-0.000877061	0	-2.242	0.000102515	0	0.032261	0	0	-3.30597	
54.38	0.337	0.103	-0.000875779	0	-2.242	0.000102365	0	0.032261	0	0	-3.30597	
54.39	0.337	0.103	-0.000874498	0	-2.242	0.000102216	0	0.032261	0	0	-3.30597	
54.4	0.337	0.103	-0.00087322	0	-2.242	0.000102066	0	0.032261	0	0	-3.30597	
54.41	0.337	0.103	-0.000871943	0	-2.242	0.000101917	0	0.032261	0	0	-3.30597	
54.42	0.337	0.103	-0.000870668	0	-2.242	0.000101768	0	0.032261	0	0	-3.30597	
54.43	0.337	0.103	-0.000869395	0	-2.242	0.000101619	0	0.032261	0	0	-3.30597	
54.44	0.337	0.103	-0.000868124	0	-2.242	0.000101471	0	0.032261	0	0	-3.30597	
54.45	0.337	0.103	-0.000866855	0	-2.242	0.000101322	0	0.032261	0	0	-3.30597	
54.46	0.337	0.103	-0.000865587	0	-2.242	0.000101174	0	0.032261	0	0	-3.30597	
54.47	0.337	0.103	-0.000864322	0	-2.242	0.000101026	0	0.032261	0	0	-3.30597	
54.48	0.337	0.103	-0.000863058	0	-2.242	0.000100879	0	0.032261	0	0	-3.30597	
54.49	0.337	0.103	-0.000861796	0	-2.242	0.000100731	0	0.032261	0	0	-3.30597	
54.5	0.337	0.103	-0.000860536	0	-2.242	0.000100584	0	0.032261	0	0	-3.30597	
54.51	0.337	0.103	-0.000859278	0	-2.242	0.000100437	0	0.032261	0	0	-3.30597	
54.52	0.337	0.103	-0.000858021	0	-2.242	0.00010029	0	0.032261	0	0	-3.30597	
54.53	0.337	0.103	-0.000856767	0	-2.242	0.000100143	0	0.032261	0	0	-3.30597	
54.54	0.337	0.103	-0.000855514	0	-2.242	9.99969e-05	0	0.032261	0	0	-3.30597	
54.55	0.337	0.103	-0.000854263	0	-2.242	9.98507e-05	0	0.032261	0	0	-3.30597	
54.56	0.337	0.103	-0.000853014	0	-2.242	9.97047e-05	0	0.032261	0	0	-3.30597	
54.57	0.337	0.103	-0.000851767	0	-2.242	9.95589e-05	0	0.032261	0	0	-3.30597	
54.58	0.337	0.103	-0.000850522	0	-2.242	9.94133e-05	0	0.032261	0	0	-3.30597	
54.59	0.337	0.103	-0.000849278	0	-2.242	9.9268e-05	0	0.032261	0	0	-3.30597	
54.6	0.337	0.103	-0.000848037	0	-2.242	9.91228e-05	0	0.032261	0	0	-3.30597	
54.61	0.337	0.103	-0.000846797	0	-2.242	9.89779e-05	0	0.032261	0	0	-3.30597	
54.62	0.337	0.103	-0.000845559	0	-2.242	9.88332e-05	0	0.032261	0	0	-3.30597	
54.63	0.337	0.103	-0.000844322	0	-2.242	9.86887e-05	0	0.032261	0	0	-3.30597	
54.64	0.337	0.103	-0.000843088	0	-2.242	9.85444e-05	0	0.032261	0	0	-3.30597	
54.65	0.337	0.103	-0.000841855	0	-2.242	9.84003e-05	0	0.032261	0	0	-3.30597	
54.66	0.337	0.103	-0.000840624	0	-2.242	9.82565e-05	0	0.032261	0	0	-3.30597	
54.67	0.337	0.103	-0.000839395	0	-2.242	9.81128e-05	0	0.032261	0	0	-3.30597	
54.68	0.337	0.103	-0.000838168	0	-2.242	9.79694e-05	0	0.032261	0	0	-3.30597	
54.69	0.337	0.103	-0.000836943	0	-2.242	9.78261e-05	0	0.032261	0	0	-3.30597	
54.7	0.337	0.103	-0.000835719	0	-2.242	9.76831e-05	0	0.032261	0	0	-3.30597	
54.71	0.337	0.103	-0.000834497	0	-2.242	9.75403e-05	0	0.032261	0	0	-3.30597	
54.72	0.337	0.103	-0.000833277	0	-2.242	9.73977e-05	0	0.032261	0	0	-3.30597	
54.73	0.337	0.103	-0.000832059	0	-2.242	9.72553e-05	0	0.032261	0	0	-3.30597	
54.74	0.337	0.103	-0.000830842	0	-2.242	9.71131e-05	0	0.032261	0	0	-3.30597	
54.75	0.337	0.103	-0.000829627	0	-2.242	9.69711e-05	0	0.032261	0	0	-3.30597	
54.76	0.337	0.103	-0.000828414	0	-2.242	9.68293e-05	0	0.032261	0	0	-3.30597	
54.77	0.337	0.103	-0.000827203	0	-2.242	9.66877e-05	0	0.032261	0	0	-3.30597	
54.78	0.337	0.103	-0.000825994	0	-2.242	9.65464e-05	0	0.032261	0	0	-3.30597	
54.79	0.337	0.103	-0.000824786	0	-2.242	9.64052e-05	0	0.032261	0	0	-3.30597	
54.8	0.337	0.103	-0.00082358	0	-2.242	9.62642e-05	0	0.032261	0	0	-3.30597	
54.81	0.337	0.103	-0.000822376	0	-2.242	9.61235e-05	0	0.032261	0	0	-3.30597	
54.82	0.337	0.103	-0.000821174	0	-2.242	9.5983e-05	0	0.032261	0	0	-3.30597	
54.83	0.337	0.103	-0.000819973	0	-2.242	9.58426e-05	0	0.032261	0	0	-3.30597	
54.84	0.337	0.103	-0.000818774	0	-2.242	9.57025e-05	0	0.032261	0	0	-3.30597	
54.85	0.337	0.103	-0.000817577	0	-2.242	9.55626e-05	0	0.032261	0	0	-3.30597	
54.86	0.337	0.103	-0.000816382	0	-2.242	9.54228e-05	0	0.032261	0	0	-3.30597	
54.87	0.337	0.103	-0.000815188	0	-2.242	9.52833e-05	0	0.032261	0	0	-3.30597	
54.88	0.337	0.103	-0.000813996	0	-2.242	9.5144e-05	0	0.032261	0	0	-3.30597	
54.89	0.337	0.103	-0.000812806	0	-2.242	9.50049e-05	0	0.032261	0	0	-3.30597	
54.9	0.337	0.103	-0.000811618	0	-2.242	9.4866e-05	0	0.032261	0	0	-3.30597	
54.91	0.337	0.103	-0.000810431	0	-2.242	9.47273e-05	0	0.032261	0	0	-3.30597	
54.92	0.337	0.103	-0.000809246	0	-2.242	9.45888e-05	0	0.032261	0	0	-3.30597	
54.93	0.337	0.103	-0.000808063	0	-2.242	9.44505e-05	0	0.032261	0	0	-3.30597	
54.94	0.337	0.103	-0.000806881	0	-2.242	9.43124e-05	0	0.032261	0	0	-3.30597	
54.95	0.337	0.103	-0.000805702	0	-2.242	9.41745e-05	0	0.032261	0	0	-3.30597	
54.96	0.337	0.103	-0.000804524	0	-2.242	9.40368e-05	0	0.032261	0	0	-3.30597	
54.97	0.337	0.103	-0.000803347	0	-2.242	9.38993e-05	0	0.032261	0	0	-3.30597	
54.98	0.337	0.103	-0.000802173	0	-2.242	9.3762e-05	0	0.032261	0	0	-3.30597	
54.99	0.337	0.103	-0.000801	0	-2.242	9.3625e-05	0	0.032261	0	0	-3.30597	
55	0.337	0.103	-0.000799829	0	-2.242	9.34881e-05	0	0.032261	0	0	-3.30597	
55.01	0.337	0.103	-0.000798659	0	-2.242	9.33514e-05	0	0.032261	0	0	-3.30597	
55.02	0.337	0.103	-0.000797492	0	-2.242	9.32149e-05	0	0.032261	0	0	-3.30597	
55.03	0.337	0.103	-0.000796326	0	-2.242	9.30786e-05	0	0.032261	0	0	-3.30597	
55.04	0.337	0.103	-0.000795161	0	-2.242	9.29425e-05	0	0.032261	0	0	-3.30597	
55.05	0.337	0.103	-0.000793999	0	-2.242	9.28066e-05	0	0.032261	0	0	-3.30597	
55.06	0.337	0.103	-0.000792838	0	-2.242	9.26709e-05	0	0.032261	0	0	-3.30597	
55.07	0.337	0.103	-0.000791679	0	-2.242	9.25354e-05	0	0.032261	0	0	-3.30597	
55.08	0.337	0.103	-0.000790521	0	-2.242	9.24002e-05	0	0.032261	0	0	-3.30597	
55.09	0.337	0.103	-0.000789365	0	-2.242	9.22651e-05	0	0.032261	0	0	-3.30597	
55.1	0.337	0.103	-0.000788211	0	-2.242	9.21302e-05	0	0.032261	0	0	-3.30597	
55.11	0.337	0.103	-0.000787059	0	-2.242	9.19955e-05	0	0.032261	0	0	-3.30597	
55.12	0.337	0.103	-0.000785908	0	-2.242	9.18609e-05	0	0.032261	0	0	-3.30597	
55.13	0.337	0.103	-0.000784759	0	-2.242	9.17266e-05	0	0.032261	0	0	-3.30597	
55.14	0.337	0.103	-0.000783612	0	-2.242	9.15925e-05	0	0.032261	0	0	-3.30597	
55.15	0.337	0.103	-0.000782466	0	-2.242	9.14586e-05	0	0.032261	0	0	-3.30597	
55.16	0.337	0.103	-0.000781322	0	-2.242	9.13249e-05	0	0.032261	0	0	-3.30597	
55.17	0.337	0.103	-0.00078018	0	-2.242	9.11914e-05	0	0.032261	0	0	-3.30597	
55.18	0.337	0.103	-0.000779039	0	-2.242	9.1058e-05	0	0.032261	0	0	-3.30597	
55.19	0.337	0.103	-0.0007779	0	-2.242	9.09249e-05	0	0.032261	0	0	-3.30597	
55.2	0.337	0.103	-0.000776763	0	-2.242	9.0792e-05	0	0.032261	0	0	-3.30597	
55.21	0.337	0.103	-0.000775627	0	-2.242	9.06592e-05	0	0.032261	0	0	-3.30597	
55.22	0.337	0.103	-0.000774493	0	-2.242	9.05267e-05	0	0.032261	0	0	-3.30597	
55.23	0.337	0.103	-0.00077336	0	-2.242	9.03943e-05	0	0.032261	0	0	-3.30597	
55.24	0.337	0.103	-0.00077223	0	-2.242	9.02621e-05	0	0.032261	0	0	-3.30597	
55.25	0.337	0.103	-0.000771101	0	-2.242	9.01302e-05	0	0.032261	0	0	-3.30597	
55.26	0.337	0.103	-0.000769973	0	-2.242	8.99984e-05	0	0.032261	0	0	-3.30597	
55.27	0.337	0.103	-0.000768848	0	-2.242	8.98668e-05	0	0.032261	0	0	-3.30597	
55.28	0.337	0.103	-0.000767723	0	-2.242	8.97354e-05	0	0.032261	0	0	-3.30597	
55.29	0.337	0.103	-0.000766601	0	-2.242	8.96042e-05	0	0.032261	0	0	-3.30597	
55.3	0.337	0.103	-0.00076548	0	-2.242	8.94732e-05	0	0.032261	0	0	-3.30597	
55.31	0.337	0.103	-0.000764361	0	-2.242	8.93424e-05	0	0.032261	0	0	-3.30597	
55.32	0.337	0.103	-0.000763243	0	-2.242	8.92118e-05	0	0.032261	0	0	-3.30597	
55.33	0.337	0.103	-0.000762127	0	-2.242	8.90813e-05	0	0.032261	0	0	-3.30597	
55.34	0.337	0.103	-0.000761013	0	-2.242	8.89511e-05	0	0.032261	0	0	-3.30597	
55.35	0.337	0.103	-0.0007599	0	-2.242	8.8821e-05	0	0.032261	0	0	-3.30597	
55.36	0.337	0.103	-0.000758789	0	-2.242	8.86912e-05	0	0.032261	0	0	-3.30597	
55.37	0.337	0.103	-0.00075768	0	-2.242	8.85615e-05	0	0.032261	0	0	-3.30597	
55.38	0.337	0.103	-0.000756572	0	-2.242	8.8432e-05	0	0.032261	0	0	-3.30597	
55.39	0.337	0.103	-0.000755466	0	-2.242	8.83027e-05	0	0.032261	0	0	-3.30597	
55.4	0.337	0.103	-0.000754361	0	-2.242	8.81736e-05	0	0.032261	0	0	-3.30597	
55.41	0.337	0.103	-0.000753259	0	-2.242	8.80447e-05	0	0.032261	0	0	-3.30597	
55.42	0.337	0.103	-0.000752157	0	-2.242	8.7916e-05	0	0.032261	0	0	-3.30597	
55.43	0.337	0.103	-0.000751057	0	-2.242	8.77874e-05	0	0.032261	0	0	-3.30597	
55.44	0.337	0.103	-0.000749959	0	-2.242	8.76591e-05	0	0.032261	0	0	-3.30597	
55.45	0.337	0.103	-0.000748863	0	-2.242	8.75309e-05	0	0.032261	0	0	-3.30597	
55.46	0.337	0.103	-0.000747768	0	-2.242	8.74029e-05	0	0.032261	0	0	-3.30597	
55.47	0.337	0.103	-0.000746675	0	-2.242	8.72751e-05	0	0.032261	0	0	-3.30597	
55.48	0.337	0.103	-0.000745583	0	-2.242	8.71475e-05	0	0.032261	0	0	-3.30597	
55.49	0.337	0.103	-0.000744493	0	-2.242	8.70201e-05	0	0.032261	0	0	-3.30597	
55.5	0.337	0.103	-0.000743404	0	-2.242	8.68929e-05	0	0.032261	0	0	-3.30597	
55.51	0.337	0.103	-0.000742317	0	-2.242	8.67658e-05	0	0.032261	0	0	-3.30597	
55.52	0.337	0.103	-0.000741232	0	-2.242	8.6639e-05	0	0.032261	0	0	-3.30597	
55.53	0.337	0.103	-0.000740148	0	-2.242	8.65123e-05	0	0.032261	0	0	-3.30597	
55.54	0.337	0.103	-0.000739066	0	-2.242	8.63858e-05	0	0.032261	0	0	-3.30597	
55.55	0.337	0.103	-0.000737986	0	-2.242	8.62595e-05	0	0.032261	0	0	-3.30597	
55.56	0.337	0.103	-0.000736907	0	-2.242	8.61334e-05	0	0.032261	0	0	-3.30597	
55.57	0.337	0.103	-0.000735829	0	-2.242	8.60075e-05	0	0.032261	0	0	-3.30597	
55.58	0.337	0.103	-0.000734753	0	-2.242	8.58817e-05	0	0.032261	0	0	-3.30597	
55.59	0.337	0.103	-0.000733679	0	-2.242	8.57562e-05	0	0.032261	0	0	-3.30597	
55.6	0.337	0.103	-0.000732606	0	-2.242	8.56308e-05	0	0.032261	0	0	-3.30597	
55.61	0.337	0.103	-0.000731535	0	-2.242	8.55056e-05	0	0.032261	0	0	-3.30597	
55.62	0.337	0.103	-0.000730466	0	-2.242	8.53806e-05	0	0.032261	0	0	-3.30597	
55.63	0.337	0.103	-0.000729398	0	-2.242	8.52557e-05	0	0.032261	0	0	-3.30597	
55.64	0.337	0.103	-0.000728331	0	-2.242	8.51311e-05	0	0.032261	0	0	-3.30597	
55.65	0.337	0.103	-0.000727266	0	-2.242	8.50066e-05	0	0.032261	0	0	-3.30597	
55.66	0.337	0.103	-0.000726203	0	-2.242	8.48823e-05	0	0.032261	0	0	-3.30597	
55.67	0.337	0.103	-0.000725141	0	-2.242	8.47582e-05	0	0.032261	0	0	-3.30597	
55.68	0.337	0.103	-0.000724081	0	-2.242	8.46343e-05	0	0.032261	0	0	-3.30597	
55.69	0.337	0.103	-0.000723022	0	-2.242	8.45105e-05	0	0.032261	0	0	-3.30597	
55.7	0.337	0.103	-0.000721965	0	-2.242	8.4387e-05	0	0.032261	0	0	-3.30597	
55.71	0.337	0.103	-0.00072091	0	-2.242	8.42636e-05	0	0.032261	0	0	-3.30597	
55.72	0.337	0.103	-0.000719856	0	-2.242	8.41404e-05	0	0.032261	0	0	-3.30597	
55.73	0.337	0.103	-0.000718803	0	-2.242	8.40174e-05	0	0.032261	0	0	-3.30597	
55.74	0.337	0.103	-0.000717752	0	-2.242	8.38945e-05	0	0.032261	0	0	-3.30597	
55.75	0.337	0.103	-0.000716703	0	-2.242	8.37719e-05	0	0.032261	0	0	-3.30597	
55.76	0.337	0.103	-0.000715655	0	-2.242	8.36494e-05	0	0.032261	0	0	-3.30597	
55.77	0.337	0.103	-0.000714609	0	-2.242	8.35271e-05	0	0.032261	0	0	-3.30597	
55.78	0.337	0.103	-0.000713564	0	-2.242	8.3405e-05	0	0.032261	0	0	-3.30597	
55.79	0.337	0.103	-0.000712521	0	-2.242	8.3283e-05	0	0.032261	0	0	-3.30597	
55.8	0.337	0.103	-0.000711479	0	-2.242	8.31613e-05	0	0.032261	0	0	-3.30597	
55.81	0.337	0.103	-0.000710439	0	-2.242	8.30397e-05	0	0.032261	0	0	-3.30597	
55.82	0.337	0.103	-0.0007094	0	-2.242	8.29183e-05	0	0.032261	0	0	-3.30597	
55.83	0.337	0.103	-0.000708363	0	-2.242	8.2797e-05	0	0.032261	0	0	-3.30597	
55.84	0.337	0.103	-0.000707327	0	-2.242	8.2676e-05	0	0.032261	0	0	-3.30597	
55.85	0.337	0.103	-0.000706293	0	-2.242	8.25551e-05	0	0.032261	0	0	-3.30597	
55.86	0.337	0.103	-0.00070526	0	-2.242	8.24344e-05	0	0.032261	0	0	-3.30597	
55.87	0.337	0.103	-0.000704229	0	-2.242	8.23139e-05	0	0.032261	0	0	-3.30597	
55.88	0.337	0.103	-0.000703199	0	-2.242	8.21935e-05	0	0.032261	0	0	-3.30597	
55.89	0.337	0.103	-0.000702171	0	-2.242	8.20733e-05	0	0.032261	0	0	-3.30597	
55.9	0.337	0.103	-0.000701145	0	-2.242	8.19533e-05	0	0.032261	0	0	-3.30597	
55.91	0.337	0.103	-0.000700119	0	-2.242	8.18335e-05	0	0.032261	0	0	-3.30597	
55.92	0.337	0.103	-0.000699096	0	-2.242	8.17139e-05	0	0.032261	0	0	-3.30597	
55.93	0.337	0.103	-0.000698074	0	-2.242	8.15944e-05	0	0.032261	0	0	-3.30597	
55.94	0.337	0.103	-0.000697053	0	-2.242	8.14751e-05	0	0.032261	0	0	-3.30597	
55.95	0.337	0.103	-0.000696034	0	-2.242	8.1356e-05	0	0.032261	0	0	-3.30597	
55.96	0.337	0.103	-0.000695016	0	-2.242	8.1237e-05	0	0.032261	0	0	-3.30597	
55.97	0.337	0.103	-0.000694	0	-2.242	8.11183e-05	0	0.032261	0	0	-3.30597	
55.98	0.337	0.103	-0.000692985	0	-2.242	8.09997e-05	0	0.032261	0	0	-3.30597	
55.99	0.337	0.103	-0.000691972	0	-2.242	8.08812e-05	0	0.032261	0	0	-3.30597	
56	0.337	0.103	-0.00069096	0	-2.242	8.0763e-05	0	0.032261	0	0	-3.30597	
56.01	0.337	0.103	-0.00068995	0	-2.242	8.06449e-05	0	0.032261	0	0	-3.30597	
56.02	0.337	0.103	-0.000688941	0	-2.242	8.0527e-05	0	0.032261	0	0	-3.30597	
56.03	0.337	0.103	-0.000687934	0	-2.242	8.04092e-05	0	0.032261	0	0	-3.30597	
56.04	0.337	0.103	-0.000686928	0	-2.242	8.02917e-05	0	0.032261	0	0	-3.30597	
56.05	0.337	0.103	-0.000685924	0	-2.242	8.01743e-05	0	0.032261	0	0	-3.30597	
56.06	0.337	0.103	-0.000684921	0	-2.242	8.00571e-05	0	0.032261	0	0	-3.30597	
56.07	0.337	0.103	-0.00068392	0	-2.242	7.994e-05	0	0.032261	0	0	-3.30597	
56.08	0.337	0.103	-0.00068292	0	-2.242	7.98231e-05	0	0.032261	0	0	-3.30597	
56.09	0.337	0.103	-0.000681921	0	-2.242	7.97064e-05	0	0.032261	0	0	-3.30597	
56.1	0.337	0.103	-0.000680924	0	-2.242	7.95899e-05	0	0.032261	0	0	-3.30597	
56.11	0.337	0.103	-0.000679929	0	-2.242	7.94735e-05	0	0.032261	0	0	-3.30597	
56.12	0.337	0.103	-0.000678934	0	-2.242	7.93573e-05	0	0.032261	0	0	-3.30597	
56.13	0.337	0.103	-0.000677942	0	-2.242	7.92413e-05	0	0.032261	0	0	-3.30597	
56.14	0.337	0.103	-0.000676951	0	-2.242	7.91254e-05	0	0.032261	0	0	-3.30597	
56.15	0.337	0.103	-0.000675961	0	-2.242	7.90098e-05	0	0.0322611	0	0	-3.30597	
56.16	0.337	0.103	-0.000674973	0	-2.242	7.88942e-05	0	0.0322611	0	0	-3.30597	
56.17	0.337	0.103	-0.000673986	0	-2.242	7.87789e-05	0	0.0322611	0	0	-3.30597	
56.18	0.337	0.103	-0.000673	0	-2.242	7.86637e-05	0	0.0322611	0	0	-3.30597	
56.19	0.337	0.103	-0.000672016	0	-2.242	7.85487e-05	0	0.0322611	0	0	-3.30597	
56.2	0.337	0.103	-0.000671034	0	-2.242	7.84338e-05	0	0.0322611	0	0	-3.30597	
56.21	0.337	0.103	-0.000670053	0	-2.242	7.83192e-05	0	0.0322611	0	0	-3.30597	
56.22	0.337	0.103	-0.000669073	0	-2.242	7.82047e-05	0	0.0322611	0	0	-3.30597	
56.23	0.337	0.103	-0.000668095	0	-2.242	7.80903e-05	0	0.0322611	0	0	-3.30597	
56.24	0.337	0.103	-0.000667118	0	-2.242	7.79761e-05	0	0.0322611	0	0	-3.30597	
56.25	0.337	0.103	-0.000666143	0	-2.242	7.78621e-05	0	0.0322611	0	0	-3.30597	
56.26	0.337	0.103	-0.000665169	0	-2.242	7.77483e-05	0	0.0322611	0	0	-3.30597	
56.27	0.337	0.103	-0.000664196	0	-2.242	7.76346e-05	0	0.0322611	0	0	-3.30597	
56.28	0.337	0.103	-0.000663225	0	-2.242	7.75211e-05	0	0.0322611	0	0	-3.30597	
56.29	0.337	0.103	-0.000662255	0	-2.242	7.74078e-05	0	0.0322611	0	0	-3.30597	
56.3	0.337	0.103	-0.000661287	0	-2.242	7.72946e-05	0	0.0322611	0	0	-3.30597	
56.31	0.337	0.103	-0.00066032	0	-2.242	7.71816e-05	0	0.0322611	0	0	-3.30597	
56.32	0.337	0.103	-0.000659355	0	-2.242	7.70687e-05	0	0.0322611	0	0	-3.30597	
56.33	0.337	0.103	-0.000658391	0	-2.242	7.69561e-05	0	0.0322611	0	0	-3.30597	
56.34	0.337	0.103	-0.000657428	0	-2.242	7.68435e-05	0	0.0322611	0	0	-3.30597	
56.35	0.337	0.103	-0.000656467	0	-2.242	7.67312e-05	0	0.0322611	0	0	-3.30597	
56.36	0.337	0.103	-0.000655507	0	-2.242	7.6619e-05	0	0.0322611	0	0	-3.30597	
56.37	0.337	0.103	-0.000654549	0	-2.242	7.6507e-05	0	0.0322611	0	0	-3.30597	
56.38	0.337	0.103	-0.000653592	0	-2.242	7.63951e-05	0	0.0322611	0	0	-3.30597	
56.39	0.337	0.103	-0.000652636	0	-2.242	7.62834e-05	0	0.0322611	0	0	-3.30597	
56.4	0.337	0.103	-0.000651682	0	-2.242	7.61719e-05	0	0.0322611	0	0	-3.30597	
56.41	0.337	0.103	-0.000650729	0	-2.242	7.60605e-05	0	0.0322611	0	0	-3.30597	
56.42	0.337	0.103	-0.000649778	0	-2.242	7.59493e-05	0	0.0322611	0	0	-3.30597	
56.43	0.337	0.103	-0.000648828	0	-2.242	7.58383e-05	0	0.0322611	0	0	-3.30597	
56.44	0.337	0.103	-0.000647879	0	-2.242	7.57274e-05	0	0.0322611	0	0	-3.30597	
56.45	0.337	0.103	-0.000646932	0	-2.242	7.56167e-05	0	0.0322611	0	0	-3.30597	
56.46	0.337	0.103	-0.000645986	0	-2.242	7.55061e-05	0	0.0322611	0	0	-3.30597	
56.47	0.337	0.103	-0.000645041	0	-2.242	7.53957e-05	0	0.0322611	0	0	-3.30597	
56.48	0.337	0.103	-0.000644098	0	-2.242	7.52855e-05	0	0.0322611	0	0	-3.30597	
56.49	0.337	0.103	-0.000643156	0	-2.242	7.51754e-05	0	0.0322611	0	0	-3.30597	
56.5	0.337	0.103	-0.000642216	0	-2.242	7.50655e-05	0	0.0322611	0	0	-3.30597	
56.51	0.337	0.103	-0.000641277	0	-2.242	7.49557e-05	0	0.0322611	0	0	-3.30597	
56.52	0.337	0.103	-0.00064034	0	-2.242	7.48461e-05	0	0.0322611	0	0	-3.30597	
56.53	0.337	0.103	-0.000639403	0	-2.242	7.47367e-05	0	0.0322611	0	0	-3.30597	
56.54	0.337	0.103	-0.000638468	0	-2.242	7.46274e-05	0	0.0322611	0	0	-3.30597	
56.55	0.337	0.103	-0.000637535	0	-2.242	7.45183e-05	0	0.0322611	0	0	-3.30597	
56.56	0.337	0.103	-0.000636603	0	-2.242	7.44094e-05	0	0.0322611	0	0	-3.30597	
56.57	0.337	0.103	-0.000635672	0	-2.242	7.43006e-05	0	0.0322611	0	0	-3.30597	
56.58	0.337	0.103	-0.000634743	0	-2.242	7.4192e-05	0	0.0322611	0	0	-3.30597	
56.59	0.337	0.103	-0.000633815	0	-2.242	7.40835e-05	0	0.0322611	0	0	-3.30597	
56.6	0.337	0.103	-0.000632888	0	-2.242	7.39752e-05	0	0.0322611	0	0	-3.30597	
56.61	0.337	0.103	-0.000631963	0	-2.242	7.3867e-05	0	0.0322611	0	0	-3.30597	
56.62	0.337	0.103	-0.000631039	0	-2.242	7.3759e-05	0	0.0322611	0	0	-3.30597	
56.63	0.337	0.103	-0.000630116	0	-2.242	7.36512e-05	0	0.0322611	0	0	-3.30597	
56.64	0.337	0.103	-0.000629195	0	-2.242	7.35435e-05	0	0.0322611	0	0	-3.30597	
56.65	0.337	0.103	-0.000628275	0	-2.242	7.3436e-05	0	0.0322611	0	0	-3.30597	
56.66	0.337	0.103	-0.000627356	0	-2.242	7.33286e-05	0	0.0322611	0	0	-3.30597	
56.67	0.337	0.103	-0.000626439	0	-2.242	7.32214e-05	0	0.0322611	0	0	-3.30597	
56.68	0.337	0.103	-0.000625523	0	-2.242	7.31143e-05	0	0.0322611	0	0	-3.30597	
56.69	0.337	0.103	-0.000624608	0	-2.242	7.30074e-05	0	0.0322611	0	0	-3.30597	
56.7	0.337	0.103	-0.000623695	0	-2.242	7.29007e-05	0	0.0322611	0	0	-3.30597	
56.71	0.337	0.103	-0.000622783	0	-2.242	7.27941e-05	0	0.0322611	0	0	-3.30597	
56.72	0.337	0.103	-0.000621873	0	-2.242	7.26877e-05	0	0.0322611	0	0	-3.30597	
56.73	0.337	0.103	-0.000620964	0	-2.242	7.25814e-05	0	0.0322611	0	0	-3.30597	
56.74	0.337	0.103	-0.000620056	0	-2.242	7.24753e-05	0	0.0322611	0	0	-3.30597	
56.75	0.337	0.103	-0.000619149	0	-2.242	7.23693e-05	0	0.0322611	0	0	-3.30597	
56.76	0.337	0.103	-0.000618244	0	-2.242	7.22635e-05	0	0.0322611	0	0	-3.30597	
56.77	0.337	0.103	-0.00061734	0	-2.242	7.21578e-05	0	0.0322611	0	0	-3.30597	
56.78	0.337	0.103	-0.000616437	0	-2.242	7.20523e-05	0	0.0322611	0	0	-3.30597	
56.79	0.337	0.103	-0.000615536	0	-2.242	7.1947e-05	0	0.0322611	0	0	-3.30597	
56.8	0.337	0.103	-0.000614636	0	-2.242	7.18418e-05	0	0.0322611	0	0	-3.30597	
56.81	0.337	0.103	-0.000613737	0	-2.242	7.17368e-05	0	0.0322611	0	0	-3.30597	
56.82	0.337	0.103	-0.00061284	0	-2.242	7.16319e-05	0	0.0322611	0	0	-3.30597	
56.83	0.337	0.103	-0.000611944	0	-2.242	7.15271e-05	0	0.0322611	0	0	-3.30597	
56.84	0.337	0.103	-0.000611049	0	-2.242	7.14226e-05	0	0.0322611	0	0	-3.30597	
56.85	0.337	0.103	-0.000610156	0	-2.242	7.13181e-05	0	0.0322611	0	0	-3.30597	
56.86	0.337	0.103	-0.000609264	0	-2.242	7.12139e-05	0	0.0322611	0	0	-3.30597	
56.87	0.337	0.103	-0.000608373	0	-2.242	7.11097e-05	0	0.0322611	0	0	-3.30597	
56.88	0.337	0.103	-0.000607483	0	-2.242	7.10058e-05	0	0.0322611	0	0	-3.30597	
56.89	0.337	0.103	-0.000606595	0	-2.242	7.0902e-05	0	0.0322611	0	0	-3.30597	
56.9	0.337	0.103	-0.000605708	0	-2.242	7.07983e-05	0	0.0322611	0	0	-3.30597	
56.91	0.337	0.103	-0.000604823	0	-2.242	7.06948e-05	0	0.0322611	0	0	-3.30597	
56.92	0.337	0.103	-0.000603939	0	-2.242	7.05914e-05	0	0.0322611	0	0	-3.30597	
56.93	0.337	0.103	-0.000603056	0	-2.242	7.04882e-05	0	0.0322611	0	0	-3.30597	
56.94	0.337	0.103	-0.000602174	0	-2.242	7.03851e-05	0	0.0322611	0	0	-3.30597	
56.95	0.337	0.103	-0.000601293	0	-2.242	7.02822e-05	0	0.0322611	0	0	-3.30597	
56.96	0.337	0.103	-0.000600414	0	-2.242	7.01795e-05	0	0.0322611	0	0	-3.30597	
56.97	0.337	0.103	-0.000599536	0	-2.242	7.00769e-05	0	0.0322611	0	0	-3.30597	
56.98	0.337	0.103	-0.00059866	0	-2.242	6.99744e-05	0	0.0322611	0	0	-3.30597	
56.99	0.337	0.103	-0.000597785	0	-2.242	6.98721e-05	0	0.0322611	0	0	-3.30597	
57	0.337	0.103	-0.00059691	0	-2.242	6.97699e-05	0	0.0322611	0	0	-3.30597	
57.01	0.337	0.103	-0.000596038	0	-2.242	6.96679e-05	0	0.0322611	0	0	-3.30597	
57.02	0.337	0.103	-0.000595166	0	-2.242	6.95661e-05	0	0.0322611	0	0	-3.30597	
57.03	0.337	0.103	-0.000594296	0	-2.242	6.94644e-05	0	0.0322611	0	0	-3.30597	
57.04	0.337	0.103	-0.000593427	0	-2.242	6.93628e-05	0	0.0322611	0	0	-3.30597	
57.05	0.337	0.103	-0.00059256	0	-2.242	6.92614e-05	0	0.0322611	0	0	-3.30597	
57.06	0.337	0.103	-0.000591693	0	-2.242	6.91601e-05	0	0.0322611	0	0	-3.30597	
57.07	0.337	0.103	-0.000590828	0	-2.242	6.9059e-05	0	0.0322611	0	0	-3.30597	
57.08	0.337	0.103	-0.000589964	0	-2.242	6.8958e-05	0	0.0322611	0	0	-3.30597	
57.09	0.337	0.103	-0.000589102	0	-2.242	6.88572e-05	0	0.0322611	0	0	-3.30597	
57.1	0.337	0.103	-0.00058824	0	-2.242	6.87565e-05	0	0.0322611	0	0	-3.30597	
57.11	0.337	0.103	-0.00058738	0	-2.242	6.8656e-05	0	0.0322611	0	0	-3.30597	
57.12	0.337	0.103	-0.000586522	0	-2.242	6.85556e-05	0	0.0322611	0	0	-3.30597	
57.13	0.337	0.103	-0.000585664	0	-2.242	6.84554e-05	0	0.0322611	0	0	-3.30597	
57.14	0.337	0.103	-0.000584808	0	-2.242	6.83553e-05	0	0.0322611	0	0	-3.30597	
57.15	0.337	0.103	-0.000583953	0	-2.242	6.82554e-05	0	0.0322611	0	0	-3.30597	
57.16	0.337	0.103	-0.000583099	0	-2.242	6.81556e-05	0	0.0322611	0	0	-3.30597	
57.17	0.337	0.103	-0.000582246	0	-2.242	6.80559e-05	0	0.0322611	0	0	-3.30597	
57.18	0.337	0.103	-0.000581395	0	-2.242	6.79564e-05	0	0.0322611	0	0	-3.30597	
57.19	0.337	0.103	-0.000580545	0	-2.242	6.78571e-05	0	0.0322611	0	0	-3.30597	
57.2	0.337	0.103	-0.000579696	0	-2.242	6.77578e-05	0	0.0322611	0	0	-3.30597	
57.21	0.337	0.103	-0.000578849	0	-2.242	6.76588e-05	0	0.0322611	0	0	-3.30597	
57.22	0.337	0.103	-0.000578002	0	-2.242	6.75599e-05	0	0.0322611	0	0	-3.30597	
57.23	0.337	0.103	-0.000577157	0	-2.242	6.74611e-05	0	0.0322611	0	0	-3.30597	
57.24	0.337	0.103	-0.000576313	0	-2.242	6.73624e-05	0	0.0322611	0	0	-3.30597	
57.25	0.337	0.103	-0.000575471	0	-2.242	6.7264e-05	0	0.0322611	0	0	-3.30597	
57.26	0.337	0.103	-0.000574629	0	-2.242	6.71656e-05	0	0.0322611	0	0	-3.30597	
57.27	0.337	0.103	-0.000573789	0	-2.242	6.70674e-05	0	0.0322611	0	0	-3.30597	
57.28	0.337	0.103	-0.00057295	0	-2.242	6.69693e-05	0	0.0322611	0	0	-3.30597	
57.29	0.337	0.103	-0.000572113	0	-2.242	6.68714e-05	0	0.0322611	0	0	-3.30597	
57.3	0.337	0.103	-0.000571276	0	-2.242	6.67737e-05	0	0.0322611	0	0	-3.30597	
57.31	0.337	0.103	-0.000570441	0	-2.242	6.6676e-05	0	0.0322611	0	0	-3.30597	
57.32	0.337	0.103	-0.000569607	0	-2.242	6.65785e-05	0	0.0322611	0	0	-3.30597	
57.33	0.337	0.103	-0.000568774	0	-2.242	6.64812e-05	0	0.0322611	0	0	-3.30597	
57.34	0.337	0.103	-0.000567942	0	-2.242	6.6384e-05	0	0.0322611	0	0	-3.30597	
57.35	0.337	0.103	-0.000567112	0	-2.242	6.62869e-05	0	0.0322611	0	0	-3.30597	
57.36	0.337	0.103	-0.000566283	0	-2.242	6.619e-05	0	0.0322611	0	0	-3.30597	
57.37	0.337	0.103	-0.000565455	0	-2.242	6.60932e-05	0	0.0322611	0	0	-3.30597	
57.38	0.337	0.103	-0.000564628	0	-2.242	6.59966e-05	0	0.0322611	0	0	-3.30597	
57.39	0.337	0.103	-0.000563803	0	-2.242	6.59001e-05	0	0.0322611	0	0	-3.30597	
57.4	0.337	0.103	-0.000562978	0	-2.242	6.58038e-05	0	0.0322611	0	0	-3.30597	
57.41	0.337	0.103	-0.000562155	0	-2.242	6.57076e-05	0	0.0322611	0	0	-3.30597	
57.42	0.337	0.103	-0.000561333	0	-2.242	6.56115e-05	0	0.0322611	0	0	-3.30597	
57.43	0.337	0.103	-0.000560513	0	-2.242	6.55156e-05	0	0.0322611	0	0	-3.30597	
57.44	0.337	0.103	-0.000559693	0	-2.242	6.54198e-05	0	0.0322611	0	0	-3.30597	
57.45	0.337	0.103	-0.000558875	0	-2.242	6.53241e-05	0	0.0322611	0	0	-3.30597	
57.46	0.337	0.103	-0.000558058	0	-2.242	6.52286e-05	0	0.0322611	0	0	-3.30597	
57.47	0.337	0.103	-0.000557242	0	-2.242	6.51332e-05	0	0.0322611	0	0	-3.30597	
57.48	0.337	0.103	-0.000556427	0	-2.242	6.5038e-05	0	0.0322611	0	0	-3.30597	
57.49	0.337	0.103	-0.000555613	0	-2.242	6.49429e-05	0	0.0322611	0	0	-3.30597	
57.5	0.337	0.103	-0.000554801	0	-2.242	6.4848e-05	0	0.0322611	0	0	-3.30597	
57.51	0.337	0.103	-0.00055399	0	-2.242	6.47532e-05	0	0.0322611	0	0	-3.30597	
57.52	0.337	0.103	-0.00055318	0	-2.242	6.46585e-05	0	0.0322611	0	0	-3.30597	
57.53	0.337	0.103	-0.000552371	0	-2.242	6.45639e-05	0	0.0322611	0	0	-3.30597	
57.54	0.337	0.103	-0.000551563	0	-2.242	6.44695e-05	0	0.0322611	0	0	-3.30597	
57.55	0.337	0.103	-0.000550757	0	-2.242	6.43753e-05	0	0.0322611	0	0	-3.30597	
57.56	0.337	0.103	-0.000549952	0	-2.242	6.42812e-05	0	0.0322611	0	0	-3.30597	
57.57	0.337	0.103	-0.000549148	0	-2.242	6.41872e-05	0	0.0322611	0	0	-3.30597	
57.58	0.337	0.103	-0.000548345	0	-2.242	6.40933e-05	0	0.0322611	0	0	-3.30597	
57.59	0.337	0.103	-0.000547543	0	-2.242	6.39996e-05	0	0.0322611	0	0	-3.30597	
57.6	0.337	0.103	-0.000546743	0	-2.242	6.39061e-05	0	0.0322611	0	0	-3.30597	
57.61	0.337	0.103	-0.000545943	0	-2.242	6.38126e-05	0	0.0322611	0	0	-3.30597	
57.62	0.337	0.103	-0.000545145	0	-2.242	6.37193e-05	0	0.0322611	0	0	-3.30597	
57.63	0.337	0.103	-0.000544348	0	-2.242	6.36262e-05	0	0.0322611	0	0	-3.30597	
57.64	0.337	0.103	-0.000543552	0	-2.242	6.35331e-05	0	0.0322611	0	0	-3.30597	
57.65	0.337	0.103	-0.000542757	0	-2.242	6.34402e-05	0	0.0322611	0	0	-3.30597	
57.66	0.337	0.103	-0.000541964	0	-2.242	6.33475e-05	0	0.0322611	0	0	-3.30597	
57.67	0.337	0.103	-0.000541171	0	-2.242	6.32549e-05	0	0.0322611	0	0	-3.30597	
57.68	0.337	0.103	-0.00054038	0	-2.242	6.31624e-05	0	0.0322611	0	0	-3.30597	
57.69	0.337	0.103	-0.00053959	0	-2.242	6.307e-05	0	0.0322611	0	0	-3.30597	
57.7	0.337	0.103	-0.000538801	0	-2.242	6.29778e-05	0	0.0322611	0	0	-3.30597	
57.71	0.337	0.103	-0.000538013	0	-2.242	6.28857e-05	0	0.0322611	0	0	-3.30597	
57.72	0.337	0.103	-0.000537227	0	-2.242	6.27938e-05	0	0.0322611	0	0	-3.30597	
57.73	0.337	0.103	-0.000536441	0	-2.242	6.2702e-05	0	0.0322611	0	0	-3.30597	
57.74	0.337	0.103	-0.000535657	0	-2.242	6.26103e-05	0	0.0322611	0	0	-3.30597	
57.75	0.337	0.103	-0.000534874	0	-2.242	6.25188e-05	0	0.0322611	0	0	-3.30597	
57.76	0.337	0.103	-0.000534092	0	-2.242	6.24274e-05	0	0.0322611	0	0	-3.30597	
57.77	0.337	0.103	-0.000533311	0	-2.242	6.23361e-05	0	0.0322611	0	0	-3.30597	
57.78	0.337	0.103	-0.000532531	0	-2.242	6.22449e-05	0	0.0322611	0	0	-3.30597	
57.79	0.337	0.103	-0.000531752	0	-2.242	6.21539e-05	0	0.0322611	0	0	-3.30597	
57.8	0.337	0.103	-0.000530975	0	-2.242	6.20631e-05	0	0.0322611	0	0	-3.30597	
57.81	0.337	0.103	-0.000530199	0	-2.242	6.19723e-05	0	0.0322611	0	0	-3.30597	
57.82	0.337	0.103	-0.000529423	0	-2.242	6.18817e-05	0	0.0322611	0	0	-3.30597	
57.83	0.337	0.103	-0.000528649	0	-2.242	6.17912e-05	0	0.0322611	0	0	-3.30597	
57.84	0.337	0.103	-0.000527876	0	-2.242	6.17009e-05	0	0.0322611	0	0	-3.30597	
57.85	0.337	0.103	-0.000527105	0	-2.242	6.16107e-05	0	0.0322611	0	0	-3.30597	
57.86	0.337	0.103	-0.000526334	0	-2.242	6.15206e-05	0	0.0322611	0	0	-3.30597	
57.87	0.337	0.103	-0.000525564	0	-2.242	6.14307e-05	0	0.0322611	0	0	-3.30597	
57.88	0.337	0.103	-0.000524796	0	-2.242	6.13408e-05	0	0.0322611	0	0	-3.30597	
57.89	0.337	0.103	-0.000524029	0	-2.242	6.12512e-05	0	0.0322611	0	0	-3.30597	
57.9	0.337	0.103	-0.000523263	0	-2.242	6.11616e-05	0	0.0322611	0	0	-3.30597	
57.91	0.337	0.103	-0.000522498	0	-2.242	6.10722e-05	0	0.0322611	0	0	-3.30597	
57.92	0.337	0.103	-0.000521734	0	-2.242	6.09829e-05	0	0.0322611	0	0	-3.30597	
57.93	0.337	0.103	-0.000520971	0	-2.242	6.08937e-05	0	0.0322611	0	0	-3.30597	
57.94	0.337	0.103	-0.000520209	0	-2.242	6.08047e-05	0	0.0322611	0	0	-3.30597	
57.95	0.337	0.103	-0.000519448	0	-2.242	6.07158e-05	0	0.0322611	0	0	-3.30597	
57.96	0.337	0.103	-0.000518689	0	-2.242	6.0627e-05	0	0.0322611	0	0	-3.30597	
57.97	0.337	0.103	-0.000517931	0	-2.242	6.05384e-05	0	0.0322611	0	0	-3.30597	
57.98	0.337	0.103	-0.000517173	0	-2.242	6.04499e-05	0	0.0322611	0	0	-3.30597	
57.99	0.337	0.103	-0.000516417	0	-2.242	6.03615e-05	0	0.0322611	0	0	-3.30597	
58	0.337	0.103	-0.000515662	0	-2.242	6.02732e-05	0	0.0322611	0	0	-3.30597	
58.01	0.337	0.103	-0.000514908	0	-2.242	6.01851e-05	0	0.0322611	0	0	-3.30597	
58.02	0.337	0.103	-0.000514155	0	-2.242	6.00971e-05	0	0.0322611	0	0	-3.30597	
58.03	0.337	0.103	-0.000513404	0	-2.242	6.00092e-05	0	0.0322611	0	0	-3.30597	
58.04	0.337	0.103	-0.000512653	0	-2.242	5.99215e-05	0	0.0322611	0	0	-3.30597	
58.05	0.337	0.103	-0.000511903	0	-2.242	5.98339e-05	0	0.0322611	0	0	-3.30597	
58.06	0.337	0.103	-0.000511155	0	-2.242	5.97464e-05	0	0.0322611	0	0	-3.30597	
58.07	0.337	0.103	-0.000510408	0	-2.242	5.96591e-05	0	0.0322611	0	0	-3.30597	
58.08	0.337	0.103	-0.000509661	0	-2.242	5.95718e-05	0	0.0322611	0	0	-3.30597	
58.09	0.337	0.103	-0.000508916	0	-2.242	5.94847e-05	0	0.0322611	0	0	-3.30597	
58.1	0.337	0.103	-0.000508172	0	-2.242	5.93978e-05	0	0.0322611	0	0	-3.30597	
58.11	0.337	0.103	-0.000507429	0	-2.242	5.93109e-05	0	0.0322611	0	0	-3.30597	
58.12	0.337	0.103	-0.000506687	0	-2.242	5.92242e-05	0	0.0322611	0	0	-3.30597	
58.13	0.337	0.103	-0.000505946	0	-2.242	5.91376e-05	0	0.0322611	0	0	-3.30597	
58.14	0.337	0.103	-0.000505207	0	-2.242	5.90511e-05	0	0.0322611	0	0	-3.30597	
58.15	0.337	0.103	-0.000504468	0	-2.242	5.89648e-05	0	0.0322611	0	0	-3.30597	
58.16	0.337	0.103	-0.000503731	0	-2.242	5.88786e-05	0	0.0322611	0	0	-3.30597	
58.17	0.337	0.103	-0.000502994	0	-2.242	5.87925e-05	0	0.0322611	0	0	-3.30597	
58.18	0.337	0.103	-0.000502259	0	-2.242	5.87065e-05	0	0.0322611	0	0	-3.30597	
58.19	0.337	0.103	-0.000501524	0	-2.242	5.86207e-05	0	0.0322611	0	0	-3.30597	
58.2	0.337	0.103	-0.000500791	0	-2.242	5.8535e-05	0	0.0322611	0	0	-3.30597	
58.21	0.337	0.103	-0.000500059	0	-2.242	5.84494e-05	0	0.0322611	0	0	-3.30597	
58.22	0.337	0.103	-0.000499328	0	-2.242	5.8364e-05	0	0.0322611	0	0	-3.30597	
58.23	0.337	0.103	-0.000498598	0	-2.242	5.82786e-05	0	0.0322611	0	0	-3.30597	
58.24	0.337	0.103	-0.000497869	0	-2.242	5.81934e-05	0	0.0322611	0	0	-3.30597	
58.25	0.337	0.103	-0.000497141	0	-2.242	5.81083e-05	0	0.0322611	0	0	-3.30597	
58.26	0.337	0.103	-0.000496414	0	-2.242	5.80234e-05	0	0.0322611	0	0	-3.30597	
58.27	0.337	0.103	-0.000495688	0	-2.242	5.79385e-05	0	0.0322611	0	0	-3.30597	
58.28	0.337	0.103	-0.000494963	0	-2.242	5.78538e-05	0	0.0322611	0	0	-3.30597	
58.29	0.337	0.103	-0.00049424	0	-2.242	5.77692e-05	0	0.0322611	0	0	-3.30597	
58.3	0.337	0.103	-0.000493517	0	-2.242	5.76848e-05	0	0.0322611	0	0	-3.30597	
58.31	0.337	0.103	-0.000492795	0	-2.242	5.76004e-05	0	0.0322611	0	0	-3.30597	
58.32	0.337	0.103	-0.000492075	0	-2.242	5.75162e-05	0	0.0322611	0	0	-3.30597	
58.33	0.337	0.103	-0.000491355	0	-2.242	5.74321e-05	0	0.0322611	0	0	-3.30597	
58.34	0.337	0.103	-0.000490637	0	-2.242	5.73482e-05	0	0.0322611	0	0	-3.30597	
58.35	0.337	0.103	-0.00048992	0	-2.242	5.72643e-05	0	0.0322611	0	0	-3.30597	
58.36	0.337	0.103	-0.000489203	0	-2.242	5.71806e-05	0	0.0322611	0	0	-3.30597	
58.37	0.337	0.103	-0.000488488	0	-2.242	5.7097e-05	0	0.0322611	0	0	-3.30597	
58.38	0.337	0.103	-0.000487774	0	-2.242	5.70135e-05	0	0.0322611	0	0	-3.30597	
58.39	0.337	0.103	-0.000487061	0	-2.242	5.69301e-05	0	0.0322611	0	0	-3.30597	
58.4	0.337	0.103	-0.000486349	0	-2.242	5.68469e-05	0	0.0322611	0	0	-3.30597	
58.41	0.337	0.103	-0.000485638	0	-2.242	5.67638e-05	0	0.0322611	0	0	-3.30597	
58.42	0.337	0.103	-0.000484928	0	-2.242	5.66808e-05	0	0.0322611	0	0	-3.30597	
58.43	0.337	0.103	-0.000484219	0	-2.242	5.65979e-05	0	0.0322611	0	0	-3.30597	
58.44	0.337	0.103	-0.000483511	0	-2.242	5.65152e-05	0	0.0322611	0	0	-3.30597	
58.45	0.337	0.103	-0.000482804	0	-2.242	5.64325e-05	0	0.0322611	0	0	-3.30597	
58.46	0.337	0.103	-0.000482098	0	-2.242	5.635e-05	0	0.0322611	0	0	-3.30597	
58.47	0.337	0.103	-0.000481393	0	-2.242	5.62677e-05	0	0.0322611	0	0	-3.30597	
58.48	0.337	0.103	-0.000480689	0	-2.242	5.61854e-05	0	0.0322611	0	0	-3.30597	
58.49	0.337	0.103	-0.000479986	0	-2.242	5.61032e-05	0	0.0322611	0	0	-3.30597	
58.5	0.337	0.103	-0.000479284	0	-2.242	5.60212e-05	0	0.0322611	0	0	-3.30597	
58.51	0.337	0.103	-0.000478584	0	-2.242	5.59393e-05	0	0.0322611	0	0	-3.30597	
58.52	0.337	0.103	-0.000477884	0	-2.242	5.58575e-05	0	0.0322611	0	0	-3.30597	
58.53	0.337	0.103	-0.000477185	0	-2.242	5.57758e-05	0	0.0322611	0	0	-3.30597	
58.54	0.337	0.103	-0.000476488	0	-2.242	5.56943e-05	0	0.0322611	0	0	-3.30597	
58.55	0.337	0.103	-0.000475791	0	-2.242	5.56129e-05	0	0.0322611	0	0	-3.30597	
58.56	0.337	0.103	-0.000475095	0	-2.242	5.55316e-05	0	0.0322611	0	0	-3.30597	
58.57	0.337	0.103	-0.000474401	0	-2.242	5.54504e-05	0	0.0322611	0	0	-3.30597	
58.58	0.337	0.103	-0.000473707	0	-2.242	5.53693e-05	0	0.0322611	0	0	-3.30597	
58.59	0.337	0.103	-0.000473014	0	-2.242	5.52883e-05	0	0.0322611	0	0	-3.30597	
58.6	0.337	0.103	-0.000472323	0	-2.242	5.52075e-05	0	0.0322611	0	0	-3.30597	
58.61	0.337	0.103	-0.000471632	0	-2.242	5.51268e-05	0	0.0322611	0	0	-3.30597	
58.62	0.337	0.103	-0.000470943	0	-2.242	5.50462e-05	0	0.0322611	0	0	-3.30597	
58.63	0.337	0.103	-0.000470254	0	-2.242	5.49657e-05	0	0.0322611	0	0	-3.30597	
58.64	0.337	0.103	-0.000469567	0	-2.242	5.48853e-05	0	0.0322611	0	0	-3.30597	
58.65	0.337	0.103	-0.00046888	0	-2.242	5.48051e-05	0	0.0322611	0	0	-3.30597	
58.66	0.337	0.103	-0.000468194	0	-2.242	5.4725e-05	0	0.0322611	0	0	-3.30597	
58.67	0.337	0.103	-0.00046751	0	-2.242	5.46449e-05	0	0.0322611	0	0	-3.30597	
58.68	0.337	0.103	-0.000466826	0	-2.242	5.4565e-05	0	0.0322611	0	0	-3.30597	
58.69	0.337	0.103	-0.000466144	0	-2.242	5.44853e-05	0	0.0322611	0	0	-3.30597	
58.7	0.337	0.103	-0.000465462	0	-2.242	5.44056e-05	0	0.0322611	0	0	-3.30597	
58.71	0.337	0.103	-0.000464782	0	-2.242	5.43261e-05	0	0.0322611	0	0	-3.30597	
58.72	0.337	0.103	-0.000464102	0	-2.242	5.42466e-05	0	0.0322611	0	0	-3.30597	
58.73	0.337	0.103	-0.000463424	0	-2.242	5.41673e-05	0	0.0322611	0	0	-3.30597	
58.74	0.337	0.103	-0.000462746	0	-2.242	5.40881e-05	0	0.0322611	0	0	-3.30597	
58.75	0.337	0.103	-0.00046207	0	-2.242	5.4009e-05	0	0.0322611	0	0	-3.30597	
58.76	0.337	0.103	-0.000461394	0	-2.242	5.39301e-05	0	0.0322611	0	0	-3.30597	
58.77	0.337	0.103	-0.000460719	0	-2.242	5.38512e-05	0	0.0322611	0	0	-3.30597	
58.78	0.337	0.103	-0.000460046	0	-2.242	5.37725e-05	0	0.0322611	0	0	-3.30597	
58.79	0.337	0.103	-0.000459373	0	-2.242	5.36939e-05	0	0.0322611	0	0	-3.30597	
58.8	0.337	0.103	-0.000458701	0	-2.242	5.36154e-05	0	0.0322611	0	0	-3.30597	
58.81	0.337	0.103	-0.000458031	0	-2.242	5.3537e-05	0	0.0322611	0	0	-3.30597	
58.82	0.337	0.103	-0.000457361	0	-2.242	5.34587e-05	0	0.0322611	0	0	-3.30597	
58.83	0.337	0.103	-0.000456692	0	-2.242	5.33805e-05	0	0.0322611	0	0	-3.30597	
58.84	0.337	0.103	-0.000456025	0	-2.242	5.33025e-05	0	0.0322611	0	0	-3.30597	
58.85	0.337	0.103	-0.000455358	0	-2.242	5.32246e-05	0	0.0322611	0	0	-3.30597	
58.86	0.337	0.103	-0.000454692	0	-2.242	5.31467e-05	0	0.0322611	0	0	-3.30597	
58.87	0.337	0.103	-0.000454027	0	-2.242	5.3069e-05	0	0.0322611	0	0	-3.30597	
58.88	0.337	0.103	-0.000453364	0	-2.242	5.29914e-05	0	0.0322611	0	0	-3.30597	
58.89	0.337	0.103	-0.000452701	0	-2.242	5.2914e-05	0	0.0322611	0	0	-3.30597	
58.9	0.337	0.103	-0.000452039	0	-2.242	5.28366e-05	0	0.0322611	0	0	-3.30597	
58.91	0.337	0.103	-0.000451378	0	-2.242	5.27594e-05	0	0.0322611	0	0	-3.30597	
58.92	0.337	0.103	-0.000450718	0	-2.242	5.26822e-05	0	0.0322611	0	0	-3.30597	
58.93	0.337	0.103	-0.000450059	0	-2.242	5.26052e-05	0	0.0322611	0	0	-3.30597	
58.94	0.337	0.103	-0.000449401	0	-2.242	5.25283e-05	0	0.0322611	0	0	-3.30597	
58.95	0.337	0.103	-0.000448744	0	-2.242	5.24515e-05	0	0.0322611	0	0	-3.30597	
58.96	0.337	0.103	-0.000448088	0	-2.242	5.23748e-05	0	0.0322611	0	0	-3.30597	
58.97	0.337	0.103	-0.000447433	0	-2.242	5.22982e-05	0	0.0322611	0	0	-3.30597	
58.98	0.337	0.103	-0.000446778	0	-2.242	5.22217e-05	0	0.0322611	0	0	-3.30597	
58.99	0.337	0.103	-0.000446125	0	-2.242	5.21454e-05	0	0.0322611	0	0	-3.30597	
59	0.337	0.103	-0.000445473	0	-2.242	5.20692e-05	0	0.0322611	0	0	-3.30597	
59.01	0.337	0.103	-0.000444822	0	-2.242	5.1993e-05	0	0.0322611	0	0	-3.30597	
59.02	0.337	0.103	-0.000444171	0	-2.242	5.1917e-05	0	0.0322611	0	0	-3.30597	
59.03	0.337	0.103	-0.000443522	0	-2.242	5.18411e-05	0	0.0322611	0	0	-3.30597	
59.04	0.337	0.103	-0.000442873	0	-2.242	5.17653e-05	0	0.0322611	0	0	-3.30597	
59.05	0.337	0.103	-0.000442226	0	-2.242	5.16896e-05	0	0.0322611	0	0	-3.30597	
59.06	0.337	0.103	-0.000441579	0	-2.242	5.1614e-05	0	0.0322611	0	0	-3.30597	
59.07	0.337	0.103	-0.000440934	0	-2.242	5.15386e-05	0	0.0322611	0	0	-3.30597	
59.08	0.337	0.103	-0.000440289	0	-2.242	5.14632e-05	0	0.0322611	0	0	-3.30597	
59.09	0.337	0.103	-0.000439645	0	-2.242	5.1388e-05	0	0.0322611	0	0	-3.30597	
59.1	0.337	0.103	-0.000439002	0	-2.242	5.13128e-05	0	0.0322611	0	0	-3.30597	
59.11	0.337	0.103	-0.000438361	0	-2.242	5.12378e-05	0	0.0322611	0	0	-3.30597	
59.12	0.337	0.103	-0.00043772	0	-2.242	5.11629e-05	0	0.0322611	0	0	-3.30597	
59.13	0.337	0.103	-0.00043708	0	-2.242	5.10881e-05	0	0.0322611	0	0	-3.30597	
59.14	0.337	0.103	-0.000436441	0	-2.242	5.10134e-05	0	0.0322611	0	0	-3.30597	
59.15	0.337	0.103	-0.000435803	0	-2.242	5.09388e-05	0	0.0322611	0	0	-3.30597	
59.16	0.337	0.103	-0.000435165	0	-2.242	5.08643e-05	0	0.0322611	0	0	-3.30597	
59.17	0.337	0.103	-0.000434529	0	-2.242	5.079e-05	0	0.0322611	0	0	-3.30597	
59.18	0.337	0.103	-0.000433894	0	-2.242	5.07157e-05	0	0.0322611	0	0	-3.30597	
59.19	0.337	0.103	-0.000433259	0	-2.242	5.06416e-05	0	0.0322611	0	0	-3.30597	
59.2	0.337	0.103	-0.000432626	0	-2.242	5.05675e-05	0	0.0322611	0	0	-3.30597	
59.21	0.337	0.103	-0.000431993	0	-2.242	5.04936e-05	0	0.0322611	0	0	-3.30597	
59.22	0.337	0.103	-0.000431362	0	-2.242	5.04198e-05	0	0.0322611	0	0	-3.30597	
59.23	0.337	0.103	-0.000430731	0	-2.242	5.0346e-05	0	0.0322611	0	0	-3.30597	
59.24	0.337	0.103	-0.000430101	0	-2.242	5.02724e-05	0	0.0322611	0	0	-3.30597	
59.25	0.337	0.103	-0.000429473	0	-2.242	5.01989e-05	0	0.0322611	0	0	-3.30597	
59.26	0.337	0.103	-0.000428845	0	-2.242	5.01255e-05	0	0.0322611	0	0	-3.30597	
59.27	0.337	0.103	-0.000428218	0	-2.242	5.00523e-05	0	0.0322611	0	0	-3.30597	
59.28	0.337	0.103	-0.000427591	0	-2.242	4.99791e-05	0	0.0322611	0	0	-3.30597	
59.29	0.337	0.103	-0.000426966	0	-2.242	4.9906e-05	0	0.0322611	0	0	-3.30597	
59.3	0.337	0.103	-0.000426342	0	-2.242	4.9833e-05	0	0.0322611	0	0	-3.30597	
59.31	0.337	0.103	-0.000425719	0	-2.242	4.97602e-05	0	0.0322611	0	0	-3.30597	
59.32	0.337	0.103	-0.000425096	0	-2.242	4.96874e-05	0	0.0322611	0	0	-3.30597	
59.33	0.337	0.103	-0.000424475	0	-2.242	4.96148e-05	0	0.0322611	0	0	-3.30597	
59.34	0.337	0.103	-0.000423854	0	-2.242	4.95422e-05	0	0.0322611	0	0	-3.30597	
59.35	0.337	0.103	-0.000423234	0	-2.242	4.94698e-05	0	0.0322611	0	0	-3.30597	
59.36	0.337	0.103	-0.000422616	0	-2.242	4.93975e-05	0	0.0322611	0	0	-3.30597	
59.37	0.337	0.103	-0.000421998	0	-2.242	4.93252e-05	0	0.0322611	0	0	-3.30597	
59.38	0.337	0.103	-0.000421381	0	-2.242	4.92531e-05	0	0.0322611	0	0	-3.30597	
59.39	0.337	0.103	-0.000420765	0	-2.242	4.91811e-05	0	0.0322611	0	0	-3.30597	
59.4	0.337	0.103	-0.000420149	0	-2.242	4.91092e-05	0	0.0322611	0	0	-3.30597	
59.41	0.337	0.103	-0.000419535	0	-2.242	4.90374e-05	0	0.0322611	0	0	-3.30597	
59.42	0.337	0.103	-0.000418922	0	-2.242	4.89657e-05	0	0.0322611	0	0	-3.30597	
59.43	0.337	0.103	-0.000418309	0	-2.242	4.88941e-05	0	0.0322611	0	0	-3.30597	
59.44	0.337	0.103	-0.000417698	0	-2.242	4.88226e-05	0	0.0322611	0	0	-3.30597	
59.45	0.337	0.103	-0.000417087	0	-2.242	4.87512e-05	0	0.0322611	0	0	-3.30597	
59.46	0.337	0.103	-0.000416477	0	-2.242	4.868e-05	0	0.0322611	0	0	-3.30597	
59.47	0.337	0.103	-0.000415868	0	-2.242	4.86088e-05	0	0.0322611	0	0	-3.30597	
59.48	0.337	0.103	-0.00041526	0	-2.242	4.85377e-05	0	0.0322611	0	0	-3.30597	
59.49	0.337	0.103	-0.000414653	0	-2.242	4.84668e-05	0	0.0322611	0	0	-3.30597	
59.5	0.337	0.103	-0.000414047	0	-2.242	4.83959e-05	0	0.0322611	0	0	-3.30597	
59.51	0.337	0.103	-0.000413441	0	-2.242	4.83251e-05	0	0.0322611	0	0	-3.30597	
59.52	0.337	0.103	-0.000412837	0	-2.242	4.82545e-05	0	0.0322611	0	0	-3.30597	
59.53	0.337	0.103	-0.000412233	0	-2.242	4.81839e-05	0	0.0322611	0	0	-3.30597	
59.54	0.337	0.103	-0.000411631	0	-2.242	4.81135e-05	0	0.0322611	0	0	-3.30597	
59.55	0.337	0.103	-0.000411029	0	-2.242	4.80431e-05	0	0.0322611	0	0	-3.30597	
59.56	0.337	0.103	-0.000410428	0	-2.242	4.79729e-05	0	0.0322611	0	0	-3.30597	
59.57	0.337	0.103	-0.000409828	0	-2.242	4.79028e-05	0	0.0322611	0	0	-3.30597	
59.58	0.337	0.103	-0.000409228	0	-2.242	4.78327e-05	0	0.0322611	0	0	-3.30597	
59.59	0.337	0.103	-0.00040863	0	-2.242	4.77628e-05	0	0.0322611	0	0	-3.30597	
59.6	0.337	0.103	-0.000408033	0	-2.242	4.76929e-05	0	0.0322611	0	0	-3.30597	
59.61	0.337	0.103	-0.000407436	0	-2.242	4.76232e-05	0	0.0322611	0	0	-3.30597	
59.62	0.337	0.103	-0.00040684	0	-2.242	4.75536e-05	0	0.0322611	0	0	-3.30597	
59.63	0.337	0.103	-0.000406246	0	-2.242	4.74841e-05	0	0.0322611	0	0	-3.30597	
59.64	0.337	0.103	-0.000405652	0	-2.242	4.74146e-05	0	0.0322611	0	0	-3.30597	
59.65	0.337	0.103	-0.000405059	0	-2.242	4.73453e-05	0	0.0322611	0	0	-3.30597	
59.66	0.337	0.103	-0.000404466	0	-2.242	4.72761e-05	0	0.0322611	0	0	-3.30597	
59.67	0.337	0.103	-0.000403875	0	-2.242	4.7207e-05	0	0.0322611	0	0	-3.30597	
59.68	0.337	0.103	-0.000403284	0	-2.242	4.71379e-05	0	0.0322611	0	0	-3.30597	
59.69	0.337	0.103	-0.000402695	0	-2.242	4.7069e-05	0	0.0322611	0	0	-3.30597	
59.7	0.337	0.103	-0.000402106	0	-2.242	4.70002e-05	0	0.0322611	0	0	-3.30597	
59.71	0.337	0.103	-0.000401518	0	-2.242	4.69315e-05	0	0.0322611	0	0	-3.30597	
59.72	0.337	0.103	-0.000400931	0	-2.242	4.68629e-05	0	0.0322611	0	0	-3.30597	
59.73	0.337	0.103	-0.000400345	0	-2.242	4.67944e-05	0	0.0322611	0	0	-3.30597	
59.74	0.337	0.103	-0.00039976	0	-2.242	4.67259e-05	0	0.0322611	0	0	-3.30597	
59.75	0.337	0.103	-0.000399175	0	-2.242	4.66576e-05	0	0.0322611	0	0	-3.30597	
59.76	0.337	0.103	-0.000398591	0	-2.242	4.65894e-05	0	0.0322611	0	0	-3.30597	
59.77	0.337	0.103	-0.000398009	0	-2.242	4.65213e-05	0	0.0322611	0	0	-3.30597	
59.78	0.337	0.103	-0.000397427	0	-2.242	4.64533e-05	0	0.0322611	0	0	-3.30597	
59.79	0.337	0.103	-0.000396846	0	-2.242	4.63853e-05	0	0.0322611	0	0	-3.30597	
59.8	0.337	0.103	-0.000396265	0	-2.242	4.63175e-05	0	0.0322611	0	0	-3.30597	
59.81	0.337	0.103	-0.000395686	0	-2.242	4.62498e-05	0	0.0322611	0	0	-3.30597	
59.82	0.337	0.103	-0.000395108	0	-2.242	4.61822e-05	0	0.0322611	0	0	-3.30597	
59.83	0.337	0.103	-0.00039453	0	-2.242	4.61147e-05	0	0.0322611	0	0	-3.30597	
59.84	0.337	0.103	-0.000393953	0	-2.242	4.60472e-05	0	0.0322611	0	0	-3.30597	
59.85	0.337	0.103	-0.000393377	0	-2.242	4.59799e-05	0	0.0322611	0	0	-3.30597	
59.86	0.337	0.103	-0.000392802	0	-2.242	4.59127e-05	0	0.0322611	0	0	-3.30597	
59.87	0.337	0.103	-0.000392228	0	-2.242	4.58456e-05	0	0.0322611	0	0	-3.30597	
59.88	0.337	0.103	-0.000391654	0	-2.242	4.57785e-05	0	0.0322611	0	0	-3.30597	
59.89	0.337	0.103	-0.000391081	0	-2.242	4.57116e-05	0	0.0322611	0	0	-3.30597	
59.9	0.337	0.103	-0.00039051	0	-2.242	4.56448e-05	0	0.0322611	0	0	-3.30597	
59.91	0.337	0.103	-0.000389939	0	-2.242	4.5578e-05	0	0.0322611	0	0	-3.30597	
59.92	0.337	0.103	-0.000389369	0	-2.242	4.55114e-05	0	0.0322611	0	0	-3.30597	
59.93	0.337	0.103	-0.000388799	0	-2.242	4.54448e-05	0	0.0322611	0	0	-3.30597	
59.94	0.337	0.103	-0.000388231	0	-2.242	4.53784e-05	0	0.0322611	0	0	-3.30597	
59.95	0.337	0.103	-0.000387663	0	-2.242	4.53121e-05	0	0.0322611	0	0	-3.30597	
59.96	0.337	0.103	-0.000387096	0	-2.242	4.52458e-05	0	0.0322611	0	0	-3.30597	
59.97	0.337	0.103	-0.00038653	0	-2.242	4.51797e-05	0	0.0322611	0	0	-3.30597	
59.98	0.337	0.103	-0.000385965	0	-2.242	4.51136e-05	0	0.0322611	0	0	-3.30597	
59.99	0.337	0.103	-0.000385401	0	-2.242	4.50476e-05	0	0.0322611	0	0	-3.30597	
60	0.337	0.103	-0.000384838	0	-2.242	4.49818e-05	0	0.0322611	0	0	-3.30597	
60.01	0.337	0.103	-0.000384275	0	-2.242	4.4916e-05	0	0.0322611	0	0	-3.30597	
60.02	0.337	0.103	-0.000383713	0	-2.242	4.48503e-05	0	0.0322611	0	0	-3.30597	
60.03	0.337	0.103	-0.000383152	0	-2.242	4.47848e-05	0	0.0322611	0	0	-3.30597	
60.04	0.337	0.103	-0.000382592	0	-2.242	4.47193e-05	0	0.0322611	0	0	-3.30597	
60.05	0.337	0.103	-0.000382032	0	-2.242	4.46539e-05	0	0.0322611	0	0	-3.30597	
60.06	0.337	0.103	-0.000381474	0	-2.242	4.45886e-05	0	0.0322611	0	0	-3.30597	
60.07	0.337	0.103	-0.000380916	0	-2.242	4.45234e-05	0	0.0322611	0	0	-3.30597	
60.08	0.337	0.103	-0.000380359	0	-2.242	4.44583e-05	0	0.0322611	0	0	-3.30597	
60.09	0.337	0.103	-0.000379803	0	-2.242	4.43933e-05	0	0.0322611	0	0	-3.30597	
60.1	0.337	0.103	-0.000379248	0	-2.242	4.43284e-05	0	0.0322611	0	0	-3.30597	
60.11	0.337	0.103	-0.000378693	0	-2.242	4.42636e-05	0	0.0322611	0	0	-3.30597	
60.12	0.337	0.103	-0.00037814	0	-2.242	4.41989e-05	0	0.0322611	0	0	-3.30597	
60.13	0.337	0.103	-0.000377587	0	-2.242	4.41343e-05	0	0.0322611	0	0	-3.30597	
60.14	0.337	0.103	-0.000377035	0	-2.242	4.40697e-05	0	0.0322611	0	0	-3.30597	
60.15	0.337	0.103	-0.000376483	0	-2.242	4.40053e-05	0	0.0322611	0	0	-3.30597	
60.16	0.337	0.103	-0.000375933	0	-2.242	4.3941e-05	0	0.0322611	0	0	-3.30597	
60.17	0.337	0.103	-0.000375383	0	-2.242	4.38767e-05	0	0.0322611	0	0	-3.30597	
60.18	0.337	0.103	-0.000374834	0	-2.242	4.38126e-05	0	0.0322611	0	0	-3.30597	
60.19	0.337	0.103	-0.000374286	0	-2.242	4.37485e-05	0	0.0322611	0	0	-3.30597	
60.2	0.337	0.103	-0.000373739	0	-2.242	4.36845e-05	0	0.0322611	0	0	-3.30597	
60.21	0.337	0.103	-0.000373193	0	-2.242	4.36207e-05	0	0.0322611	0	0	-3.30597	
60.22	0.337	0.103	-0.000372647	0	-2.242	4.35569e-05	0	0.0322611	0	0	-3.30597	
60.23	0.337	0.103	-0.000372102	0	-2.242	4.34932e-05	0	0.0322611	0	0	-3.30597	
60.24	0.337	0.103	-0.000371558	0	-2.242	4.34296e-05	0	0.0322611	0	0	-3.30597	
60.25	0.337	0.103	-0.000371015	0	-2.242	4.33661e-05	0	0.0322611	0	0	-3.30597	
60.26	0.337	0.103	-0.000370473	0	-2.242	4.33027e-05	0	0.0322611	0	0	-3.30597	
60.27	0.337	0.103	-0.000369931	0	-2.242	4.32394e-05	0	0.0322611	0	0	-3.30597	
60.28	0.337	0.103	-0.00036939	0	-2.242	4.31762e-05	0	0.0322611	0	0	-3.30597	
60.29	0.337	0.103	-0.00036885	0	-2.242	4.31131e-05	0	0.0322611	0	0	-3.30597	
60.3	0.337	0.103	-0.000368311	0	-2.242	4.305e-05	0	0.0322611	0	0	-3.30597	
60.31	0.337	0.103	-0.000367772	0	-2.242	4.29871e-05	0	0.0322611	0	0	-3.30597	
60.32	0.337	0.103	-0.000367234	0	-2.242	4.29242e-05	0	0.0322611	0	0	-3.30597	
60.33	0.337	0.103	-0.000366697	0	-2.242	4.28615e-05	0	0.0322611	0	0	-3.30597	
60.34	0.337	0.103	-0.000366161	0	-2.242	4.27988e-05	0	0.0322611	0	0	-3.30597	
60.35	0.337	0.103	-0.000365626	0	-2.242	4.27362e-05	0	0.0322611	0	0	-3.30597	
60.36	0.337	0.103	-0.000365091	0	-2.242	4.26737e-05	0	0.0322611	0	0	-3.30597	
60.37	0.337	0.103	-0.000364558	0	-2.242	4.26114e-05	0	0.0322611	0	0	-3.30597	
60.38	0.337	0.103	-0.000364025	0	-2.242	4.25491e-05	0	0.0322611	0	0	-3.30597	
60.39	0.337	0.103	-0.000363492	0	-2.242	4.24868e-05	0	0.0322611	0	0	-3.30597	
60.4	0.337	0.103	-0.000362961	0	-2.242	4.24247e-05	0	0.0322611	0	0	-3.30597	
60.41	0.337	0.103	-0.00036243	0	-2.242	4.23627e-05	0	0.0322611	0	0	-3.30597	
60.42	0.337	0.103	-0.0003619	0	-2.242	4.23008e-05	0	0.0322611	0	0	-3.30597	
60.43	0.337	0.103	-0.000361371	0	-2.242	4.22389e-05	0	0.0322611	0	0	-3.30597	
60.44	0.337	0.103	-0.000360843	0	-2.242	4.21772e-05	0	0.0322611	0	0	-3.30597	
60.45	0.337	0.103	-0.000360315	0	-2.242	4.21155e-05	0	0.0322611	0	0	-3.30597	
60.46	0.337	0.103	-0.000359788	0	-2.242	4.20539e-05	0	0.0322611	0	0	-3.30597	
60.47	0.337	0.103	-0.000359262	0	-2.242	4.19924e-05	0	0.0322611	0	0	-3.30597	
60.48	0.337	0.103	-0.000358737	0	-2.242	4.1931e-05	0	0.0322611	0	0	-3.30597	
60.49	0.337	0.103	-0.000358213	0	-2.242	4.18697e-05	0	0.0322611	0	0	-3.30597	
60.5	0.337	0.103	-0.000357689	0	-2.242	4.18085e-05	0	0.0322611	0	0	-3.30597	
60.51	0.337	0.103	-0.000357166	0	-2.242	4.17474e-05	0	0.0322611	0	0	-3.30597	
60.52	0.337	0.103	-0.000356644	0	-2.242	4.16863e-05	0	0.0322611	0	0	-3.30597	
60.53	0.337	0.103	-0.000356122	0	-2.242	4.16254e-05	0	0.0322611	0	0	-3.30597	
60.54	0.337	0.103	-0.000355602	0	-2.242	4.15645e-05	0	0.0322611	0	0	-3.30597	
60.55	0.337	0.103	-0.000355082	0	-2.242	4.15038e-05	0	0.0322611	0	0	-3.30597	
60.56	0.337	0.103	-0.000354563	0	-2.242	4.14431e-05	0	0.0322611	0	0	-3.30597	
60.57	0.337	0.103	-0.000354044	0	-2.242	4.13825e-05	0	0.0322611	0	0	-3.30597	
60.58	0.337	0.103	-0.000353526	0	-2.242	4.1322e-05	0	0.0322611	0	0	-3.30597	
60.59	0.337	0.103	-0.00035301	0	-2.242	4.12616e-05	0	0.0322611	0	0	-3.30597	
60.6	0.337	0.103	-0.000352493	0	-2.242	4.12012e-05	0	0.0322611	0	0	-3.30597	
60.61	0.337	0.103	-0.000351978	0	-2.242	4.1141e-05	0	0.0322611	0	0	-3.30597	
60.62	0.337	0.103	-0.000351463	0	-2.242	4.10808e-05	0	0.0322611	0	0	-3.30597	
60.63	0.337	0.103	-0.00035095	0	-2.242	4.10208e-05	0	0.0322611	0	0	-3.30597	
60.64	0.337	0.103	-0.000350436	0	-2.242	4.09608e-05	0	0.0322611	0	0	-3.30597	
60.65	0.337	0.103	-0.000349924	0	-2.242	4.09009e-05	0	0.0322611	0	0	-3.30597	
60.66	0.337	0.103	-0.000349412	0	-2.242	4.08411e-05	0	0.0322611	0	0	-3.30597	
60.67	0.337	0.103	-0.000348902	0	-2.242	4.07814e-05	0	0.0322611	0	0	-3.30597	
60.68	0.337	0.103	-0.000348391	0	-2.242	4.07218e-05	0	0.0322611	0	0	-3.30597	
60.69	0.337	0.103	-0.000347882	0	-2.242	4.06622e-05	0	0.0322611	0	0	-3.30597	
60.7	0.337	0.103	-0.000347373	0	-2.242	4.06028e-05	0	0.0322611	0	0	-3.30597	
60.71	0.337	0.103	-0.000346866	0	-2.242	4.05434e-05	0	0.0322611	0	0	-3.30597	
60.72	0.337	0.103	-0.000346358	0	-2.242	4.04841e-05	0	0.0322611	0	0	-3.30597	
60.73	0.337	0.103	-0.000345852	0	-2.242	4.0425e-05	0	0.0322611	0	0	-3.30597	
60.74	0.337	0.103	-0.000345346	0	-2.242	4.03658e-05	0	0.0322611	0	0	-3.30597	
60.75	0.337	0.103	-0.000344841	0	-2.242	4.03068e-05	0	0.0322611	0	0	-3.30597	
60.76	0.337	0.103	-0.000344337	0	-2.242	4.02479e-05	0	0.0322611	0	0	-3.30597	
60.77	0.337	0.103	-0.000343834	0	-2.242	4.01891e-05	0	0.0322611	0	0	-3.30597	
60.78	0.337	0.103	-0.000343331	0	-2.242	4.01303e-05	0	0.0322611	0	0	-3.30597	
60.79	0.337	0.103	-0.000342829	0	-2.242	4.00716e-05	0	0.0322611	0	0	-3.30597	
60.8	0.337	0.103	-0.000342328	0	-2.242	4.0013e-05	0	0.0322611	0	0	-3.30597	
60.81	0.337	0.103	-0.000341827	0	-2.242	3.99545e-05	0	0.0322611	0	0	-3.30597	
60.82	0.337	0.103	-0.000341328	0	-2.242	3.98961e-05	0	0.0322611	0	0	-3.30597	
60.83	0.337	0.103	-0.000340829	0	-2.242	3.98378e-05	0	0.0322611	0	0	-3.30597	
60.84	0.337	0.103	-0.00034033	0	-2.242	3.97795e-05	0	0.0322611	0	0	-3.30597	
60.85	0.337	0.103	-0.000339833	0	-2.242	3.97214e-05	0	0.0322611	0	0	-3.30597	
60.86	0.337	0.103	-0.000339336	0	-2.242	3.96633e-05	0	0.0322611	0	0	-3.30597	
60.87	0.337	0.103	-0.00033884	0	-2.242	3.96053e-05	0	0.0322611	0	0	-3.30597	
60.88	0.337	0.103	-0.000338344	0	-2.242	3.95474e-05	0	0.0322611	0	0	-3.30597	
60.89	0.337	0.103	-0.00033785	0	-2.242	3.94896e-05	0	0.0322611	0	0	-3.30597	
60.9	0.337	0.103	-0.000337356	0	-2.242	3.94318e-05	0	0.0322611	0	0	-3.30597	
60.91	0.337	0.103	-0.000336862	0	-2.242	3.93742e-05	0	0.0322611	0	0	-3.30597	
60.92	0.337	0.103	-0.00033637	0	-2.242	3.93166e-05	0	0.0322611	0	0	-3.30597	
60.93	0.337	0.103	-0.000335878	0	-2.242	3.92591e-05	0	0.0322611	0	0	-3.30597	
60.94	0.337	0.103	-0.000335387	0	-2.242	3.92017e-05	0	0.0322611	0	0	-3.30597	
60.95	0.337	0.103	-0.000334897	0	-2.242	3.91444e-05	0	0.0322611	0	0	-3.30597	
60.96	0.337	0.103	-0.000334407	0	-2.242	3.90872e-05	0	0.0322611	0	0	-3.30597	
60.97	0.337	0.103	-0.000333918	0	-2.242	3.903e-05	0	0.0322611	0	0	-3.30597	
60.98	0.337	0.103	-0.00033343	0	-2.242	3.8973e-05	0	0.0322611	0	0	-3.30597	
60.99	0.337	0.103	-0.000332942	0	-2.242	3.8916e-05	0	0.0322611	0	0	-3.30597	
61	0.337	0.103	-0.000332455	0	-2.242	3.88591e-05	0	0.0322611	0	0	-3.30597	
61.01	0.337	0.103	-0.000331969	0	-2.242	3.88023e-05	0	0.0322611	0	0	-3.30597	
61.02	0.337	0.103	-0.000331484	0	-2.242	3.87455e-05	0	0.0322611	0	0	-3.30597	
61.03	0.337	0.103	-0.000330999	0	-2.242	3.86889e-05	0	0.0322611	0	0	-3.30597	
61.04	0.337	0.103	-0.000330515	0	-2.242	3.86323e-05	0	0.0322611	0	0	-3.30597	
61.05	0.337	0.103	-0.000330032	0	-2.242	3.85758e-05	0	0.0322611	0	0	-3.30597	
61.06	0.337	0.103	-0.00032955	0	-2.242	3.85194e-05	0	0.0322611	0	0	-3.30597	
61.07	0.337	0.103	-0.000329068	0	-2.242	3.84631e-05	0	0.0322611	0	0	-3.30597	
61.08	0.337	0.103	-0.000328587	0	-2.242	3.84069e-05	0	0.0322611	0	0	-3.30597	
61.09	0.337	0.103	-0.000328106	0	-2.242	3.83507e-05	0	0.0322611	0	0	-3.30597	
61.1	0.337	0.103	-0.000327627	0	-2.242	3.82947e-05	0	0.0322611	0	0	-3.30597	
61.11	0.337	0.103	-0.000327148	0	-2.242	3.82387e-05	0	0.0322611	0	0	-3.30597	
61.12	0.337	0.103	-0.000326669	0	-2.242	3.81828e-05	0	0.0322611	0	0	-3.30597	
61.13	0.337	0.103	-0.000326192	0	-2.242	3.81269e-05	0	0.0322611	0	0	-3.30597	
61.14	0.337	0.103	-0.000325715	0	-2.242	3.80712e-05	0	0.0322611	0	0	-3.30597	
61.15	0.337	0.103	-0.000325238	0	-2.242	3.80155e-05	0	0.0322611	0	0	-3.30597	
61.16	0.337	0.103	-0.000324763	0	-2.242	3.79599e-05	0	0.0322611	0	0	-3.30597	
61.17	0.337	0.103	-0.000324288	0	-2.242	3.79044e-05	0	0.0322611	0	0	-3.30597	
61.18	0.337	0.103	-0.000323814	0	-2.242	3.7849e-05	0	0.0322611	0	0	-3.30597	
61.19	0.337	0.103	-0.000323341	0	-2.242	3.77937e-05	0	0.0322611	0	0	-3.30597	
61.2	0.337	0.103	-0.000322868	0	-2.242	3.77384e-05	0	0.0322611	0	0	-3.30597	
61.21	0.337	0.103	-0.000322396	0	-2.242	3.76833e-05	0	0.0322611	0	0	-3.30597	
61.22	0.337	0.103	-0.000321924	0	-2.242	3.76282e-05	0	0.0322611	0	0	-3.30597	
61.23	0.337	0.103	-0.000321454	0	-2.242	3.75731e-05	0	0.0322611	0	0	-3.30597	
61.24	0.337	0.103	-0.000320984	0	-2.242	3.75182e-05	0	0.0322611	0	0	-3.30597	
61.25	0.337	0.103	-0.000320514	0	-2.242	3.74634e-05	0	0.0322611	0	0	-3.30597	
61.26	0.337	0.103	-0.000320046	0	-2.242	3.74086e-05	0	0.0322611	0	0	-3.30597	
61.27	0.337	0.103	-0.000319578	0	-2.242	3.73539e-05	0	0.0322611	0	0	-3.30597	
61.28	0.337	0.103	-0.000319111	0	-2.242	3.72993e-05	0	0.0322611	0	0	-3.30597	
61.29	0.337	0.103	-0.000318644	0	-2.242	3.72447e-05	0	0.0322611	0	0	-3.30597	
61.3	0.337	0.103	-0.000318178	0	-2.242	3.71903e-05	0	0.0322611	0	0	-3.30597	
61.31	0.337	0.103	-0.000317713	0	-2.242	3.71359e-05	0	0.0322611	0	0	-3.30597	
61.32	0.337	0.103	-0.000317248	0	-2.242	3.70816e-05	0	0.0322611	0	0	-3.30597	
61.33	0.337	0.103	-0.000316785	0	-2.242	3.70274e-05	0	0.0322611	0	0	-3.30597	
61.34	0.337	0.103	-0.000316321	0	-2.242	3.69733e-05	0	0.0322611	0	0	-3.30597	
61.35	0.337	0.103	-0.000315859	0	-2.242	3.69192e-05	0	0.0322611	0	0	-3.30597	
61.36	0.337	0.103	-0.000315397	0	-2.242	3.68652e-05	0	0.0322611	0	0	-3.30597	
61.37	0.337	0.103	-0.000314936	0	-2.242	3.68113e-05	0	0.0322611	0	0	-3.30597	
61.38	0.337	0.103	-0.000314475	0	-2.242	3.67575e-05	0	0.0322611	0	0	-3.30597	
61.39	0.337	0.103	-0.000314016	0	-2.242	3.67038e-05	0	0.0322611	0	0	-3.30597	
61.4	0.337	0.103	-0.000313557	0	-2.242	3.66501e-05	0	0.0322611	0	0	-3.30597	
61.41	0.337	0.103	-0.000313098	0	-2.242	3.65965e-05	0	0.0322611	0	0	-3.30597	
61.42	0.337	0.103	-0.00031264	0	-2.242	3.6543e-05	0	0.0322611	0	0	-3.30597	
61.43	0.337	0.103	-0.000312183	0	-2.242	3.64896e-05	0	0.0322611	0	0	-3.30597	
61.44	0.337	0.103	-0.000311727	0	-2.242	3.64362e-05	0	0.0322611	0	0	-3.30597	
61.45	0.337	0.103	-0.000311271	0	-2.242	3.63829e-05	0	0.0322611	0	0	-3.30597	
61.46	0.337	0.103	-0.000310816	0	-2.242	3.63298e-05	0	0.0322611	0	0	-3.30597	
61.47	0.337	0.103	-0.000310361	0	-2.242	3.62766e-05	0	0.0322611	0	0	-3.30597	
61.48	0.337	0.103	-0.000309908	0	-2.242	3.62236e-05	0	0.0322611	0	0	-3.30597	
61.49	0.337	0.103	-0.000309455	0	-2.242	3.61706e-05	0	0.0322611	0	0	-3.30597	
61.5	0.337	0.103	-0.000309002	0	-2.242	3.61177e-05	0	0.0322611	0	0	-3.30597	
61.51	0.337	0.103	-0.00030855	0	-2.242	3.60649e-05	0	0.0322611	0	0	-3.30597	
61.52	0.337	0.103	-0.000308099	0	-2.242	3.60122e-05	0	0.0322611	0	0	-3.30597	
61.53	0.337	0.103	-0.000307649	0	-2.242	3.59596e-05	0	0.0322611	0	0	-3.30597	
61.54	0.337	0.103	-0.000307199	0	-2.242	3.5907e-05	0	0.0322611	0	0	-3.30597	
61.55	0.337	0.103	-0.00030675	0	-2.242	3.58545e-05	0	0.0322611	0	0	-3.30597	
61.56	0.337	0.103	-0.000306301	0	-2.242	3.58021e-05	0	0.0322611	0	0	-3.30597	
61.57	0.337	0.103	-0.000305853	0	-2.242	3.57497e-05	0	0.0322611	0	0	-3.30597	
61.58	0.337	0.103	-0.000305406	0	-2.242	3.56974e-05	0	0.0322611	0	0	-3.30597	
61.59	0.337	0.103	-0.00030496	0	-2.242	3.56453e-05	0	0.0322611	0	0	-3.30597	
61.6	0.337	0.103	-0.000304514	0	-2.242	3.55931e-05	0	0.0322611	0	0	-3.30597	
61.61	0.337	0.103	-0.000304069	0	-2.242	3.55411e-05	0	0.0322611	0	0	-3.30597	
61.62	0.337	0.103	-0.000303624	0	-2.242	3.54891e-05	0	0.0322611	0	0	-3.30597	
61.63	0.337	0.103	-0.00030318	0	-2.242	3.54372e-05	0	0.0322611	0	0	-3.30597	
61.64	0.337	0.103	-0.000302737	0	-2.242	3.53854e-05	0	0.0322611	0	0	-3.30597	
61.65	0.337	0.103	-0.000302294	0	-2.242	3.53337e-05	0	0.0322611	0	0	-3.30597	
61.66	0.337	0.103	-0.000301852	0	-2.242	3.5282e-05	0	0.0322611	0	0	-3.30597	
61.67	0.337	0.103	-0.000301411	0	-2.242	3.52305e-05	0	0.0322611	0	0	-3.30597	
61.68	0.337	0.103	-0.00030097	0	-2.242	3.51789e-05	0	0.0322611	0	0	-3.30597	
61.69	0.337	0.103	-0.00030053	0	-2.242	3.51275e-05	0	0.0322611	0	0	-3.30597	
61.7	0.337	0.103	-0.000300091	0	-2.242	3.50761e-05	0	0.0322611	0	0	-3.30597	
61.71	0.337	0.103	-0.000299652	0	-2.242	3.50249e-05	0	0.0322611	0	0	-3.30597	
61.72	0.337	0.103	-0.000299214	0	-2.242	3.49737e-05	0	0.0322611	0	0	-3.30597	
61.73	0.337	0.103	-0.000298776	0	-2.242	3.49225e-05	0	0.0322611	0	0	-3.30597	
61.74	0.337	0.103	-0.00029834	0	-2.242	3.48715e-05	0	0.0322611	0	0	-3.30597	
61.75	0.337	0.103	-0.000297903	0	-2.242	3.48205e-05	0	0.0322611	0	0	-3.30597	
61.76	0.337	0.103	-0.000297468	0	-2.242	3.47696e-05	0	0.0322611	0	0	-3.30597	
61.77	0.337	0.103	-0.000297033	0	-2.242	3.47187e-05	0	0.0322611	0	0	-3.30597	
61.78	0.337	0.103	-0.000296599	0	-2.242	3.4668e-05	0	0.0322611	0	0	-3.30597	
61.79	0.337	0.103	-0.000296165	0	-2.242	3.46173e-05	0	0.0322611	0	0	-3.30597	
61.8	0.337	0.103	-0.000295732	0	-2.242	3.45667e-05	0	0.0322611	0	0	-3.30597	
61.81	0.337	0.103	-0.0002953	0	-2.242	3.45161e-05	0	0.0322611	0	0	-3.30597	
61.82	0.337	0.103	-0.000294868	0	-2.242	3.44657e-05	0	0.0322611	0	0	-3.30597	
61.83	0.337	0.103	-0.000294437	0	-2.242	3.44153e-05	0	0.0322611	0	0	-3.30597	
61.84	0.337	0.103	-0.000294006	0	-2.242	3.4365e-05	0	0.0322611	0	0	-3.30597	
61.85	0.337	0.103	-0.000293576	0	-2.242	3.43147e-05	0	0.0322611	0	0	-3.30597	
61.86	0.337	0.103	-0.000293147	0	-2.242	3.42645e-05	0	0.0322611	0	0	-3.30597	
61.87	0.337	0.103	-0.000292719	0	-2.242	3.42144e-05	0	0.0322611	0	0	-3.30597	
61.88	0.337	0.103	-0.000292291	0	-2.242	3.41644e-05	0	0.0322611	0	0	-3.30597	
61.89	0.337	0.103	-0.000291863	0	-2.242	3.41145e-05	0	0.0322611	0	0	-3.30597	
61.9	0.337	0.103	-0.000291437	0	-2.242	3.40646e-05	0	0.0322611	0	0	-3.30597	
61.91	0.337	0.103	-0.00029101	0	-2.242	3.40148e-05	0	0.0322611	0	0	-3.30597	
61.92	0.337	0.103	-0.000290585	0	-2.242	3.3965e-05	0	0.0322611	0	0	-3.30597	
61.93	0.337	0.103	-0.00029016	0	-2.242	3.39154e-05	0	0.0322611	0	0	-3.30597	
61.94	0.337	0.103	-0.000289736	0	-2.242	3.38658e-05	0	0.0322611	0	0	-3.30597	
61.95	0.337	0.103	-0.000289312	0	-2.242	3.38163e-05	0	0.0322611	0	0	-3.30597	
61.96	0.337	0.103	-0.000288889	0	-2.242	3.37668e-05	0	0.0322611	0	0	-3.30597	
61.97	0.337	0.103	-0.000288467	0	-2.242	3.37175e-05	0	0.0322611	0	0	-3.30597	
61.98	0.337	0.103	-0.000288045	0	-2.242	3.36682e-05	0	0.0322611	0	0	-3.30597	
61.99	0.337	0.103	-0.000287624	0	-2.242	3.3619e-05	0	0.0322611	0	0	-3.30597	
62	0.337	0.103	-0.000287203	0	-2.242	3.35698e-05	0	0.0322611	0	0	-3.30597	
62.01	0.337	0.103	-0.000286783	0	-2.242	3.35207e-05	0	0.0322611	0	0	-3.30597	
62.02	0.337	0.103	-0.000286364	0	-2.242	3.34717e-05	0	0.0322611	0	0	-3.30597	
62.03	0.337	0.103	-0.000285945	0	-2.242	3.34228e-05	0	0.0322611	0	0	-3.30597	
62.04	0.337	0.103	-0.000285527	0	-2.242	3.33739e-05	0	0.0322611	0	0	-3.30597	
62.05	0.337	0.103	-0.00028511	0	-2.242	3.33251e-05	0	0.0322611	0	0	-3.30597	
62.06	0.337	0.103	-0.000284693	0	-2.242	3.32764e-05	0	0.0322611	0	0	-3.30597	
62.07	0.337	0.103	-0.000284277	0	-2.242	3.32277e-05	0	0.0322611	0	0	-3.30597	
62.08	0.337	0.103	-0.000283861	0	-2.242	3.31791e-05	0	0.0322611	0	0	-3.30597	
62.09	0.337	0.103	-0.000283446	0	-2.242	3.31306e-05	0	0.0322611	0	0	-3.30597	
62.1	0.337	0.103	-0.000283032	0	-2.242	3.30822e-05	0	0.0322611	0	0	-3.30597	
62.11	0.337	0.103	-0.000282618	0	-2.242	3.30338e-05	0	0.0322611	0	0	-3.30597	
62.12	0.337	0.103	-0.000282205	0	-2.242	3.29855e-05	0	0.0322611	0	0	-3.30597	
62.13	0.337	0.103	-0.000281792	0	-2.242	3.29373e-05	0	0.0322611	0	0	-3.30597	
62.14	0.337	0.103	-0.00028138	0	-2.242	3.28891e-05	0	0.0322611	0	0	-3.30597	
62.15	0.337	0.103	-0.000280969	0	-2.242	3.28411e-05	0	0.0322611	0	0	-3.30597	
62.16	0.337	0.103	-0.000280558	0	-2.242	3.2793e-05	0	0.0322611	0	0	-3.30597	
62.17	0.337	0.103	-0.000280148	0	-2.242	3.27451e-05	0	0.0322611	0	0	-3.30597	
62.18	0.337	0.103	-0.000279738	0	-2.242	3.26972e-05	0	0.0322611	0	0	-3.30597	
62.19	0.337	0.103	-0.000279329	0	-2.242	3.26494e-05	0	0.0322611	0	0	-3.30597	
62.2	0.337	0.103	-0.000278921	0	-2.242	3.26017e-05	0	0.0322611	0	0	-3.30597	
62.21	0.337	0.103	-0.000278513	0	-2.242	3.2554e-05	0	0.0322611	0	0	-3.30597	
62.22	0.337	0.103	-0.000278106	0	-2.242	3.25064e-05	0	0.0322611	0	0	-3.30597	
62.23	0.337	0.103	-0.000277699	0	-2.242	3.24589e-05	0	0.0322611	0	0	-3.30597	
62.24	0.337	0.103	-0.000277293	0	-2.242	3.24114e-05	0	0.0322611	0	0	-3.30597	
62.25	0.337	0.103	-0.000276888	0	-2.242	3.2364e-05	0	0.0322611	0	0	-3.30597	
62.26	0.337	0.103	-0.000276483	0	-2.242	3.23167e-05	0	0.0322611	0	0	-3.30597	
62.27	0.337	0.103	-0.000276079	0	-2.242	3.22695e-05	0	0.0322611	0	0	-3.30597	
62.28	0.337	0.103	-0.000275675	0	-2.242	3.22223e-05	0	0.0322611	0	0	-3.30597	
62.29	0.337	0.103	-0.000275272	0	-2.242	3.21752e-05	0	0.0322611	0	0	-3.30597	
62.3	0.337	0.103	-0.000274869	0	-2.242	3.21281e-05	0	0.0322611	0	0	-3.30597	
62.31	0.337	0.103	-0.000274468	0	-2.242	3.20812e-05	0	0.0322611	0	0	-3.30597	
62.32	0.337	0.103	-0.000274066	0	-2.242	3.20343e-05	0	0.0322611	0	0	-3.30597	
62.33	0.337	0.103	-0.000273666	0	-2.242	3.19874e-05	0	0.0322611	0	0	-3.30597	
62.34	0.337	0.103	-0.000273265	0	-2.242	3.19407e-05	0	0.0322611	0	0	-3.30597	
62.35	0.337	0.103	-0.000272866	0	-2.242	3.1894e-05	0	0.0322611	0	0	-3.30597	
62.36	0.337	0.103	-0.000272467	0	-2.242	3.18473e-05	0	0.0322611	0	0	-3.30597	
62.37	0.337	0.103	-0.000272069	0	-2.242	3.18008e-05	0	0.0322611	0	0	-3.30597	
62.38	0.337	0.103	-0.000271671	0	-2.242	3.17543e-05	0	0.0322611	0	0	-3.30597	
62.39	0.337	0.103	-0.000271274	0	-2.242	3.17078e-05	0	0.0322611	0	0	-3.30597	
62.4	0.337	0.103	-0.000270877	0	-2.242	3.16615e-05	0	0.0322611	0	0	-3.30597	
62.41	0.337	0.103	-0.000270481	0	-2.242	3.16152e-05	0	0.0322611	0	0	-3.30597	
62.42	0.337	0.103	-0.000270085	0	-2.242	3.1569e-05	0	0.0322611	0	0	-3.30597	
62.43	0.337	0.103	-0.000269691	0	-2.242	3.15228e-05	0	0.0322611	0	0	-3.30597	
62.44	0.337	0.103	-0.000269296	0	-2.242	3.14767e-05	0	0.0322611	0	0	-3.30597	
62.45	0.337	0.103	-0.000268902	0	-2.242	3.14307e-05	0	0.0322611	0	0	-3.30597	
62.46	0.337	0.103	-0.000268509	0	-2.242	3.13847e-05	0	0.0322611	0	0	-3.30597	
62.47	0.337	0.103	-0.000268117	0	-2.242	3.13389e-05	0	0.0322611	0	0	-3.30597	
62.48	0.337	0.103	-0.000267725	0	-2.242	3.1293e-05	0	0.0322611	0	0	-3.30597	
62.49	0.337	0.103	-0.000267333	0	-2.242	3.12473e-05	0	0.0322611	0	0	-3.30597	
62.5	0.337	0.103	-0.000266942	0	-2.242	3.12016e-05	0	0.0322611	0	0	-3.30597	
62.51	0.337	0.103	-0.000266552	0	-2.242	3.1156e-05	0	0.0322611	0	0	-3.30597	
62.52	0.337	0.103	-0.000266162	0	-2.242	3.11104e-05	0	0.0322611	0	0	-3.30597	
62.53	0.337	0.103	-0.000265773	0	-2.242	3.10649e-05	0	0.0322611	0	0	-3.30597	
62.54	0.337	0.103	-0.000265385	0	-2.242	3.10195e-05	0	0.0322611	0	0	-3.30597	
62.55	0.337	0.103	-0.000264997	0	-2.242	3.09742e-05	0	0.0322611	0	0	-3.30597	
62.56	0.337	0.103	-0.000264609	0	-2.242	3.09289e-05	0	0.0322611	0	0	-3.30597	
62.57	0.337	0.103	-0.000264222	0	-2.242	3.08837e-05	0	0.0322611	0	0	-3.30597	
62.58	0.337	0.103	-0.000263836	0	-2.242	3.08385e-05	0	0.0322611	0	0	-3.30597	
62.59	0.337	0.103	-0.00026345	0	-2.242	3.07934e-05	0	0.0322611	0	0	-3.30597	
62.6	0.337	0.103	-0.000263065	0	-2.242	3.07484e-05	0	0.0322611	0	0	-3.30597	
62.61	0.337	0.103	-0.00026268	0	-2.242	3.07034e-05	0	0.0322611	0	0	-3.30597	
62.62	0.337	0.103	-0.000262296	0	-2.242	3.06585e-05	0	0.0322611	0	0	-3.30597	
62.63	0.337	0.103	-0.000261913	0	-2.242	3.06137e-05	0	0.0322611	0	0	-3.30597	
62.64	0.337	0.103	-0.00026153	0	-2.242	3.0569e-05	0	0.0322611	0	0	-3.30597	
62.65	0.337	0.103	-0.000261148	0	-2.242	3.05243e-05	0	0.0322611	0	0	-3.30597	
62.66	0.337	0.103	-0.000260766	0	-2.242	3.04796e-05	0	0.0322611	0	0	-3.30597	
62.67	0.337	0.103	-0.000260384	0	-2.242	3.04351e-05	0	0.0322611	0	0	-3.30597	
62.68	0.337	0.103	-0.000260004	0	-2.242	3.03906e-05	0	0.0322611	0	0	-3.30597	
62.69	0.337	0.103	-0.000259624	0	-2.242	3.03461e-05	0	0.0322611	0	0	-3.30597	
62.7	0.337	0.103	-0.000259244	0	-2.242	3.03018e-05	0	0.0322611	0	0	-3.30597	
62.71	0.337	0.103	-0.000258865	0	-2.242	3.02575e-05	0	0.0322611	0	0	-3.30597	
62.72	0.337	0.103	-0.000258487	0	-2.242	3.02132e-05	0	0.0322611	0	0	-3.30597	
62.73	0.337	0.103	-0.000258109	0	-2.242	3.01691e-05	0	0.0322611	0	0	-3.30597	
62.74	0.337	0.103	-0.000257731	0	-2.242	3.01249e-05	0	0.0322611	0	0	-3.30597	
62.75	0.337	0.103	-0.000257354	0	-2.242	3.00809e-05	0	0.0322611	0	0	-3.30597	
62.76	0.337	0.103	-0.000256978	0	-2.242	3.00369e-05	0	0.0322611	0	0	-3.30597	
62.77	0.337	0.103	-0.000256602	0	-2.242	2.9993e-05	0	0.0322611	0	0	-3.30597	
62.78	0.337	0.103	-0.000256227	0	-2.242	2.99491e-05	0	0.0322611	0	0	-3.30597	
62.79	0.337	0.103	-0.000255853	0	-2.242	2.99054e-05	0	0.0322611	0	0	-3.30597	
62.8	0.337	0.103	-0.000255479	0	-2.242	2.98616e-05	0	0.0322611	0	0	-3.30597	
62.81	0.337	0.103	-0.000255105	0	-2.242	2.9818e-05	0	0.0322611	0	0	-3.30597	
62.82	0.337	0.103	-0.000254732	0	-2.242	2.97744e-05	0	0.0322611	0	0	-3.30597	
62.83	0.337	0.103	-0.00025436	0	-2.242	2.97308e-05	0	0.0322611	0	0	-3.30597	
62.84	0.337	0.103	-0.000253988	0	-2.242	2.96874e-05	0	0.0322611	0	0	-3.30597	
62.85	0.337	0.103	-0.000253616	0	-2.242	2.9644e-05	0	0.0322611	0	0	-3.30597	
62.86	0.337	0.103	-0.000253246	0	-2.242	2.96006e-05	0	0.0322611	0	0	-3.30597	
62.87	0.337	0.103	-0.000252875	0	-2.242	2.95573e-05	0	0.0322611	0	0	-3.30597	
62.88	0.337	0.103	-0.000252506	0	-2.242	2.95141e-05	0	0.0322611	0	0	-3.30597	
62.89	0.337	0.103	-0.000252136	0	-2.242	2.9471e-05	0	0.0322611	0	0	-3.30597	
62.9	0.337	0.103	-0.000251768	0	-2.242	2.94279e-05	0	0.0322611	0	0	-3.30597	
62.91	0.337	0.103	-0.0002514	0	-2.242	2.93849e-05	0	0.0322611	0	0	-3.30597	
62.92	0.337	0.103	-0.000251032	0	-2.242	2.93419e-05	0	0.0322611	0	0	-3.30597	
62.93	0.337	0.103	-0.000250665	0	-2.242	2.9299e-05	0	0.0322611	0	0	-3.30597	
62.94	0.337	0.103	-0.000250299	0	-2.242	2.92562e-05	0	0.0322611	0	0	-3.30597	
62.95	0.337	0.103	-0.000249933	0	-2.242	2.92134e-05	0	0.0322611	0	0	-3.30597	
62.96	0.337	0.103	-0.000249567	0	-2.242	2.91707e-05	0	0.0322611	0	0	-3.30597	
62.97	0.337	0.103	-0.000249202	0	-2.242	2.9128e-05	0	0.0322611	0	0	-3.30597	
62.98	0.337	0.103	-0.000248838	0	-2.242	2.90854e-05	0	0.0322611	0	0	-3.30597	
62.99	0.337	0.103	-0.000248474	0	-2.242	2.90429e-05	0	0.0322611	0	0	-3.30597	
63	0.337	0.103	-0.000248111	0	-2.242	2.90005e-05	0	0.0322611	0	0	-3.30597	
63.01	0.337	0.103	-0.000247748	0	-2.242	2.89581e-05	0	0.0322611	0	0	-3.30597	
63.02	0.337	0.103	-0.000247386	0	-2.242	2.89157e-05	0	0.0322611	0	0	-3.30597	
63.03	0.337	0.103	-0.000247024	0	-2.242	2.88734e-05	0	0.0322611	0	0	-3.30597	
63.04	0.337	0.103	-0.000246663	0	-2.242	2.88312e-05	0	0.0322611	0	0	-3.30597	
63.05	0.337	0.103	-0.000246302	0	-2.242	2.87891e-05	0	0.0322611	0	0	-3.30597	
63.06	0.337	0.103	-0.000245942	0	-2.242	2.8747e-05	0	0.0322611	0	0	-3.30597	
63.07	0.337	0.103	-0.000245583	0	-2.242	2.87049e-05	0	0.0322611	0	0	-3.30597	
63.08	0.337	0.103	-0.000245224	0	-2.242	2.8663e-05	0	0.0322611	0	0	-3.30597	
63.09	0.337	0.103	-0.000244865	0	-2.242	2.86211e-05	0	0.0322611	0	0	-3.30597	
63.1	0.337	0.103	-0.000244507	0	-2.242	2.85792e-05	0	0.0322611	0	0	-3.30597	
63.11	0.337	0.103	-0.000244149	0	-2.242	2.85374e-05	0	0.0322611	0	0	-3.30597	
63.12	0.337	0.103	-0.000243793	0	-2.242	2.84957e-05	0	0.0322611	0	0	-3.30597	
63.13	0.337	0.103	-0.000243436	0	-2.242	2.8454e-05	0	0.0322611	0	0	-3.30597	
63.14	0.337	0.103	-0.00024308	0	-2.242	2.84124e-05	0	0.0322611	0	0	-3.30597	
63.15	0.337	0.103	-0.000242725	0	-2.242	2.83709e-05	0	0.0322611	0	0	-3.30597	
63.16	0.337	0.103	-0.00024237	0	-2.242	2.83294e-05	0	0.0322611	0	0	-3.30597	
63.17	0.337	0.103	-0.000242015	0	-2.242	2.8288e-05	0	0.0322611	0	0	-3.30597	
63.18	0.337	0.103	-0.000241662	0	-2.242	2.82466e-05	0	0.0322611	0	0	-3.30597	
63.19	0.337	0.103	-0.000241308	0	-2.242	2.82053e-05	0	0.0322611	0	0	-3.30597	
63.2	0.337	0.103	-0.000240955	0	-2.242	2.81641e-05	0	0.0322611	0	0	-3.30597	
63.21	0.337	0.103	-0.000240603	0	-2.242	2.81229e-05	0	0.0322611	0	0	-3.30597	
63.22	0.337	0.103	-0.000240251	0	-2.242	2.80818e-05	0	0.0322611	0	0	-3.30597	
63.23	0.337	0.103	-0.0002399	0	-2.242	2.80408e-05	0	0.0322611	0	0	-3.30597	
63.24	0.337	0.103	-0.000239549	0	-2.242	2.79998e-05	0	0.0322611	0	0	-3.30597	
63.25	0.337	0.103	-0.000239199	0	-2.242	2.79588e-05	0	0.0322611	0	0	-3.30597	
63.26	0.337	0.103	-0.000238849	0	-2.242	2.79179e-05	0	0.0322611	0	0	-3.30597	
63.27	0.337	0.103	-0.0002385	0	-2.242	2.78771e-05	0	0.0322611	0	0	-3.30597	
63.28	0.337	0.103	-0.000238152	0	-2.242	2.78364e-05	0	0.0322611	0	0	-3.30597	
63.29	0.337	0.103	-0.000237803	0	-2.242	2.77957e-05	0	0.0322611	0	0	-3.30597	
63.3	0.337	0.103	-0.000237456	0	-2.242	2.7755e-05	0	0.0322611	0	0	-3.30597	
63.31	0.337	0.103	-0.000237108	0	-2.242	2.77144e-05	0	0.0322611	0	0	-3.30597	
63.32	0.337	0.103	-0.000236762	0	-2.242	2.76739e-05	0	0.0322611	0	0	-3.30597	
63.33	0.337	0.103	-0.000236416	0	-2.242	2.76335e-05	0	0.0322611	0	0	-3.30597	
63.34	0.337	0.103	-0.00023607	0	-2.242	2.75931e-05	0	0.0322611	0	0	-3.30597	
63.35	0.337	0.103	-0.000235725	0	-2.242	2.75527e-05	0	0.0322611	0	0	-3.30597	
63.36	0.337	0.103	-0.00023538	0	-2.242	2.75124e-05	0	0.0322611	0	0	-3.30597	
63.37	0.337	0.103	-0.000235036	0	-2.242	2.74722e-05	0	0.0322611	0	0	-3.30597	
63.38	0.337	0.103	-0.000234692	0	-2.242	2.7432e-05	0	0.0322611	0	0	-3.30597	
63.39	0.337	0.103	-0.000234349	0	-2.242	2.73919e-05	0	0.0322611	0	0	-3.30597	
63.4	0.337	0.103	-0.000234007	0	-2.242	2.73519e-05	0	0.0322611	0	0	-3.30597	
63.41	0.337	0.103	-0.000233664	0	-2.242	2.73119e-05	0	0.0322611	0	0	-3.30597	
63.42	0.337	0.103	-0.000233323	0	-2.242	2.7272e-05	0	0.0322611	0	0	-3.30597	
63.43	0.337	0.103	-0.000232982	0	-2.242	2.72321e-05	0	0.0322611	0	0	-3.30597	
63.44	0.337	0.103	-0.000232641	0	-2.242	2.71923e-05	0	0.0322611	0	0	-3.30597	
63.45	0.337	0.103	-0.000232301	0	-2.242	2.71525e-05	0	0.0322611	0	0	-3.30597	
63.46	0.337	0.103	-0.000231961	0	-2.242	2.71128e-05	0	0.0322611	0	0	-3.30597	
63.47	0.337	0.103	-0.000231622	0	-2.242	2.70732e-05	0	0.0322611	0	0	-3.30597	
63.48	0.337	0.103	-0.000231283	0	-2.242	2.70336e-05	0	0.0322611	0	0	-3.30597	
63.49	0.337	0.103	-0.000230945	0	-2.242	2.69941e-05	0	0.0322611	0	0	-3.30597	
63.5	0.337	0.103	-0.000230608	0	-2.242	2.69546e-05	0	0.0322611	0	0	-3.30597	
63.51	0.337	0.103	-0.00023027	0	-2.242	2.69152e-05	0	0.0322611	0	0	-3.30597	
63.52	0.337	0.103	-0.000229934	0	-2.242	2.68758e-05	0	0.0322611	0	0	-3.30597	
63.53	0.337	0.103	-0.000229598	0	-2.242	2.68365e-05	0	0.0322611	0	0	-3.30597	
63.54	0.337	0.103	-0.000229262	0	-2.242	2.67973e-05	0	0.0322611	0	0	-3.30597	
63.55	0.337	0.103	-0.000228927	0	-2.242	2.67581e-05	0	0.0322611	0	0	-3.30597	
63.56	0.337	0.103	-0.000228592	0	-2.242	2.6719e-05	0	0.0322611	0	0	-3.30597	
63.57	0.337	0.103	-0.000228258	0	-2.242	2.66799e-05	0	0.0322611	0	0	-3.30597	
63.58	0.337	0.103	-0.000227924	0	-2.242	2.66409e-05	0	0.0322611	0	0	-3.30597	
63.59	0.337	0.103	-0.000227591	0	-2.242	2.6602e-05	0	0.0322611	0	0	-3.30597	
63.6	0.337	0.103	-0.000227258	0	-2.242	2.65631e-05	0	0.0322611	0	0	-3.30597	
63.61	0.337	0.103	-0.000226926	0	-2.242	2.65242e-05	0	0.0322611	0	0	-3.30597	
63.62	0.337	0.103	-0.000226594	0	-2.242	2.64855e-05	0	0.0322611	0	0	-3.30597	
63.63	0.337	0.103	-0.000226263	0	-2.242	2.64467e-05	0	0.0322611	0	0	-3.30597	
63.64	0.337	0.103	-0.000225932	0	-2.242	2.64081e-05	0	0.0322611	0	0	-3.30597	
63.65	0.337	0.103	-0.000225602	0	-2.242	2.63695e-05	0	0.0322611	0	0	-3.30597	
63.66	0.337	0.103	-0.000225272	0	-2.242	2.63309e-05	0	0.0322611	0	0	-3.30597	
63.67	0.337	0.103	-0.000224942	0	-2.242	2.62924e-05	0	0.0322611	0	0	-3.30597	
63.68	0.337	0.103	-0.000224613	0	-2.242	2.6254e-05	0	0.0322611	0	0	-3.30597	
63.69	0.337	0.103	-0.000224285	0	-2.242	2.62156e-05	0	0.0322611	0	0	-3.30597	
63.7	0.337	0.103	-0.000223957	0	-2.242	2.61773e-05	0	0.0322611	0	0	-3.30597	
63.71	0.337	0.103	-0.00022363	0	-2.242	2.6139e-05	0	0.0322611	0	0	-3.30597	
63.72	0.337	0.103	-0.000223303	0	-2.242	2.61008e-05	0	0.0322611	0	0	-3.30597	
63.73	0.337	0.103	-0.000222976	0	-2.242	2.60626e-05	0	0.0322611	0	0	-3.30597	
63.74	0.337	0.103	-0.00022265	0	-2.242	2.60245e-05	0	0.0322611	0	0	-3.30597	
63.75	0.337	0.103	-0.000222325	0	-2.242	2.59864e-05	0	0.0322611	0	0	-3.30597	
63.76	0.337	0.103	-0.000222	0	-2.242	2.59484e-05	0	0.0322611	0	0	-3.30597	
63.77	0.337	0.103	-0.000221675	0	-2.242	2.59105e-05	0	0.0322611	0	0	-3.30597	
63.78	0.337	0.103	-0.000221351	0	-2.242	2.58726e-05	0	0.0322611	0	0	-3.30597	
63.79	0.337	0.103	-0.000221027	0	-2.242	2.58348e-05	0	0.0322611	0	0	-3.30597	
63.8	0.337	0.103	-0.000220704	0	-2.242	2.5797e-05	0	0.0322611	0	0	-3.30597	
63.81	0.337	0.103	-0.000220381	0	-2.242	2.57593e-05	0	0.0322611	0	0	-3.30597	
63.82	0.337	0.103	-0.000220059	0	-2.242	2.57216e-05	0	0.0322611	0	0	-3.30597	
63.83	0.337	0.103	-0.000219737	0	-2.242	2.5684e-05	0	0.0322611	0	0	-3.30597	
63.84	0.337	0.103	-0.000219416	0	-2.242	2.56465e-05	0	0.0322611	0	0	-3.30597	
63.85	0.337	0.103	-0.000219095	0	-2.242	2.5609e-05	0	0.0322611	0	0	-3.30597	
63.86	0.337	0.103	-0.000218775	0	-2.242	2.55715e-05	0	0.0322611	0	0	-3.30597	
63.87	0.337	0.103	-0.000218455	0	-2.242	2.55342e-05	0	0.0322611	0	0	-3.30597	
63.88	0.337	0.103	-0.000218136	0	-2.242	2.54968e-05	0	0.0322611	0	0	-3.30597	
63.89	0.337	0.103	-0.000217817	0	-2.242	2.54595e-05	0	0.0322611	0	0	-3.30597	
63.9	0.337	0.103	-0.000217498	0	-2.242	2.54223e-05	0	0.0322611	0	0	-3.30597	
63.91	0.337	0.103	-0.00021718	0	-2.242	2.53852e-05	0	0.0322611	0	0	-3.30597	
63.92	0.337	0.103	-0.000216863	0	-2.242	2.5348e-05	0	0.0322611	0	0	-3.30597	
63.93	0.337	0.103	-0.000216546	0	-2.242	2.5311e-05	0	0.0322611	0	0	-3.30597	
63.94	0.337	0.103	-0.000216229	0	-2.242	2.5274e-05	0	0.0322611	0	0	-3.30597	
63.95	0.337	0.103	-0.000215913	0	-2.242	2.5237e-05	0	0.0322611	0	0	-3.30597	
63.96	0.337	0.103	-0.000215597	0	-2.242	2.52001e-05	0	0.0322611	0	0	-3.30597	
63.97	0.337	0.103	-0.000215282	0	-2.242	2.51633e-05	0	0.0322611	0	0	-3.30597	
63.98	0.337	0.103	-0.000214967	0	-2.242	2.51265e-05	0	0.0322611	0	0	-3.30597	
63.99	0.337	0.103	-0.000214653	0	-2.242	2.50897e-05	0	0.0322611	0	0	-3.30597	
64	0.337	0.103	-0.000214339	0	-2.242	2.50531e-05	0	0.0322611	0	0	-3.30597	
64.01	0.337	0.103	-0.000214026	0	-2.242	2.50164e-05	0	0.0322611	0	0	-3.30597	
64.02	0.337	0.103	-0.000213713	0	-2.242	2.49799e-05	0	0.0322611	0	0	-3.30597	
64.03	0.337	0.103	-0.0002134	0	-2.242	2.49433e-05	0	0.0322611	0	0	-3.30597	
64.04	0.337	0.103	-0.000213088	0	-2.242	2.49069e-05	0	0.0322611	0	0	-3.30597	
64.05	0.337	0.103	-0.000212777	0	-2.242	2.48705e-05	0	0.0322611	0	0	-3.30597	
64.06	0.337	0.103	-0.000212466	0	-2.242	2.48341e-05	0	0.0322611	0	0	-3.30597	
64.07	0.337	0.103	-0.000212155	0	-2.242	2.47978e-05	0	0.0322611	0	0	-3.30597	
64.08	0.337	0.103	-0.000211845	0	-2.242	2.47615e-05	0	0.0322611	0	0	-3.30597	
64.09	0.337	0.103	-0.000211535	0	-2.242	2.47253e-05	0	0.0322611	0	0	-3.30597	
64.1	0.337	0.103	-0.000211226	0	-2.242	2.46892e-05	0	0.0322611	0	0	-3.30597	
64.11	0.337	0.103	-0.000210917	0	-2.242	2.46531e-05	0	0.0322611	0	0	-3.30597	
64.12	0.337	0.103	-0.000210609	0	-2.242	2.4617e-05	0	0.0322611	0	0	-3.30597	
64.13	0.337	0.103	-0.000210301	0	-2.242	2.4581e-05	0	0.0322611	0	0	-3.30597	
64.14	0.337	0.103	-0.000209993	0	-2.242	2.45451e-05	0	0.0322611	0	0	-3.30597	
64.15	0.337	0.103	-0.000209686	0	-2.242	2.45092e-05	0	0.0322611	0	0	-3.30597	
64.16	0.337	0.103	-0.00020938	0	-2.242	2.44734e-05	0	0.0322611	0	0	-3.30597	
64.17	0.337	0.103	-0.000209074	0	-2.242	2.44376e-05	0	0.0322611	0	0	-3.30597	
64.18	0.337	0.103	-0.000208768	0	-2.242	2.44019e-05	0	0.0322611	0	0	-3.30597	
64.19	0.337	0.103	-0.000208463	0	-2.242	2.43662e-05	0	0.0322611	0	0	-3.30597	
64.2	0.337	0.103	-0.000208158	0	-2.242	2.43306e-05	0	0.0322611	0	0	-3.30597	
64.21	0.337	0.103	-0.000207854	0	-2.242	2.4295e-05	0	0.0322611	0	0	-3.30597	
64.22	0.337	0.103	-0.00020755	0	-2.242	2.42595e-05	0	0.0322611	0	0	-3.30597	
64.23	0.337	0.103	-0.000207246	0	-2.242	2.4224e-05	0	0.0322611	0	0	-3.30597	
64.24	0.337	0.103	-0.000206943	0	-2.242	2.41886e-05	0	0.0322611	0	0	-3.30597	
64.25	0.337	0.103	-0.000206641	0	-2.242	2.41532e-05	0	0.0322611	0	0	-3.30597	
64.26	0.337	0.103	-0.000206339	0	-2.242	2.41179e-05	0	0.0322611	0	0	-3.30597	
64.27	0.337	0.103	-0.000206037	0	-2.242	2.40826e-05	0	0.0322611	0	0	-3.30597	
64.28	0.337	0.103	-0.000205736	0	-2.242	2.40474e-05	0	0.0322611	0	0	-3.30597	
64.29	0.337	0.103	-0.000205435	0	-2.242	2.40123e-05	0	0.0322611	0	0	-3.30597	
64.3	0.337	0.103	-0.000205134	0	-2.242	2.39772e-05	0	0.0322611	0	0	-3.30597	
64.31	0.337	0.103	-0.000204834	0	-2.242	2.39421e-05	0	0.0322611	0	0	-3.30597	
64.32	0.337	0.103	-0.000204535	0	-2.242	2.39071e-05	0	0.0322611	0	0	-3.30597	
64.33	0.337	0.103	-0.000204236	0	-2.242	2.38721e-05	0	0.0322611	0	0	-3.30597	
64.34	0.337	0.103	-0.000203937	0	-2.242	2.38372e-05	0	0.0322611	0	0	-3.30597	
64.35	0.337	0.103	-0.000203639	0	-2.242	2.38024e-05	0	0.0322611	0	0	-3.30597	
64.36	0.337	0.103	-0.000203341	0	-2.242	2.37676e-05	0	0.0322611	0	0	-3.30597	
64.37	0.337	0.103	-0.000203044	0	-2.242	2.37328e-05	0	0.0322611	0	0	-3.30597	
64.38	0.337	0.103	-0.000202747	0	-2.242	2.36981e-05	0	0.0322611	0	0	-3.30597	
64.39	0.337	0.103	-0.000202451	0	-2.242	2.36635e-05	0	0.0322611	0	0	-3.30597	
64.4	0.337	0.103	-0.000202155	0	-2.242	2.36289e-05	0	0.0322611	0	0	-3.30597	
64.41	0.337	0.103	-0.000201859	0	-2.242	2.35943e-05	0	0.0322611	0	0	-3.30597	
64.42	0.337	0.103	-0.000201564	0	-2.242	2.35598e-05	0	0.0322611	0	0	-3.30597	
64.43	0.337	0.103	-0.000201269	0	-2.242	2.35254e-05	0	0.0322611	0	0	-3.30597	
64.44	0.337	0.103	-0.000200975	0	-2.242	2.3491e-05	0	0.0322611	0	0	-3.30597	
64.45	0.337	0.103	-0.000200681	0	-2.242	2.34567e-05	0	0.0322611	0	0	-3.30597	
64.46	0.337	0.103	-0.000200388	0	-2.242	2.34224e-05	0	0.0322611	0	0	-3.30597	
64.47	0.337	0.103	-0.000200095	0	-2.242	2.33881e-05	0	0.0322611	0	0	-3.30597	
64.48	0.337	0.103	-0.000199802	0	-2.242	2.33539e-05	0	0.0322611	0	0	-3.30597	
64.49	0.337	0.103	-0.00019951	0	-2.242	2.33198e-05	0	0.0322611	0	0	-3.30597	
64.5	0.337	0.103	-0.000199219	0	-2.242	2.32857e-05	0	0.0322611	0	0	-3.30597	
64.51	0.337	0.103	-0.000198927	0	-2.242	2.32516e-05	0	0.0322611	0	0	-3.30597	
64.52	0.337	0.103	-0.000198636	0	-2.242	2.32176e-05	0	0.0322611	0	0	-3.30597	
64.53	0.337	0.103	-0.000198346	0	-2.242	2.31837e-05	0	0.0322611	0	0	-3.30597	
64.54	0.337	0.103	-0.000198056	0	-2.242	2.31498e-05	0	0.0322611	0	0	-3.30597	
64.55	0.337	0.103	-0.000197766	0	-2.242	2.31159e-05	0	0.0322611	0	0	-3.30597	
64.56	0.337	0.103	-0.000197477	0	-2.242	2.30821e-05	0	0.0322611	0	0	-3.30597	
64.57	0.337	0.103	-0.000197189	0	-2.242	2.30484e-05	0	0.0322611	0	0	-3.30597	
64.58	0.337	0.103	-0.0001969	0	-2.242	2.30147e-05	0	0.0322611	0	0	-3.30597	
64.59	0.337	0.103	-0.000196612	0	-2.242	2.29811e-05	0	0.0322611	0	0	-3.30597	
64.6	0.337	0.103	-0.000196325	0	-2.242	2.29475e-05	0	0.0322611	0	0	-3.30597	
64.61	0.337	0.103	-0.000196038	0	-2.242	2.29139e-05	0	0.0322611	0	0	-3.30597	
64.62	0.337	0.103	-0.000195751	0	-2.242	2.28804e-05	0	0.0322611	0	0	-3.30597	
64.63	0.337	0.103	-0.000195465	0	-2.242	2.28469e-05	0	0.0322611	0	0	-3.30597	
64.64	0.337	0.103	-0.000195179	0	-2.242	2.28135e-05	0	0.0322611	0	0	-3.30597	
64.65	0.337	0.103	-0.000194894	0	-2.242	2.27802e-05	0	0.0322611	0	0	-3.30597	
64.66	0.337	0.103	-0.000194609	0	-2.242	2.27469e-05	0	0.0322611	0	0	-3.30597	
64.67	0.337	0.103	-0.000194324	0	-2.242	2.27136e-05	0	0.0322611	0	0	-3.30597	
64.68	0.337	0.103	-0.00019404	0	-2.242	2.26804e-05	0	0.0322611	0	0	-3.30597	
64.69	0.337	0.103	-0.000193757	0	-2.242	2.26473e-05	0	0.0322611	0	0	-3.30597	
64.7	0.337	0.103	-0.000193473	0	-2.242	2.26141e-05	0	0.0322611	0	0	-3.30597	
64.71	0.337	0.103	-0.00019319	0	-2.242	2.25811e-05	0	0.0322611	0	0	-3.30597	
64.72	0.337	0.103	-0.000192908	0	-2.242	2.25481e-05	0	0.0322611	0	0	-3.30597	
64.73	0.337	0.103	-0.000192626	0	-2.242	2.25151e-05	0	0.0322611	0	0	-3.30597	
64.74	0.337	0.103	-0.000192344	0	-2.242	2.24822e-05	0	0.0322611	0	0	-3.30597	
64.75	0.337	0.103	-0.000192063	0	-2.242	2.24493e-05	0	0.0322611	0	0	-3.30597	
64.76	0.337	0.103	-0.000191782	0	-2.242	2.24165e-05	0	0.0322611	0	0	-3.30597	
64.77	0.337	0.103	-0.000191502	0	-2.242	2.23837e-05	0	0.0322611	0	0	-3.30597	
64.78	0.337	0.103	-0.000191222	0	-2.242	2.2351e-05	0	0.0322611	0	0	-3.30597	
64.79	0.337	0.103	-0.000190942	0	-2.242	2.23183e-05	0	0.0322611	0	0	-3.30597	
64.8	0.337	0.103	-0.000190663	0	-2.242	2.22857e-05	0	0.0322611	0	0	-3.30597	
64.81	0.337	0.103	-0.000190384	0	-2.242	2.22531e-05	0	0.0322611	0	0	-3.30597	
64.82	0.337	0.103	-0.000190106	0	-2.242	2.22206e-05	0	0.0322611	0	0	-3.30597	
64.83	0.337	0.103	-0.000189828	0	-2.242	2.21881e-05	0	0.0322611	0	0	-3.30597	
64.84	0.337	0.103	-0.00018955	0	-2.242	2.21556e-05	0	0.0322611	0	0	-3.30597	
64.85	0.337	0.103	-0.000189273	0	-2.242	2.21232e-05	0	0.0322611	0	0	-3.30597	
64.86	0.337	0.103	-0.000188997	0	-2.242	2.20909e-05	0	0.0322611	0	0	-3.30597	
64.87	0.337	0.103	-0.00018872	0	-2.242	2.20586e-05	0	0.0322611	0	0	-3.30597	
64.88	0.337	0.103	-0.000188444	0	-2.242	2.20263e-05	0	0.0322611	0	0	-3.30597	
64.89	0.337	0.103	-0.000188169	0	-2.242	2.19941e-05	0	0.0322611	0	0	-3.30597	
64.9	0.337	0.103	-0.000187894	0	-2.242	2.1962e-05	0	0.0322611	0	0	-3.30597	
64.91	0.337	0.103	-0.000187619	0	-2.242	2.19299e-05	0	0.0322611	0	0	-3.30597	
64.92	0.337	0.103	-0.000187345	0	-2.242	2.18978e-05	0	0.0322611	0	0	-3.30597	
64.93	0.337	0.103	-0.000187071	0	-2.242	2.18658e-05	0	0.0322611	0	0	-3.30597	
64.94	0.337	0.103	-0.000186797	0	-2.242	2.18338e-05	0	0.0322611	0	0	-3.30597	
64.95	0.337	0.103	-0.000186524	0	-2.242	2.18019e-05	0	0.0322611	0	0	-3.30597	
64.96	0.337	0.103	-0.000186251	0	-2.242	2.177e-05	0	0.0322611	0	0	-3.30597	
64.97	0.337	0.103	-0.000185979	0	-2.242	2.17382e-05	0	0.0322611	0	0	-3.30597	
64.98	0.337	0.103	-0.000185707	0	-2.242	2.17064e-05	0	0.0322611	0	0	-3.30597	
64.99	0.337	0.103	-0.000185436	0	-2.242	2.16747e-05	0	0.0322611	0	0	-3.30597	
65	0.337	0.103	-0.000185165	0	-2.242	2.1643e-05	0	0.0322611	0	0	-3.30597	
65.01	0.337	0.103	-0.000184894	0	-2.242	2.16113e-05	0	0.0322611	0	0	-3.30597	
65.02	0.337	0.103	-0.000184623	0	-2.242	2.15797e-05	0	0.0322611	0	0	-3.30597	
65.03	0.337	0.103	-0.000184354	0	-2.242	2.15482e-05	0	0.0322611	0	0	-3.30597	
65.04	0.337	0.103	-0.000184084	0	-2.242	2.15167e-05	0	0.0322611	0	0	-3.30597	
65.05	0.337	0.103	-0.000183815	0	-2.242	2.14852e-05	0	0.0322611	0	0	-3.30597	
65.06	0.337	0.103	-0.000183546	0	-2.242	2.14538e-05	0	0.0322611	0	0	-3.30597	
65.07	0.337	0.103	-0.000183278	0	-2.242	2.14224e-05	0	0.0322611	0	0	-3.30597	
65.08	0.337	0.103	-0.00018301	0	-2.242	2.13911e-05	0	0.0322611	0	0	-3.30597	
65.09	0.337	0.103	-0.000182742	0	-2.242	2.13598e-05	0	0.0322611	0	0	-3.30597	
65.1	0.337	0.103	-0.000182475	0	-2.242	2.13286e-05	0	0.0322611	0	0	-3.30597	
65.11	0.337	0.103	-0.000182208	0	-2.242	2.12974e-05	0	0.0322611	0	0	-3.30597	
65.12	0.337	0.103	-0.000181942	0	-2.242	2.12663e-05	0	0.0322611	0	0	-3.30597	
65.13	0.337	0.103	-0.000181676	0	-2.242	2.12352e-05	0	0.0322611	0	0	-3.30597	
65.14	0.337	0.103	-0.00018141	0	-2.242	2.12041e-05	0	0.0322611	0	0	-3.30597	
65.15	0.337	0.103	-0.000181145	0	-2.242	2.11731e-05	0	0.0322611	0	0	-3.30597	
65.16	0.337	0.103	-0.00018088	0	-2.242	2.11422e-05	0	0.0322611	0	0	-3.30597	
65.17	0.337	0.103	-0.000180616	0	-2.242	2.11113e-05	0	0.0322611	0	0	-3.30597	
65.18	0.337	0.103	-0.000180352	0	-2.242	2.10804e-05	0	0.0322611	0	0	-3.30597	
65.19	0.337	0.103	-0.000180088	0	-2.242	2.10496e-05	0	0.0322611	0	0	-3.30597	
65.2	0.337	0.103	-0.000179825	0	-2.242	2.10188e-05	0	0.0322611	0	0	-3.30597	
65.21	0.337	0.103	-0.000179562	0	-2.242	2.09881e-05	0	0.0322611	0	0	-3.30597	
65.22	0.337	0.103	-0.000179299	0	-2.242	2.09574e-05	0	0.0322611	0	0	-3.30597	
65.23	0.337	0.103	-0.000179037	0	-2.242	2.09268e-05	0	0.0322611	0	0	-3.30597	
65.24	0.337	0.103	-0.000178775	0	-2.242	2.08962e-05	0	0.0322611	0	0	-3.30597	
65.25	0.337	0.103	-0.000178514	0	-2.242	2.08656e-05	0	0.0322611	0	0	-3.30597	
65.26	0.337	0.103	-0.000178253	0	-2.242	2.08351e-05	0	0.0322611	0	0	-3.30597	
65.27	0.337	0.103	-0.000177992	0	-2.242	2.08046e-05	0	0.0322611	0	0	-3.30597	
65.28	0.337	0.103	-0.000177732	0	-2.242	2.07742e-05	0	0.0322611	0	0	-3.30597	
65.29	0.337	0.103	-0.000177472	0	-2.242	2.07438e-05	0	0.0322611	0	0	-3.30597	
65.3	0.337	0.103	-0.000177213	0	-2.242	2.07135e-05	0	0.0322611	0	0	-3.30597	
65.31	0.337	0.103	-0.000176953	0	-2.242	2.06832e-05	0	0.0322611	0	0	-3.30597	
65.32	0.337	0.103	-0.000176695	0	-2.242	2.0653e-05	0	0.0322611	0	0	-3.30597	
65.33	0.337	0.103	-0.000176436	0	-2.242	2.06228e-05	0	0.0322611	0	0	-3.30597	
65.34	0.337	0.103	-0.000176178	0	-2.242	2.05926e-05	0	0.0322611	0	0	-3.30597	
65.35	0.337	0.103	-0.000175921	0	-2.242	2.05625e-05	0	0.0322611	0	0	-3.30597	
65.36	0.337	0.103	-0.000175664	0	-2.242	2.05325e-05	0	0.0322611	0	0	-3.30597	
65.37	0.337	0.103	-0.000175407	0	-2.242	2.05024e-05	0	0.0322611	0	0	-3.30597	
65.38	0.337	0.103	-0.00017515	0	-2.242	2.04725e-05	0	0.0322611	0	0	-3.30597	
65.39	0.337	0.103	-0.000174894	0	-2.242	2.04425e-05	0	0.0322611	0	0	-3.30597	
65.4	0.337	0.103	-0.000174639	0	-2.242	2.04126e-05	0	0.0322611	0	0	-3.30597	
65.41	0.337	0.103	-0.000174383	0	-2.242	2.03828e-05	0	0.0322611	0	0	-3.30597	
65.42	0.337	0.103	-0.000174128	0	-2.242	2.0353e-05	0	0.0322611	0	0	-3.30597	
65.43	0.337	0.103	-0.000173874	0	-2.242	2.03232e-05	0	0.0322611	0	0	-3.30597	
65.44	0.337	0.103	-0.000173619	0	-2.242	2.02935e-05	0	0.0322611	0	0	-3.30597	
65.45	0.337	0.103	-0.000173366	0	-2.242	2.02639e-05	0	0.0322611	0	0	-3.30597	
65.46	0.337	0.103	-0.000173112	0	-2.242	2.02342e-05	0	0.0322611	0	0	-3.30597	
65.47	0.337	0.103	-0.000172859	0	-2.242	2.02046e-05	0	0.0322611	0	0	-3.30597	
65.48	0.337	0.103	-0.000172606	0	-2.242	2.01751e-05	0	0.0322611	0	0	-3.30597	
65.49	0.337	0.103	-0.000172354	0	-2.242	2.01456e-05	0	0.0322611	0	0	-3.30597	
65.5	0.337	0.103	-0.000172102	0	-2.242	2.01162e-05	0	0.0322611	0	0	-3.30597	
65.51	0.337	0.103	-0.00017185	0	-2.242	2.00867e-05	0	0.0322611	0	0	-3.30597	
65.52	0.337	0.103	-0.000171599	0	-2.242	2.00574e-05	0	0.0322611	0	0	-3.30597	
65.53	0.337	0.103	-0.000171348	0	-2.242	2.0028e-05	0	0.0322611	0	0	-3.30597	
65.54	0.337	0.103	-0.000171098	0	-2.242	1.99988e-05	0	0.0322611	0	0	-3.30597	
65.55	0.337	0.103	-0.000170847	0	-2.242	1.99695e-05	0	0.0322611	0	0	-3.30597	
65.56	0.337	0.103	-0.000170598	0	-2.242	1.99403e-05	0	0.0322611	0	0	-3.30597	
65.57	0.337	0.103	-0.000170348	0	-2.242	1.99112e-05	0	0.0322611	0	0	-3.30597	
65.58	0.337	0.103	-0.000170099	0	-2.242	1.98821e-05	0	0.0322611	0	0	-3.30597	
65.59	0.337	0.103	-0.000169851	0	-2.242	1.9853e-05	0	0.0322611	0	0	-3.30597	
65.6	0.337	0.103	-0.000169602	0	-2.242	1.9824e-05	0	0.0322611	0	0	-3.30597	
65.61	0.337	0.103	-0.000169354	0	-2.242	1.9795e-05	0	0.0322611	0	0	-3.30597	
65.62	0.337	0.103	-0.000169107	0	-2.242	1.9766e-05	0	0.0322611	0	0	-3.30597	
65.63	0.337	0.103	-0.000168859	0	-2.242	1.97371e-05	0	0.0322611	0	0	-3.30597	
65.64	0.337	0.103	-0.000168612	0	-2.242	1.97083e-05	0	0.0322611	0	0	-3.30597	
65.65	0.337	0.103	-0.000168366	0	-2.242	1.96795e-05	0	0.0322611	0	0	-3.30597	
65.66	0.337	0.103	-0.00016812	0	-2.242	1.96507e-05	0	0.0322611	0	0	-3.30597	
65.67	0.337	0.103	-0.000167874	0	-2.242	1.9622e-05	0	0.0322611	0	0	-3.30597	
65.68	0.337	0.103	-0.000167629	0	-2.242	1.95933e-05	0	0.0322611	0	0	-3.30597	
65.69	0.337	0.103	-0.000167383	0	-2.242	1.95646e-05	0	0.0322611	0	0	-3.30597	
65.7	0.337	0.103	-0.000167139	0	-2.242	1.9536e-05	0	0.0322611	0	0	-3.30597	
65.71	0.337	0.103	-0.000166894	0	-2.242	1.95075e-05	0	0.0322611	0	0	-3.30597	
65.72	0.337	0.103	-0.00016665	0	-2.242	1.94789e-05	0	0.0322611	0	0	-3.30597	
65.73	0.337	0.103	-0.000166407	0	-2.242	1.94505e-05	0	0.0322611	0	0	-3.30597	
65.74	0.337	0.103	-0.000166163	0	-2.242	1.9422e-05	0	0.0322611	0	0	-3.30597	
65.75	0.337	0.103	-0.00016592	0	-2.242	1.93936e-05	0	0.0322611	0	0	-3.30597	
65.76	0.337	0.103	-0.000165678	0	-2.242	1.93653e-05	0	0.0322611	0	0	-3.30597	
65.77	0.337	0.103	-0.000165436	0	-2.242	1.9337e-05	0	0.0322611	0	0	-3.30597	
65.78	0.337	0.103	-0.000165194	0	-2.242	1.93087e-05	0	0.0322611	0	0	-3.30597	
65.79	0.337	0.103	-0.000164952	0	-2.242	1.92805e-05	0	0.0322611	0	0	-3.30597	
65.8	0.337	0.103	-0.000164711	0	-2.242	1.92523e-05	0	0.0322611	0	0	-3.30597	
65.81	0.337	0.103	-0.00016447	0	-2.242	1.92241e-05	0	0.0322611	0	0	-3.30597	
65.82	0.337	0.103	-0.00016423	0	-2.242	1.9196e-05	0	0.0322611	0	0	-3.30597	
65.83	0.337	0.103	-0.00016399	0	-2.242	1.91679e-05	0	0.0322611	0	0	-3.30597	
65.84	0.337	0.103	-0.00016375	0	-2.242	1.91399e-05	0	0.0322611	0	0	-3.30597	
65.85	0.337	0.103	-0.00016351	0	-2.242	1.91119e-05	0	0.0322611	0	0	-3.30597	
65.86	0.337	0.103	-0.000163271	0	-2.242	1.9084e-05	0	0.0322611	0	0	-3.30597	
65.87	0.337	0.103	-0.000163033	0	-2.242	1.90561e-05	0	0.0322611	0	0	-3.30597	
65.88	0.337	0.103	-0.000162794	0	-2.242	1.90282e-05	0	0.0322611	0	0	-3.30597	
65.89	0.337	0.103	-0.000162556	0	-2.242	1.90004e-05	0	0.0322611	0	0	-3.30597	
65.9	0.337	0.103	-0.000162319	0	-2.242	1.89726e-05	0	0.0322611	0	0	-3.30597	
65.91	0.337	0.103	-0.000162081	0	-2.242	1.89449e-05	0	0.0322611	0	0	-3.30597	
65.92	0.337	0.103	-0.000161844	0	-2.242	1.89172e-05	0	0.0322611	0	0	-3.30597	
65.93	0.337	0.103	-0.000161608	0	-2.242	1.88895e-05	0	0.0322611	0	0	-3.30597	
65.94	0.337	0.103	-0.000161371	0	-2.242	1.88619e-05	0	0.0322611	0	0	-3.30597	
65.95	0.337	0.103	-0.000161135	0	-2.242	1.88343e-05	0	0.0322611	0	0	-3.30597	
65.96	0.337	0.103	-0.0001609	0	-2.242	1.88068e-05	0	0.0322611	0	0	-3.30597	
65.97	0.337	0.103	-0.000160665	0	-2.242	1.87793e-05	0	0.0322611	0	0	-3.30597	
65.98	0.337	0.103	-0.00016043	0	-2.242	1.87518e-05	0	0.0322611	0	0	-3.30597	
65.99	0.337	0.103	-0.000160195	0	-2.242	1.87244e-05	0	0.0322611	0	0	-3.30597	
66	0.337	0.103	-0.000159961	0	-2.242	1.8697e-05	0	0.0322611	0	0	-3.30597	
66.01	0.337	0.103	-0.000159727	0	-2.242	1.86697e-05	0	0.0322611	0	0	-3.30597	
66.02	0.337	0.103	-0.000159493	0	-2.242	1.86424e-05	0	0.0322611	0	0	-3.30597	
66.03	0.337	0.103	-0.00015926	0	-2.242	1.86152e-05	0	0.0322611	0	0	-3.30597	
66.04	0.337	0.103	-0.000159027	0	-2.242	1.85879e-05	0	0.0322611	0	0	-3.30597	
66.05	0.337	0.103	-0.000158795	0	-2.242	1.85608e-05	0	0.0322611	0	0	-3.30597	
66.06	0.337	0.103	-0.000158563	0	-2.242	1.85336e-05	0	0.0322611	0	0	-3.30597	
66.07	0.337	0.103	-0.000158331	0	-2.242	1.85065e-05	0	0.0322611	0	0	-3.30597	
66.08	0.337	0.103	-0.000158099	0	-2.242	1.84795e-05	0	0.0322611	0	0	-3.30597	
66.09	0.337	0.103	-0.000157868	0	-2.242	1.84524e-05	0	0.0322611	0	0	-3.30597	
66.1	0.337	0.103	-0.000157637	0	-2.242	1.84255e-05	0	0.0322611	0	0	-3.30597	
66.11	0.337	0.103	-0.000157407	0	-2.242	1.83985e-05	0	0.0322611	0	0	-3.30597	
66.12	0.337	0.103	-0.000157177	0	-2.242	1.83716e-05	0	0.0322611	0	0	-3.30597	
66.13	0.337	0.103	-0.000156947	0	-2.242	1.83448e-05	0	0.0322611	0	0	-3.30597	
66.14	0.337	0.103	-0.000156718	0	-2.242	1.83179e-05	0	0.0322611	0	0	-3.30597	
66.15	0.337	0.103	-0.000156488	0	-2.242	1.82912e-05	0	0.0322611	0	0	-3.30597	
66.16	0.337	0.103	-0.00015626	0	-2.242	1.82644e-05	0	0.0322611	0	0	-3.30597	
66.17	0.337	0.103	-0.000156031	0	-2.242	1.82377e-05	0	0.0322611	0	0	-3.30597	
66.18	0.337	0.103	-0.000155803	0	-2.242	1.82111e-05	0	0.0322611	0	0	-3.30597	
66.19	0.337	0.103	-0.000155575	0	-2.242	1.81844e-05	0	0.0322611	0	0	-3.30597	
66.2	0.337	0.103	-0.000155348	0	-2.242	1.81578e-05	0	0.0322611	0	0	-3.30597	
66.21	0.337	0.103	-0.000155121	0	-2.242	1.81313e-05	0	0.0322611	0	0	-3.30597	
66.22	0.337	0.103	-0.000154894	0	-2.242	1.81048e-05	0	0.0322611	0	0	-3.30597	
66.23	0.337	0.103	-0.000154667	0	-2.242	1.80783e-05	0	0.0322611	0	0	-3.30597	
66.24	0.337	0.103	-0.000154441	0	-2.242	1.80519e-05	0	0.0322611	0	0	-3.30597	
66.25	0.337	0.103	-0.000154215	0	-2.242	1.80255e-05	0	0.0322611	0	0	-3.30597	
66.26	0.337	0.103	-0.00015399	0	-2.242	1.79991e-05	0	0.0322611	0	0	-3.30597	
66.27	0.337	0.103	-0.000153765	0	-2.242	1.79728e-05	0	0.0322611	0	0	-3.30597	
66.28	0.337	0.103	-0.00015354	0	-2.242	1.79465e-05	0	0.0322611	0	0	-3.30597	
66.29	0.337	0.103	-0.000153316	0	-2.242	1.79203e-05	0	0.0322611	0	0	-3.30597	
66.3	0.337	0.103	-0.000153091	0	-2.242	1.78941e-05	0	0.0322611	0	0	-3.30597	
66.31	0.337	0.103	-0.000152868	0	-2.242	1.78679e-05	0	0.0322611	0	0	-3.30597	
66.32	0.337	0.103	-0.000152644	0	-2.242	1.78418e-05	0	0.0322611	0	0	-3.30597	
66.33	0.337	0.103	-0.000152421	0	-2.242	1.78157e-05	0	0.0322611	0	0	-3.30597	
66.34	0.337	0.103	-0.000152198	0	-2.242	1.77897e-05	0	0.0322611	0	0	-3.30597	
66.35	0.337	0.103	-0.000151975	0	-2.242	1.77637e-05	0	0.0322611	0	0	-3.30597	
66.36	0.337	0.103	-0.000151753	0	-2.242	1.77377e-05	0	0.0322611	0	0	-3.30597	
66.37	0.337	0.103	-0.000151531	0	-2.242	1.77118e-05	0	0.0322611	0	0	-3.30597	
66.38	0.337	0.103	-0.00015131	0	-2.242	1.76859e-05	0	0.0322611	0	0	-3.30597	
66.39	0.337	0.103	-0.000151089	0	-2.242	1.766e-05	0	0.0322611	0	0	-3.30597	
66.4	0.337	0.103	-0.000150868	0	-2.242	1.76342e-05	0	0.0322611	0	0	-3.30597	
66.41	0.337	0.103	-0.000150647	0	-2.242	1.76084e-05	0	0.0322611	0	0	-3.30597	
66.42	0.337	0.103	-0.000150427	0	-2.242	1.75827e-05	0	0.0322611	0	0	-3.30597	
66.43	0.337	0.103	-0.000150207	0	-2.242	1.7557e-05	0	0.0322611	0	0	-3.30597	
66.44	0.337	0.103	-0.000149987	0	-2.242	1.75313e-05	0	0.0322611	0	0	-3.30597	
66.45	0.337	0.103	-0.000149768	0	-2.242	1.75056e-05	0	0.0322611	0	0	-3.30597	
66.46	0.337	0.103	-0.000149549	0	-2.242	1.74801e-05	0	0.0322611	0	0	-3.30597	
66.47	0.337	0.103	-0.00014933	0	-2.242	1.74545e-05	0	0.0322611	0	0	-3.30597	
66.48	0.337	0.103	-0.000149112	0	-2.242	1.7429e-05	0	0.0322611	0	0	-3.30597	
66.49	0.337	0.103	-0.000148894	0	-2.242	1.74035e-05	0	0.0322611	0	0	-3.30597	
66.5	0.337	0.103	-0.000148676	0	-2.242	1.7378e-05	0	0.0322611	0	0	-3.30597	
66.51	0.337	0.103	-0.000148459	0	-2.242	1.73526e-05	0	0.0322611	0	0	-3.30597	
66.52	0.337	0.103	-0.000148242	0	-2.242	1.73273e-05	0	0.0322611	0	0	-3.30597	
66.53	0.337	0.103	-0.000148025	0	-2.242	1.73019e-05	0	0.0322611	0	0	-3.30597	
66.54	0.337	0.103	-0.000147809	0	-2.242	1.72766e-05	0	0.0322611	0	0	-3.30597	
66.55	0.337	0.103	-0.000147593	0	-2.242	1.72514e-05	0	0.0322611	0	0	-3.30597	
66.56	0.337	0.103	-0.000147377	0	-2.242	1.72262e-05	0	0.0322611	0	0	-3.30597	
66.57	0.337	0.103	-0.000147161	0	-2.242	1.7201e-05	0	0.0322611	0	0	-3.30597	
66.58	0.337	0.103	-0.000146946	0	-2.242	1.71758e-05	0	0.0322611	0	0	-3.30597	
66.59	0.337	0.103	-0.000146731	0	-2.242	1.71507e-05	0	0.0322611	0	0	-3.30597	
66.6	0.337	0.103	-0.000146517	0	-2.242	1.71256e-05	0	0.0322611	0	0	-3.30597	
66.61	0.337	0.103	-0.000146303	0	-2.242	1.71006e-05	0	0.0322611	0	0	-3.30597	
66.62	0.337	0.103	-0.000146089	0	-2.242	1.70756e-05	0	0.0322611	0	0	-3.30597	
66.63	0.337	0.103	-0.000145875	0	-2.242	1.70506e-05	0	0.0322611	0	0	-3.30597	
66.64	0.337	0.103	-0.000145662	0	-2.242	1.70257e-05	0	0.0322611	0	0	-3.30597	
66.65	0.337	0.103	-0.000145449	0	-2.242	1.70008e-05	0	0.0322611	0	0	-3.30597	
66.66	0.337	0.103	-0.000145236	0	-2.242	1.69759e-05	0	0.0322611	0	0	-3.30597	
66.67	0.337	0.103	-0.000145024	0	-2.242	1.69511e-05	0	0.0322611	0	0	-3.30597	
66.68	0.337	0.103	-0.000144812	0	-2.242	1.69263e-05	0	0.0322611	0	0	-3.30597	
66.69	0.337	0.103	-0.0001446	0	-2.242	1.69016e-05	0	0.0322611	0	0	-3.30597	
66.7	0.337	0.103	-0.000144389	0	-2.242	1.68769e-05	0	0.0322611	0	0	-3.30597	
66.71	0.337	0.103	-0.000144178	0	-2.242	1.68522e-05	0	0.0322611	0	0	-3.30597	
66.72	0.337	0.103	-0.000143967	0	-2.242	1.68276e-05	0	0.0322611	0	0	-3.30597	
66.73	0.337	0.103	-0.000143756	0	-2.242	1.6803e-05	0	0.0322611	0	0	-3.30597	
66.74	0.337	0.103	-0.000143546	0	-2.242	1.67784e-05	0	0.0322611	0	0	-3.30597	
66.75	0.337	0.103	-0.000143336	0	-2.242	1.67539e-05	0	0.0322611	0	0	-3.30597	
66.76	0.337	0.103	-0.000143127	0	-2.242	1.67294e-05	0	0.0322611	0	0	-3.30597	
66.77	0.337	0.103	-0.000142917	0	-2.242	1.67049e-05	0	0.0322611	0	0	-3.30597	
66.78	0.337	0.103	-0.000142708	0	-2.242	1.66805e-05	0	0.0322611	0	0	-3.30597	
66.79	0.337	0.103	-0.0001425	0	-2.242	1.66561e-05	0	0.0322611	0	0	-3.30597	
66.8	0.337	0.103	-0.000142291	0	-2.242	1.66317e-05	0	0.0322611	0	0	-3.30597	
66.81	0.337	0.103	-0.000142083	0	-2.242	1.66074e-05	0	0.0322611	0	0	-3.30597	
66.82	0.337	0.103	-0.000141876	0	-2.242	1.65831e-05	0	0.0322611	0	0	-3.30597	
66.83	0.337	0.103	-0.000141668	0	-2.242	1.65589e-05	0	0.0322611	0	0	-3.30597	
66.84	0.337	0.103	-0.000141461	0	-2.242	1.65347e-05	0	0.0322611	0	0	-3.30597	
66.85	0.337	0.103	-0.000141254	0	-2.242	1.65105e-05	0	0.0322611	0	0	-3.30597	
66.86	0.337	0.103	-0.000141048	0	-2.242	1.64864e-05	0	0.0322611	0	0	-3.30597	
66.87	0.337	0.103	-0.000140841	0	-2.242	1.64623e-05	0	0.0322611	0	0	-3.30597	
66.88	0.337	0.103	-0.000140636	0	-2.242	1.64382e-05	0	0.0322611	0	0	-3.30597	
66.89	0.337	0.103	-0.00014043	0	-2.242	1.64142e-05	0	0.0322611	0	0	-3.30597	
66.9	0.337	0.103	-0.000140225	0	-2.242	1.63902e-05	0	0.0322611	0	0	-3.30597	
66.91	0.337	0.103	-0.00014002	0	-2.242	1.63662e-05	0	0.0322611	0	0	-3.30597	
66.92	0.337	0.103	-0.000139815	0	-2.242	1.63423e-05	0	0.0322611	0	0	-3.30597	
66.93	0.337	0.103	-0.00013961	0	-2.242	1.63184e-05	0	0.0322611	0	0	-3.30597	
66.94	0.337	0.103	-0.000139406	0	-2.242	1.62945e-05	0	0.0322611	0	0	-3.30597	
66.95	0.337	0.103	-0.000139203	0	-2.242	1.62707e-05	0	0.0322611	0	0	-3.30597	
66.96	0.337	0.103	-0.000138999	0	-2.242	1.62469e-05	0	0.0322611	0	0	-3.30597	
66.97	0.337	0.103	-0.000138796	0	-2.242	1.62232e-05	0	0.0322611	0	0	-3.30597	
66.98	0.337	0.103	-0.000138593	0	-2.242	1.61994e-05	0	0.0322611	0	0	-3.30597	
66.99	0.337	0.103	-0.00013839	0	-2.242	1.61758e-05	0	0.0322611	0	0	-3.30597	
67	0.337	0.103	-0.000138188	0	-2.242	1.61521e-05	0	0.0322611	0	0	-3.30597	
67.01	0.337	0.103	-0.000137986	0	-2.242	1.61285e-05	0	0.0322611	0	0	-3.30597	
67.02	0.337	0.103	-0.000137784	0	-2.242	1.61049e-05	0	0.0322611	0	0	-3.30597	
67.03	0.337	0.103	-0.000137583	0	-2.242	1.60814e-05	0	0.0322611	0	0	-3.30597	
67.04	0.337	0.103	-0.000137381	0	-2.242	1.60578e-05	0	0.0322611	0	0	-3.30597	
67.05	0.337	0.103	-0.000137181	0	-2.242	1.60344e-05	0	0.0322611	0	0	-3.30597	
67.06	0.337	0.103	-0.00013698	0	-2.242	1.60109e-05	0	0.0322611	0	0	-3.30597	
67.07	0.337	0.103	-0.00013678	0	-2.242	1.59875e-05	0	0.0322611	0	0	-3.30597	
67.08	0.337	0.103	-0.00013658	0	-2.242	1.59641e-05	0	0.0322611	0	0	-3.30597	
67.09	0.337	0.103	-0.00013638	0	-2.242	1.59408e-05	0	0.0322611	0	0	-3.30597	
67.1	0.337	0.103	-0.000136181	0	-2.242	1.59175e-05	0	0.0322611	0	0	-3.30597	
67.11	0.337	0.103	-0.000135982	0	-2.242	1.58942e-05	0	0.0322611	0	0	-3.30597	
67.12	0.337	0.103	-0.000135783	0	-2.242	1.5871e-05	0	0.0322611	0	0	-3.30597	
67.13	0.337	0.103	-0.000135584	0	-2.242	1.58478e-05	0	0.0322611	0	0	-3.30597	
67.14	0.337	0.103	-0.000135386	0	-2.242	1.58246e-05	0	0.0322611	0	0	-3.30597	
67.15	0.337	0.103	-0.000135188	0	-2.242	1.58015e-05	0	0.0322611	0	0	-3.30597	
67.16	0.337	0.103	-0.00013499	0	-2.242	1.57784e-05	0	0.0322611	0	0	-3.30597	
67.17	0.337	0.103	-0.000134793	0	-2.242	1.57553e-05	0	0.0322611	0	0	-3.30597	
67.18	0.337	0.103	-0.000134596	0	-2.242	1.57323e-05	0	0.0322611	0	0	-3.30597	
67.19	0.337	0.103	-0.000134399	0	-2.242	1.57093e-05	0	0.0322611	0	0	-3.30597	
67.2	0.337	0.103	-0.000134203	0	-2.242	1.56863e-05	0	0.0322611	0	0	-3.30597	
67.21	0.337	0.103	-0.000134006	0	-2.242	1.56634e-05	0	0.0322611	0	0	-3.30597	
67.22	0.337	0.103	-0.000133811	0	-2.242	1.56405e-05	0	0.0322611	0	0	-3.30597	
67.23	0.337	0.103	-0.000133615	0	-2.242	1.56176e-05	0	0.0322611	0	0	-3.30597	
67.24	0.337	0.103	-0.00013342	0	-2.242	1.55948e-05	0	0.0322611	0	0	-3.30597	
67.25	0.337	0.103	-0.000133224	0	-2.242	1.5572e-05	0	0.0322611	0	0	-3.30597	
67.26	0.337	0.103	-0.00013303	0	-2.242	1.55492e-05	0	0.0322611	0	0	-3.30597	
67.27	0.337	0.103	-0.000132835	0	-2.242	1.55265e-05	0	0.0322611	0	0	-3.30597	
67.28	0.337	0.103	-0.000132641	0	-2.242	1.55037e-05	0	0.0322611	0	0	-3.30597	
67.29	0.337	0.103	-0.000132447	0	-2.242	1.54811e-05	0	0.0322611	0	0	-3.30597	
67.3	0.337	0.103	-0.000132253	0	-2.242	1.54584e-05	0	0.0322611	0	0	-3.30597	
67.31	0.337	0.103	-0.00013206	0	-2.242	1.54358e-05	0	0.0322611	0	0	-3.30597	
67.32	0.337	0.103	-0.000131867	0	-2.242	1.54133e-05	0	0.0322611	0	0	-3.30597	
67.33	0.337	0.103	-0.000131674	0	-2.242	1.53907e-05	0	0.0322611	0	0	-3.30597	
67.34	0.337	0.103	-0.000131482	0	-2.242	1.53682e-05	0	0.0322611	0	0	-3.30597	
67.35	0.337	0.103	-0.000131289	0	-2.242	1.53458e-05	0	0.0322611	0	0	-3.30597	
67.36	0.337	0.103	-0.000131097	0	-2.242	1.53233e-05	0	0.0322611	0	0	-3.30597	
67.37	0.337	0.103	-0.000130906	0	-2.242	1.53009e-05	0	0.0322611	0	0	-3.30597	
67.38	0.337	0.103	-0.000130714	0	-2.242	1.52786e-05	0	0.0322611	0	0	-3.30597	
67.39	0.337	0.103	-0.000130523	0	-2.242	1.52562e-05	0	0.0322611	0	0	-3.30597	
67.4	0.337	0.103	-0.000130332	0	-2.242	1.52339e-05	0	0.0322611	0	0	-3.30597	
67.41	0.337	0.103	-0.000130142	0	-2.242	1.52116e-05	0	0.0322611	0	0	-3.30597	
67.42	0.337	0.103	-0.000129952	0	-2.242	1.51894e-05	0	0.0322611	0	0	-3.30597	
67.43	0.337	0.103	-0.000129762	0	-2.242	1.51672e-05	0	0.0322611	0	0	-3.30597	
67.44	0.337	0.103	-0.000129572	0	-2.242	1.5145e-05	0	0.0322611	0	0	-3.30597	
67.45	0.337	0.103	-0.000129382	0	-2.242	1.51229e-05	0	0.0322611	0	0	-3.30597	
67.46	0.337	0.103	-0.000129193	0	-2.242	1.51008e-05	0	0.0322611	0	0	-3.30597	
67.47	0.337	0.103	-0.000129004	0	-2.242	1.50787e-05	0	0.0322611	0	0	-3.30597	
67.48	0.337	0.103	-0.000128816	0	-2.242	1.50566e-05	0	0.0322611	0	0	-3.30597	
67.49	0.337	0.103	-0.000128627	0	-2.242	1.50346e-05	0	0.0322611	0	0	-3.30597	
67.5	0.337	0.103	-0.000128439	0	-2.242	1.50126e-05	0	0.0322611	0	0	-3.30597	
67.51	0.337	0.103	-0.000128252	0	-2.242	1.49907e-05	0	0.0322611	0	0	-3.30597	
67.52	0.337	0.103	-0.000128064	0	-2.242	1.49688e-05	0	0.0322611	0	0	-3.30597	
67.53	0.337	0.103	-0.000127877	0	-2.242	1.49469e-05	0	0.0322611	0	0	-3.30597	
67.54	0.337	0.103	-0.00012769	0	-2.242	1.4925e-05	0	0.0322611	0	0	-3.30597	
67.55	0.337	0.103	-0.000127503	0	-2.242	1.49032e-05	0	0.0322611	0	0	-3.30597	
67.56	0.337	0.103	-0.000127317	0	-2.242	1.48814e-05	0	0.0322611	0	0	-3.30597	
67.57	0.337	0.103	-0.000127131	0	-2.242	1.48597e-05	0	0.0322611	0	0	-3.30597	
67.58	0.337	0.103	-0.000126945	0	-2.242	1.48379e-05	0	0.0322611	0	0	-3.30597	
67.59	0.337	0.103	-0.000126759	0	-2.242	1.48162e-05	0	0.0322611	0	0	-3.30597	
67.6	0.337	0.103	-0.000126574	0	-2.242	1.47946e-05	0	0.0322611	0	0	-3.30597	
67.61	0.337	0.103	-0.000126389	0	-2.242	1.4773e-05	0	0.0322611	0	0	-3.30597	
67.62	0.337	0.103	-0.000126204	0	-2.242	1.47514e-05	0	0.0322611	0	0	-3.30597	
67.63	0.337	0.103	-0.000126019	0	-2.242	1.47298e-05	0	0.0322611	0	0	-3.30597	
67.64	0.337	0.103	-0.000125835	0	-2.242	1.47082e-05	0	0.0322611	0	0	-3.30597	
67.65	0.337	0.103	-0.000125651	0	-2.242	1.46867e-05	0	0.0322611	0	0	-3.30597	
67.66	0.337	0.103	-0.000125467	0	-2.242	1.46653e-05	0	0.0322611	0	0	-3.30597	
67.67	0.337	0.103	-0.000125284	0	-2.242	1.46438e-05	0	0.0322611	0	0	-3.30597	
67.68	0.337	0.103	-0.000125101	0	-2.242	1.46224e-05	0	0.0322611	0	0	-3.30597	
67.69	0.337	0.103	-0.000124918	0	-2.242	1.4601e-05	0	0.0322611	0	0	-3.30597	
67.7	0.337	0.103	-0.000124735	0	-2.242	1.45797e-05	0	0.0322611	0	0	-3.30597	
67.71	0.337	0.103	-0.000124553	0	-2.242	1.45584e-05	0	0.0322611	0	0	-3.30597	
67.72	0.337	0.103	-0.000124371	0	-2.242	1.45371e-05	0	0.0322611	0	0	-3.30597	
67.73	0.337	0.103	-0.000124189	0	-2.242	1.45158e-05	0	0.0322611	0	0	-3.30597	
67.74	0.337	0.103	-0.000124007	0	-2.242	1.44946e-05	0	0.0322611	0	0	-3.30597	
67.75	0.337	0.103	-0.000123826	0	-2.242	1.44734e-05	0	0.0322611	0	0	-3.30597	
67.76	0.337	0.103	-0.000123645	0	-2.242	1.44523e-05	0	0.0322611	0	0	-3.30597	
67.77	0.337	0.103	-0.000123464	0	-2.242	1.44311e-05	0	0.0322611	0	0	-3.30597	
67.78	0.337	0.103	-0.000123284	0	-2.242	1.441e-05	0	0.0322611	0	0	-3.30597	
67.79	0.337	0.103	-0.000123103	0	-2.242	1.4389e-05	0	0.0322611	0	0	-3.30597	
67.8	0.337	0.103	-0.000122923	0	-2.242	1.43679e-05	0	0.0322611	0	0	-3.30597	
67.81	0.337	0.103	-0.000122744	0	-2.242	1.43469e-05	0	0.0322611	0	0	-3.30597	
67.82	0.337	0.103	-0.000122564	0	-2.242	1.43259e-05	0	0.0322611	0	0	-3.30597	
67.83	0.337	0.103	-0.000122385	0	-2.242	1.4305e-05	0	0.0322611	0	0	-3.30597	
67.84	0.337	0.103	-0.000122206	0	-2.242	1.42841e-05	0	0.0322611	0	0	-3.30597	
67.85	0.337	0.103	-0.000122027	0	-2.242	1.42632e-05	0	0.0322611	0	0	-3.30597	
67.86	0.337	0.103	-0.000121849	0	-2.242	1.42423e-05	0	0.0322611	0	0	-3.30597	
67.87	0.337	0.103	-0.000121671	0	-2.242	1.42215e-05	0	0.0322611	0	0	-3.30597	
67.88	0.337	0.103	-0.000121493	0	-2.242	1.42007e-05	0	0.0322611	0	0	-3.30597	
67.89	0.337	0.103	-0.000121315	0	-2.242	1.418e-05	0	0.0322611	0	0	-3.30597	
67.9	0.337	0.103	-0.000121138	0	-2.242	1.41592e-05	0	0.0322611	0	0	-3.30597	
67.91	0.337	0.103	-0.000120961	0	-2.242	1.41385e-05	0	0.0322611	0	0	-3.30597	
67.92	0.337	0.103	-0.000120784	0	-2.242	1.41179e-05	0	0.0322611	0	0	-3.30597	
67.93	0.337	0.103	-0.000120607	0	-2.242	1.40972e-05	0	0.0322611	0	0	-3.30597	
67.94	0.337	0.103	-0.000120431	0	-2.242	1.40766e-05	0	0.0322611	0	0	-3.30597	
67.95	0.337	0.103	-0.000120255	0	-2.242	1.4056e-05	0	0.0322611	0	0	-3.30597	
67.96	0.337	0.103	-0.000120079	0	-2.242	1.40355e-05	0	0.0322611	0	0	-3.30597	
67.97	0.337	0.103	-0.000119904	0	-2.242	1.40149e-05	0	0.0322611	0	0	-3.30597	
67.98	0.337	0.103	-0.000119728	0	-2.242	1.39945e-05	0	0.0322611	0	0	-3.30597	
67.99	0.337	0.103	-0.000119553	0	-2.242	1.3974e-05	0	0.0322611	0	0	-3.30597	
68	0.337	0.103	-0.000119378	0	-2.242	1.39536e-05	0	0.0322611	0	0	-3.30597	
68.01	0.337	0.103	-0.000119204	0	-2.242	1.39332e-05	0	0.0322611	0	0	-3.30597	
68.02	0.337	0.103	-0.00011903	0	-2.242	1.39128e-05	0	0.0322611	0	0	-3.30597	
68.03	0.337	0.103	-0.000118856	0	-2.242	1.38924e-05	0	0.0322611	0	0	-3.30597	
68.04	0.337	0.103	-0.000118682	0	-2.242	1.38721e-05	0	0.0322611	0	0	-3.30597	
68.05	0.337	0.103	-0.000118508	0	-2.242	1.38519e-05	0	0.0322611	0	0	-3.30597	
68.06	0.337	0.103	-0.000118335	0	-2.242	1.38316e-05	0	0.0322611	0	0	-3.30597	
68.07	0.337	0.103	-0.000118162	0	-2.242	1.38114e-05	0	0.0322611	0	0	-3.30597	
68.08	0.337	0.103	-0.000117989	0	-2.242	1.37912e-05	0	0.0322611	0	0	-3.30597	
68.09	0.337	0.103	-0.000117817	0	-2.242	1.3771e-05	0	0.0322611	0	0	-3.30597	
68.1	0.337	0.103	-0.000117644	0	-2.242	1.37509e-05	0	0.0322611	0	0	-3.30597	
68.11	0.337	0.103	-0.000117472	0	-2.242	1.37308e-05	0	0.0322611	0	0	-3.30597	
68.12	0.337	0.103	-0.000117301	0	-2.242	1.37107e-05	0	0.0322611	0	0	-3.30597	
68.13	0.337	0.103	-0.000117129	0	-2.242	1.36907e-05	0	0.0322611	0	0	-3.30597	
68.14	0.337	0.103	-0.000116958	0	-2.242	1.36706e-05	0	0.0322611	0	0	-3.30597	
68.15	0.337	0.103	-0.000116787	0	-2.242	1.36507e-05	0	0.0322611	0	0	-3.30597	
68.16	0.337	0.103	-0.000116616	0	-2.242	1.36307e-05	0	0.0322611	0	0	-3.30597	
68.17	0.337	0.103	-0.000116446	0	-2.242	1.36108e-05	0	0.0322611	0	0	-3.30597	
68.18	0.337	0.103	-0.000116275	0	-2.242	1.35909e-05	0	0.0322611	0	0	-3.30597	
68.19	0.337	0.103	-0.000116105	0	-2.242	1.3571e-05	0	0.0322611	0	0	-3.30597	
68.2	0.337	0.103	-0.000115936	0	-2.242	1.35512e-05	0	0.0322611	0	0	-3.30597	
68.21	0.337	0.103	-0.000115766	0	-2.242	1.35313e-05	0	0.0322611	0	0	-3.30597	
68.22	0.337	0.103	-0.000115597	0	-2.242	1.35116e-05	0	0.0322611	0	0	-3.30597	
68.23	0.337	0.103	-0.000115428	0	-2.242	1.34918e-05	0	0.0322611	0	0	-3.30597	
68.24	0.337	0.103	-0.000115259	0	-2.242	1.34721e-05	0	0.0322611	0	0	-3.30597	
68.25	0.337	0.103	-0.000115091	0	-2.242	1.34524e-05	0	0.0322611	0	0	-3.30597	
68.26	0.337	0.103	-0.000114922	0	-2.242	1.34327e-05	0	0.0322611	0	0	-3.30597	
68.27	0.337	0.103	-0.000114754	0	-2.242	1.34131e-05	0	0.0322611	0	0	-3.30597	
68.28	0.337	0.103	-0.000114587	0	-2.242	1.33935e-05	0	0.0322611	0	0	-3.30597	
68.29	0.337	0.103	-0.000114419	0	-2.242	1.33739e-05	0	0.0322611	0	0	-3.30597	
68.3	0.337	0.103	-0.000114252	0	-2.242	1.33543e-05	0	0.0322611	0	0	-3.30597	
68.31	0.337	0.103	-0.000114085	0	-2.242	1.33348e-05	0	0.0322611	0	0	-3.30597	
68.32	0.337	0.103	-0.000113918	0	-2.242	1.33153e-05	0	0.0322611	0	0	-3.30597	
68.33	0.337	0.103	-0.000113751	0	-2.242	1.32958e-05	0	0.0322611	0	0	-3.30597	
68.34	0.337	0.103	-0.000113585	0	-2.242	1.32764e-05	0	0.0322611	0	0	-3.30597	
68.35	0.337	0.103	-0.000113419	0	-2.242	1.3257e-05	0	0.0322611	0	0	-3.30597	
68.36	0.337	0.103	-0.000113253	0	-2.242	1.32376e-05	0	0.0322611	0	0	-3.30597	
68.37	0.337	0.103	-0.000113088	0	-2.242	1.32182e-05	0	0.0322611	0	0	-3.30597	
68.38	0.337	0.103	-0.000112922	0	-2.242	1.31989e-05	0	0.0322611	0	0	-3.30597	
68.39	0.337	0.103	-0.000112757	0	-2.242	1.31796e-05	0	0.0322611	0	0	-3.30597	
68.4	0.337	0.103	-0.000112592	0	-2.242	1.31604e-05	0	0.0322611	0	0	-3.30597	
68.41	0.337	0.103	-0.000112428	0	-2.242	1.31411e-05	0	0.0322611	0	0	-3.30597	
68.42	0.337	0.103	-0.000112263	0	-2.242	1.31219e-05	0	0.0322611	0	0	-3.30597	
68.43	0.337	0.103	-0.000112099	0	-2.242	1.31027e-05	0	0.0322611	0	0	-3.30597	
68.44	0.337	0.103	-0.000111935	0	-2.242	1.30836e-05	0	0.0322611	0	0	-3.30597	
68.45	0.337	0.103	-0.000111772	0	-2.242	1.30644e-05	0	0.0322611	0	0	-3.30597	
68.46	0.337	0.103	-0.000111608	0	-2.242	1.30453e-05	0	0.0322611	0	0	-3.30597	
68.47	0.337	0.103	-0.000111445	0	-2.242	1.30263e-05	0	0.0322611	0	0	-3.30597	
68.48	0.337	0.103	-0.000111282	0	-2.242	1.30072e-05	0	0.0322611	0	0	-3.30597	
68.49	0.337	0.103	-0.000111119	0	-2.242	1.29882e-05	0	0.0322611	0	0	-3.30597	
68.5	0.337	0.103	-0.000110957	0	-2.242	1.29692e-05	0	0.0322611	0	0	-3.30597	
68.51	0.337	0.103	-0.000110795	0	-2.242	1.29502e-05	0	0.0322611	0	0	-3.30597	
68.52	0.337	0.103	-0.000110633	0	-2.242	1.29313e-05	0	0.0322611	0	0	-3.30597	
68.53	0.337	0.103	-0.000110471	0	-2.242	1.29124e-05	0	0.0322611	0	0	-3.30597	
68.54	0.337	0.103	-0.000110309	0	-2.242	1.28935e-05	0	0.0322611	0	0	-3.30597	
68.55	0.337	0.103	-0.000110148	0	-2.242	1.28747e-05	0	0.0322611	0	0	-3.30597	
68.56	0.337	0.103	-0.000109987	0	-2.242	1.28558e-05	0	0.0322611	0	0	-3.30597	
68.57	0.337	0.103	-0.000109826	0	-2.242	1.2837e-05	0	0.0322611	0	0	-3.30597	
68.58	0.337	0.103	-0.000109666	0	-2.242	1.28183e-05	0	0.0322611	0	0	-3.30597	
68.59	0.337	0.103	-0.000109505	0	-2.242	1.27995e-05	0	0.0322611	0	0	-3.30597	
68.6	0.337	0.103	-0.000109345	0	-2.242	1.27808e-05	0	0.0322611	0	0	-3.30597	
68.61	0.337	0.103	-0.000109185	0	-2.242	1.27621e-05	0	0.0322611	0	0	-3.30597	
68.62	0.337	0.103	-0.000109026	0	-2.242	1.27435e-05	0	0.0322611	0	0	-3.30597	
68.63	0.337	0.103	-0.000108866	0	-2.242	1.27248e-05	0	0.0322611	0	0	-3.30597	
68.64	0.337	0.103	-0.000108707	0	-2.242	1.27062e-05	0	0.0322611	0	0	-3.30597	
68.65	0.337	0.103	-0.000108548	0	-2.242	1.26877e-05	0	0.0322611	0	0	-3.30597	
68.66	0.337	0.103	-0.000108389	0	-2.242	1.26691e-05	0	0.0322611	0	0	-3.30597	
68.67	0.337	0.103	-0.000108231	0	-2.242	1.26506e-05	0	0.0322611	0	0	-3.30597	
68.68	0.337	0.103	-0.000108073	0	-2.242	1.26321e-05	0	0.0322611	0	0	-3.30597	
68.69	0.337	0.103	-0.000107915	0	-2.242	1.26136e-05	0	0.0322611	0	0	-3.30597	
68.7	0.337	0.103	-0.000107757	0	-2.242	1.25952e-05	0	0.0322611	0	0	-3.30597	
68.71	0.337	0.103	-0.000107599	0	-2.242	1.25768e-05	0	0.0322611	0	0	-3.30597	
68.72	0.337	0.103	-0.000107442	0	-2.242	1.25584e-05	0	0.0322611	0	0	-3.30597	
68.73	0.337	0.103	-0.000107285	0	-2.242	1.254e-05	0	0.0322611	0	0	-3.30597	
68.74	0.337	0.103	-0.000107128	0	-2.242	1.25217e-05	0	0.0322611	0	0	-3.30597	
68.75	0.337	0.103	-0.000106971	0	-2.242	1.25034e-05	0	0.0322611	0	0	-3.30597	
68.76	0.337	0.103	-0.000106815	0	-2.242	1.24851e-05	0	0.0322611	0	0	-3.30597	
68.77	0.337	0.103	-0.000106659	0	-2.242	1.24668e-05	0	0.0322611	0	0	-3.30597	
68.78	0.337	0.103	-0.000106503	0	-2.242	1.24486e-05	0	0.0322611	0	0	-3.30597	
68.79	0.337	0.103	-0.000106347	0	-2.242	1.24304e-05	0	0.0322611	0	0	-3.30597	
68.8	0.337	0.103	-0.000106192	0	-2.242	1.24122e-05	0	0.0322611	0	0	-3.30597	
68.81	0.337	0.103	-0.000106036	0	-2.242	1.23941e-05	0	0.0322611	0	0	-3.30597	
68.82	0.337	0.103	-0.000105881	0	-2.242	1.2376e-05	0	0.0322611	0	0	-3.30597	
68.83	0.337	0.103	-0.000105727	0	-2.242	1.23579e-05	0	0.0322611	0	0	-3.30597	
68.84	0.337	0.103	-0.000105572	0	-2.242	1.23398e-05	0	0.0322611	0	0	-3.30597	
68.85	0.337	0.103	-0.000105418	0	-2.242	1.23218e-05	0	0.0322611	0	0	-3.30597	
68.86	0.337	0.103	-0.000105264	0	-2.242	1.23037e-05	0	0.0322611	0	0	-3.30597	
68.87	0.337	0.103	-0.00010511	0	-2.242	1.22858e-05	0	0.0322611	0	0	-3.30597	
68.88	0.337	0.103	-0.000104956	0	-2.242	1.22678e-05	0	0.0322611	0	0	-3.30597	
68.89	0.337	0.103	-0.000104803	0	-2.242	1.22499e-05	0	0.0322611	0	0	-3.30597	
68.9	0.337	0.103	-0.000104649	0	-2.242	1.22319e-05	0	0.0322611	0	0	-3.30597	
68.91	0.337	0.103	-0.000104496	0	-2.242	1.22141e-05	0	0.0322611	0	0	-3.30597	
68.92	0.337	0.103	-0.000104344	0	-2.242	1.21962e-05	0	0.0322611	0	0	-3.30597	
68.93	0.337	0.103	-0.000104191	0	-2.242	1.21784e-05	0	0.0322611	0	0	-3.30597	
68.94	0.337	0.103	-0.000104039	0	-2.242	1.21606e-05	0	0.0322611	0	0	-3.30597	
68.95	0.337	0.103	-0.000103887	0	-2.242	1.21428e-05	0	0.0322611	0	0	-3.30597	
68.96	0.337	0.103	-0.000103735	0	-2.242	1.2125e-05	0	0.0322611	0	0	-3.30597	
68.97	0.337	0.103	-0.000103583	0	-2.242	1.21073e-05	0	0.0322611	0	0	-3.30597	
68.98	0.337	0.103	-0.000103432	0	-2.242	1.20896e-05	0	0.0322611	0	0	-3.30597	
68.99	0.337	0.103	-0.00010328	0	-2.242	1.20719e-05	0	0.0322611	0	0	-3.30597	
69	0.337	0.103	-0.000103129	0	-2.242	1.20543e-05	0	0.0322611	0	0	-3.30597	
69.01	0.337	0.103	-0.000102979	0	-2.242	1.20367e-05	0	0.0322611	0	0	-3.30597	
69.02	0.337	0.103	-0.000102828	0	-2.242	1.20191e-05	0	0.0322611	0	0	-3.30597	
69.03	0.337	0.103	-0.000102678	0	-2.242	1.20015e-05	0	0.0322611	0	0	-3.30597	
69.04	0.337	0.103	-0.000102527	0	-2.242	1.19839e-05	0	0.0322611	0	0	-3.30597	
69.05	0.337	0.103	-0.000102378	0	-2.242	1.19664e-05	0	0.0322611	0	0	-3.30597	
69.06	0.337	0.103	-0.000102228	0	-2.242	1.19489e-05	0	0.0322611	0	0	-3.30597	
69.07	0.337	0.103	-0.000102078	0	-2.242	1.19314e-05	0	0.0322611	0	0	-3.30597	
69.08	0.337	0.103	-0.000101929	0	-2.242	1.1914e-05	0	0.0322611	0	0	-3.30597	
69.09	0.337	0.103	-0.00010178	0	-2.242	1.18966e-05	0	0.0322611	0	0	-3.30597	
69.1	0.337	0.103	-0.000101631	0	-2.242	1.18792e-05	0	0.0322611	0	0	-3.30597	
69.11	0.337	0.103	-0.000101483	0	-2.242	1.18618e-05	0	0.0322611	0	0	-3.30597	
69.12	0.337	0.103	-0.000101334	0	-2.242	1.18445e-05	0	0.0322611	0	0	-3.30597	
69.13	0.337	0.103	-0.000101186	0	-2.242	1.18272e-05	0	0.0322611	0	0	-3.30597	
69.14	0.337	0.103	-0.000101038	0	-2.242	1.18099e-05	0	0.0322611	0	0	-3.30597	
69.15	0.337	0.103	-0.000100891	0	-2.242	1.17926e-05	0	0.0322611	0	0	-3.30597	
69.16	0.337	0.103	-0.000100743	0	-2.242	1.17754e-05	0	0.0322611	0	0	-3.30597	
69.17	0.337	0.103	-0.000100596	0	-2.242	1.17581e-05	0	0.0322611	0	0	-3.30597	
69.18	0.337	0.103	-0.000100449	0	-2.242	1.1741e-05	0	0.0322611	0	0	-3.30597	
69.19	0.337	0.103	-0.000100302	0	-2.242	1.17238e-05	0	0.0322611	0	0	-3.30597	
69.2	0.337	0.103	-0.000100155	0	-2.242	1.17066e-05	0	0.0322611	0	0	-3.30597	
69.21	0.337	0.103	-0.000100009	0	-2.242	1.16895e-05	0	0.0322611	0	0	-3.30597	
69.22	0.337	0.103	-9.98625e-05	0	-2.242	1.16724e-05	0	0.0322611	0	0	-3.30597	
69.23	0.337	0.103	-9.97165e-05	0	-2.242	1.16554e-05	0	0.0322611	0	0	-3.30597	
69.24	0.337	0.103	-9.95707e-05	0	-2.242	1.16383e-05	0	0.0322611	0	0	-3.30597	
69.25	0.337	0.103	-9.94251e-05	0	-2.242	1.16213e-05	0	0.0322611	0	0	-3.30597	
69.26	0.337	0.103	-9.92797e-05	0	-2.242	1.16043e-05	0	0.0322611	0	0	-3.30597	
69.27	0.337	0.103	-9.91346e-05	0	-2.242	1.15874e-05	0	0.0322611	0	0	-3.30597	
69.28	0.337	0.103	-9.89896e-05	0	-2.242	1.15704e-05	0	0.0322611	0	0	-3.30597	
69.29	0.337	0.103	-9.88449e-05	0	-2.242	1.15535e-05	0	0.0322611	0	0	-3.30597	
69.3	0.337	0.103	-9.87004e-05	0	-2.242	1.15366e-05	0	0.0322611	0	0	-3.30597	
69.31	0.337	0.103	-9.85561e-05	0	-2.242	1.15197e-05	0	0.0322611	0	0	-3.30597	
69.32	0.337	0.103	-9.8412e-05	0	-2.242	1.15029e-05	0	0.0322611	0	0	-3.30597	
69.33	0.337	0.103	-9.82681e-05	0	-2.242	1.14861e-05	0	0.0322611	0	0	-3.30597	
69.34	0.337	0.103	-9.81244e-05	0	-2.242	1.14693e-05	0	0.0322611	0	0	-3.30597	
69.35	0.337	0.103	-9.7981e-05	0	-2.242	1.14525e-05	0	0.0322611	0	0	-3.30597	
69.36	0.337	0.103	-9.78377e-05	0	-2.242	1.14358e-05	0	0.0322611	0	0	-3.30597	
69.37	0.337	0.103	-9.76946e-05	0	-2.242	1.1419e-05	0	0.0322611	0	0	-3.30597	
69.38	0.337	0.103	-9.75518e-05	0	-2.242	1.14024e-05	0	0.0322611	0	0	-3.30597	
69.39	0.337	0.103	-9.74092e-05	0	-2.242	1.13857e-05	0	0.0322611	0	0	-3.30597	
69.4	0.337	0.103	-9.72668e-05	0	-2.242	1.1369e-05	0	0.0322611	0	0	-3.30597	
69.41	0.337	0.103	-9.71246e-05	0	-2.242	1.13524e-05	0	0.0322611	0	0	-3.30597	
69.42	0.337	0.103	-9.69825e-05	0	-2.242	1.13358e-05	0	0.0322611	0	0	-3.30597	
69.43	0.337	0.103	-9.68407e-05	0	-2.242	1.13192e-05	0	0.0322611	0	0	-3.30597	
69.44	0.337	0.103	-9.66992e-05	0	-2.242	1.13027e-05	0	0.0322611	0	0	-3.30597	
69.45	0.337	0.103	-9.65578e-05	0	-2.242	1.12862e-05	0	0.0322611	0	0	-3.30597	
69.46	0.337	0.103	-9.64166e-05	0	-2.242	1.12697e-05	0	0.0322611	0	0	-3.30597	
69.47	0.337	0.103	-9.62756e-05	0	-2.242	1.12532e-05	0	0.0322611	0	0	-3.30597	
69.48	0.337	0.103	-9.61349e-05	0	-2.242	1.12367e-05	0	0.0322611	0	0	-3.30597	
69.49	0.337	0.103	-9.59943e-05	0	-2.242	1.12203e-05	0	0.0322611	0	0	-3.30597	
69.5	0.337	0.103	-9.5854e-05	0	-2.242	1.12039e-05	0	0.0322611	0	0	-3.30597	
69.51	0.337	0.103	-9.57138e-05	0	-2.242	1.11875e-05	0	0.0322611	0	0	-3.30597	
69.52	0.337	0.103	-9.55739e-05	0	-2.242	1.11712e-05	0	0.0322611	0	0	-3.30597	
69.53	0.337	0.103	-9.54341e-05	0	-2.242	1.11548e-05	0	0.0322611	0	0	-3.30597	
69.54	0.337	0.103	-9.52946e-05	0	-2.242	1.11385e-05	0	0.0322611	0	0	-3.30597	
69.55	0.337	0.103	-9.51553e-05	0	-2.242	1.11222e-05	0	0.0322611	0	0	-3.30597	
69.56	0.337	0.103	-9.50162e-05	0	-2.242	1.1106e-05	0	0.0322611	0	0	-3.30597	
69.57	0.337	0.103	-9.48772e-05	0	-2.242	1.10897e-05	0	0.0322611	0	0	-3.30597	
69.58	0.337	0.103	-9.47385e-05	0	-2.242	1.10735e-05	0	0.0322611	0	0	-3.30597	
69.59	0.337	0.103	-9.46e-05	0	-2.242	1.10573e-05	0	0.0322611	0	0	-3.30597	
69.6	0.337	0.103	-9.44617e-05	0	-2.242	1.10412e-05	0	0.0322611	0	0	-3.30597	
69.61	0.337	0.103	-9.43236e-05	0	-2.242	1.1025e-05	0	0.0322611	0	0	-3.30597	
69.62	0.337	0.103	-9.41857e-05	0	-2.242	1.10089e-05	0	0.0322611	0	0	-3.30597	
69.63	0.337	0.103	-9.4048e-05	0	-2.242	1.09928e-05	0	0.0322611	0	0	-3.30597	
69.64	0.337	0.103	-9.39104e-05	0	-2.242	1.09767e-05	0	0.0322611	0	0	-3.30597	
69.65	0.337	0.103	-9.37731e-05	0	-2.242	1.09607e-05	0	0.0322611	0	0	-3.30597	
69.66	0.337	0.103	-9.3636e-05	0	-2.242	1.09447e-05	0	0.0322611	0	0	-3.30597	
69.67	0.337	0.103	-9.34991e-05	0	-2.242	1.09287e-05	0	0.0322611	0	0	-3.30597	
69.68	0.337	0.103	-9.33624e-05	0	-2.242	1.09127e-05	0	0.0322611	0	0	-3.30597	
69.69	0.337	0.103	-9.32259e-05	0	-2.242	1.08967e-05	0	0.0322611	0	0	-3.30597	
69.7	0.337	0.103	-9.30896e-05	0	-2.242	1.08808e-05	0	0.0322611	0	0	-3.30597	
69.71	0.337	0.103	-9.29535e-05	0	-2.242	1.08649e-05	0	0.0322611	0	0	-3.30597	
69.72	0.337	0.103	-9.28176e-05	0	-2.242	1.0849e-05	0	0.0322611	0	0	-3.30597	
69.73	0.337	0.103	-9.26819e-05	0	-2.242	1.08331e-05	0	0.0322611	0	0	-3.30597	
69.74	0.337	0.103	-9.25464e-05	0	-2.242	1.08173e-05	0	0.0322611	0	0	-3.30597	
69.75	0.337	0.103	-9.24111e-05	0	-2.242	1.08015e-05	0	0.0322611	0	0	-3.30597	
69.76	0.337	0.103	-9.2276e-05	0	-2.242	1.07857e-05	0	0.0322611	0	0	-3.30597	
69.77	0.337	0.103	-9.21411e-05	0	-2.242	1.07699e-05	0	0.0322611	0	0	-3.30597	
69.78	0.337	0.103	-9.20063e-05	0	-2.242	1.07542e-05	0	0.0322611	0	0	-3.30597	
69.79	0.337	0.103	-9.18718e-05	0	-2.242	1.07384e-05	0	0.0322611	0	0	-3.30597	
69.8	0.337	0.103	-9.17375e-05	0	-2.242	1.07227e-05	0	0.0322611	0	0	-3.30597	
69.81	0.337	0.103	-9.16034e-05	0	-2.242	1.07071e-05	0	0.0322611	0	0	-3.30597	
69.82	0.337	0.103	-9.14694e-05	0	-2.242	1.06914e-05	0	0.0322611	0	0	-3.30597	
69.83	0.337	0.103	-9.13357e-05	0	-2.242	1.06758e-05	0	0.0322611	0	0	-3.30597	
69.84	0.337	0.103	-9.12022e-05	0	-2.242	1.06602e-05	0	0.0322611	0	0	-3.30597	
69.85	0.337	0.103	-9.10688e-05	0	-2.242	1.06446e-05	0	0.0322611	0	0	-3.30597	
69.86	0.337	0.103	-9.09357e-05	0	-2.242	1.0629e-05	0	0.0322611	0	0	-3.30597	
69.87	0.337	0.103	-9.08027e-05	0	-2.242	1.06135e-05	0	0.0322611	0	0	-3.30597	
69.88	0.337	0.103	-9.06699e-05	0	-2.242	1.0598e-05	0	0.0322611	0	0	-3.30597	
69.89	0.337	0.103	-9.05374e-05	0	-2.242	1.05825e-05	0	0.0322611	0	0	-3.30597	
69.9	0.337	0.103	-9.0405e-05	0	-2.242	1.0567e-05	0	0.0322611	0	0	-3.30597	
69.91	0.337	0.103	-9.02728e-05	0	-2.242	1.05515e-05	0	0.0322611	0	0	-3.30597	
69.92	0.337	0.103	-9.01408e-05	0	-2.242	1.05361e-05	0	0.0322611	0	0	-3.30597	
69.93	0.337	0.103	-9.0009e-05	0	-2.242	1.05207e-05	0	0.0322611	0	0	-3.30597	
69.94	0.337	0.103	-8.98774e-05	0	-2.242	1.05053e-05	0	0.0322611	0	0	-3.30597	
69.95	0.337	0.103	-8.9746e-05	0	-2.242	1.049e-05	0	0.0322611	0	0	-3.30597	
69.96	0.337	0.103	-8.96148e-05	0	-2.242	1.04746e-05	0	0.0322611	0	0	-3.30597	
69.97	0.337	0.103	-8.94838e-05	0	-2.242	1.04593e-05	0	0.0322611	0	0	-3.30597	
69.98	0.337	0.103	-8.9353e-05	0	-2.242	1.0444e-05	0	0.0322611	0	0	-3.30597	
69.99	0.337	0.103	-8.92223e-05	0	-2.242	1.04288e-05	0	0.0322611	0	0	-3.30597	
70	0.337	0.103	-8.90919e-05	0	-2.242	1.04135e-05	0	0.0322611	0	0	-3.30597	
70.01	0.337	0.103	-8.89616e-05	0	-2.242	1.03983e-05	0	0.0322611	0	0	-3.30597	
70.02	0.337	0.103	-8.88315e-05	0	-2.242	1.03831e-05	0	0.0322611	0	0	-3.30597	
70.03	0.337	0.103	-8.87017e-05	0	-2.242	1.03679e-05	0	0.0322611	0	0	-3.30597	
70.04	0.337	0.103	-8.8572e-05	0	-2.242	1.03527e-05	0	0.0322611	0	0	-3.30597	
70.05	0.337	0.103	-8.84425e-05	0	-2.242	1.03376e-05	0	0.0322611	0	0	-3.30597	
70.06	0.337	0.103	-8.83132e-05	0	-2.242	1.03225e-05	0	0.0322611	0	0	-3.30597	
70.07	0.337	0.103	-8.8184e-05	0	-2.242	1.03074e-05	0	0.0322611	0	0	-3.30597	
70.08	0.337	0.103	-8.80551e-05	0	-2.242	1.02923e-05	0	0.0322611	0	0	-3.30597	
70.09	0.337	0.103	-8.79264e-05	0	-2.242	1.02773e-05	0	0.0322611	0	0	-3.30597	
70.1	0.337	0.103	-8.77978e-05	0	-2.242	1.02623e-05	0	0.0322611	0	0	-3.30597	
70.11	0.337	0.103	-8.76694e-05	0	-2.242	1.02473e-05	0	0.0322611	0	0	-3.30597	
70.12	0.337	0.103	-8.75413e-05	0	-2.242	1.02323e-05	0	0.0322611	0	0	-3.30597	
70.13	0.337	0.103	-8.74133e-05	0	-2.242	1.02173e-05	0	0.0322611	0	0	-3.30597	
70.14	0.337	0.103	-8.72855e-05	0	-2.242	1.02024e-05	0	0.0322611	0	0	-3.30597	
70.15	0.337	0.103	-8.71579e-05	0	-2.242	1.01875e-05	0	0.0322611	0	0	-3.30597	
70.16	0.337	0.103	-8.70304e-05	0	-2.242	1.01726e-05	0	0.0322611	0	0	-3.30597	
70.17	0.337	0.103	-8.69032e-05	0	-2.242	1.01577e-05	0	0.0322611	0	0	-3.30597	
70.18	0.337	0.103	-8.67761e-05	0	-2.242	1.01428e-05	0	0.0322611	0	0	-3.30597	
70.19	0.337	0.103	-8.66492e-05	0	-2.242	1.0128e-05	0	0.0322611	0	0	-3.30597	
70.2	0.337	0.103	-8.65226e-05	0	-2.242	1.01132e-05	0	0.0322611	0	0	-3.30597	
70.21	0.337	0.103	-8.6396e-05	0	-2.242	1.00984e-05	0	0.0322611	0	0	-3.30597	
70.22	0.337	0.103	-8.62697e-05	0	-2.242	1.00836e-05	0	0.0322611	0	0	-3.30597	
70.23	0.337	0.103	-8.61436e-05	0	-2.242	1.00689e-05	0	0.0322611	0	0	-3.30597	
70.24	0.337	0.103	-8.60176e-05	0	-2.242	1.00542e-05	0	0.0322611	0	0	-3.30597	
70.25	0.337	0.103	-8.58919e-05	0	-2.242	1.00395e-05	0	0.0322611	0	0	-3.30597	
70.26	0.337	0.103	-8.57663e-05	0	-2.242	1.00248e-05	0	0.0322611	0	0	-3.30597	
70.27	0.337	0.103	-8.56409e-05	0	-2.242	1.00101e-05	0	0.0322611	0	0	-3.30597	
70.28	0.337	0.103	-8.55157e-05	0	-2.242	9.99551e-06	0	0.0322611	0	0	-3.30597	
70.29	0.337	0.103	-8.53907e-05	0	-2.242	9.9809e-06	0	0.0322611	0	0	-3.30597	
70.3	0.337	0.103	-8.52658e-05	0	-2.242	9.9663e-06	0	0.0322611	0	0	-3.30597	
70.31	0.337	0.103	-8.51411e-05	0	-2.242	9.95173e-06	0	0.0322611	0	0	-3.30597	
70.32	0.337	0.103	-8.50167e-05	0	-2.242	9.93718e-06	0	0.0322611	0	0	-3.30597	
70.33	0.337	0.103	-8.48924e-05	0	-2.242	9.92265e-06	0	0.0322611	0	0	-3.30597	
70.34	0.337	0.103	-8.47682e-05	0	-2.242	9.90814e-06	0	0.0322611	0	0	-3.30597	
70.35	0.337	0.103	-8.46443e-05	0	-2.242	9.89366e-06	0	0.0322611	0	0	-3.30597	
70.36	0.337	0.103	-8.45205e-05	0	-2.242	9.87919e-06	0	0.0322611	0	0	-3.30597	
70.37	0.337	0.103	-8.4397e-05	0	-2.242	9.86475e-06	0	0.0322611	0	0	-3.30597	
70.38	0.337	0.103	-8.42736e-05	0	-2.242	9.85033e-06	0	0.0322611	0	0	-3.30597	
70.39	0.337	0.103	-8.41504e-05	0	-2.242	9.83592e-06	0	0.0322611	0	0	-3.30597	
70.4	0.337	0.103	-8.40273e-05	0	-2.242	9.82154e-06	0	0.0322611	0	0	-3.30597	
70.41	0.337	0.103	-8.39045e-05	0	-2.242	9.80718e-06	0	0.0322611	0	0	-3.30597	
70.42	0.337	0.103	-8.37818e-05	0	-2.242	9.79284e-06	0	0.0322611	0	0	-3.30597	
70.43	0.337	0.103	-8.36593e-05	0	-2.242	9.77853e-06	0	0.0322611	0	0	-3.30597	
70.44	0.337	0.103	-8.3537e-05	0	-2.242	9.76423e-06	0	0.0322611	0	0	-3.30597	
70.45	0.337	0.103	-8.34148e-05	0	-2.242	9.74995e-06	0	0.0322611	0	0	-3.30597	
70.46	0.337	0.103	-8.32929e-05	0	-2.242	9.7357e-06	0	0.0322611	0	0	-3.30597	
70.47	0.337	0.103	-8.31711e-05	0	-2.242	9.72146e-06	0	0.0322611	0	0	-3.30597	
70.48	0.337	0.103	-8.30495e-05	0	-2.242	9.70725e-06	0	0.0322611	0	0	-3.30597	
70.49	0.337	0.103	-8.29281e-05	0	-2.242	9.69306e-06	0	0.0322611	0	0	-3.30597	
70.5	0.337	0.103	-8.28068e-05	0	-2.242	9.67888e-06	0	0.0322611	0	0	-3.30597	
70.51	0.337	0.103	-8.26858e-05	0	-2.242	9.66473e-06	0	0.0322611	0	0	-3.30597	
70.52	0.337	0.103	-8.25649e-05	0	-2.242	9.6506e-06	0	0.0322611	0	0	-3.30597	
70.53	0.337	0.103	-8.24441e-05	0	-2.242	9.63649e-06	0	0.0322611	0	0	-3.30597	
70.54	0.337	0.103	-8.23236e-05	0	-2.242	9.6224e-06	0	0.0322611	0	0	-3.30597	
70.55	0.337	0.103	-8.22032e-05	0	-2.242	9.60833e-06	0	0.0322611	0	0	-3.30597	
70.56	0.337	0.103	-8.20831e-05	0	-2.242	9.59429e-06	0	0.0322611	0	0	-3.30597	
70.57	0.337	0.103	-8.1963e-05	0	-2.242	9.58026e-06	0	0.0322611	0	0	-3.30597	
70.58	0.337	0.103	-8.18432e-05	0	-2.242	9.56625e-06	0	0.0322611	0	0	-3.30597	
70.59	0.337	0.103	-8.17235e-05	0	-2.242	9.55226e-06	0	0.0322611	0	0	-3.30597	
70.6	0.337	0.103	-8.16041e-05	0	-2.242	9.5383e-06	0	0.0322611	0	0	-3.30597	
70.61	0.337	0.103	-8.14847e-05	0	-2.242	9.52435e-06	0	0.0322611	0	0	-3.30597	
70.62	0.337	0.103	-8.13656e-05	0	-2.242	9.51043e-06	0	0.0322611	0	0	-3.30597	
70.63	0.337	0.103	-8.12466e-05	0	-2.242	9.49652e-06	0	0.0322611	0	0	-3.30597	
70.64	0.337	0.103	-8.11279e-05	0	-2.242	9.48264e-06	0	0.0322611	0	0	-3.30597	
70.65	0.337	0.103	-8.10092e-05	0	-2.242	9.46877e-06	0	0.0322611	0	0	-3.30597	
70.66	0.337	0.103	-8.08908e-05	0	-2.242	9.45493e-06	0	0.0322611	0	0	-3.30597	
70.67	0.337	0.103	-8.07725e-05	0	-2.242	9.4411e-06	0	0.0322611	0	0	-3.30597	
70.68	0.337	0.103	-8.06544e-05	0	-2.242	9.4273e-06	0	0.0322611	0	0	-3.30597	
70.69	0.337	0.103	-8.05365e-05	0	-2.242	9.41352e-06	0	0.0322611	0	0	-3.30597	
70.7	0.337	0.103	-8.04188e-05	0	-2.242	9.39975e-06	0	0.0322611	0	0	-3.30597	
70.71	0.337	0.103	-8.03012e-05	0	-2.242	9.38601e-06	0	0.0322611	0	0	-3.30597	
70.72	0.337	0.103	-8.01838e-05	0	-2.242	9.37229e-06	0	0.0322611	0	0	-3.30597	
70.73	0.337	0.103	-8.00665e-05	0	-2.242	9.35858e-06	0	0.0322611	0	0	-3.30597	
70.74	0.337	0.103	-7.99495e-05	0	-2.242	9.3449e-06	0	0.0322611	0	0	-3.30597	
70.75	0.337	0.103	-7.98326e-05	0	-2.242	9.33124e-06	0	0.0322611	0	0	-3.30597	
70.76	0.337	0.103	-7.97159e-05	0	-2.242	9.3176e-06	0	0.0322611	0	0	-3.30597	
70.77	0.337	0.103	-7.95993e-05	0	-2.242	9.30397e-06	0	0.0322611	0	0	-3.30597	
70.78	0.337	0.103	-7.94829e-05	0	-2.242	9.29037e-06	0	0.0322611	0	0	-3.30597	
70.79	0.337	0.103	-7.93667e-05	0	-2.242	9.27679e-06	0	0.0322611	0	0	-3.30597	
70.8	0.337	0.103	-7.92507e-05	0	-2.242	9.26322e-06	0	0.0322611	0	0	-3.30597	
70.81	0.337	0.103	-7.91348e-05	0	-2.242	9.24968e-06	0	0.0322611	0	0	-3.30597	
70.82	0.337	0.103	-7.90191e-05	0	-2.242	9.23616e-06	0	0.0322611	0	0	-3.30597	
70.83	0.337	0.103	-7.89036e-05	0	-2.242	9.22265e-06	0	0.0322611	0	0	-3.30597	
70.84	0.337	0.103	-7.87882e-05	0	-2.242	9.20917e-06	0	0.0322611	0	0	-3.30597	
70.85	0.337	0.103	-7.8673e-05	0	-2.242	9.1957e-06	0	0.0322611	0	0	-3.30597	
70.86	0.337	0.103	-7.8558e-05	0	-2.242	9.18226e-06	0	0.0322611	0	0	-3.30597	
70.87	0.337	0.103	-7.84431e-05	0	-2.242	9.16883e-06	0	0.0322611	0	0	-3.30597	
70.88	0.337	0.103	-7.83284e-05	0	-2.242	9.15543e-06	0	0.0322611	0	0	-3.30597	
70.89	0.337	0.103	-7.82139e-05	0	-2.242	9.14204e-06	0	0.0322611	0	0	-3.30597	
70.9	0.337	0.103	-7.80996e-05	0	-2.242	9.12867e-06	0	0.0322611	0	0	-3.30597	
70.91	0.337	0.103	-7.79854e-05	0	-2.242	9.11533e-06	0	0.0322611	0	0	-3.30597	
70.92	0.337	0.103	-7.78713e-05	0	-2.242	9.102e-06	0	0.0322611	0	0	-3.30597	
70.93	0.337	0.103	-7.77575e-05	0	-2.242	9.08869e-06	0	0.0322611	0	0	-3.30597	
70.94	0.337	0.103	-7.76438e-05	0	-2.242	9.0754e-06	0	0.0322611	0	0	-3.30597	
70.95	0.337	0.103	-7.75303e-05	0	-2.242	9.06213e-06	0	0.0322611	0	0	-3.30597	
70.96	0.337	0.103	-7.74169e-05	0	-2.242	9.04889e-06	0	0.0322611	0	0	-3.30597	
70.97	0.337	0.103	-7.73037e-05	0	-2.242	9.03565e-06	0	0.0322611	0	0	-3.30597	
70.98	0.337	0.103	-7.71907e-05	0	-2.242	9.02244e-06	0	0.0322611	0	0	-3.30597	
70.99	0.337	0.103	-7.70779e-05	0	-2.242	9.00925e-06	0	0.0322611	0	0	-3.30597	
71	0.337	0.103	-7.69652e-05	0	-2.242	8.99608e-06	0	0.0322611	0	0	-3.30597	
71.01	0.337	0.103	-7.68526e-05	0	-2.242	8.98293e-06	0	0.0322611	0	0	-3.30597	
71.02	0.337	0.103	-7.67403e-05	0	-2.242	8.96979e-06	0	0.0322611	0	0	-3.30597	
71.03	0.337	0.103	-7.66281e-05	0	-2.242	8.95668e-06	0	0.0322611	0	0	-3.30597	
71.04	0.337	0.103	-7.6516e-05	0	-2.242	8.94358e-06	0	0.0322611	0	0	-3.30597	
71.05	0.337	0.103	-7.64042e-05	0	-2.242	8.93051e-06	0	0.0322611	0	0	-3.30597	
71.06	0.337	0.103	-7.62924e-05	0	-2.242	8.91745e-06	0	0.0322611	0	0	-3.30597	
71.07	0.337	0.103	-7.61809e-05	0	-2.242	8.90441e-06	0	0.0322611	0	0	-3.30597	
71.08	0.337	0.103	-7.60695e-05	0	-2.242	8.89139e-06	0	0.0322611	0	0	-3.30597	
71.09	0.337	0.103	-7.59583e-05	0	-2.242	8.87839e-06	0	0.0322611	0	0	-3.30597	
71.1	0.337	0.103	-7.58472e-05	0	-2.242	8.86541e-06	0	0.0322611	0	0	-3.30597	
71.11	0.337	0.103	-7.57363e-05	0	-2.242	8.85245e-06	0	0.0322611	0	0	-3.30597	
71.12	0.337	0.103	-7.56256e-05	0	-2.242	8.83951e-06	0	0.0322611	0	0	-3.30597	
71.13	0.337	0.103	-7.5515e-05	0	-2.242	8.82658e-06	0	0.0322611	0	0	-3.30597	
71.14	0.337	0.103	-7.54046e-05	0	-2.242	8.81368e-06	0	0.0322611	0	0	-3.30597	
71.15	0.337	0.103	-7.52944e-05	0	-2.242	8.80079e-06	0	0.0322611	0	0	-3.30597	
71.16	0.337	0.103	-7.51843e-05	0	-2.242	8.78792e-06	0	0.0322611	0	0	-3.30597	
71.17	0.337	0.103	-7.50744e-05	0	-2.242	8.77508e-06	0	0.0322611	0	0	-3.30597	
71.18	0.337	0.103	-7.49646e-05	0	-2.242	8.76225e-06	0	0.0322611	0	0	-3.30597	
71.19	0.337	0.103	-7.4855e-05	0	-2.242	8.74943e-06	0	0.0322611	0	0	-3.30597	
71.2	0.337	0.103	-7.47456e-05	0	-2.242	8.73664e-06	0	0.0322611	0	0	-3.30597	
71.21	0.337	0.103	-7.46363e-05	0	-2.242	8.72387e-06	0	0.0322611	0	0	-3.30597	
71.22	0.337	0.103	-7.45271e-05	0	-2.242	8.71111e-06	0	0.0322611	0	0	-3.30597	
71.23	0.337	0.103	-7.44182e-05	0	-2.242	8.69838e-06	0	0.0322611	0	0	-3.30597	
71.24	0.337	0.103	-7.43094e-05	0	-2.242	8.68566e-06	0	0.0322611	0	0	-3.30597	
71.25	0.337	0.103	-7.42007e-05	0	-2.242	8.67296e-06	0	0.0322611	0	0	-3.30597	
71.26	0.337	0.103	-7.40922e-05	0	-2.242	8.66028e-06	0	0.0322611	0	0	-3.30597	
71.27	0.337	0.103	-7.39839e-05	0	-2.242	8.64762e-06	0	0.0322611	0	0	-3.30597	
71.28	0.337	0.103	-7.38757e-05	0	-2.242	8.63497e-06	0	0.0322611	0	0	-3.30597	
71.29	0.337	0.103	-7.37677e-05	0	-2.242	8.62235e-06	0	0.0322611	0	0	-3.30597	
71.3	0.337	0.103	-7.36599e-05	0	-2.242	8.60974e-06	0	0.0322611	0	0	-3.30597	
71.31	0.337	0.103	-7.35522e-05	0	-2.242	8.59715e-06	0	0.0322611	0	0	-3.30597	
71.32	0.337	0.103	-7.34446e-05	0	-2.242	8.58458e-06	0	0.0322611	0	0	-3.30597	
71.33	0.337	0.103	-7.33373e-05	0	-2.242	8.57203e-06	0	0.0322611	0	0	-3.30597	
71.34	0.337	0.103	-7.323e-05	0	-2.242	8.5595e-06	0	0.0322611	0	0	-3.30597	
71.35	0.337	0.103	-7.3123e-05	0	-2.242	8.54699e-06	0	0.0322611	0	0	-3.30597	
71.36	0.337	0.103	-7.30161e-05	0	-2.242	8.53449e-06	0	0.0322611	0	0	-3.30597	
71.37	0.337	0.103	-7.29093e-05	0	-2.242	8.52201e-06	0	0.0322611	0	0	-3.30597	
71.38	0.337	0.103	-7.28027e-05	0	-2.242	8.50955e-06	0	0.0322611	0	0	-3.30597	
71.39	0.337	0.103	-7.26963e-05	0	-2.242	8.49711e-06	0	0.0322611	0	0	-3.30597	
71.4	0.337	0.103	-7.259e-05	0	-2.242	8.48469e-06	0	0.0322611	0	0	-3.30597	
71.41	0.337	0.103	-7.24838e-05	0	-2.242	8.47228e-06	0	0.0322611	0	0	-3.30597	
71.42	0.337	0.103	-7.23779e-05	0	-2.242	8.45989e-06	0	0.0322611	0	0	-3.30597	
71.43	0.337	0.103	-7.2272e-05	0	-2.242	8.44752e-06	0	0.0322611	0	0	-3.30597	
71.44	0.337	0.103	-7.21664e-05	0	-2.242	8.43517e-06	0	0.0322611	0	0	-3.30597	
71.45	0.337	0.103	-7.20609e-05	0	-2.242	8.42284e-06	0	0.0322611	0	0	-3.30597	
71.46	0.337	0.103	-7.19555e-05	0	-2.242	8.41053e-06	0	0.0322611	0	0	-3.30597	
71.47	0.337	0.103	-7.18503e-05	0	-2.242	8.39823e-06	0	0.0322611	0	0	-3.30597	
71.48	0.337	0.103	-7.17452e-05	0	-2.242	8.38595e-06	0	0.0322611	0	0	-3.30597	
71.49	0.337	0.103	-7.16403e-05	0	-2.242	8.37369e-06	0	0.0322611	0	0	-3.30597	
71.5	0.337	0.103	-7.15356e-05	0	-2.242	8.36145e-06	0	0.0322611	0	0	-3.30597	
71.51	0.337	0.103	-7.1431e-05	0	-2.242	8.34922e-06	0	0.0322611	0	0	-3.30597	
71.52	0.337	0.103	-7.13266e-05	0	-2.242	8.33701e-06	0	0.0322611	0	0	-3.30597	
71.53	0.337	0.103	-7.12223e-05	0	-2.242	8.32482e-06	0	0.0322611	0	0	-3.30597	
71.54	0.337	0.103	-7.11181e-05	0	-2.242	8.31265e-06	0	0.0322611	0	0	-3.30597	
71.55	0.337	0.103	-7.10142e-05	0	-2.242	8.3005e-06	0	0.0322611	0	0	-3.30597	
71.56	0.337	0.103	-7.09103e-05	0	-2.242	8.28836e-06	0	0.0322611	0	0	-3.30597	
71.57	0.337	0.103	-7.08067e-05	0	-2.242	8.27624e-06	0	0.0322611	0	0	-3.30597	
71.58	0.337	0.103	-7.07031e-05	0	-2.242	8.26414e-06	0	0.0322611	0	0	-3.30597	
71.59	0.337	0.103	-7.05998e-05	0	-2.242	8.25206e-06	0	0.0322611	0	0	-3.30597	
71.6	0.337	0.103	-7.04965e-05	0	-2.242	8.24e-06	0	0.0322611	0	0	-3.30597	
71.61	0.337	0.103	-7.03935e-05	0	-2.242	8.22795e-06	0	0.0322611	0	0	-3.30597	
71.62	0.337	0.103	-7.02905e-05	0	-2.242	8.21592e-06	0	0.0322611	0	0	-3.30597	
71.63	0.337	0.103	-7.01878e-05	0	-2.242	8.20391e-06	0	0.0322611	0	0	-3.30597	
71.64	0.337	0.103	-7.00852e-05	0	-2.242	8.19191e-06	0	0.0322611	0	0	-3.30597	
71.65	0.337	0.103	-6.99827e-05	0	-2.242	8.17993e-06	0	0.0322611	0	0	-3.30597	
71.66	0.337	0.103	-6.98804e-05	0	-2.242	8.16797e-06	0	0.0322611	0	0	-3.30597	
71.67	0.337	0.103	-6.97782e-05	0	-2.242	8.15603e-06	0	0.0322611	0	0	-3.30597	
71.68	0.337	0.103	-6.96762e-05	0	-2.242	8.14411e-06	0	0.0322611	0	0	-3.30597	
71.69	0.337	0.103	-6.95743e-05	0	-2.242	8.1322e-06	0	0.0322611	0	0	-3.30597	
71.7	0.337	0.103	-6.94726e-05	0	-2.242	8.12031e-06	0	0.0322611	0	0	-3.30597	
71.71	0.337	0.103	-6.9371e-05	0	-2.242	8.10844e-06	0	0.0322611	0	0	-3.30597	
71.72	0.337	0.103	-6.92696e-05	0	-2.242	8.09658e-06	0	0.0322611	0	0	-3.30597	
71.73	0.337	0.103	-6.91683e-05	0	-2.242	8.08474e-06	0	0.0322611	0	0	-3.30597	
71.74	0.337	0.103	-6.90672e-05	0	-2.242	8.07292e-06	0	0.0322611	0	0	-3.30597	
71.75	0.337	0.103	-6.89662e-05	0	-2.242	8.06112e-06	0	0.0322611	0	0	-3.30597	
71.76	0.337	0.103	-6.88654e-05	0	-2.242	8.04933e-06	0	0.0322611	0	0	-3.30597	
71.77	0.337	0.103	-6.87647e-05	0	-2.242	8.03756e-06	0	0.0322611	0	0	-3.30597	
71.78	0.337	0.103	-6.86641e-05	0	-2.242	8.02581e-06	0	0.0322611	0	0	-3.30597	
71.79	0.337	0.103	-6.85637e-05	0	-2.242	8.01408e-06	0	0.0322611	0	0	-3.30597	
71.8	0.337	0.103	-6.84635e-05	0	-2.242	8.00236e-06	0	0.0322611	0	0	-3.30597	
71.81	0.337	0.103	-6.83634e-05	0	-2.242	7.99066e-06	0	0.0322611	0	0	-3.30597	
71.82	0.337	0.103	-6.82634e-05	0	-2.242	7.97898e-06	0	0.0322611	0	0	-3.30597	
71.83	0.337	0.103	-6.81636e-05	0	-2.242	7.96731e-06	0	0.0322611	0	0	-3.30597	
71.84	0.337	0.103	-6.8064e-05	0	-2.242	7.95566e-06	0	0.0322611	0	0	-3.30597	
71.85	0.337	0.103	-6.79645e-05	0	-2.242	7.94403e-06	0	0.0322611	0	0	-3.30597	
71.86	0.337	0.103	-6.78651e-05	0	-2.242	7.93242e-06	0	0.0322611	0	0	-3.30597	
71.87	0.337	0.103	-6.77659e-05	0	-2.242	7.92082e-06	0	0.0322611	0	0	-3.30597	
71.88	0.337	0.103	-6.76668e-05	0	-2.242	7.90924e-06	0	0.0322611	0	0	-3.30597	
71.89	0.337	0.103	-6.75678e-05	0	-2.242	7.89767e-06	0	0.0322611	0	0	-3.30597	
71.9	0.337	0.103	-6.74691e-05	0	-2.242	7.88613e-06	0	0.0322611	0	0	-3.30597	
71.91	0.337	0.103	-6.73704e-05	0	-2.242	7.8746e-06	0	0.0322611	0	0	-3.30597	
71.92	0.337	0.103	-6.72719e-05	0	-2.242	7.86308e-06	0	0.0322611	0	0	-3.30597	
71.93	0.337	0.103	-6.71736e-05	0	-2.242	7.85159e-06	0	0.0322611	0	0	-3.30597	
71.94	0.337	0.103	-6.70753e-05	0	-2.242	7.84011e-06	0	0.0322611	0	0	-3.30597	
71.95	0.337	0.103	-6.69773e-05	0	-2.242	7.82864e-06	0	0.0322611	0	0	-3.30597	
71.96	0.337	0.103	-6.68793e-05	0	-2.242	7.8172e-06	0	0.0322611	0	0	-3.30597	
71.97	0.337	0.103	-6.67816e-05	0	-2.242	7.80577e-06	0	0.0322611	0	0	-3.30597	
71.98	0.337	0.103	-6.66839e-05	0	-2.242	7.79436e-06	0	0.0322611	0	0	-3.30597	
71.99	0.337	0.103	-6.65864e-05	0	-2.242	7.78296e-06	0	0.0322611	0	0	-3.30597	
72	0.337	0.103	-6.64891e-05	0	-2.242	7.77158e-06	0	0.0322611	0	0	-3.30597	
72.01	0.337	0.103	-6.63919e-05	0	-2.242	7.76022e-06	0	0.0322611	0	0	-3.30597	
72.02	0.337	0.103	-6.62948e-05	0	-2.242	7.74887e-06	0	0.0322611	0	0	-3.30597	
72.03	0.337	0.103	-6.61979e-05	0	-2.242	7.73754e-06	0	0.0322611	0	0	-3.30597	
72.04	0.337	0.103	-6.61011e-05	0	-2.242	7.72623e-06	0	0.0322611	0	0	-3.30597	
72.05	0.337	0.103	-6.60044e-05	0	-2.242	7.71493e-06	0	0.0322611	0	0	-3.30597	
72.06	0.337	0.103	-6.59079e-05	0	-2.242	7.70365e-06	0	0.0322611	0	0	-3.30597	
72.07	0.337	0.103	-6.58116e-05	0	-2.242	7.69239e-06	0	0.0322611	0	0	-3.30597	
72.08	0.337	0.103	-6.57153e-05	0	-2.242	7.68114e-06	0	0.0322611	0	0	-3.30597	
72.09	0.337	0.103	-6.56193e-05	0	-2.242	7.66991e-06	0	0.0322611	0	0	-3.30597	
72.1	0.337	0.103	-6.55233e-05	0	-2.242	7.6587e-06	0	0.0322611	0	0	-3.30597	
72.11	0.337	0.103	-6.54275e-05	0	-2.242	7.6475e-06	0	0.0322611	0	0	-3.30597	
72.12	0.337	0.103	-6.53319e-05	0	-2.242	7.63632e-06	0	0.0322611	0	0	-3.30597	
72.13	0.337	0.103	-6.52363e-05	0	-2.242	7.62516e-06	0	0.0322611	0	0	-3.30597	
72.14	0.337	0.103	-6.51409e-05	0	-2.242	7.61401e-06	0	0.0322611	0	0	-3.30597	
72.15	0.337	0.103	-6.50457e-05	0	-2.242	7.60287e-06	0	0.0322611	0	0	-3.30597	
72.16	0.337	0.103	-6.49506e-05	0	-2.242	7.59176e-06	0	0.0322611	0	0	-3.30597	
72.17	0.337	0.103	-6.48556e-05	0	-2.242	7.58066e-06	0	0.0322611	0	0	-3.30597	
72.18	0.337	0.103	-6.47608e-05	0	-2.242	7.56957e-06	0	0.0322611	0	0	-3.30597	
72.19	0.337	0.103	-6.46661e-05	0	-2.242	7.55851e-06	0	0.0322611	0	0	-3.30597	
72.2	0.337	0.103	-6.45716e-05	0	-2.242	7.54746e-06	0	0.0322611	0	0	-3.30597	
72.21	0.337	0.103	-6.44772e-05	0	-2.242	7.53642e-06	0	0.0322611	0	0	-3.30597	
72.22	0.337	0.103	-6.43829e-05	0	-2.242	7.5254e-06	0	0.0322611	0	0	-3.30597	
72.23	0.337	0.103	-6.42888e-05	0	-2.242	7.5144e-06	0	0.0322611	0	0	-3.30597	
72.24	0.337	0.103	-6.41948e-05	0	-2.242	7.50341e-06	0	0.0322611	0	0	-3.30597	
72.25	0.337	0.103	-6.41009e-05	0	-2.242	7.49244e-06	0	0.0322611	0	0	-3.30597	
72.26	0.337	0.103	-6.40072e-05	0	-2.242	7.48149e-06	0	0.0322611	0	0	-3.30597	
72.27	0.337	0.103	-6.39136e-05	0	-2.242	7.47055e-06	0	0.0322611	0	0	-3.30597	
72.28	0.337	0.103	-6.38202e-05	0	-2.242	7.45963e-06	0	0.0322611	0	0	-3.30597	
72.29	0.337	0.103	-6.37269e-05	0	-2.242	7.44872e-06	0	0.0322611	0	0	-3.30597	
72.3	0.337	0.103	-6.36337e-05	0	-2.242	7.43783e-06	0	0.0322611	0	0	-3.30597	
72.31	0.337	0.103	-6.35406e-05	0	-2.242	7.42695e-06	0	0.0322611	0	0	-3.30597	
72.32	0.337	0.103	-6.34477e-05	0	-2.242	7.4161e-06	0	0.0322611	0	0	-3.30597	
72.33	0.337	0.103	-6.3355e-05	0	-2.242	7.40525e-06	0	0.0322611	0	0	-3.30597	
72.34	0.337	0.103	-6.32623e-05	0	-2.242	7.39443e-06	0	0.0322611	0	0	-3.30597	
72.35	0.337	0.103	-6.31699e-05	0	-2.242	7.38361e-06	0	0.0322611	0	0	-3.30597	
72.36	0.337	0.103	-6.30775e-05	0	-2.242	7.37282e-06	0	0.0322611	0	0	-3.30597	
72.37	0.337	0.103	-6.29853e-05	0	-2.242	7.36204e-06	0	0.0322611	0	0	-3.30597	
72.38	0.337	0.103	-6.28932e-05	0	-2.242	7.35128e-06	0	0.0322611	0	0	-3.30597	
72.39	0.337	0.103	-6.28012e-05	0	-2.242	7.34053e-06	0	0.0322611	0	0	-3.30597	
72.4	0.337	0.103	-6.27094e-05	0	-2.242	7.32979e-06	0	0.0322611	0	0	-3.30597	
72.41	0.337	0.103	-6.26177e-05	0	-2.242	7.31908e-06	0	0.0322611	0	0	-3.30597	
72.42	0.337	0.103	-6.25262e-05	0	-2.242	7.30838e-06	0	0.0322611	0	0	-3.30597	
72.43	0.337	0.103	-6.24347e-05	0	-2.242	7.29769e-06	0	0.0322611	0	0	-3.30597	
72.44	0.337	0.103	-6.23435e-05	0	-2.242	7.28702e-06	0	0.0322611	0	0	-3.30597	
72.45	0.337	0.103	-6.22523e-05	0	-2.242	7.27637e-06	0	0.0322611	0	0	-3.30597	
72.46	0.337	0.103	-6.21613e-05	0	-2.242	7.26573e-06	0	0.0322611	0	0	-3.30597	
72.47	0.337	0.103	-6.20704e-05	0	-2.242	7.25511e-06	0	0.0322611	0	0	-3.30597	
72.48	0.337	0.103	-6.19797e-05	0	-2.242	7.2445e-06	0	0.0322611	0	0	-3.30597	
72.49	0.337	0.103	-6.1889e-05	0	-2.242	7.23391e-06	0	0.0322611	0	0	-3.30597	
72.5	0.337	0.103	-6.17985e-05	0	-2.242	7.22333e-06	0	0.0322611	0	0	-3.30597	
72.51	0.337	0.103	-6.17082e-05	0	-2.242	7.21277e-06	0	0.0322611	0	0	-3.30597	
72.52	0.337	0.103	-6.1618e-05	0	-2.242	7.20222e-06	0	0.0322611	0	0	-3.30597	
72.53	0.337	0.103	-6.15279e-05	0	-2.242	7.19169e-06	0	0.0322611	0	0	-3.30597	
72.54	0.337	0.103	-6.14379e-05	0	-2.242	7.18118e-06	0	0.0322611	0	0	-3.30597	
72.55	0.337	0.103	-6.13481e-05	0	-2.242	7.17068e-06	0	0.0322611	0	0	-3.30597	
72.56	0.337	0.103	-6.12584e-05	0	-2.242	7.16019e-06	0	0.0322611	0	0	-3.30597	
72.57	0.337	0.103	-6.11688e-05	0	-2.242	7.14973e-06	0	0.0322611	0	0	-3.30597	
72.58	0.337	0.103	-6.10794e-05	0	-2.242	7.13927e-06	0	0.0322611	0	0	-3.30597	
72.59	0.337	0.103	-6.09901e-05	0	-2.242	7.12883e-06	0	0.0322611	0	0	-3.30597	
72.6	0.337	0.103	-6.09009e-05	0	-2.242	7.11841e-06	0	0.0322611	0	0	-3.30597	
72.61	0.337	0.103	-6.08119e-05	0	-2.242	7.108e-06	0	0.0322611	0	0	-3.30597	
72.62	0.337	0.103	-6.0723e-05	0	-2.242	7.09761e-06	0	0.0322611	0	0	-3.30597	
72.63	0.337	0.103	-6.06342e-05	0	-2.242	7.08723e-06	0	0.0322611	0	0	-3.30597	
72.64	0.337	0.103	-6.05455e-05	0	-2.242	7.07687e-06	0	0.0322611	0	0	-3.30597	
72.65	0.337	0.103	-6.0457e-05	0	-2.242	7.06652e-06	0	0.0322611	0	0	-3.30597	
72.66	0.337	0.103	-6.03686e-05	0	-2.242	7.05619e-06	0	0.0322611	0	0	-3.30597	
72.67	0.337	0.103	-6.02804e-05	0	-2.242	7.04588e-06	0	0.0322611	0	0	-3.30597	
72.68	0.337	0.103	-6.01922e-05	0	-2.242	7.03557e-06	0	0.0322611	0	0	-3.30597	
72.69	0.337	0.103	-6.01042e-05	0	-2.242	7.02529e-06	0	0.0322611	0	0	-3.30597	
72.7	0.337	0.103	-6.00163e-05	0	-2.242	7.01502e-06	0	0.0322611	0	0	-3.30597	
72.71	0.337	0.103	-5.99286e-05	0	-2.242	7.00476e-06	0	0.0322611	0	0	-3.30597	
72.72	0.337	0.103	-5.9841e-05	0	-2.242	6.99452e-06	0	0.0322611	0	0	-3.30597	
72.73	0.337	0.103	-5.97535e-05	0	-2.242	6.98429e-06	0	0.0322611	0	0	-3.30597	
72.74	0.337	0.103	-5.96661e-05	0	-2.242	6.97408e-06	0	0.0322611	0	0	-3.30597	
72.75	0.337	0.103	-5.95789e-05	0	-2.242	6.96388e-06	0	0.0322611	0	0	-3.30597	
72.76	0.337	0.103	-5.94918e-05	0	-2.242	6.9537e-06	0	0.0322611	0	0	-3.30597	
72.77	0.337	0.103	-5.94048e-05	0	-2.242	6.94353e-06	0	0.0322611	0	0	-3.30597	
72.78	0.337	0.103	-5.93179e-05	0	-2.242	6.93338e-06	0	0.0322611	0	0	-3.30597	
72.79	0.337	0.103	-5.92312e-05	0	-2.242	6.92324e-06	0	0.0322611	0	0	-3.30597	
72.8	0.337	0.103	-5.91446e-05	0	-2.242	6.91312e-06	0	0.0322611	0	0	-3.30597	
72.81	0.337	0.103	-5.90581e-05	0	-2.242	6.90301e-06	0	0.0322611	0	0	-3.30597	
72.82	0.337	0.103	-5.89718e-05	0	-2.242	6.89292e-06	0	0.0322611	0	0	-3.30597	
72.83	0.337	0.103	-5.88856e-05	0	-2.242	6.88284e-06	0	0.0322611	0	0	-3.30597	
72.84	0.337	0.103	-5.87995e-05	0	-2.242	6.87278e-06	0	0.0322611	0	0	-3.30597	
72.85	0.337	0.103	-5.87135e-05	0	-2.242	6.86273e-06	0	0.0322611	0	0	-3.30597	
72.86	0.337	0.103	-5.86276e-05	0	-2.242	6.8527e-06	0	0.0322611	0	0	-3.30597	
72.87	0.337	0.103	-5.85419e-05	0	-2.242	6.84268e-06	0	0.0322611	0	0	-3.30597	
72.88	0.337	0.103	-5.84563e-05	0	-2.242	6.83267e-06	0	0.0322611	0	0	-3.30597	
72.89	0.337	0.103	-5.83709e-05	0	-2.242	6.82268e-06	0	0.0322611	0	0	-3.30597	
72.9	0.337	0.103	-5.82855e-05	0	-2.242	6.81271e-06	0	0.0322611	0	0	-3.30597	
72.91	0.337	0.103	-5.82003e-05	0	-2.242	6.80275e-06	0	0.0322611	0	0	-3.30597	
72.92	0.337	0.103	-5.81152e-05	0	-2.242	6.7928e-06	0	0.0322611	0	0	-3.30597	
72.93	0.337	0.103	-5.80302e-05	0	-2.242	6.78287e-06	0	0.0322611	0	0	-3.30597	
72.94	0.337	0.103	-5.79454e-05	0	-2.242	6.77295e-06	0	0.0322611	0	0	-3.30597	
72.95	0.337	0.103	-5.78607e-05	0	-2.242	6.76305e-06	0	0.0322611	0	0	-3.30597	
72.96	0.337	0.103	-5.77761e-05	0	-2.242	6.75316e-06	0	0.0322611	0	0	-3.30597	
72.97	0.337	0.103	-5.76916e-05	0	-2.242	6.74329e-06	0	0.0322611	0	0	-3.30597	
72.98	0.337	0.103	-5.76073e-05	0	-2.242	6.73343e-06	0	0.0322611	0	0	-3.30597	
72.99	0.337	0.103	-5.7523e-05	0	-2.242	6.72358e-06	0	0.0322611	0	0	-3.30597	
73	0.337	0.103	-5.74389e-05	0	-2.242	6.71375e-06	0	0.0322611	0	0	-3.30597	
73.01	0.337	0.103	-5.73549e-05	0	-2.242	6.70394e-06	0	0.0322611	0	0	-3.30597	
73.02	0.337	0.103	-5.72711e-05	0	-2.242	6.69414e-06	0	0.0322611	0	0	-3.30597	
73.03	0.337	0.103	-5.71874e-05	0	-2.242	6.68435e-06	0	0.0322611	0	0	-3.30597	
73.04	0.337	0.103	-5.71037e-05	0	-2.242	6.67458e-06	0	0.0322611	0	0	-3.30597	
73.05	0.337	0.103	-5.70202e-05	0	-2.242	6.66482e-06	0	0.0322611	0	0	-3.30597	
73.06	0.337	0.103	-5.69369e-05	0	-2.242	6.65507e-06	0	0.0322611	0	0	-3.30597	
73.07	0.337	0.103	-5.68536e-05	0	-2.242	6.64534e-06	0	0.0322611	0	0	-3.30597	
73.08	0.337	0.103	-5.67705e-05	0	-2.242	6.63563e-06	0	0.0322611	0	0	-3.30597	
73.09	0.337	0.103	-5.66875e-05	0	-2.242	6.62592e-06	0	0.0322611	0	0	-3.30597	
73.1	0.337	0.103	-5.66046e-05	0	-2.242	6.61624e-06	0	0.0322611	0	0	-3.30597	
73.11	0.337	0.103	-5.65219e-05	0	-2.242	6.60656e-06	0	0.0322611	0	0	-3.30597	
73.12	0.337	0.103	-5.64392e-05	0	-2.242	6.5969e-06	0	0.0322611	0	0	-3.30597	
73.13	0.337	0.103	-5.63567e-05	0	-2.242	6.58726e-06	0	0.0322611	0	0	-3.30597	
73.14	0.337	0.103	-5.62743e-05	0	-2.242	6.57763e-06	0	0.0322611	0	0	-3.30597	
73.15	0.337	0.103	-5.6192e-05	0	-2.242	6.56801e-06	0	0.0322611	0	0	-3.30597	
73.16	0.337	0.103	-5.61099e-05	0	-2.242	6.55841e-06	0	0.0322611	0	0	-3.30597	
73.17	0.337	0.103	-5.60278e-05	0	-2.242	6.54882e-06	0	0.0322611	0	0	-3.30597	
73.18	0.337	0.103	-5.59459e-05	0	-2.242	6.53924e-06	0	0.0322611	0	0	-3.30597	
73.19	0.337	0.103	-5.58641e-05	0	-2.242	6.52968e-06	0	0.0322611	0	0	-3.30597	
73.2	0.337	0.103	-5.57824e-05	0	-2.242	6.52014e-06	0	0.0322611	0	0	-3.30597	
73.21	0.337	0.103	-5.57009e-05	0	-2.242	6.5106e-06	0	0.0322611	0	0	-3.30597	
73.22	0.337	0.103	-5.56194e-05	0	-2.242	6.50108e-06	0	0.0322611	0	0	-3.30597	
73.23	0.337	0.103	-5.55381e-05	0	-2.242	6.49158e-06	0	0.0322611	0	0	-3.30597	
73.24	0.337	0.103	-5.54569e-05	0	-2.242	6.48209e-06	0	0.0322611	0	0	-3.30597	
73.25	0.337	0.103	-5.53758e-05	0	-2.242	6.47261e-06	0	0.0322611	0	0	-3.30597	
73.26	0.337	0.103	-5.52949e-05	0	-2.242	6.46315e-06	0	0.0322611	0	0	-3.30597	
73.27	0.337	0.103	-5.5214e-05	0	-2.242	6.4537e-06	0	0.0322611	0	0	-3.30597	
73.28	0.337	0.103	-5.51333e-05	0	-2.242	6.44426e-06	0	0.0322611	0	0	-3.30597	
73.29	0.337	0.103	-5.50527e-05	0	-2.242	6.43484e-06	0	0.0322611	0	0	-3.30597	
73.3	0.337	0.103	-5.49722e-05	0	-2.242	6.42543e-06	0	0.0322611	0	0	-3.30597	
73.31	0.337	0.103	-5.48918e-05	0	-2.242	6.41604e-06	0	0.0322611	0	0	-3.30597	
73.32	0.337	0.103	-5.48116e-05	0	-2.242	6.40666e-06	0	0.0322611	0	0	-3.30597	
73.33	0.337	0.103	-5.47314e-05	0	-2.242	6.39729e-06	0	0.0322611	0	0	-3.30597	
73.34	0.337	0.103	-5.46514e-05	0	-2.242	6.38794e-06	0	0.0322611	0	0	-3.30597	
73.35	0.337	0.103	-5.45715e-05	0	-2.242	6.3786e-06	0	0.0322611	0	0	-3.30597	
73.36	0.337	0.103	-5.44917e-05	0	-2.242	6.36927e-06	0	0.0322611	0	0	-3.30597	
73.37	0.337	0.103	-5.4412e-05	0	-2.242	6.35996e-06	0	0.0322611	0	0	-3.30597	
73.38	0.337	0.103	-5.43325e-05	0	-2.242	6.35066e-06	0	0.0322611	0	0	-3.30597	
73.39	0.337	0.103	-5.42531e-05	0	-2.242	6.34137e-06	0	0.0322611	0	0	-3.30597	
73.4	0.337	0.103	-5.41737e-05	0	-2.242	6.3321e-06	0	0.0322611	0	0	-3.30597	
73.41	0.337	0.103	-5.40945e-05	0	-2.242	6.32284e-06	0	0.0322611	0	0	-3.30597	
73.42	0.337	0.103	-5.40154e-05	0	-2.242	6.3136e-06	0	0.0322611	0	0	-3.30597	
73.43	0.337	0.103	-5.39365e-05	0	-2.242	6.30437e-06	0	0.0322611	0	0	-3.30597	
73.44	0.337	0.103	-5.38576e-05	0	-2.242	6.29515e-06	0	0.0322611	0	0	-3.30597	
73.45	0.337	0.103	-5.37789e-05	0	-2.242	6.28595e-06	0	0.0322611	0	0	-3.30597	
73.46	0.337	0.103	-5.37002e-05	0	-2.242	6.27676e-06	0	0.0322611	0	0	-3.30597	
73.47	0.337	0.103	-5.36217e-05	0	-2.242	6.26758e-06	0	0.0322611	0	0	-3.30597	
73.48	0.337	0.103	-5.35433e-05	0	-2.242	6.25842e-06	0	0.0322611	0	0	-3.30597	
73.49	0.337	0.103	-5.3465e-05	0	-2.242	6.24926e-06	0	0.0322611	0	0	-3.30597	
73.5	0.337	0.103	-5.33869e-05	0	-2.242	6.24013e-06	0	0.0322611	0	0	-3.30597	
73.51	0.337	0.103	-5.33088e-05	0	-2.242	6.231e-06	0	0.0322611	0	0	-3.30597	
73.52	0.337	0.103	-5.32309e-05	0	-2.242	6.22189e-06	0	0.0322611	0	0	-3.30597	
73.53	0.337	0.103	-5.3153e-05	0	-2.242	6.2128e-06	0	0.0322611	0	0	-3.30597	
73.54	0.337	0.103	-5.30753e-05	0	-2.242	6.20371e-06	0	0.0322611	0	0	-3.30597	
73.55	0.337	0.103	-5.29977e-05	0	-2.242	6.19464e-06	0	0.0322611	0	0	-3.30597	
73.56	0.337	0.103	-5.29202e-05	0	-2.242	6.18559e-06	0	0.0322611	0	0	-3.30597	
73.57	0.337	0.103	-5.28429e-05	0	-2.242	6.17654e-06	0	0.0322611	0	0	-3.30597	
73.58	0.337	0.103	-5.27656e-05	0	-2.242	6.16751e-06	0	0.0322611	0	0	-3.30597	
73.59	0.337	0.103	-5.26884e-05	0	-2.242	6.15849e-06	0	0.0322611	0	0	-3.30597	
73.6	0.337	0.103	-5.26114e-05	0	-2.242	6.14949e-06	0	0.0322611	0	0	-3.30597	
73.61	0.337	0.103	-5.25345e-05	0	-2.242	6.1405e-06	0	0.0322611	0	0	-3.30597	
73.62	0.337	0.103	-5.24577e-05	0	-2.242	6.13152e-06	0	0.0322611	0	0	-3.30597	
73.63	0.337	0.103	-5.2381e-05	0	-2.242	6.12256e-06	0	0.0322611	0	0	-3.30597	
73.64	0.337	0.103	-5.23044e-05	0	-2.242	6.1136e-06	0	0.0322611	0	0	-3.30597	
73.65	0.337	0.103	-5.22279e-05	0	-2.242	6.10467e-06	0	0.0322611	0	0	-3.30597	
73.66	0.337	0.103	-5.21516e-05	0	-2.242	6.09574e-06	0	0.0322611	0	0	-3.30597	
73.67	0.337	0.103	-5.20753e-05	0	-2.242	6.08683e-06	0	0.0322611	0	0	-3.30597	
73.68	0.337	0.103	-5.19992e-05	0	-2.242	6.07793e-06	0	0.0322611	0	0	-3.30597	
73.69	0.337	0.103	-5.19231e-05	0	-2.242	6.06904e-06	0	0.0322611	0	0	-3.30597	
73.7	0.337	0.103	-5.18472e-05	0	-2.242	6.06017e-06	0	0.0322611	0	0	-3.30597	
73.71	0.337	0.103	-5.17714e-05	0	-2.242	6.05131e-06	0	0.0322611	0	0	-3.30597	
73.72	0.337	0.103	-5.16957e-05	0	-2.242	6.04246e-06	0	0.0322611	0	0	-3.30597	
73.73	0.337	0.103	-5.16201e-05	0	-2.242	6.03363e-06	0	0.0322611	0	0	-3.30597	
73.74	0.337	0.103	-5.15447e-05	0	-2.242	6.0248e-06	0	0.0322611	0	0	-3.30597	
73.75	0.337	0.103	-5.14693e-05	0	-2.242	6.016e-06	0	0.0322611	0	0	-3.30597	
73.76	0.337	0.103	-5.13941e-05	0	-2.242	6.0072e-06	0	0.0322611	0	0	-3.30597	
73.77	0.337	0.103	-5.13189e-05	0	-2.242	5.99842e-06	0	0.0322611	0	0	-3.30597	
73.78	0.337	0.103	-5.12439e-05	0	-2.242	5.98965e-06	0	0.0322611	0	0	-3.30597	
73.79	0.337	0.103	-5.1169e-05	0	-2.242	5.98089e-06	0	0.0322611	0	0	-3.30597	
73.8	0.337	0.103	-5.10941e-05	0	-2.242	5.97214e-06	0	0.0322611	0	0	-3.30597	
73.81	0.337	0.103	-5.10194e-05	0	-2.242	5.96341e-06	0	0.0322611	0	0	-3.30597	
73.82	0.337	0.103	-5.09448e-05	0	-2.242	5.95469e-06	0	0.0322611	0	0	-3.30597	
73.83	0.337	0.103	-5.08704e-05	0	-2.242	5.94599e-06	0	0.0322611	0	0	-3.30597	
73.84	0.337	0.103	-5.0796e-05	0	-2.242	5.93729e-06	0	0.0322611	0	0	-3.30597	
73.85	0.337	0.103	-5.07217e-05	0	-2.242	5.92861e-06	0	0.0322611	0	0	-3.30597	
73.86	0.337	0.103	-5.06476e-05	0	-2.242	5.91995e-06	0	0.0322611	0	0	-3.30597	
73.87	0.337	0.103	-5.05735e-05	0	-2.242	5.91129e-06	0	0.0322611	0	0	-3.30597	
73.88	0.337	0.103	-5.04996e-05	0	-2.242	5.90265e-06	0	0.0322611	0	0	-3.30597	
73.89	0.337	0.103	-5.04257e-05	0	-2.242	5.89402e-06	0	0.0322611	0	0	-3.30597	
73.9	0.337	0.103	-5.0352e-05	0	-2.242	5.8854e-06	0	0.0322611	0	0	-3.30597	
73.91	0.337	0.103	-5.02784e-05	0	-2.242	5.87679e-06	0	0.0322611	0	0	-3.30597	
73.92	0.337	0.103	-5.02049e-05	0	-2.242	5.8682e-06	0	0.0322611	0	0	-3.30597	
73.93	0.337	0.103	-5.01315e-05	0	-2.242	5.85962e-06	0	0.0322611	0	0	-3.30597	
73.94	0.337	0.103	-5.00582e-05	0	-2.242	5.85105e-06	0	0.0322611	0	0	-3.30597	
73.95	0.337	0.103	-4.9985e-05	0	-2.242	5.8425e-06	0	0.0322611	0	0	-3.30597	
73.96	0.337	0.103	-4.99119e-05	0	-2.242	5.83396e-06	0	0.0322611	0	0	-3.30597	
73.97	0.337	0.103	-4.98389e-05	0	-2.242	5.82543e-06	0	0.0322611	0	0	-3.30597	
73.98	0.337	0.103	-4.97661e-05	0	-2.242	5.81691e-06	0	0.0322611	0	0	-3.30597	
73.99	0.337	0.103	-4.96933e-05	0	-2.242	5.80841e-06	0	0.0322611	0	0	-3.30597	
74	0.337	0.103	-4.96206e-05	0	-2.242	5.79991e-06	0	0.0322611	0	0	-3.30597	
74.01	0.337	0.103	-4.95481e-05	0	-2.242	5.79143e-06	0	0.0322611	0	0	-3.30597	
74.02	0.337	0.103	-4.94756e-05	0	-2.242	5.78297e-06	0	0.0322611	0	0	-3.30597	
74.03	0.337	0.103	-4.94033e-05	0	-2.242	5.77451e-06	0	0.0322611	0	0	-3.30597	
74.04	0.337	0.103	-4.93311e-05	0	-2.242	5.76607e-06	0	0.0322611	0	0	-3.30597	
74.05	0.337	0.103	-4.9259e-05	0	-2.242	5.75764e-06	0	0.0322611	0	0	-3.30597	
74.06	0.337	0.103	-4.91869e-05	0	-2.242	5.74922e-06	0	0.0322611	0	0	-3.30597	
74.07	0.337	0.103	-4.9115e-05	0	-2.242	5.74081e-06	0	0.0322611	0	0	-3.30597	
74.08	0.337	0.103	-4.90432e-05	0	-2.242	5.73242e-06	0	0.0322611	0	0	-3.30597	
74.09	0.337	0.103	-4.89715e-05	0	-2.242	5.72404e-06	0	0.0322611	0	0	-3.30597	
74.1	0.337	0.103	-4.88999e-05	0	-2.242	5.71567e-06	0	0.0322611	0	0	-3.30597	
74.11	0.337	0.103	-4.88284e-05	0	-2.242	5.70731e-06	0	0.0322611	0	0	-3.30597	
74.12	0.337	0.103	-4.8757e-05	0	-2.242	5.69897e-06	0	0.0322611	0	0	-3.30597	
74.13	0.337	0.103	-4.86857e-05	0	-2.242	5.69064e-06	0	0.0322611	0	0	-3.30597	
74.14	0.337	0.103	-4.86145e-05	0	-2.242	5.68232e-06	0	0.0322611	0	0	-3.30597	
74.15	0.337	0.103	-4.85435e-05	0	-2.242	5.67401e-06	0	0.0322611	0	0	-3.30597	
74.16	0.337	0.103	-4.84725e-05	0	-2.242	5.66571e-06	0	0.0322611	0	0	-3.30597	
74.17	0.337	0.103	-4.84016e-05	0	-2.242	5.65743e-06	0	0.0322611	0	0	-3.30597	
74.18	0.337	0.103	-4.83309e-05	0	-2.242	5.64916e-06	0	0.0322611	0	0	-3.30597	
74.19	0.337	0.103	-4.82602e-05	0	-2.242	5.6409e-06	0	0.0322611	0	0	-3.30597	
74.2	0.337	0.103	-4.81896e-05	0	-2.242	5.63265e-06	0	0.0322611	0	0	-3.30597	
74.21	0.337	0.103	-4.81192e-05	0	-2.242	5.62441e-06	0	0.0322611	0	0	-3.30597	
74.22	0.337	0.103	-4.80488e-05	0	-2.242	5.61619e-06	0	0.0322611	0	0	-3.30597	
74.23	0.337	0.103	-4.79786e-05	0	-2.242	5.60798e-06	0	0.0322611	0	0	-3.30597	
74.24	0.337	0.103	-4.79084e-05	0	-2.242	5.59978e-06	0	0.0322611	0	0	-3.30597	
74.25	0.337	0.103	-4.78384e-05	0	-2.242	5.59159e-06	0	0.0322611	0	0	-3.30597	
74.26	0.337	0.103	-4.77684e-05	0	-2.242	5.58342e-06	0	0.0322611	0	0	-3.30597	
74.27	0.337	0.103	-4.76986e-05	0	-2.242	5.57525e-06	0	0.0322611	0	0	-3.30597	
74.28	0.337	0.103	-4.76288e-05	0	-2.242	5.5671e-06	0	0.0322611	0	0	-3.30597	
74.29	0.337	0.103	-4.75592e-05	0	-2.242	5.55896e-06	0	0.0322611	0	0	-3.30597	
74.3	0.337	0.103	-4.74897e-05	0	-2.242	5.55084e-06	0	0.0322611	0	0	-3.30597	
74.31	0.337	0.103	-4.74202e-05	0	-2.242	5.54272e-06	0	0.0322611	0	0	-3.30597	
74.32	0.337	0.103	-4.73509e-05	0	-2.242	5.53462e-06	0	0.0322611	0	0	-3.30597	
74.33	0.337	0.103	-4.72817e-05	0	-2.242	5.52652e-06	0	0.0322611	0	0	-3.30597	
74.34	0.337	0.103	-4.72125e-05	0	-2.242	5.51844e-06	0	0.0322611	0	0	-3.30597	
74.35	0.337	0.103	-4.71435e-05	0	-2.242	5.51037e-06	0	0.0322611	0	0	-3.30597	
74.36	0.337	0.103	-4.70746e-05	0	-2.242	5.50232e-06	0	0.0322611	0	0	-3.30597	
74.37	0.337	0.103	-4.70058e-05	0	-2.242	5.49427e-06	0	0.0322611	0	0	-3.30597	
74.38	0.337	0.103	-4.6937e-05	0	-2.242	5.48624e-06	0	0.0322611	0	0	-3.30597	
74.39	0.337	0.103	-4.68684e-05	0	-2.242	5.47822e-06	0	0.0322611	0	0	-3.30597	
74.4	0.337	0.103	-4.67999e-05	0	-2.242	5.47021e-06	0	0.0322611	0	0	-3.30597	
74.41	0.337	0.103	-4.67315e-05	0	-2.242	5.46221e-06	0	0.0322611	0	0	-3.30597	
74.42	0.337	0.103	-4.66631e-05	0	-2.242	5.45423e-06	0	0.0322611	0	0	-3.30597	
74.43	0.337	0.103	-4.65949e-05	0	-2.242	5.44625e-06	0	0.0322611	0	0	-3.30597	
74.44	0.337	0.103	-4.65268e-05	0	-2.242	5.43829e-06	0	0.0322611	0	0	-3.30597	
74.45	0.337	0.103	-4.64588e-05	0	-2.242	5.43034e-06	0	0.0322611	0	0	-3.30597	
74.46	0.337	0.103	-4.63908e-05	0	-2.242	5.4224e-06	0	0.0322611	0	0	-3.30597	
74.47	0.337	0.103	-4.6323e-05	0	-2.242	5.41447e-06	0	0.0322611	0	0	-3.30597	
74.48	0.337	0.103	-4.62553e-05	0	-2.242	5.40655e-06	0	0.0322611	0	0	-3.30597	
74.49	0.337	0.103	-4.61876e-05	0	-2.242	5.39865e-06	0	0.0322611	0	0	-3.30597	
74.5	0.337	0.103	-4.61201e-05	0	-2.242	5.39075e-06	0	0.0322611	0	0	-3.30597	
74.51	0.337	0.103	-4.60527e-05	0	-2.242	5.38287e-06	0	0.0322611	0	0	-3.30597	
74.52	0.337	0.103	-4.59854e-05	0	-2.242	5.375e-06	0	0.0322611	0	0	-3.30597	
74.53	0.337	0.103	-4.59181e-05	0	-2.242	5.36714e-06	0	0.0322611	0	0	-3.30597	
74.54	0.337	0.103	-4.5851e-05	0	-2.242	5.3593e-06	0	0.0322611	0	0	-3.30597	
74.55	0.337	0.103	-4.57839e-05	0	-2.242	5.35146e-06	0	0.0322611	0	0	-3.30597	
74.56	0.337	0.103	-4.5717e-05	0	-2.242	5.34364e-06	0	0.0322611	0	0	-3.30597	
74.57	0.337	0.103	-4.56502e-05	0	-2.242	5.33582e-06	0	0.0322611	0	0	-3.30597	
74.58	0.337	0.103	-4.55834e-05	0	-2.242	5.32802e-06	0	0.0322611	0	0	-3.30597	
74.59	0.337	0.103	-4.55168e-05	0	-2.242	5.32023e-06	0	0.0322611	0	0	-3.30597	
74.6	0.337	0.103	-4.54502e-05	0	-2.242	5.31245e-06	0	0.0322611	0	0	-3.30597	
74.61	0.337	0.103	-4.53838e-05	0	-2.242	5.30469e-06	0	0.0322611	0	0	-3.30597	
74.62	0.337	0.103	-4.53174e-05	0	-2.242	5.29693e-06	0	0.0322611	0	0	-3.30597	
74.63	0.337	0.103	-4.52512e-05	0	-2.242	5.28919e-06	0	0.0322611	0	0	-3.30597	
74.64	0.337	0.103	-4.5185e-05	0	-2.242	5.28145e-06	0	0.0322611	0	0	-3.30597	
74.65	0.337	0.103	-4.51189e-05	0	-2.242	5.27373e-06	0	0.0322611	0	0	-3.30597	
74.66	0.337	0.103	-4.5053e-05	0	-2.242	5.26602e-06	0	0.0322611	0	0	-3.30597	
74.67	0.337	0.103	-4.49871e-05	0	-2.242	5.25832e-06	0	0.0322611	0	0	-3.30597	
74.68	0.337	0.103	-4.49213e-05	0	-2.242	5.25063e-06	0	0.0322611	0	0	-3.30597	
74.69	0.337	0.103	-4.48556e-05	0	-2.242	5.24296e-06	0	0.0322611	0	0	-3.30597	
74.7	0.337	0.103	-4.47901e-05	0	-2.242	5.23529e-06	0	0.0322611	0	0	-3.30597	
74.71	0.337	0.103	-4.47246e-05	0	-2.242	5.22764e-06	0	0.0322611	0	0	-3.30597	
74.72	0.337	0.103	-4.46592e-05	0	-2.242	5.21999e-06	0	0.0322611	0	0	-3.30597	
74.73	0.337	0.103	-4.45939e-05	0	-2.242	5.21236e-06	0	0.0322611	0	0	-3.30597	
74.74	0.337	0.103	-4.45287e-05	0	-2.242	5.20474e-06	0	0.0322611	0	0	-3.30597	
74.75	0.337	0.103	-4.44636e-05	0	-2.242	5.19713e-06	0	0.0322611	0	0	-3.30597	
74.76	0.337	0.103	-4.43986e-05	0	-2.242	5.18953e-06	0	0.0322611	0	0	-3.30597	
74.77	0.337	0.103	-4.43337e-05	0	-2.242	5.18194e-06	0	0.0322611	0	0	-3.30597	
74.78	0.337	0.103	-4.42688e-05	0	-2.242	5.17437e-06	0	0.0322611	0	0	-3.30597	
74.79	0.337	0.103	-4.42041e-05	0	-2.242	5.1668e-06	0	0.0322611	0	0	-3.30597	
74.8	0.337	0.103	-4.41395e-05	0	-2.242	5.15925e-06	0	0.0322611	0	0	-3.30597	
74.81	0.337	0.103	-4.40749e-05	0	-2.242	5.1517e-06	0	0.0322611	0	0	-3.30597	
74.82	0.337	0.103	-4.40105e-05	0	-2.242	5.14417e-06	0	0.0322611	0	0	-3.30597	
74.83	0.337	0.103	-4.39462e-05	0	-2.242	5.13665e-06	0	0.0322611	0	0	-3.30597	
74.84	0.337	0.103	-4.38819e-05	0	-2.242	5.12914e-06	0	0.0322611	0	0	-3.30597	
74.85	0.337	0.103	-4.38177e-05	0	-2.242	5.12164e-06	0	0.0322611	0	0	-3.30597	
74.86	0.337	0.103	-4.37537e-05	0	-2.242	5.11415e-06	0	0.0322611	0	0	-3.30597	
74.87	0.337	0.103	-4.36897e-05	0	-2.242	5.10668e-06	0	0.0322611	0	0	-3.30597	
74.88	0.337	0.103	-4.36258e-05	0	-2.242	5.09921e-06	0	0.0322611	0	0	-3.30597	
74.89	0.337	0.103	-4.3562e-05	0	-2.242	5.09175e-06	0	0.0322611	0	0	-3.30597	
74.9	0.337	0.103	-4.34984e-05	0	-2.242	5.08431e-06	0	0.0322611	0	0	-3.30597	
74.91	0.337	0.103	-4.34348e-05	0	-2.242	5.07688e-06	0	0.0322611	0	0	-3.30597	
74.92	0.337	0.103	-4.33713e-05	0	-2.242	5.06945e-06	0	0.0322611	0	0	-3.30597	
74.93	0.337	0.103	-4.33078e-05	0	-2.242	5.06204e-06	0	0.0322611	0	0	-3.30597	
74.94	0.337	0.103	-4.32445e-05	0	-2.242	5.05464e-06	0	0.0322611	0	0	-3.30597	
74.95	0.337	0.103	-4.31813e-05	0	-2.242	5.04725e-06	0	0.0322611	0	0	-3.30597	
74.96	0.337	0.103	-4.31182e-05	0	-2.242	5.03987e-06	0	0.0322611	0	0	-3.30597	
74.97	0.337	0.103	-4.30551e-05	0	-2.242	5.0325e-06	0	0.0322611	0	0	-3.30597	
74.98	0.337	0.103	-4.29922e-05	0	-2.242	5.02514e-06	0	0.0322611	0	0	-3.30597	
74.99	0.337	0.103	-4.29293e-05	0	-2.242	5.0178e-06	0	0.0322611	0	0	-3.30597	
75	0.337	0.103	-4.28665e-05	0	-2.242	5.01046e-06	0	0.0322611	0	0	-3.30597	
75.01	0.337	0.103	-4.28039e-05	0	-2.242	5.00313e-06	0	0.0322611	0	0	-3.30597	
75.02	0.337	0.103	-4.27413e-05	0	-2.242	4.99582e-06	0	0.0322611	0	0	-3.30597	
75.03	0.337	0.103	-4.26788e-05	0	-2.242	4.98851e-06	0	0.0322611	0	0	-3.30597	
75.04	0.337	0.103	-4.26164e-05	0	-2.242	4.98122e-06	0	0.0322611	0	0	-3.30597	
75.05	0.337	0.103	-4.25541e-05	0	-2.242	4.97394e-06	0	0.0322611	0	0	-3.30597	
75.06	0.337	0.103	-4.24919e-05	0	-2.242	4.96667e-06	0	0.0322611	0	0	-3.30597	
75.07	0.337	0.103	-4.24297e-05	0	-2.242	4.9594e-06	0	0.0322611	0	0	-3.30597	
75.08	0.337	0.103	-4.23677e-05	0	-2.242	4.95215e-06	0	0.0322611	0	0	-3.30597	
75.09	0.337	0.103	-4.23058e-05	0	-2.242	4.94491e-06	0	0.0322611	0	0	-3.30597	
75.1	0.337	0.103	-4.22439e-05	0	-2.242	4.93768e-06	0	0.0322611	0	0	-3.30597	
75.11	0.337	0.103	-4.21821e-05	0	-2.242	4.93046e-06	0	0.0322611	0	0	-3.30597	
75.12	0.337	0.103	-4.21205e-05	0	-2.242	4.92325e-06	0	0.0322611	0	0	-3.30597	
75.13	0.337	0.103	-4.20589e-05	0	-2.242	4.91606e-06	0	0.0322611	0	0	-3.30597	
75.14	0.337	0.103	-4.19974e-05	0	-2.242	4.90887e-06	0	0.0322611	0	0	-3.30597	
75.15	0.337	0.103	-4.1936e-05	0	-2.242	4.90169e-06	0	0.0322611	0	0	-3.30597	
75.16	0.337	0.103	-4.18747e-05	0	-2.242	4.89453e-06	0	0.0322611	0	0	-3.30597	
75.17	0.337	0.103	-4.18134e-05	0	-2.242	4.88737e-06	0	0.0322611	0	0	-3.30597	
75.18	0.337	0.103	-4.17523e-05	0	-2.242	4.88022e-06	0	0.0322611	0	0	-3.30597	
75.19	0.337	0.103	-4.16913e-05	0	-2.242	4.87309e-06	0	0.0322611	0	0	-3.30597	
75.2	0.337	0.103	-4.16303e-05	0	-2.242	4.86596e-06	0	0.0322611	0	0	-3.30597	
75.21	0.337	0.103	-4.15694e-05	0	-2.242	4.85885e-06	0	0.0322611	0	0	-3.30597	
75.22	0.337	0.103	-4.15087e-05	0	-2.242	4.85174e-06	0	0.0322611	0	0	-3.30597	
75.23	0.337	0.103	-4.1448e-05	0	-2.242	4.84465e-06	0	0.0322611	0	0	-3.30597	
75.24	0.337	0.103	-4.13874e-05	0	-2.242	4.83757e-06	0	0.0322611	0	0	-3.30597	
75.25	0.337	0.103	-4.13269e-05	0	-2.242	4.83049e-06	0	0.0322611	0	0	-3.30597	
75.26	0.337	0.103	-4.12664e-05	0	-2.242	4.82343e-06	0	0.0322611	0	0	-3.30597	
75.27	0.337	0.103	-4.12061e-05	0	-2.242	4.81638e-06	0	0.0322611	0	0	-3.30597	
75.28	0.337	0.103	-4.11459e-05	0	-2.242	4.80934e-06	0	0.0322611	0	0	-3.30597	
75.29	0.337	0.103	-4.10857e-05	0	-2.242	4.80231e-06	0	0.0322611	0	0	-3.30597	
75.3	0.337	0.103	-4.10256e-05	0	-2.242	4.79528e-06	0	0.0322611	0	0	-3.30597	
75.31	0.337	0.103	-4.09656e-05	0	-2.242	4.78827e-06	0	0.0322611	0	0	-3.30597	
75.32	0.337	0.103	-4.09058e-05	0	-2.242	4.78127e-06	0	0.0322611	0	0	-3.30597	
75.33	0.337	0.103	-4.08459e-05	0	-2.242	4.77428e-06	0	0.0322611	0	0	-3.30597	
75.34	0.337	0.103	-4.07862e-05	0	-2.242	4.7673e-06	0	0.0322611	0	0	-3.30597	
75.35	0.337	0.103	-4.07266e-05	0	-2.242	4.76033e-06	0	0.0322611	0	0	-3.30597	
75.36	0.337	0.103	-4.0667e-05	0	-2.242	4.75337e-06	0	0.0322611	0	0	-3.30597	
75.37	0.337	0.103	-4.06076e-05	0	-2.242	4.74642e-06	0	0.0322611	0	0	-3.30597	
75.38	0.337	0.103	-4.05482e-05	0	-2.242	4.73948e-06	0	0.0322611	0	0	-3.30597	
75.39	0.337	0.103	-4.04889e-05	0	-2.242	4.73255e-06	0	0.0322611	0	0	-3.30597	
75.4	0.337	0.103	-4.04297e-05	0	-2.242	4.72563e-06	0	0.0322611	0	0	-3.30597	
75.41	0.337	0.103	-4.03706e-05	0	-2.242	4.71872e-06	0	0.0322611	0	0	-3.30597	
75.42	0.337	0.103	-4.03116e-05	0	-2.242	4.71182e-06	0	0.0322611	0	0	-3.30597	
75.43	0.337	0.103	-4.02527e-05	0	-2.242	4.70494e-06	0	0.0322611	0	0	-3.30597	
75.44	0.337	0.103	-4.01938e-05	0	-2.242	4.69806e-06	0	0.0322611	0	0	-3.30597	
75.45	0.337	0.103	-4.0135e-05	0	-2.242	4.69119e-06	0	0.0322611	0	0	-3.30597	
75.46	0.337	0.103	-4.00764e-05	0	-2.242	4.68433e-06	0	0.0322611	0	0	-3.30597	
75.47	0.337	0.103	-4.00178e-05	0	-2.242	4.67748e-06	0	0.0322611	0	0	-3.30597	
75.48	0.337	0.103	-3.99593e-05	0	-2.242	4.67064e-06	0	0.0322611	0	0	-3.30597	
75.49	0.337	0.103	-3.99008e-05	0	-2.242	4.66381e-06	0	0.0322611	0	0	-3.30597	
75.5	0.337	0.103	-3.98425e-05	0	-2.242	4.65699e-06	0	0.0322611	0	0	-3.30597	
75.51	0.337	0.103	-3.97842e-05	0	-2.242	4.65018e-06	0	0.0322611	0	0	-3.30597	
75.52	0.337	0.103	-3.97261e-05	0	-2.242	4.64339e-06	0	0.0322611	0	0	-3.30597	
75.53	0.337	0.103	-3.9668e-05	0	-2.242	4.6366e-06	0	0.0322611	0	0	-3.30597	
75.54	0.337	0.103	-3.961e-05	0	-2.242	4.62982e-06	0	0.0322611	0	0	-3.30597	
75.55	0.337	0.103	-3.95521e-05	0	-2.242	4.62305e-06	0	0.0322611	0	0	-3.30597	
75.56	0.337	0.103	-3.94942e-05	0	-2.242	4.61629e-06	0	0.0322611	0	0	-3.30597	
75.57	0.337	0.103	-3.94365e-05	0	-2.242	4.60954e-06	0	0.0322611	0	0	-3.30597	
75.58	0.337	0.103	-3.93788e-05	0	-2.242	4.6028e-06	0	0.0322611	0	0	-3.30597	
75.59	0.337	0.103	-3.93213e-05	0	-2.242	4.59607e-06	0	0.0322611	0	0	-3.30597	
75.6	0.337	0.103	-3.92638e-05	0	-2.242	4.58935e-06	0	0.0322611	0	0	-3.30597	
75.61	0.337	0.103	-3.92064e-05	0	-2.242	4.58264e-06	0	0.0322611	0	0	-3.30597	
75.62	0.337	0.103	-3.9149e-05	0	-2.242	4.57594e-06	0	0.0322611	0	0	-3.30597	
75.63	0.337	0.103	-3.90918e-05	0	-2.242	4.56925e-06	0	0.0322611	0	0	-3.30597	
75.64	0.337	0.103	-3.90347e-05	0	-2.242	4.56257e-06	0	0.0322611	0	0	-3.30597	
75.65	0.337	0.103	-3.89776e-05	0	-2.242	4.5559e-06	0	0.0322611	0	0	-3.30597	
75.66	0.337	0.103	-3.89206e-05	0	-2.242	4.54924e-06	0	0.0322611	0	0	-3.30597	
75.67	0.337	0.103	-3.88637e-05	0	-2.242	4.54259e-06	0	0.0322611	0	0	-3.30597	
75.68	0.337	0.103	-3.88069e-05	0	-2.242	4.53594e-06	0	0.0322611	0	0	-3.30597	
75.69	0.337	0.103	-3.87501e-05	0	-2.242	4.52931e-06	0	0.0322611	0	0	-3.30597	
75.7	0.337	0.103	-3.86935e-05	0	-2.242	4.52269e-06	0	0.0322611	0	0	-3.30597	
75.71	0.337	0.103	-3.86369e-05	0	-2.242	4.51608e-06	0	0.0322611	0	0	-3.30597	
75.72	0.337	0.103	-3.85804e-05	0	-2.242	4.50947e-06	0	0.0322611	0	0	-3.30597	
75.73	0.337	0.103	-3.8524e-05	0	-2.242	4.50288e-06	0	0.0322611	0	0	-3.30597	
75.74	0.337	0.103	-3.84677e-05	0	-2.242	4.4963e-06	0	0.0322611	0	0	-3.30597	
75.75	0.337	0.103	-3.84114e-05	0	-2.242	4.48972e-06	0	0.0322611	0	0	-3.30597	
75.76	0.337	0.103	-3.83553e-05	0	-2.242	4.48316e-06	0	0.0322611	0	0	-3.30597	
75.77	0.337	0.103	-3.82992e-05	0	-2.242	4.4766e-06	0	0.0322611	0	0	-3.30597	
75.78	0.337	0.103	-3.82432e-05	0	-2.242	4.47006e-06	0	0.0322611	0	0	-3.30597	
75.79	0.337	0.103	-3.81873e-05	0	-2.242	4.46352e-06	0	0.0322611	0	0	-3.30597	
75.8	0.337	0.103	-3.81314e-05	0	-2.242	4.457e-06	0	0.0322611	0	0	-3.30597	
75.81	0.337	0.103	-3.80757e-05	0	-2.242	4.45048e-06	0	0.0322611	0	0	-3.30597	
75.82	0.337	0.103	-3.802e-05	0	-2.242	4.44397e-06	0	0.0322611	0	0	-3.30597	
75.83	0.337	0.103	-3.79644e-05	0	-2.242	4.43748e-06	0	0.0322611	0	0	-3.30597	
75.84	0.337	0.103	-3.79089e-05	0	-2.242	4.43099e-06	0	0.0322611	0	0	-3.30597	
75.85	0.337	0.103	-3.78535e-05	0	-2.242	4.42451e-06	0	0.0322611	0	0	-3.30597	
75.86	0.337	0.103	-3.77982e-05	0	-2.242	4.41804e-06	0	0.0322611	0	0	-3.30597	
75.87	0.337	0.103	-3.77429e-05	0	-2.242	4.41158e-06	0	0.0322611	0	0	-3.30597	
75.88	0.337	0.103	-3.76877e-05	0	-2.242	4.40513e-06	0	0.0322611	0	0	-3.30597	
75.89	0.337	0.103	-3.76326e-05	0	-2.242	4.39869e-06	0	0.0322611	0	0	-3.30597	
75.9	0.337	0.103	-3.75776e-05	0	-2.242	4.39226e-06	0	0.0322611	0	0	-3.30597	
75.91	0.337	0.103	-3.75226e-05	0	-2.242	4.38584e-06	0	0.0322611	0	0	-3.30597	
75.92	0.337	0.103	-3.74678e-05	0	-2.242	4.37943e-06	0	0.0322611	0	0	-3.30597	
75.93	0.337	0.103	-3.7413e-05	0	-2.242	4.37302e-06	0	0.0322611	0	0	-3.30597	
75.94	0.337	0.103	-3.73583e-05	0	-2.242	4.36663e-06	0	0.0322611	0	0	-3.30597	
75.95	0.337	0.103	-3.73037e-05	0	-2.242	4.36024e-06	0	0.0322611	0	0	-3.30597	
75.96	0.337	0.103	-3.72491e-05	0	-2.242	4.35387e-06	0	0.0322611	0	0	-3.30597	
75.97	0.337	0.103	-3.71947e-05	0	-2.242	4.3475e-06	0	0.0322611	0	0	-3.30597	
75.98	0.337	0.103	-3.71403e-05	0	-2.242	4.34115e-06	0	0.0322611	0	0	-3.30597	
75.99	0.337	0.103	-3.7086e-05	0	-2.242	4.3348e-06	0	0.0322611	0	0	-3.30597	
76	0.337	0.103	-3.70318e-05	0	-2.242	4.32846e-06	0	0.0322611	0	0	-3.30597	
76.01	0.337	0.103	-3.69776e-05	0	-2.242	4.32213e-06	0	0.0322611	0	0	-3.30597	
76.02	0.337	0.103	-3.69236e-05	0	-2.242	4.31581e-06	0	0.0322611	0	0	-3.30597	
76.03	0.337	0.103	-3.68696e-05	0	-2.242	4.3095e-06	0	0.0322611	0	0	-3.30597	
76.04	0.337	0.103	-3.68157e-05	0	-2.242	4.3032e-06	0	0.0322611	0	0	-3.30597	
76.05	0.337	0.103	-3.67618e-05	0	-2.242	4.29691e-06	0	0.0322611	0	0	-3.30597	
76.06	0.337	0.103	-3.67081e-05	0	-2.242	4.29063e-06	0	0.0322611	0	0	-3.30597	
76.07	0.337	0.103	-3.66544e-05	0	-2.242	4.28436e-06	0	0.0322611	0	0	-3.30597	
76.08	0.337	0.103	-3.66008e-05	0	-2.242	4.27809e-06	0	0.0322611	0	0	-3.30597	
76.09	0.337	0.103	-3.65473e-05	0	-2.242	4.27184e-06	0	0.0322611	0	0	-3.30597	
76.1	0.337	0.103	-3.64939e-05	0	-2.242	4.26559e-06	0	0.0322611	0	0	-3.30597	
76.11	0.337	0.103	-3.64405e-05	0	-2.242	4.25935e-06	0	0.0322611	0	0	-3.30597	
76.12	0.337	0.103	-3.63872e-05	0	-2.242	4.25313e-06	0	0.0322611	0	0	-3.30597	
76.13	0.337	0.103	-3.6334e-05	0	-2.242	4.24691e-06	0	0.0322611	0	0	-3.30597	
76.14	0.337	0.103	-3.62809e-05	0	-2.242	4.2407e-06	0	0.0322611	0	0	-3.30597	
76.15	0.337	0.103	-3.62279e-05	0	-2.242	4.2345e-06	0	0.0322611	0	0	-3.30597	
76.16	0.337	0.103	-3.61749e-05	0	-2.242	4.22831e-06	0	0.0322611	0	0	-3.30597	
76.17	0.337	0.103	-3.6122e-05	0	-2.242	4.22213e-06	0	0.0322611	0	0	-3.30597	
76.18	0.337	0.103	-3.60692e-05	0	-2.242	4.21595e-06	0	0.0322611	0	0	-3.30597	
76.19	0.337	0.103	-3.60165e-05	0	-2.242	4.20979e-06	0	0.0322611	0	0	-3.30597	
76.2	0.337	0.103	-3.59638e-05	0	-2.242	4.20363e-06	0	0.0322611	0	0	-3.30597	
76.21	0.337	0.103	-3.59112e-05	0	-2.242	4.19749e-06	0	0.0322611	0	0	-3.30597	
76.22	0.337	0.103	-3.58587e-05	0	-2.242	4.19135e-06	0	0.0322611	0	0	-3.30597	
76.23	0.337	0.103	-3.58063e-05	0	-2.242	4.18522e-06	0	0.0322611	0	0	-3.30597	
76.24	0.337	0.103	-3.57539e-05	0	-2.242	4.1791e-06	0	0.0322611	0	0	-3.30597	
76.25	0.337	0.103	-3.57017e-05	0	-2.242	4.17299e-06	0	0.0322611	0	0	-3.30597	
76.26	0.337	0.103	-3.56495e-05	0	-2.242	4.16689e-06	0	0.0322611	0	0	-3.30597	
76.27	0.337	0.103	-3.55973e-05	0	-2.242	4.1608e-06	0	0.0322611	0	0	-3.30597	
76.28	0.337	0.103	-3.55453e-05	0	-2.242	4.15472e-06	0	0.0322611	0	0	-3.30597	
76.29	0.337	0.103	-3.54933e-05	0	-2.242	4.14864e-06	0	0.0322611	0	0	-3.30597	
76.3	0.337	0.103	-3.54414e-05	0	-2.242	4.14258e-06	0	0.0322611	0	0	-3.30597	
76.31	0.337	0.103	-3.53896e-05	0	-2.242	4.13652e-06	0	0.0322611	0	0	-3.30597	
76.32	0.337	0.103	-3.53379e-05	0	-2.242	4.13047e-06	0	0.0322611	0	0	-3.30597	
76.33	0.337	0.103	-3.52862e-05	0	-2.242	4.12443e-06	0	0.0322611	0	0	-3.30597	
76.34	0.337	0.103	-3.52346e-05	0	-2.242	4.1184e-06	0	0.0322611	0	0	-3.30597	
76.35	0.337	0.103	-3.51831e-05	0	-2.242	4.11238e-06	0	0.0322611	0	0	-3.30597	
76.36	0.337	0.103	-3.51317e-05	0	-2.242	4.10637e-06	0	0.0322611	0	0	-3.30597	
76.37	0.337	0.103	-3.50803e-05	0	-2.242	4.10036e-06	0	0.0322611	0	0	-3.30597	
76.38	0.337	0.103	-3.5029e-05	0	-2.242	4.09437e-06	0	0.0322611	0	0	-3.30597	
76.39	0.337	0.103	-3.49778e-05	0	-2.242	4.08838e-06	0	0.0322611	0	0	-3.30597	
76.4	0.337	0.103	-3.49267e-05	0	-2.242	4.08241e-06	0	0.0322611	0	0	-3.30597	
76.41	0.337	0.103	-3.48756e-05	0	-2.242	4.07644e-06	0	0.0322611	0	0	-3.30597	
76.42	0.337	0.103	-3.48246e-05	0	-2.242	4.07048e-06	0	0.0322611	0	0	-3.30597	
76.43	0.337	0.103	-3.47737e-05	0	-2.242	4.06452e-06	0	0.0322611	0	0	-3.30597	
76.44	0.337	0.103	-3.47228e-05	0	-2.242	4.05858e-06	0	0.0322611	0	0	-3.30597	
76.45	0.337	0.103	-3.46721e-05	0	-2.242	4.05265e-06	0	0.0322611	0	0	-3.30597	
76.46	0.337	0.103	-3.46214e-05	0	-2.242	4.04672e-06	0	0.0322611	0	0	-3.30597	
76.47	0.337	0.103	-3.45708e-05	0	-2.242	4.04081e-06	0	0.0322611	0	0	-3.30597	
76.48	0.337	0.103	-3.45202e-05	0	-2.242	4.0349e-06	0	0.0322611	0	0	-3.30597	
76.49	0.337	0.103	-3.44697e-05	0	-2.242	4.029e-06	0	0.0322611	0	0	-3.30597	
76.5	0.337	0.103	-3.44193e-05	0	-2.242	4.02311e-06	0	0.0322611	0	0	-3.30597	
76.51	0.337	0.103	-3.4369e-05	0	-2.242	4.01723e-06	0	0.0322611	0	0	-3.30597	
76.52	0.337	0.103	-3.43188e-05	0	-2.242	4.01135e-06	0	0.0322611	0	0	-3.30597	
76.53	0.337	0.103	-3.42686e-05	0	-2.242	4.00549e-06	0	0.0322611	0	0	-3.30597	
76.54	0.337	0.103	-3.42185e-05	0	-2.242	3.99963e-06	0	0.0322611	0	0	-3.30597	
76.55	0.337	0.103	-3.41685e-05	0	-2.242	3.99378e-06	0	0.0322611	0	0	-3.30597	
76.56	0.337	0.103	-3.41185e-05	0	-2.242	3.98794e-06	0	0.0322611	0	0	-3.30597	
76.57	0.337	0.103	-3.40686e-05	0	-2.242	3.98211e-06	0	0.0322611	0	0	-3.30597	
76.58	0.337	0.103	-3.40188e-05	0	-2.242	3.97629e-06	0	0.0322611	0	0	-3.30597	
76.59	0.337	0.103	-3.39691e-05	0	-2.242	3.97048e-06	0	0.0322611	0	0	-3.30597	
76.6	0.337	0.103	-3.39194e-05	0	-2.242	3.96467e-06	0	0.0322611	0	0	-3.30597	
76.61	0.337	0.103	-3.38698e-05	0	-2.242	3.95888e-06	0	0.0322611	0	0	-3.30597	
76.62	0.337	0.103	-3.38203e-05	0	-2.242	3.95309e-06	0	0.0322611	0	0	-3.30597	
76.63	0.337	0.103	-3.37708e-05	0	-2.242	3.94731e-06	0	0.0322611	0	0	-3.30597	
76.64	0.337	0.103	-3.37215e-05	0	-2.242	3.94154e-06	0	0.0322611	0	0	-3.30597	
76.65	0.337	0.103	-3.36722e-05	0	-2.242	3.93577e-06	0	0.0322611	0	0	-3.30597	
76.66	0.337	0.103	-3.36229e-05	0	-2.242	3.93002e-06	0	0.0322611	0	0	-3.30597	
76.67	0.337	0.103	-3.35738e-05	0	-2.242	3.92427e-06	0	0.0322611	0	0	-3.30597	
76.68	0.337	0.103	-3.35247e-05	0	-2.242	3.91854e-06	0	0.0322611	0	0	-3.30597	
76.69	0.337	0.103	-3.34757e-05	0	-2.242	3.91281e-06	0	0.0322611	0	0	-3.30597	
76.7	0.337	0.103	-3.34267e-05	0	-2.242	3.90709e-06	0	0.0322611	0	0	-3.30597	
76.71	0.337	0.103	-3.33778e-05	0	-2.242	3.90137e-06	0	0.0322611	0	0	-3.30597	
76.72	0.337	0.103	-3.3329e-05	0	-2.242	3.89567e-06	0	0.0322611	0	0	-3.30597	
76.73	0.337	0.103	-3.32803e-05	0	-2.242	3.88997e-06	0	0.0322611	0	0	-3.30597	
76.74	0.337	0.103	-3.32317e-05	0	-2.242	3.88429e-06	0	0.0322611	0	0	-3.30597	
76.75	0.337	0.103	-3.31831e-05	0	-2.242	3.87861e-06	0	0.0322611	0	0	-3.30597	
76.76	0.337	0.103	-3.31346e-05	0	-2.242	3.87294e-06	0	0.0322611	0	0	-3.30597	
76.77	0.337	0.103	-3.30861e-05	0	-2.242	3.86727e-06	0	0.0322611	0	0	-3.30597	
76.78	0.337	0.103	-3.30377e-05	0	-2.242	3.86162e-06	0	0.0322611	0	0	-3.30597	
76.79	0.337	0.103	-3.29894e-05	0	-2.242	3.85597e-06	0	0.0322611	0	0	-3.30597	
76.8	0.337	0.103	-3.29412e-05	0	-2.242	3.85033e-06	0	0.0322611	0	0	-3.30597	
76.81	0.337	0.103	-3.2893e-05	0	-2.242	3.84471e-06	0	0.0322611	0	0	-3.30597	
76.82	0.337	0.103	-3.28449e-05	0	-2.242	3.83908e-06	0	0.0322611	0	0	-3.30597	
76.83	0.337	0.103	-3.27969e-05	0	-2.242	3.83347e-06	0	0.0322611	0	0	-3.30597	
76.84	0.337	0.103	-3.2749e-05	0	-2.242	3.82787e-06	0	0.0322611	0	0	-3.30597	
76.85	0.337	0.103	-3.27011e-05	0	-2.242	3.82227e-06	0	0.0322611	0	0	-3.30597	
76.86	0.337	0.103	-3.26533e-05	0	-2.242	3.81668e-06	0	0.0322611	0	0	-3.30597	
76.87	0.337	0.103	-3.26055e-05	0	-2.242	3.8111e-06	0	0.0322611	0	0	-3.30597	
76.88	0.337	0.103	-3.25579e-05	0	-2.242	3.80553e-06	0	0.0322611	0	0	-3.30597	
76.89	0.337	0.103	-3.25103e-05	0	-2.242	3.79996e-06	0	0.0322611	0	0	-3.30597	
76.9	0.337	0.103	-3.24627e-05	0	-2.242	3.79441e-06	0	0.0322611	0	0	-3.30597	
76.91	0.337	0.103	-3.24153e-05	0	-2.242	3.78886e-06	0	0.0322611	0	0	-3.30597	
76.92	0.337	0.103	-3.23679e-05	0	-2.242	3.78332e-06	0	0.0322611	0	0	-3.30597	
76.93	0.337	0.103	-3.23205e-05	0	-2.242	3.77779e-06	0	0.0322611	0	0	-3.30597	
76.94	0.337	0.103	-3.22733e-05	0	-2.242	3.77227e-06	0	0.0322611	0	0	-3.30597	
76.95	0.337	0.103	-3.22261e-05	0	-2.242	3.76675e-06	0	0.0322611	0	0	-3.30597	
76.96	0.337	0.103	-3.2179e-05	0	-2.242	3.76124e-06	0	0.0322611	0	0	-3.30597	
76.97	0.337	0.103	-3.21319e-05	0	-2.242	3.75574e-06	0	0.0322611	0	0	-3.30597	
76.98	0.337	0.103	-3.2085e-05	0	-2.242	3.75025e-06	0	0.0322611	0	0	-3.30597	
76.99	0.337	0.103	-3.2038e-05	0	-2.242	3.74477e-06	0	0.0322611	0	0	-3.30597	
77	0.337	0.103	-3.19912e-05	0	-2.242	3.73929e-06	0	0.0322611	0	0	-3.30597	
77.01	0.337	0.103	-3.19444e-05	0	-2.242	3.73383e-06	0	0.0322611	0	0	-3.30597	
77.02	0.337	0.103	-3.18977e-05	0	-2.242	3.72837e-06	0	0.0322611	0	0	-3.30597	
77.03	0.337	0.103	-3.18511e-05	0	-2.242	3.72292e-06	0	0.0322611	0	0	-3.30597	
77.04	0.337	0.103	-3.18045e-05	0	-2.242	3.71747e-06	0	0.0322611	0	0	-3.30597	
77.05	0.337	0.103	-3.1758e-05	0	-2.242	3.71204e-06	0	0.0322611	0	0	-3.30597	
77.06	0.337	0.103	-3.17116e-05	0	-2.242	3.70661e-06	0	0.0322611	0	0	-3.30597	
77.07	0.337	0.103	-3.16652e-05	0	-2.242	3.70119e-06	0	0.0322611	0	0	-3.30597	
77.08	0.337	0.103	-3.16189e-05	0	-2.242	3.69578e-06	0	0.0322611	0	0	-3.30597	
77.09	0.337	0.103	-3.15727e-05	0	-2.242	3.69038e-06	0	0.0322611	0	0	-3.30597	
77.1	0.337	0.103	-3.15265e-05	0	-2.242	3.68498e-06	0	0.0322611	0	0	-3.30597	
77.11	0.337	0.103	-3.14804e-05	0	-2.242	3.67959e-06	0	0.0322611	0	0	-3.30597	
77.12	0.337	0.103	-3.14344e-05	0	-2.242	3.67421e-06	0	0.0322611	0	0	-3.30597	
77.13	0.337	0.103	-3.13884e-05	0	-2.242	3.66884e-06	0	0.0322611	0	0	-3.30597	
77.14	0.337	0.103	-3.13426e-05	0	-2.242	3.66348e-06	0	0.0322611	0	0	-3.30597	
77.15	0.337	0.103	-3.12967e-05	0	-2.242	3.65812e-06	0	0.0322611	0	0	-3.30597	
77.16	0.337	0.103	-3.1251e-05	0	-2.242	3.65277e-06	0	0.0322611	0	0	-3.30597	
77.17	0.337	0.103	-3.12053e-05	0	-2.242	3.64743e-06	0	0.0322611	0	0	-3.30597	
77.18	0.337	0.103	-3.11597e-05	0	-2.242	3.6421e-06	0	0.0322611	0	0	-3.30597	
77.19	0.337	0.103	-3.11141e-05	0	-2.242	3.63677e-06	0	0.0322611	0	0	-3.30597	
77.2	0.337	0.103	-3.10686e-05	0	-2.242	3.63146e-06	0	0.0322611	0	0	-3.30597	
77.21	0.337	0.103	-3.10232e-05	0	-2.242	3.62615e-06	0	0.0322611	0	0	-3.30597	
77.22	0.337	0.103	-3.09778e-05	0	-2.242	3.62085e-06	0	0.0322611	0	0	-3.30597	
77.23	0.337	0.103	-3.09325e-05	0	-2.242	3.61555e-06	0	0.0322611	0	0	-3.30597	
77.24	0.337	0.103	-3.08873e-05	0	-2.242	3.61027e-06	0	0.0322611	0	0	-3.30597	
77.25	0.337	0.103	-3.08421e-05	0	-2.242	3.60499e-06	0	0.0322611	0	0	-3.30597	
77.26	0.337	0.103	-3.07971e-05	0	-2.242	3.59972e-06	0	0.0322611	0	0	-3.30597	
77.27	0.337	0.103	-3.0752e-05	0	-2.242	3.59445e-06	0	0.0322611	0	0	-3.30597	
77.28	0.337	0.103	-3.07071e-05	0	-2.242	3.5892e-06	0	0.0322611	0	0	-3.30597	
77.29	0.337	0.103	-3.06622e-05	0	-2.242	3.58395e-06	0	0.0322611	0	0	-3.30597	
77.3	0.337	0.103	-3.06173e-05	0	-2.242	3.57871e-06	0	0.0322611	0	0	-3.30597	
77.31	0.337	0.103	-3.05726e-05	0	-2.242	3.57348e-06	0	0.0322611	0	0	-3.30597	
77.32	0.337	0.103	-3.05279e-05	0	-2.242	3.56825e-06	0	0.0322611	0	0	-3.30597	
77.33	0.337	0.103	-3.04832e-05	0	-2.242	3.56304e-06	0	0.0322611	0	0	-3.30597	
77.34	0.337	0.103	-3.04387e-05	0	-2.242	3.55783e-06	0	0.0322611	0	0	-3.30597	
77.35	0.337	0.103	-3.03942e-05	0	-2.242	3.55262e-06	0	0.0322611	0	0	-3.30597	
77.36	0.337	0.103	-3.03497e-05	0	-2.242	3.54743e-06	0	0.0322611	0	0	-3.30597	
77.37	0.337	0.103	-3.03054e-05	0	-2.242	3.54224e-06	0	0.0322611	0	0	-3.30597	
77.38	0.337	0.103	-3.0261e-05	0	-2.242	3.53706e-06	0	0.0322611	0	0	-3.30597	
77.39	0.337	0.103	-3.02168e-05	0	-2.242	3.53189e-06	0	0.0322611	0	0	-3.30597	
77.4	0.337	0.103	-3.01726e-05	0	-2.242	3.52673e-06	0	0.0322611	0	0	-3.30597	
77.41	0.337	0.103	-3.01285e-05	0	-2.242	3.52157e-06	0	0.0322611	0	0	-3.30597	
77.42	0.337	0.103	-3.00845e-05	0	-2.242	3.51642e-06	0	0.0322611	0	0	-3.30597	
77.43	0.337	0.103	-3.00405e-05	0	-2.242	3.51128e-06	0	0.0322611	0	0	-3.30597	
77.44	0.337	0.103	-2.99965e-05	0	-2.242	3.50615e-06	0	0.0322611	0	0	-3.30597	
77.45	0.337	0.103	-2.99527e-05	0	-2.242	3.50102e-06	0	0.0322611	0	0	-3.30597	
77.46	0.337	0.103	-2.99089e-05	0	-2.242	3.4959e-06	0	0.0322611	0	0	-3.30597	
77.47	0.337	0.103	-2.98652e-05	0	-2.242	3.49079e-06	0	0.0322611	0	0	-3.30597	
77.48	0.337	0.103	-2.98215e-05	0	-2.242	3.48569e-06	0	0.0322611	0	0	-3.30597	
77.49	0.337	0.103	-2.97779e-05	0	-2.242	3.48059e-06	0	0.0322611	0	0	-3.30597	
77.5	0.337	0.103	-2.97344e-05	0	-2.242	3.4755e-06	0	0.0322611	0	0	-3.30597	
77.51	0.337	0.103	-2.96909e-05	0	-2.242	3.47042e-06	0	0.0322611	0	0	-3.30597	
77.52	0.337	0.103	-2.96475e-05	0	-2.242	3.46535e-06	0	0.0322611	0	0	-3.30597	
77.53	0.337	0.103	-2.96041e-05	0	-2.242	3.46028e-06	0	0.0322611	0	0	-3.30597	
77.54	0.337	0.103	-2.95608e-05	0	-2.242	3.45522e-06	0	0.0322611	0	0	-3.30597	
77.55	0.337	0.103	-2.95176e-05	0	-2.242	3.45017e-06	0	0.0322611	0	0	-3.30597	
77.56	0.337	0.103	-2.94745e-05	0	-2.242	3.44513e-06	0	0.0322611	0	0	-3.30597	
77.57	0.337	0.103	-2.94314e-05	0	-2.242	3.44009e-06	0	0.0322611	0	0	-3.30597	
77.58	0.337	0.103	-2.93883e-05	0	-2.242	3.43506e-06	0	0.0322611	0	0	-3.30597	
77.59	0.337	0.103	-2.93454e-05	0	-2.242	3.43004e-06	0	0.0322611	0	0	-3.30597	
77.6	0.337	0.103	-2.93025e-05	0	-2.242	3.42502e-06	0	0.0322611	0	0	-3.30597	
77.61	0.337	0.103	-2.92596e-05	0	-2.242	3.42001e-06	0	0.0322611	0	0	-3.30597	
77.62	0.337	0.103	-2.92168e-05	0	-2.242	3.41501e-06	0	0.0322611	0	0	-3.30597	
77.63	0.337	0.103	-2.91741e-05	0	-2.242	3.41002e-06	0	0.0322611	0	0	-3.30597	
77.64	0.337	0.103	-2.91315e-05	0	-2.242	3.40504e-06	0	0.0322611	0	0	-3.30597	
77.65	0.337	0.103	-2.90889e-05	0	-2.242	3.40006e-06	0	0.0322611	0	0	-3.30597	
77.66	0.337	0.103	-2.90464e-05	0	-2.242	3.39509e-06	0	0.0322611	0	0	-3.30597	
77.67	0.337	0.103	-2.90039e-05	0	-2.242	3.39012e-06	0	0.0322611	0	0	-3.30597	
77.68	0.337	0.103	-2.89615e-05	0	-2.242	3.38517e-06	0	0.0322611	0	0	-3.30597	
77.69	0.337	0.103	-2.89191e-05	0	-2.242	3.38022e-06	0	0.0322611	0	0	-3.30597	
77.7	0.337	0.103	-2.88769e-05	0	-2.242	3.37527e-06	0	0.0322611	0	0	-3.30597	
77.71	0.337	0.103	-2.88346e-05	0	-2.242	3.37034e-06	0	0.0322611	0	0	-3.30597	
77.72	0.337	0.103	-2.87925e-05	0	-2.242	3.36541e-06	0	0.0322611	0	0	-3.30597	
77.73	0.337	0.103	-2.87504e-05	0	-2.242	3.36049e-06	0	0.0322611	0	0	-3.30597	
77.74	0.337	0.103	-2.87083e-05	0	-2.242	3.35558e-06	0	0.0322611	0	0	-3.30597	
77.75	0.337	0.103	-2.86664e-05	0	-2.242	3.35067e-06	0	0.0322611	0	0	-3.30597	
77.76	0.337	0.103	-2.86245e-05	0	-2.242	3.34577e-06	0	0.0322611	0	0	-3.30597	
77.77	0.337	0.103	-2.85826e-05	0	-2.242	3.34088e-06	0	0.0322611	0	0	-3.30597	
77.78	0.337	0.103	-2.85408e-05	0	-2.242	3.336e-06	0	0.0322611	0	0	-3.30597	
77.79	0.337	0.103	-2.84991e-05	0	-2.242	3.33112e-06	0	0.0322611	0	0	-3.30597	
77.8	0.337	0.103	-2.84574e-05	0	-2.242	3.32625e-06	0	0.0322611	0	0	-3.30597	
77.81	0.337	0.103	-2.84158e-05	0	-2.242	3.32138e-06	0	0.0322611	0	0	-3.30597	
77.82	0.337	0.103	-2.83743e-05	0	-2.242	3.31653e-06	0	0.0322611	0	0	-3.30597	
77.83	0.337	0.103	-2.83328e-05	0	-2.242	3.31168e-06	0	0.0322611	0	0	-3.30597	
77.84	0.337	0.103	-2.82913e-05	0	-2.242	3.30684e-06	0	0.0322611	0	0	-3.30597	
77.85	0.337	0.103	-2.825e-05	0	-2.242	3.302e-06	0	0.0322611	0	0	-3.30597	
77.86	0.337	0.103	-2.82087e-05	0	-2.242	3.29717e-06	0	0.0322611	0	0	-3.30597	
77.87	0.337	0.103	-2.81674e-05	0	-2.242	3.29235e-06	0	0.0322611	0	0	-3.30597	
77.88	0.337	0.103	-2.81263e-05	0	-2.242	3.28754e-06	0	0.0322611	0	0	-3.30597	
77.89	0.337	0.103	-2.80851e-05	0	-2.242	3.28273e-06	0	0.0322611	0	0	-3.30597	
77.9	0.337	0.103	-2.80441e-05	0	-2.242	3.27793e-06	0	0.0322611	0	0	-3.30597	
77.91	0.337	0.103	-2.80031e-05	0	-2.242	3.27314e-06	0	0.0322611	0	0	-3.30597	
77.92	0.337	0.103	-2.79621e-05	0	-2.242	3.26836e-06	0	0.0322611	0	0	-3.30597	
77.93	0.337	0.103	-2.79212e-05	0	-2.242	3.26358e-06	0	0.0322611	0	0	-3.30597	
77.94	0.337	0.103	-2.78804e-05	0	-2.242	3.25881e-06	0	0.0322611	0	0	-3.30597	
77.95	0.337	0.103	-2.78397e-05	0	-2.242	3.25404e-06	0	0.0322611	0	0	-3.30597	
77.96	0.337	0.103	-2.7799e-05	0	-2.242	3.24928e-06	0	0.0322611	0	0	-3.30597	
77.97	0.337	0.103	-2.77583e-05	0	-2.242	3.24453e-06	0	0.0322611	0	0	-3.30597	
77.98	0.337	0.103	-2.77177e-05	0	-2.242	3.23979e-06	0	0.0322611	0	0	-3.30597	
77.99	0.337	0.103	-2.76772e-05	0	-2.242	3.23505e-06	0	0.0322611	0	0	-3.30597	
78	0.337	0.103	-2.76367e-05	0	-2.242	3.23032e-06	0	0.0322611	0	0	-3.30597	
78.01	0.337	0.103	-2.75963e-05	0	-2.242	3.2256e-06	0	0.0322611	0	0	-3.30597	
78.02	0.337	0.103	-2.7556e-05	0	-2.242	3.22088e-06	0	0.0322611	0	0	-3.30597	
78.03	0.337	0.103	-2.75157e-05	0	-2.242	3.21617e-06	0	0.0322611	0	0	-3.30597	
78.04	0.337	0.103	-2.74755e-05	0	-2.242	3.21147e-06	0	0.0322611	0	0	-3.30597	
78.05	0.337	0.103	-2.74353e-05	0	-2.242	3.20678e-06	0	0.0322611	0	0	-3.30597	
78.06	0.337	0.103	-2.73952e-05	0	-2.242	3.20209e-06	0	0.0322611	0	0	-3.30597	
78.07	0.337	0.103	-2.73551e-05	0	-2.242	3.19741e-06	0	0.0322611	0	0	-3.30597	
78.08	0.337	0.103	-2.73151e-05	0	-2.242	3.19273e-06	0	0.0322611	0	0	-3.30597	
78.09	0.337	0.103	-2.72752e-05	0	-2.242	3.18806e-06	0	0.0322611	0	0	-3.30597	
78.1	0.337	0.103	-2.72353e-05	0	-2.242	3.1834e-06	0	0.0322611	0	0	-3.30597	
78.11	0.337	0.103	-2.71955e-05	0	-2.242	3.17875e-06	0	0.0322611	0	0	-3.30597	
78.12	0.337	0.103	-2.71557e-05	0	-2.242	3.1741e-06	0	0.0322611	0	0	-3.30597	
78.13	0.337	0.103	-2.7116e-05	0	-2.242	3.16946e-06	0	0.0322611	0	0	-3.30597	
78.14	0.337	0.103	-2.70764e-05	0	-2.242	3.16482e-06	0	0.0322611	0	0	-3.30597	
78.15	0.337	0.103	-2.70368e-05	0	-2.242	3.1602e-06	0	0.0322611	0	0	-3.30597	
78.16	0.337	0.103	-2.69973e-05	0	-2.242	3.15558e-06	0	0.0322611	0	0	-3.30597	
78.17	0.337	0.103	-2.69578e-05	0	-2.242	3.15096e-06	0	0.0322611	0	0	-3.30597	
78.18	0.337	0.103	-2.69184e-05	0	-2.242	3.14636e-06	0	0.0322611	0	0	-3.30597	
78.19	0.337	0.103	-2.6879e-05	0	-2.242	3.14176e-06	0	0.0322611	0	0	-3.30597	
78.2	0.337	0.103	-2.68397e-05	0	-2.242	3.13716e-06	0	0.0322611	0	0	-3.30597	
78.21	0.337	0.103	-2.68005e-05	0	-2.242	3.13258e-06	0	0.0322611	0	0	-3.30597	
78.22	0.337	0.103	-2.67613e-05	0	-2.242	3.128e-06	0	0.0322611	0	0	-3.30597	
78.23	0.337	0.103	-2.67222e-05	0	-2.242	3.12342e-06	0	0.0322611	0	0	-3.30597	
78.24	0.337	0.103	-2.66831e-05	0	-2.242	3.11886e-06	0	0.0322611	0	0	-3.30597	
78.25	0.337	0.103	-2.66441e-05	0	-2.242	3.1143e-06	0	0.0322611	0	0	-3.30597	
78.26	0.337	0.103	-2.66051e-05	0	-2.242	3.10974e-06	0	0.0322611	0	0	-3.30597	
78.27	0.337	0.103	-2.65662e-05	0	-2.242	3.1052e-06	0	0.0322611	0	0	-3.30597	
78.28	0.337	0.103	-2.65274e-05	0	-2.242	3.10066e-06	0	0.0322611	0	0	-3.30597	
78.29	0.337	0.103	-2.64886e-05	0	-2.242	3.09612e-06	0	0.0322611	0	0	-3.30597	
78.3	0.337	0.103	-2.64499e-05	0	-2.242	3.0916e-06	0	0.0322611	0	0	-3.30597	
78.31	0.337	0.103	-2.64112e-05	0	-2.242	3.08707e-06	0	0.0322611	0	0	-3.30597	
78.32	0.337	0.103	-2.63726e-05	0	-2.242	3.08256e-06	0	0.0322611	0	0	-3.30597	
78.33	0.337	0.103	-2.6334e-05	0	-2.242	3.07805e-06	0	0.0322611	0	0	-3.30597	
78.34	0.337	0.103	-2.62955e-05	0	-2.242	3.07355e-06	0	0.0322611	0	0	-3.30597	
78.35	0.337	0.103	-2.62571e-05	0	-2.242	3.06906e-06	0	0.0322611	0	0	-3.30597	
78.36	0.337	0.103	-2.62187e-05	0	-2.242	3.06457e-06	0	0.0322611	0	0	-3.30597	
78.37	0.337	0.103	-2.61803e-05	0	-2.242	3.06009e-06	0	0.0322611	0	0	-3.30597	
78.38	0.337	0.103	-2.61421e-05	0	-2.242	3.05562e-06	0	0.0322611	0	0	-3.30597	
78.39	0.337	0.103	-2.61038e-05	0	-2.242	3.05115e-06	0	0.0322611	0	0	-3.30597	
78.4	0.337	0.103	-2.60657e-05	0	-2.242	3.04669e-06	0	0.0322611	0	0	-3.30597	
78.41	0.337	0.103	-2.60276e-05	0	-2.242	3.04224e-06	0	0.0322611	0	0	-3.30597	
78.42	0.337	0.103	-2.59895e-05	0	-2.242	3.03779e-06	0	0.0322611	0	0	-3.30597	
78.43	0.337	0.103	-2.59515e-05	0	-2.242	3.03335e-06	0	0.0322611	0	0	-3.30597	
78.44	0.337	0.103	-2.59136e-05	0	-2.242	3.02891e-06	0	0.0322611	0	0	-3.30597	
78.45	0.337	0.103	-2.58757e-05	0	-2.242	3.02448e-06	0	0.0322611	0	0	-3.30597	
78.46	0.337	0.103	-2.58379e-05	0	-2.242	3.02006e-06	0	0.0322611	0	0	-3.30597	
78.47	0.337	0.103	-2.58001e-05	0	-2.242	3.01564e-06	0	0.0322611	0	0	-3.30597	
78.48	0.337	0.103	-2.57624e-05	0	-2.242	3.01124e-06	0	0.0322611	0	0	-3.30597	
78.49	0.337	0.103	-2.57247e-05	0	-2.242	3.00683e-06	0	0.0322611	0	0	-3.30597	
78.5	0.337	0.103	-2.56871e-05	0	-2.242	3.00244e-06	0	0.0322611	0	0	-3.30597	
78.51	0.337	0.103	-2.56495e-05	0	-2.242	2.99805e-06	0	0.0322611	0	0	-3.30597	
78.52	0.337	0.103	-2.5612e-05	0	-2.242	2.99366e-06	0	0.0322611	0	0	-3.30597	
78.53	0.337	0.103	-2.55746e-05	0	-2.242	2.98929e-06	0	0.0322611	0	0	-3.30597	
78.54	0.337	0.103	-2.55372e-05	0	-2.242	2.98492e-06	0	0.0322611	0	0	-3.30597	
78.55	0.337	0.103	-2.54998e-05	0	-2.242	2.98055e-06	0	0.0322611	0	0	-3.30597	
78.56	0.337	0.103	-2.54626e-05	0	-2.242	2.97619e-06	0	0.0322611	0	0	-3.30597	
78.57	0.337	0.103	-2.54253e-05	0	-2.242	2.97184e-06	0	0.0322611	0	0	-3.30597	
78.58	0.337	0.103	-2.53882e-05	0	-2.242	2.9675e-06	0	0.0322611	0	0	-3.30597	
78.59	0.337	0.103	-2.5351e-05	0	-2.242	2.96316e-06	0	0.0322611	0	0	-3.30597	
78.6	0.337	0.103	-2.5314e-05	0	-2.242	2.95883e-06	0	0.0322611	0	0	-3.30597	
78.61	0.337	0.103	-2.5277e-05	0	-2.242	2.9545e-06	0	0.0322611	0	0	-3.30597	
78.62	0.337	0.103	-2.524e-05	0	-2.242	2.95018e-06	0	0.0322611	0	0	-3.30597	
78.63	0.337	0.103	-2.52031e-05	0	-2.242	2.94587e-06	0	0.0322611	0	0	-3.30597	
78.64	0.337	0.103	-2.51663e-05	0	-2.242	2.94156e-06	0	0.0322611	0	0	-3.30597	
78.65	0.337	0.103	-2.51295e-05	0	-2.242	2.93726e-06	0	0.0322611	0	0	-3.30597	
78.66	0.337	0.103	-2.50927e-05	0	-2.242	2.93296e-06	0	0.0322611	0	0	-3.30597	
78.67	0.337	0.103	-2.5056e-05	0	-2.242	2.92868e-06	0	0.0322611	0	0	-3.30597	
78.68	0.337	0.103	-2.50194e-05	0	-2.242	2.92439e-06	0	0.0322611	0	0	-3.30597	
78.69	0.337	0.103	-2.49828e-05	0	-2.242	2.92012e-06	0	0.0322611	0	0	-3.30597	
78.7	0.337	0.103	-2.49463e-05	0	-2.242	2.91585e-06	0	0.0322611	0	0	-3.30597	
78.71	0.337	0.103	-2.49098e-05	0	-2.242	2.91159e-06	0	0.0322611	0	0	-3.30597	
78.72	0.337	0.103	-2.48734e-05	0	-2.242	2.90733e-06	0	0.0322611	0	0	-3.30597	
78.73	0.337	0.103	-2.4837e-05	0	-2.242	2.90308e-06	0	0.0322611	0	0	-3.30597	
78.74	0.337	0.103	-2.48007e-05	0	-2.242	2.89883e-06	0	0.0322611	0	0	-3.30597	
78.75	0.337	0.103	-2.47645e-05	0	-2.242	2.8946e-06	0	0.0322611	0	0	-3.30597	
78.76	0.337	0.103	-2.47282e-05	0	-2.242	2.89036e-06	0	0.0322611	0	0	-3.30597	
78.77	0.337	0.103	-2.46921e-05	0	-2.242	2.88614e-06	0	0.0322611	0	0	-3.30597	
78.78	0.337	0.103	-2.4656e-05	0	-2.242	2.88192e-06	0	0.0322611	0	0	-3.30597	
78.79	0.337	0.103	-2.46199e-05	0	-2.242	2.8777e-06	0	0.0322611	0	0	-3.30597	
78.8	0.337	0.103	-2.45839e-05	0	-2.242	2.8735e-06	0	0.0322611	0	0	-3.30597	
78.81	0.337	0.103	-2.4548e-05	0	-2.242	2.8693e-06	0	0.0322611	0	0	-3.30597	
78.82	0.337	0.103	-2.45121e-05	0	-2.242	2.8651e-06	0	0.0322611	0	0	-3.30597	
78.83	0.337	0.103	-2.44763e-05	0	-2.242	2.86091e-06	0	0.0322611	0	0	-3.30597	
78.84	0.337	0.103	-2.44405e-05	0	-2.242	2.85673e-06	0	0.0322611	0	0	-3.30597	
78.85	0.337	0.103	-2.44047e-05	0	-2.242	2.85255e-06	0	0.0322611	0	0	-3.30597	
78.86	0.337	0.103	-2.43691e-05	0	-2.242	2.84838e-06	0	0.0322611	0	0	-3.30597	
78.87	0.337	0.103	-2.43334e-05	0	-2.242	2.84422e-06	0	0.0322611	0	0	-3.30597	
78.88	0.337	0.103	-2.42979e-05	0	-2.242	2.84006e-06	0	0.0322611	0	0	-3.30597	
78.89	0.337	0.103	-2.42623e-05	0	-2.242	2.83591e-06	0	0.0322611	0	0	-3.30597	
78.9	0.337	0.103	-2.42269e-05	0	-2.242	2.83176e-06	0	0.0322611	0	0	-3.30597	
78.91	0.337	0.103	-2.41914e-05	0	-2.242	2.82762e-06	0	0.0322611	0	0	-3.30597	
78.92	0.337	0.103	-2.41561e-05	0	-2.242	2.82348e-06	0	0.0322611	0	0	-3.30597	
78.93	0.337	0.103	-2.41207e-05	0	-2.242	2.81936e-06	0	0.0322611	0	0	-3.30597	
78.94	0.337	0.103	-2.40855e-05	0	-2.242	2.81523e-06	0	0.0322611	0	0	-3.30597	
78.95	0.337	0.103	-2.40503e-05	0	-2.242	2.81112e-06	0	0.0322611	0	0	-3.30597	
78.96	0.337	0.103	-2.40151e-05	0	-2.242	2.80701e-06	0	0.0322611	0	0	-3.30597	
78.97	0.337	0.103	-2.398e-05	0	-2.242	2.8029e-06	0	0.0322611	0	0	-3.30597	
78.98	0.337	0.103	-2.39449e-05	0	-2.242	2.79881e-06	0	0.0322611	0	0	-3.30597	
78.99	0.337	0.103	-2.39099e-05	0	-2.242	2.79471e-06	0	0.0322611	0	0	-3.30597	
79	0.337	0.103	-2.3875e-05	0	-2.242	2.79063e-06	0	0.0322611	0	0	-3.30597	
79.01	0.337	0.103	-2.38401e-05	0	-2.242	2.78655e-06	0	0.0322611	0	0	-3.30597	
79.02	0.337	0.103	-2.38052e-05	0	-2.242	2.78247e-06	0	0.0322611	0	0	-3.30597	
79.03	0.337	0.103	-2.37704e-05	0	-2.242	2.7784e-06	0	0.0322611	0	0	-3.30597	
79.04	0.337	0.103	-2.37356e-05	0	-2.242	2.77434e-06	0	0.0322611	0	0	-3.30597	
79.05	0.337	0.103	-2.37009e-05	0	-2.242	2.77029e-06	0	0.0322611	0	0	-3.30597	
79.06	0.337	0.103	-2.36663e-05	0	-2.242	2.76624e-06	0	0.0322611	0	0	-3.30597	
79.07	0.337	0.103	-2.36317e-05	0	-2.242	2.76219e-06	0	0.0322611	0	0	-3.30597	
79.08	0.337	0.103	-2.35971e-05	0	-2.242	2.75815e-06	0	0.0322611	0	0	-3.30597	
79.09	0.337	0.103	-2.35626e-05	0	-2.242	2.75412e-06	0	0.0322611	0	0	-3.30597	
79.1	0.337	0.103	-2.35282e-05	0	-2.242	2.75009e-06	0	0.0322611	0	0	-3.30597	
79.11	0.337	0.103	-2.34938e-05	0	-2.242	2.74607e-06	0	0.0322611	0	0	-3.30597	
79.12	0.337	0.103	-2.34594e-05	0	-2.242	2.74206e-06	0	0.0322611	0	0	-3.30597	
79.13	0.337	0.103	-2.34251e-05	0	-2.242	2.73805e-06	0	0.0322611	0	0	-3.30597	
79.14	0.337	0.103	-2.33909e-05	0	-2.242	2.73405e-06	0	0.0322611	0	0	-3.30597	
79.15	0.337	0.103	-2.33567e-05	0	-2.242	2.73005e-06	0	0.0322611	0	0	-3.30597	
79.16	0.337	0.103	-2.33225e-05	0	-2.242	2.72606e-06	0	0.0322611	0	0	-3.30597	
79.17	0.337	0.103	-2.32884e-05	0	-2.242	2.72207e-06	0	0.0322611	0	0	-3.30597	
79.18	0.337	0.103	-2.32544e-05	0	-2.242	2.71809e-06	0	0.0322611	0	0	-3.30597	
79.19	0.337	0.103	-2.32204e-05	0	-2.242	2.71412e-06	0	0.0322611	0	0	-3.30597	
79.2	0.337	0.103	-2.31864e-05	0	-2.242	2.71015e-06	0	0.0322611	0	0	-3.30597	
79.21	0.337	0.103	-2.31525e-05	0	-2.242	2.70619e-06	0	0.0322611	0	0	-3.30597	
79.22	0.337	0.103	-2.31187e-05	0	-2.242	2.70223e-06	0	0.0322611	0	0	-3.30597	
79.23	0.337	0.103	-2.30849e-05	0	-2.242	2.69828e-06	0	0.0322611	0	0	-3.30597	
79.24	0.337	0.103	-2.30511e-05	0	-2.242	2.69433e-06	0	0.0322611	0	0	-3.30597	
79.25	0.337	0.103	-2.30174e-05	0	-2.242	2.69039e-06	0	0.0322611	0	0	-3.30597	
79.26	0.337	0.103	-2.29838e-05	0	-2.242	2.68646e-06	0	0.0322611	0	0	-3.30597	
79.27	0.337	0.103	-2.29502e-05	0	-2.242	2.68253e-06	0	0.0322611	0	0	-3.30597	
79.28	0.337	0.103	-2.29166e-05	0	-2.242	2.67861e-06	0	0.0322611	0	0	-3.30597	
79.29	0.337	0.103	-2.28831e-05	0	-2.242	2.67469e-06	0	0.0322611	0	0	-3.30597	
79.3	0.337	0.103	-2.28496e-05	0	-2.242	2.67078e-06	0	0.0322611	0	0	-3.30597	
79.31	0.337	0.103	-2.28162e-05	0	-2.242	2.66688e-06	0	0.0322611	0	0	-3.30597	
79.32	0.337	0.103	-2.27829e-05	0	-2.242	2.66298e-06	0	0.0322611	0	0	-3.30597	
79.33	0.337	0.103	-2.27496e-05	0	-2.242	2.65909e-06	0	0.0322611	0	0	-3.30597	
79.34	0.337	0.103	-2.27163e-05	0	-2.242	2.6552e-06	0	0.0322611	0	0	-3.30597	
79.35	0.337	0.103	-2.26831e-05	0	-2.242	2.65132e-06	0	0.0322611	0	0	-3.30597	
79.36	0.337	0.103	-2.26499e-05	0	-2.242	2.64744e-06	0	0.0322611	0	0	-3.30597	
79.37	0.337	0.103	-2.26168e-05	0	-2.242	2.64357e-06	0	0.0322611	0	0	-3.30597	
79.38	0.337	0.103	-2.25837e-05	0	-2.242	2.6397e-06	0	0.0322611	0	0	-3.30597	
79.39	0.337	0.103	-2.25507e-05	0	-2.242	2.63584e-06	0	0.0322611	0	0	-3.30597	
79.4	0.337	0.103	-2.25178e-05	0	-2.242	2.63199e-06	0	0.0322611	0	0	-3.30597	
79.41	0.337	0.103	-2.24848e-05	0	-2.242	2.62814e-06	0	0.0322611	0	0	-3.30597	
79.42	0.337	0.103	-2.2452e-05	0	-2.242	2.6243e-06	0	0.0322611	0	0	-3.30597	
79.43	0.337	0.103	-2.24191e-05	0	-2.242	2.62046e-06	0	0.0322611	0	0	-3.30597	
79.44	0.337	0.103	-2.23864e-05	0	-2.242	2.61663e-06	0	0.0322611	0	0	-3.30597	
79.45	0.337	0.103	-2.23536e-05	0	-2.242	2.61281e-06	0	0.0322611	0	0	-3.30597	
79.46	0.337	0.103	-2.23209e-05	0	-2.242	2.60899e-06	0	0.0322611	0	0	-3.30597	
79.47	0.337	0.103	-2.22883e-05	0	-2.242	2.60517e-06	0	0.0322611	0	0	-3.30597	
79.48	0.337	0.103	-2.22557e-05	0	-2.242	2.60136e-06	0	0.0322611	0	0	-3.30597	
79.49	0.337	0.103	-2.22232e-05	0	-2.242	2.59756e-06	0	0.0322611	0	0	-3.30597	
79.5	0.337	0.103	-2.21907e-05	0	-2.242	2.59376e-06	0	0.0322611	0	0	-3.30597	
79.51	0.337	0.103	-2.21582e-05	0	-2.242	2.58997e-06	0	0.0322611	0	0	-3.30597	
79.52	0.337	0.103	-2.21258e-05	0	-2.242	2.58618e-06	0	0.0322611	0	0	-3.30597	
79.53	0.337	0.103	-2.20935e-05	0	-2.242	2.5824e-06	0	0.0322611	0	0	-3.30597	
79.54	0.337	0.103	-2.20612e-05	0	-2.242	2.57862e-06	0	0.0322611	0	0	-3.30597	
79.55	0.337	0.103	-2.20289e-05	0	-2.242	2.57485e-06	0	0.0322611	0	0	-3.30597	
79.56	0.337	0.103	-2.19967e-05	0	-2.242	2.57109e-06	0	0.0322611	0	0	-3.30597	
79.57	0.337	0.103	-2.19646e-05	0	-2.242	2.56733e-06	0	0.0322611	0	0	-3.30597	
79.58	0.337	0.103	-2.19325e-05	0	-2.242	2.56358e-06	0	0.0322611	0	0	-3.30597	
79.59	0.337	0.103	-2.19004e-05	0	-2.242	2.55983e-06	0	0.0322611	0	0	-3.30597	
79.6	0.337	0.103	-2.18684e-05	0	-2.242	2.55609e-06	0	0.0322611	0	0	-3.30597	
79.61	0.337	0.103	-2.18364e-05	0	-2.242	2.55235e-06	0	0.0322611	0	0	-3.30597	
79.62	0.337	0.103	-2.18045e-05	0	-2.242	2.54862e-06	0	0.0322611	0	0	-3.30597	
79.63	0.337	0.103	-2.17726e-05	0	-2.242	2.54489e-06	0	0.0322611	0	0	-3.30597	
79.64	0.337	0.103	-2.17408e-05	0	-2.242	2.54117e-06	0	0.0322611	0	0	-3.30597	
79.65	0.337	0.103	-2.1709e-05	0	-2.242	2.53745e-06	0	0.0322611	0	0	-3.30597	
79.66	0.337	0.103	-2.16772e-05	0	-2.242	2.53374e-06	0	0.0322611	0	0	-3.30597	
79.67	0.337	0.103	-2.16455e-05	0	-2.242	2.53004e-06	0	0.0322611	0	0	-3.30597	
79.68	0.337	0.103	-2.16139e-05	0	-2.242	2.52634e-06	0	0.0322611	0	0	-3.30597	
79.69	0.337	0.103	-2.15823e-05	0	-2.242	2.52265e-06	0	0.0322611	0	0	-3.30597	
79.7	0.337	0.103	-2.15507e-05	0	-2.242	2.51896e-06	0	0.0322611	0	0	-3.30597	
79.71	0.337	0.103	-2.15192e-05	0	-2.242	2.51528e-06	0	0.0322611	0	0	-3.30597	
79.72	0.337	0.103	-2.14878e-05	0	-2.242	2.5116e-06	0	0.0322611	0	0	-3.30597	
79.73	0.337	0.103	-2.14563e-05	0	-2.242	2.50793e-06	0	0.0322611	0	0	-3.30597	
79.74	0.337	0.103	-2.1425e-05	0	-2.242	2.50426e-06	0	0.0322611	0	0	-3.30597	
79.75	0.337	0.103	-2.13936e-05	0	-2.242	2.5006e-06	0	0.0322611	0	0	-3.30597	
79.76	0.337	0.103	-2.13624e-05	0	-2.242	2.49694e-06	0	0.0322611	0	0	-3.30597	
79.77	0.337	0.103	-2.13311e-05	0	-2.242	2.49329e-06	0	0.0322611	0	0	-3.30597	
79.78	0.337	0.103	-2.12999e-05	0	-2.242	2.48965e-06	0	0.0322611	0	0	-3.30597	
79.79	0.337	0.103	-2.12688e-05	0	-2.242	2.48601e-06	0	0.0322611	0	0	-3.30597	
79.8	0.337	0.103	-2.12377e-05	0	-2.242	2.48237e-06	0	0.0322611	0	0	-3.30597	
79.81	0.337	0.103	-2.12067e-05	0	-2.242	2.47874e-06	0	0.0322611	0	0	-3.30597	
79.82	0.337	0.103	-2.11756e-05	0	-2.242	2.47512e-06	0	0.0322611	0	0	-3.30597	
79.83	0.337	0.103	-2.11447e-05	0	-2.242	2.4715e-06	0	0.0322611	0	0	-3.30597	
79.84	0.337	0.103	-2.11138e-05	0	-2.242	2.46789e-06	0	0.0322611	0	0	-3.30597	
79.85	0.337	0.103	-2.10829e-05	0	-2.242	2.46428e-06	0	0.0322611	0	0	-3.30597	
79.86	0.337	0.103	-2.10521e-05	0	-2.242	2.46067e-06	0	0.0322611	0	0	-3.30597	
79.87	0.337	0.103	-2.10213e-05	0	-2.242	2.45708e-06	0	0.0322611	0	0	-3.30597	
79.88	0.337	0.103	-2.09906e-05	0	-2.242	2.45348e-06	0	0.0322611	0	0	-3.30597	
79.89	0.337	0.103	-2.09599e-05	0	-2.242	2.4499e-06	0	0.0322611	0	0	-3.30597	
79.9	0.337	0.103	-2.09292e-05	0	-2.242	2.44631e-06	0	0.0322611	0	0	-3.30597	
79.91	0.337	0.103	-2.08986e-05	0	-2.242	2.44274e-06	0	0.0322611	0	0	-3.30597	
79.92	0.337	0.103	-2.08681e-05	0	-2.242	2.43917e-06	0	0.0322611	0	0	-3.30597	
79.93	0.337	0.103	-2.08376e-05	0	-2.242	2.4356e-06	0	0.0322611	0	0	-3.30597	
79.94	0.337	0.103	-2.08071e-05	0	-2.242	2.43204e-06	0	0.0322611	0	0	-3.30597	
79.95	0.337	0.103	-2.07767e-05	0	-2.242	2.42848e-06	0	0.0322611	0	0	-3.30597	
79.96	0.337	0.103	-2.07463e-05	0	-2.242	2.42493e-06	0	0.0322611	0	0	-3.30597	
79.97	0.337	0.103	-2.0716e-05	0	-2.242	2.42139e-06	0	0.0322611	0	0	-3.30597	
79.98	0.337	0.103	-2.06857e-05	0	-2.242	2.41785e-06	0	0.0322611	0	0	-3.30597	
79.99	0.337	0.103	-2.06554e-05	0	-2.242	2.41431e-06	0	0.0322611	0	0	-3.30597	
80	0.337	0.103	-2.06252e-05	0	-2.242	2.41078e-06	0	0.0322611	0	0	-3.30597	
80.01	0.337	0.103	-2.05951e-05	0	-2.242	2.40726e-06	0	0.0322611	0	0	-3.30597	
80.02	0.337	0.103	-2.0565e-05	0	-2.242	2.40374e-06	0	0.0322611	0	0	-3.30597	
80.03	0.337	0.103	-2.05349e-05	0	-2.242	2.40022e-06	0	0.0322611	0	0	-3.30597	
80.04	0.337	0.103	-2.05049e-05	0	-2.242	2.39671e-06	0	0.0322611	0	0	-3.30597	
80.05	0.337	0.103	-2.04749e-05	0	-2.242	2.39321e-06	0	0.0322611	0	0	-3.30597	
80.06	0.337	0.103	-2.0445e-05	0	-2.242	2.38971e-06	0	0.0322611	0	0	-3.30597	
80.07	0.337	0.103	-2.04151e-05	0	-2.242	2.38622e-06	0	0.0322611	0	0	-3.30597	
80.08	0.337	0.103	-2.03852e-05	0	-2.242	2.38273e-06	0	0.0322611	0	0	-3.30597	
80.09	0.337	0.103	-2.03554e-05	0	-2.242	2.37924e-06	0	0.0322611	0	0	-3.30597	
80.1	0.337	0.103	-2.03256e-05	0	-2.242	2.37577e-06	0	0.0322611	0	0	-3.30597	
80.11	0.337	0.103	-2.02959e-05	0	-2.242	2.37229e-06	0	0.0322611	0	0	-3.30597	
80.12	0.337	0.103	-2.02663e-05	0	-2.242	2.36882e-06	0	0.0322611	0	0	-3.30597	
80.13	0.337	0.103	-2.02366e-05	0	-2.242	2.36536e-06	0	0.0322611	0	0	-3.30597	
80.14	0.337	0.103	-2.0207e-05	0	-2.242	2.3619e-06	0	0.0322611	0	0	-3.30597	
80.15	0.337	0.103	-2.01775e-05	0	-2.242	2.35845e-06	0	0.0322611	0	0	-3.30597	
80.16	0.337	0.103	-2.0148e-05	0	-2.242	2.355e-06	0	0.0322611	0	0	-3.30597	
80.17	0.337	0.103	-2.01185e-05	0	-2.242	2.35156e-06	0	0.0322611	0	0	-3.30597	
80.18	0.337	0.103	-2.00891e-05	0	-2.242	2.34812e-06	0	0.0322611	0	0	-3.30597	
80.19	0.337	0.103	-2.00597e-05	0	-2.242	2.34469e-06	0	0.0322611	0	0	-3.30597	
80.2	0.337	0.103	-2.00304e-05	0	-2.242	2.34126e-06	0	0.0322611	0	0	-3.30597	
80.21	0.337	0.103	-2.00011e-05	0	-2.242	2.33783e-06	0	0.0322611	0	0	-3.30597	
80.22	0.337	0.103	-1.99719e-05	0	-2.242	2.33442e-06	0	0.0322611	0	0	-3.30597	
80.23	0.337	0.103	-1.99427e-05	0	-2.242	2.331e-06	0	0.0322611	0	0	-3.30597	
80.24	0.337	0.103	-1.99135e-05	0	-2.242	2.32759e-06	0	0.0322611	0	0	-3.30597	
80.25	0.337	0.103	-1.98844e-05	0	-2.242	2.32419e-06	0	0.0322611	0	0	-3.30597	
80.26	0.337	0.103	-1.98553e-05	0	-2.242	2.32079e-06	0	0.0322611	0	0	-3.30597	
80.27	0.337	0.103	-1.98263e-05	0	-2.242	2.3174e-06	0	0.0322611	0	0	-3.30597	
80.28	0.337	0.103	-1.97973e-05	0	-2.242	2.31401e-06	0	0.0322611	0	0	-3.30597	
80.29	0.337	0.103	-1.97684e-05	0	-2.242	2.31063e-06	0	0.0322611	0	0	-3.30597	
80.3	0.337	0.103	-1.97395e-05	0	-2.242	2.30725e-06	0	0.0322611	0	0	-3.30597	
80.31	0.337	0.103	-1.97106e-05	0	-2.242	2.30388e-06	0	0.0322611	0	0	-3.30597	
80.32	0.337	0.103	-1.96818e-05	0	-2.242	2.30051e-06	0	0.0322611	0	0	-3.30597	
80.33	0.337	0.103	-1.9653e-05	0	-2.242	2.29715e-06	0	0.0322611	0	0	-3.30597	
80.34	0.337	0.103	-1.96243e-05	0	-2.242	2.29379e-06	0	0.0322611	0	0	-3.30597	
80.35	0.337	0.103	-1.95956e-05	0	-2.242	2.29043e-06	0	0.0322611	0	0	-3.30597	
80.36	0.337	0.103	-1.95669e-05	0	-2.242	2.28708e-06	0	0.0322611	0	0	-3.30597	
80.37	0.337	0.103	-1.95383e-05	0	-2.242	2.28374e-06	0	0.0322611	0	0	-3.30597	
80.38	0.337	0.103	-1.95098e-05	0	-2.242	2.2804e-06	0	0.0322611	0	0	-3.30597	
80.39	0.337	0.103	-1.94812e-05	0	-2.242	2.27707e-06	0	0.0322611	0	0	-3.30597	
80.4	0.337	0.103	-1.94528e-05	0	-2.242	2.27374e-06	0	0.0322611	0	0	-3.30597	
80.41	0.337	0.103	-1.94243e-05	0	-2.242	2.27041e-06	0	0.0322611	0	0	-3.30597	
80.42	0.337	0.103	-1.93959e-05	0	-2.242	2.26709e-06	0	0.0322611	0	0	-3.30597	
80.43	0.337	0.103	-1.93676e-05	0	-2.242	2.26378e-06	0	0.0322611	0	0	-3.30597	
80.44	0.337	0.103	-1.93392e-05	0	-2.242	2.26047e-06	0	0.0322611	0	0	-3.30597	
80.45	0.337	0.103	-1.9311e-05	0	-2.242	2.25716e-06	0	0.0322611	0	0	-3.30597	
80.46	0.337	0.103	-1.92827e-05	0	-2.242	2.25386e-06	0	0.0322611	0	0	-3.30597	
80.47	0.337	0.103	-1.92545e-05	0	-2.242	2.25057e-06	0	0.0322611	0	0	-3.30597	
80.48	0.337	0.103	-1.92264e-05	0	-2.242	2.24728e-06	0	0.0322611	0	0	-3.30597	
80.49	0.337	0.103	-1.91983e-05	0	-2.242	2.24399e-06	0	0.0322611	0	0	-3.30597	
80.5	0.337	0.103	-1.91702e-05	0	-2.242	2.24071e-06	0	0.0322611	0	0	-3.30597	
80.51	0.337	0.103	-1.91422e-05	0	-2.242	2.23744e-06	0	0.0322611	0	0	-3.30597	
80.52	0.337	0.103	-1.91142e-05	0	-2.242	2.23416e-06	0	0.0322611	0	0	-3.30597	
80.53	0.337	0.103	-1.90862e-05	0	-2.242	2.2309e-06	0	0.0322611	0	0	-3.30597	
80.54	0.337	0.103	-1.90583e-05	0	-2.242	2.22764e-06	0	0.0322611	0	0	-3.30597	
80.55	0.337	0.103	-1.90305e-05	0	-2.242	2.22438e-06	0	0.0322611	0	0	-3.30597	
80.56	0.337	0.103	-1.90027e-05	0	-2.242	2.22113e-06	0	0.0322611	0	0	-3.30597	
80.57	0.337	0.103	-1.89749e-05	0	-2.242	2.21788e-06	0	0.0322611	0	0	-3.30597	
80.58	0.337	0.103	-1.89471e-05	0	-2.242	2.21464e-06	0	0.0322611	0	0	-3.30597	
80.59	0.337	0.103	-1.89194e-05	0	-2.242	2.2114e-06	0	0.0322611	0	0	-3.30597	
80.6	0.337	0.103	-1.88918e-05	0	-2.242	2.20817e-06	0	0.0322611	0	0	-3.30597	
80.61	0.337	0.103	-1.88641e-05	0	-2.242	2.20494e-06	0	0.0322611	0	0	-3.30597	
80.62	0.337	0.103	-1.88366e-05	0	-2.242	2.20171e-06	0	0.0322611	0	0	-3.30597	
80.63	0.337	0.103	-1.8809e-05	0	-2.242	2.19849e-06	0	0.0322611	0	0	-3.30597	
80.64	0.337	0.103	-1.87815e-05	0	-2.242	2.19528e-06	0	0.0322611	0	0	-3.30597	
80.65	0.337	0.103	-1.87541e-05	0	-2.242	2.19207e-06	0	0.0322611	0	0	-3.30597	
80.66	0.337	0.103	-1.87266e-05	0	-2.242	2.18886e-06	0	0.0322611	0	0	-3.30597	
80.67	0.337	0.103	-1.86993e-05	0	-2.242	2.18566e-06	0	0.0322611	0	0	-3.30597	
80.68	0.337	0.103	-1.86719e-05	0	-2.242	2.18247e-06	0	0.0322611	0	0	-3.30597	
80.69	0.337	0.103	-1.86446e-05	0	-2.242	2.17928e-06	0	0.0322611	0	0	-3.30597	
80.7	0.337	0.103	-1.86174e-05	0	-2.242	2.17609e-06	0	0.0322611	0	0	-3.30597	
80.71	0.337	0.103	-1.85901e-05	0	-2.242	2.17291e-06	0	0.0322611	0	0	-3.30597	
80.72	0.337	0.103	-1.8563e-05	0	-2.242	2.16973e-06	0	0.0322611	0	0	-3.30597	
80.73	0.337	0.103	-1.85358e-05	0	-2.242	2.16656e-06	0	0.0322611	0	0	-3.30597	
80.74	0.337	0.103	-1.85087e-05	0	-2.242	2.16339e-06	0	0.0322611	0	0	-3.30597	
80.75	0.337	0.103	-1.84817e-05	0	-2.242	2.16023e-06	0	0.0322611	0	0	-3.30597	
80.76	0.337	0.103	-1.84546e-05	0	-2.242	2.15707e-06	0	0.0322611	0	0	-3.30597	
80.77	0.337	0.103	-1.84276e-05	0	-2.242	2.15392e-06	0	0.0322611	0	0	-3.30597	
80.78	0.337	0.103	-1.84007e-05	0	-2.242	2.15077e-06	0	0.0322611	0	0	-3.30597	
80.79	0.337	0.103	-1.83738e-05	0	-2.242	2.14762e-06	0	0.0322611	0	0	-3.30597	
80.8	0.337	0.103	-1.83469e-05	0	-2.242	2.14448e-06	0	0.0322611	0	0	-3.30597	
80.81	0.337	0.103	-1.83201e-05	0	-2.242	2.14135e-06	0	0.0322611	0	0	-3.30597	
80.82	0.337	0.103	-1.82933e-05	0	-2.242	2.13822e-06	0	0.0322611	0	0	-3.30597	
80.83	0.337	0.103	-1.82666e-05	0	-2.242	2.13509e-06	0	0.0322611	0	0	-3.30597	
80.84	0.337	0.103	-1.82399e-05	0	-2.242	2.13197e-06	0	0.0322611	0	0	-3.30597	
80.85	0.337	0.103	-1.82132e-05	0	-2.242	2.12885e-06	0	0.0322611	0	0	-3.30597	
80.86	0.337	0.103	-1.81866e-05	0	-2.242	2.12574e-06	0	0.0322611	0	0	-3.30597	
80.87	0.337	0.103	-1.816e-05	0	-2.242	2.12263e-06	0	0.0322611	0	0	-3.30597	
80.88	0.337	0.103	-1.81334e-05	0	-2.242	2.11953e-06	0	0.0322611	0	0	-3.30597	
80.89	0.337	0.103	-1.81069e-05	0	-2.242	2.11643e-06	0	0.0322611	0	0	-3.30597	
80.9	0.337	0.103	-1.80805e-05	0	-2.242	2.11334e-06	0	0.0322611	0	0	-3.30597	
80.91	0.337	0.103	-1.8054e-05	0	-2.242	2.11025e-06	0	0.0322611	0	0	-3.30597	
80.92	0.337	0.103	-1.80276e-05	0	-2.242	2.10716e-06	0	0.0322611	0	0	-3.30597	
80.93	0.337	0.103	-1.80013e-05	0	-2.242	2.10408e-06	0	0.0322611	0	0	-3.30597	
80.94	0.337	0.103	-1.79749e-05	0	-2.242	2.101e-06	0	0.0322611	0	0	-3.30597	
80.95	0.337	0.103	-1.79487e-05	0	-2.242	2.09793e-06	0	0.0322611	0	0	-3.30597	
80.96	0.337	0.103	-1.79224e-05	0	-2.242	2.09486e-06	0	0.0322611	0	0	-3.30597	
80.97	0.337	0.103	-1.78962e-05	0	-2.242	2.0918e-06	0	0.0322611	0	0	-3.30597	
80.98	0.337	0.103	-1.787e-05	0	-2.242	2.08874e-06	0	0.0322611	0	0	-3.30597	
80.99	0.337	0.103	-1.78439e-05	0	-2.242	2.08569e-06	0	0.0322611	0	0	-3.30597	
81	0.337	0.103	-1.78178e-05	0	-2.242	2.08264e-06	0	0.0322611	0	0	-3.30597	
81.01	0.337	0.103	-1.77918e-05	0	-2.242	2.07959e-06	0	0.0322611	0	0	-3.30597	
81.02	0.337	0.103	-1.77658e-05	0	-2.242	2.07655e-06	0	0.0322611	0	0	-3.30597	
81.03	0.337	0.103	-1.77398e-05	0	-2.242	2.07352e-06	0	0.0322611	0	0	-3.30597	
81.04	0.337	0.103	-1.77139e-05	0	-2.242	2.07049e-06	0	0.0322611	0	0	-3.30597	
81.05	0.337	0.103	-1.7688e-05	0	-2.242	2.06746e-06	0	0.0322611	0	0	-3.30597	
81.06	0.337	0.103	-1.76621e-05	0	-2.242	2.06444e-06	0	0.0322611	0	0	-3.30597	
81.07	0.337	0.103	-1.76363e-05	0	-2.242	2.06142e-06	0	0.0322611	0	0	-3.30597	
81.08	0.337	0.103	-1.76105e-05	0	-2.242	2.0584e-06	0	0.0322611	0	0	-3.30597	
81.09	0.337	0.103	-1.75847e-05	0	-2.242	2.05539e-06	0	0.0322611	0	0	-3.30597	
81.1	0.337	0.103	-1.7559e-05	0	-2.242	2.05239e-06	0	0.0322611	0	0	-3.30597	
81.11	0.337	0.103	-1.75334e-05	0	-2.242	2.04939e-06	0	0.0322611	0	0	-3.30597	
81.12	0.337	0.103	-1.75077e-05	0	-2.242	2.04639e-06	0	0.0322611	0	0	-3.30597	
81.13	0.337	0.103	-1.74821e-05	0	-2.242	2.0434e-06	0	0.0322611	0	0	-3.30597	
81.14	0.337	0.103	-1.74566e-05	0	-2.242	2.04041e-06	0	0.0322611	0	0	-3.30597	
81.15	0.337	0.103	-1.7431e-05	0	-2.242	2.03743e-06	0	0.0322611	0	0	-3.30597	
81.16	0.337	0.103	-1.74056e-05	0	-2.242	2.03445e-06	0	0.0322611	0	0	-3.30597	
81.17	0.337	0.103	-1.73801e-05	0	-2.242	2.03148e-06	0	0.0322611	0	0	-3.30597	
81.18	0.337	0.103	-1.73547e-05	0	-2.242	2.02851e-06	0	0.0322611	0	0	-3.30597	
81.19	0.337	0.103	-1.73293e-05	0	-2.242	2.02554e-06	0	0.0322611	0	0	-3.30597	
81.2	0.337	0.103	-1.7304e-05	0	-2.242	2.02258e-06	0	0.0322611	0	0	-3.30597	
81.21	0.337	0.103	-1.72787e-05	0	-2.242	2.01962e-06	0	0.0322611	0	0	-3.30597	
81.22	0.337	0.103	-1.72534e-05	0	-2.242	2.01667e-06	0	0.0322611	0	0	-3.30597	
81.23	0.337	0.103	-1.72282e-05	0	-2.242	2.01372e-06	0	0.0322611	0	0	-3.30597	
81.24	0.337	0.103	-1.7203e-05	0	-2.242	2.01077e-06	0	0.0322611	0	0	-3.30597	
81.25	0.337	0.103	-1.71779e-05	0	-2.242	2.00783e-06	0	0.0322611	0	0	-3.30597	
81.26	0.337	0.103	-1.71527e-05	0	-2.242	2.0049e-06	0	0.0322611	0	0	-3.30597	
81.27	0.337	0.103	-1.71277e-05	0	-2.242	2.00197e-06	0	0.0322611	0	0	-3.30597	
81.28	0.337	0.103	-1.71026e-05	0	-2.242	1.99904e-06	0	0.0322611	0	0	-3.30597	
81.29	0.337	0.103	-1.70776e-05	0	-2.242	1.99612e-06	0	0.0322611	0	0	-3.30597	
81.3	0.337	0.103	-1.70526e-05	0	-2.242	1.9932e-06	0	0.0322611	0	0	-3.30597	
81.31	0.337	0.103	-1.70277e-05	0	-2.242	1.99029e-06	0	0.0322611	0	0	-3.30597	
81.32	0.337	0.103	-1.70028e-05	0	-2.242	1.98738e-06	0	0.0322611	0	0	-3.30597	
81.33	0.337	0.103	-1.6978e-05	0	-2.242	1.98447e-06	0	0.0322611	0	0	-3.30597	
81.34	0.337	0.103	-1.69531e-05	0	-2.242	1.98157e-06	0	0.0322611	0	0	-3.30597	
81.35	0.337	0.103	-1.69283e-05	0	-2.242	1.97867e-06	0	0.0322611	0	0	-3.30597	
81.36	0.337	0.103	-1.69036e-05	0	-2.242	1.97578e-06	0	0.0322611	0	0	-3.30597	
81.37	0.337	0.103	-1.68789e-05	0	-2.242	1.97289e-06	0	0.0322611	0	0	-3.30597	
81.38	0.337	0.103	-1.68542e-05	0	-2.242	1.97e-06	0	0.0322611	0	0	-3.30597	
81.39	0.337	0.103	-1.68296e-05	0	-2.242	1.96712e-06	0	0.0322611	0	0	-3.30597	
81.4	0.337	0.103	-1.6805e-05	0	-2.242	1.96425e-06	0	0.0322611	0	0	-3.30597	
81.41	0.337	0.103	-1.67804e-05	0	-2.242	1.96138e-06	0	0.0322611	0	0	-3.30597	
81.42	0.337	0.103	-1.67558e-05	0	-2.242	1.95851e-06	0	0.0322611	0	0	-3.30597	
81.43	0.337	0.103	-1.67313e-05	0	-2.242	1.95565e-06	0	0.0322611	0	0	-3.30597	
81.44	0.337	0.103	-1.67069e-05	0	-2.242	1.95279e-06	0	0.0322611	0	0	-3.30597	
81.45	0.337	0.103	-1.66825e-05	0	-2.242	1.94993e-06	0	0.0322611	0	0	-3.30597	
81.46	0.337	0.103	-1.66581e-05	0	-2.242	1.94708e-06	0	0.0322611	0	0	-3.30597	
81.47	0.337	0.103	-1.66337e-05	0	-2.242	1.94423e-06	0	0.0322611	0	0	-3.30597	
81.48	0.337	0.103	-1.66094e-05	0	-2.242	1.94139e-06	0	0.0322611	0	0	-3.30597	
81.49	0.337	0.103	-1.65851e-05	0	-2.242	1.93855e-06	0	0.0322611	0	0	-3.30597	
81.5	0.337	0.103	-1.65609e-05	0	-2.242	1.93572e-06	0	0.0322611	0	0	-3.30597	
81.51	0.337	0.103	-1.65366e-05	0	-2.242	1.93289e-06	0	0.0322611	0	0	-3.30597	
81.52	0.337	0.103	-1.65125e-05	0	-2.242	1.93006e-06	0	0.0322611	0	0	-3.30597	
81.53	0.337	0.103	-1.64883e-05	0	-2.242	1.92724e-06	0	0.0322611	0	0	-3.30597	
81.54	0.337	0.103	-1.64642e-05	0	-2.242	1.92442e-06	0	0.0322611	0	0	-3.30597	
81.55	0.337	0.103	-1.64401e-05	0	-2.242	1.92161e-06	0	0.0322611	0	0	-3.30597	
81.56	0.337	0.103	-1.64161e-05	0	-2.242	1.9188e-06	0	0.0322611	0	0	-3.30597	
81.57	0.337	0.103	-1.63921e-05	0	-2.242	1.91599e-06	0	0.0322611	0	0	-3.30597	
81.58	0.337	0.103	-1.63681e-05	0	-2.242	1.91319e-06	0	0.0322611	0	0	-3.30597	
81.59	0.337	0.103	-1.63442e-05	0	-2.242	1.91039e-06	0	0.0322611	0	0	-3.30597	
81.6	0.337	0.103	-1.63203e-05	0	-2.242	1.9076e-06	0	0.0322611	0	0	-3.30597	
81.61	0.337	0.103	-1.62965e-05	0	-2.242	1.90481e-06	0	0.0322611	0	0	-3.30597	
81.62	0.337	0.103	-1.62726e-05	0	-2.242	1.90203e-06	0	0.0322611	0	0	-3.30597	
81.63	0.337	0.103	-1.62488e-05	0	-2.242	1.89925e-06	0	0.0322611	0	0	-3.30597	
81.64	0.337	0.103	-1.62251e-05	0	-2.242	1.89647e-06	0	0.0322611	0	0	-3.30597	
81.65	0.337	0.103	-1.62014e-05	0	-2.242	1.8937e-06	0	0.0322611	0	0	-3.30597	
81.66	0.337	0.103	-1.61777e-05	0	-2.242	1.89093e-06	0	0.0322611	0	0	-3.30597	
81.67	0.337	0.103	-1.6154e-05	0	-2.242	1.88816e-06	0	0.0322611	0	0	-3.30597	
81.68	0.337	0.103	-1.61304e-05	0	-2.242	1.8854e-06	0	0.0322611	0	0	-3.30597	
81.69	0.337	0.103	-1.61068e-05	0	-2.242	1.88265e-06	0	0.0322611	0	0	-3.30597	
81.7	0.337	0.103	-1.60833e-05	0	-2.242	1.87989e-06	0	0.0322611	0	0	-3.30597	
81.71	0.337	0.103	-1.60597e-05	0	-2.242	1.87714e-06	0	0.0322611	0	0	-3.30597	
81.72	0.337	0.103	-1.60363e-05	0	-2.242	1.8744e-06	0	0.0322611	0	0	-3.30597	
81.73	0.337	0.103	-1.60128e-05	0	-2.242	1.87166e-06	0	0.0322611	0	0	-3.30597	
81.74	0.337	0.103	-1.59894e-05	0	-2.242	1.86892e-06	0	0.0322611	0	0	-3.30597	
81.75	0.337	0.103	-1.5966e-05	0	-2.242	1.86619e-06	0	0.0322611	0	0	-3.30597	
81.76	0.337	0.103	-1.59427e-05	0	-2.242	1.86346e-06	0	0.0322611	0	0	-3.30597	
81.77	0.337	0.103	-1.59194e-05	0	-2.242	1.86074e-06	0	0.0322611	0	0	-3.30597	
81.78	0.337	0.103	-1.58961e-05	0	-2.242	1.85802e-06	0	0.0322611	0	0	-3.30597	
81.79	0.337	0.103	-1.58729e-05	0	-2.242	1.8553e-06	0	0.0322611	0	0	-3.30597	
81.8	0.337	0.103	-1.58497e-05	0	-2.242	1.85259e-06	0	0.0322611	0	0	-3.30597	
81.81	0.337	0.103	-1.58265e-05	0	-2.242	1.84988e-06	0	0.0322611	0	0	-3.30597	
81.82	0.337	0.103	-1.58033e-05	0	-2.242	1.84717e-06	0	0.0322611	0	0	-3.30597	
81.83	0.337	0.103	-1.57802e-05	0	-2.242	1.84447e-06	0	0.0322611	0	0	-3.30597	
81.84	0.337	0.103	-1.57572e-05	0	-2.242	1.84178e-06	0	0.0322611	0	0	-3.30597	
81.85	0.337	0.103	-1.57341e-05	0	-2.242	1.83908e-06	0	0.0322611	0	0	-3.30597	
81.86	0.337	0.103	-1.57111e-05	0	-2.242	1.8364e-06	0	0.0322611	0	0	-3.30597	
81.87	0.337	0.103	-1.56881e-05	0	-2.242	1.83371e-06	0	0.0322611	0	0	-3.30597	
81.88	0.337	0.103	-1.56652e-05	0	-2.242	1.83103e-06	0	0.0322611	0	0	-3.30597	
81.89	0.337	0.103	-1.56423e-05	0	-2.242	1.82835e-06	0	0.0322611	0	0	-3.30597	
81.9	0.337	0.103	-1.56194e-05	0	-2.242	1.82568e-06	0	0.0322611	0	0	-3.30597	
81.91	0.337	0.103	-1.55966e-05	0	-2.242	1.82301e-06	0	0.0322611	0	0	-3.30597	
81.92	0.337	0.103	-1.55738e-05	0	-2.242	1.82034e-06	0	0.0322611	0	0	-3.30597	
81.93	0.337	0.103	-1.5551e-05	0	-2.242	1.81768e-06	0	0.0322611	0	0	-3.30597	
81.94	0.337	0.103	-1.55283e-05	0	-2.242	1.81503e-06	0	0.0322611	0	0	-3.30597	
81.95	0.337	0.103	-1.55056e-05	0	-2.242	1.81237e-06	0	0.0322611	0	0	-3.30597	
81.96	0.337	0.103	-1.54829e-05	0	-2.242	1.80972e-06	0	0.0322611	0	0	-3.30597	
81.97	0.337	0.103	-1.54603e-05	0	-2.242	1.80708e-06	0	0.0322611	0	0	-3.30597	
81.98	0.337	0.103	-1.54377e-05	0	-2.242	1.80443e-06	0	0.0322611	0	0	-3.30597	
81.99	0.337	0.103	-1.54151e-05	0	-2.242	1.8018e-06	0	0.0322611	0	0	-3.30597	
82	0.337	0.103	-1.53926e-05	0	-2.242	1.79916e-06	0	0.0322611	0	0	-3.30597	
82.01	0.337	0.103	-1.53701e-05	0	-2.242	1.79653e-06	0	0.0322611	0	0	-3.30597	
82.02	0.337	0.103	-1.53476e-05	0	-2.242	1.7939e-06	0	0.0322611	0	0	-3.30597	
82.03	0.337	0.103	-1.53251e-05	0	-2.242	1.79128e-06	0	0.0322611	0	0	-3.30597	
82.04	0.337	0.103	-1.53027e-05	0	-2.242	1.78866e-06	0	0.0322611	0	0	-3.30597	
82.05	0.337	0.103	-1.52804e-05	0	-2.242	1.78605e-06	0	0.0322611	0	0	-3.30597	
82.06	0.337	0.103	-1.5258e-05	0	-2.242	1.78344e-06	0	0.0322611	0	0	-3.30597	
82.07	0.337	0.103	-1.52357e-05	0	-2.242	1.78083e-06	0	0.0322611	0	0	-3.30597	
82.08	0.337	0.103	-1.52134e-05	0	-2.242	1.77822e-06	0	0.0322611	0	0	-3.30597	
82.09	0.337	0.103	-1.51912e-05	0	-2.242	1.77562e-06	0	0.0322611	0	0	-3.30597	
82.1	0.337	0.103	-1.5169e-05	0	-2.242	1.77303e-06	0	0.0322611	0	0	-3.30597	
82.11	0.337	0.103	-1.51468e-05	0	-2.242	1.77044e-06	0	0.0322611	0	0	-3.30597	
82.12	0.337	0.103	-1.51247e-05	0	-2.242	1.76785e-06	0	0.0322611	0	0	-3.30597	
82.13	0.337	0.103	-1.51025e-05	0	-2.242	1.76526e-06	0	0.0322611	0	0	-3.30597	
82.14	0.337	0.103	-1.50805e-05	0	-2.242	1.76268e-06	0	0.0322611	0	0	-3.30597	
82.15	0.337	0.103	-1.50584e-05	0	-2.242	1.7601e-06	0	0.0322611	0	0	-3.30597	
82.16	0.337	0.103	-1.50364e-05	0	-2.242	1.75753e-06	0	0.0322611	0	0	-3.30597	
82.17	0.337	0.103	-1.50144e-05	0	-2.242	1.75496e-06	0	0.0322611	0	0	-3.30597	
82.18	0.337	0.103	-1.49925e-05	0	-2.242	1.7524e-06	0	0.0322611	0	0	-3.30597	
82.19	0.337	0.103	-1.49705e-05	0	-2.242	1.74983e-06	0	0.0322611	0	0	-3.30597	
82.2	0.337	0.103	-1.49487e-05	0	-2.242	1.74728e-06	0	0.0322611	0	0	-3.30597	
82.21	0.337	0.103	-1.49268e-05	0	-2.242	1.74472e-06	0	0.0322611	0	0	-3.30597	
82.22	0.337	0.103	-1.4905e-05	0	-2.242	1.74217e-06	0	0.0322611	0	0	-3.30597	
82.23	0.337	0.103	-1.48832e-05	0	-2.242	1.73962e-06	0	0.0322611	0	0	-3.30597	
82.24	0.337	0.103	-1.48614e-05	0	-2.242	1.73708e-06	0	0.0322611	0	0	-3.30597	
82.25	0.337	0.103	-1.48397e-05	0	-2.242	1.73454e-06	0	0.0322611	0	0	-3.30597	
82.26	0.337	0.103	-1.4818e-05	0	-2.242	1.732e-06	0	0.0322611	0	0	-3.30597	
82.27	0.337	0.103	-1.47963e-05	0	-2.242	1.72947e-06	0	0.0322611	0	0	-3.30597	
82.28	0.337	0.103	-1.47747e-05	0	-2.242	1.72694e-06	0	0.0322611	0	0	-3.30597	
82.29	0.337	0.103	-1.47531e-05	0	-2.242	1.72442e-06	0	0.0322611	0	0	-3.30597	
82.3	0.337	0.103	-1.47315e-05	0	-2.242	1.7219e-06	0	0.0322611	0	0	-3.30597	
82.31	0.337	0.103	-1.471e-05	0	-2.242	1.71938e-06	0	0.0322611	0	0	-3.30597	
82.32	0.337	0.103	-1.46885e-05	0	-2.242	1.71686e-06	0	0.0322611	0	0	-3.30597	
82.33	0.337	0.103	-1.4667e-05	0	-2.242	1.71435e-06	0	0.0322611	0	0	-3.30597	
82.34	0.337	0.103	-1.46456e-05	0	-2.242	1.71185e-06	0	0.0322611	0	0	-3.30597	
82.35	0.337	0.103	-1.46241e-05	0	-2.242	1.70934e-06	0	0.0322611	0	0	-3.30597	
82.36	0.337	0.103	-1.46028e-05	0	-2.242	1.70685e-06	0	0.0322611	0	0	-3.30597	
82.37	0.337	0.103	-1.45814e-05	0	-2.242	1.70435e-06	0	0.0322611	0	0	-3.30597	
82.38	0.337	0.103	-1.45601e-05	0	-2.242	1.70186e-06	0	0.0322611	0	0	-3.30597	
82.39	0.337	0.103	-1.45388e-05	0	-2.242	1.69937e-06	0	0.0322611	0	0	-3.30597	
82.4	0.337	0.103	-1.45176e-05	0	-2.242	1.69689e-06	0	0.0322611	0	0	-3.30597	
82.41	0.337	0.103	-1.44963e-05	0	-2.242	1.6944e-06	0	0.0322611	0	0	-3.30597	
82.42	0.337	0.103	-1.44751e-05	0	-2.242	1.69193e-06	0	0.0322611	0	0	-3.30597	
82.43	0.337	0.103	-1.4454e-05	0	-2.242	1.68945e-06	0	0.0322611	0	0	-3.30597	
82.44	0.337	0.103	-1.44328e-05	0	-2.242	1.68698e-06	0	0.0322611	0	0	-3.30597	
82.45	0.337	0.103	-1.44117e-05	0	-2.242	1.68452e-06	0	0.0322611	0	0	-3.30597	
82.46	0.337	0.103	-1.43907e-05	0	-2.242	1.68205e-06	0	0.0322611	0	0	-3.30597	
82.47	0.337	0.103	-1.43696e-05	0	-2.242	1.67959e-06	0	0.0322611	0	0	-3.30597	
82.48	0.337	0.103	-1.43486e-05	0	-2.242	1.67714e-06	0	0.0322611	0	0	-3.30597	
82.49	0.337	0.103	-1.43276e-05	0	-2.242	1.67469e-06	0	0.0322611	0	0	-3.30597	
82.5	0.337	0.103	-1.43067e-05	0	-2.242	1.67224e-06	0	0.0322611	0	0	-3.30597	
82.51	0.337	0.103	-1.42858e-05	0	-2.242	1.66979e-06	0	0.0322611	0	0	-3.30597	
82.52	0.337	0.103	-1.42649e-05	0	-2.242	1.66735e-06	0	0.0322611	0	0	-3.30597	
82.53	0.337	0.103	-1.4244e-05	0	-2.242	1.66491e-06	0	0.0322611	0	0	-3.30597	
82.54	0.337	0.103	-1.42232e-05	0	-2.242	1.66248e-06	0	0.0322611	0	0	-3.30597	
82.55	0.337	0.103	-1.42024e-05	0	-2.242	1.66005e-06	0	0.0322611	0	0	-3.30597	
82.56	0.337	0.103	-1.41816e-05	0	-2.242	1.65762e-06	0	0.0322611	0	0	-3.30597	
82.57	0.337	0.103	-1.41609e-05	0	-2.242	1.6552e-06	0	0.0322611	0	0	-3.30597	
82.58	0.337	0.103	-1.41402e-05	0	-2.242	1.65278e-06	0	0.0322611	0	0	-3.30597	
82.59	0.337	0.103	-1.41195e-05	0	-2.242	1.65036e-06	0	0.0322611	0	0	-3.30597	
82.6	0.337	0.103	-1.40989e-05	0	-2.242	1.64795e-06	0	0.0322611	0	0	-3.30597	
82.61	0.337	0.103	-1.40783e-05	0	-2.242	1.64554e-06	0	0.0322611	0	0	-3.30597	
82.62	0.337	0.103	-1.40577e-05	0	-2.242	1.64313e-06	0	0.0322611	0	0	-3.30597	
82.63	0.337	0.103	-1.40371e-05	0	-2.242	1.64073e-06	0	0.0322611	0	0	-3.30597	
82.64	0.337	0.103	-1.40166e-05	0	-2.242	1.63833e-06	0	0.0322611	0	0	-3.30597	
82.65	0.337	0.103	-1.39961e-05	0	-2.242	1.63594e-06	0	0.0322611	0	0	-3.30597	
82.66	0.337	0.103	-1.39756e-05	0	-2.242	1.63354e-06	0	0.0322611	0	0	-3.30597	
82.67	0.337	0.103	-1.39552e-05	0	-2.242	1.63116e-06	0	0.0322611	0	0	-3.30597	
82.68	0.337	0.103	-1.39348e-05	0	-2.242	1.62877e-06	0	0.0322611	0	0	-3.30597	
82.69	0.337	0.103	-1.39144e-05	0	-2.242	1.62639e-06	0	0.0322611	0	0	-3.30597	
82.7	0.337	0.103	-1.38941e-05	0	-2.242	1.62401e-06	0	0.0322611	0	0	-3.30597	
82.71	0.337	0.103	-1.38738e-05	0	-2.242	1.62164e-06	0	0.0322611	0	0	-3.30597	
82.72	0.337	0.103	-1.38535e-05	0	-2.242	1.61927e-06	0	0.0322611	0	0	-3.30597	
82.73	0.337	0.103	-1.38332e-05	0	-2.242	1.6169e-06	0	0.0322611	0	0	-3.30597	
82.74	0.337	0.103	-1.3813e-05	0	-2.242	1.61454e-06	0	0.0322611	0	0	-3.30597	
82.75	0.337	0.103	-1.37928e-05	0	-2.242	1.61217e-06	0	0.0322611	0	0	-3.30597	
82.76	0.337	0.103	-1.37727e-05	0	-2.242	1.60982e-06	0	0.0322611	0	0	-3.30597	
82.77	0.337	0.103	-1.37525e-05	0	-2.242	1.60746e-06	0	0.0322611	0	0	-3.30597	
82.78	0.337	0.103	-1.37324e-05	0	-2.242	1.60511e-06	0	0.0322611	0	0	-3.30597	
82.79	0.337	0.103	-1.37123e-05	0	-2.242	1.60277e-06	0	0.0322611	0	0	-3.30597	
82.8	0.337	0.103	-1.36923e-05	0	-2.242	1.60042e-06	0	0.0322611	0	0	-3.30597	
82.81	0.337	0.103	-1.36723e-05	0	-2.242	1.59808e-06	0	0.0322611	0	0	-3.30597	
82.82	0.337	0.103	-1.36523e-05	0	-2.242	1.59575e-06	0	0.0322611	0	0	-3.30597	
82.83	0.337	0.103	-1.36323e-05	0	-2.242	1.59341e-06	0	0.0322611	0	0	-3.30597	
82.84	0.337	0.103	-1.36124e-05	0	-2.242	1.59108e-06	0	0.0322611	0	0	-3.30597	
82.85	0.337	0.103	-1.35925e-05	0	-2.242	1.58876e-06	0	0.0322611	0	0	-3.30597	
82.86	0.337	0.103	-1.35726e-05	0	-2.242	1.58644e-06	0	0.0322611	0	0	-3.30597	
82.87	0.337	0.103	-1.35528e-05	0	-2.242	1.58412e-06	0	0.0322611	0	0	-3.30597	
82.88	0.337	0.103	-1.35329e-05	0	-2.242	1.5818e-06	0	0.0322611	0	0	-3.30597	
82.89	0.337	0.103	-1.35132e-05	0	-2.242	1.57949e-06	0	0.0322611	0	0	-3.30597	
82.9	0.337	0.103	-1.34934e-05	0	-2.242	1.57718e-06	0	0.0322611	0	0	-3.30597	
82.91	0.337	0.103	-1.34737e-05	0	-2.242	1.57487e-06	0	0.0322611	0	0	-3.30597	
82.92	0.337	0.103	-1.3454e-05	0	-2.242	1.57257e-06	0	0.0322611	0	0	-3.30597	
82.93	0.337	0.103	-1.34343e-05	0	-2.242	1.57027e-06	0	0.0322611	0	0	-3.30597	
82.94	0.337	0.103	-1.34147e-05	0	-2.242	1.56797e-06	0	0.0322611	0	0	-3.30597	
82.95	0.337	0.103	-1.3395e-05	0	-2.242	1.56568e-06	0	0.0322611	0	0	-3.30597	
82.96	0.337	0.103	-1.33755e-05	0	-2.242	1.56339e-06	0	0.0322611	0	0	-3.30597	
82.97	0.337	0.103	-1.33559e-05	0	-2.242	1.56111e-06	0	0.0322611	0	0	-3.30597	
82.98	0.337	0.103	-1.33364e-05	0	-2.242	1.55882e-06	0	0.0322611	0	0	-3.30597	
82.99	0.337	0.103	-1.33169e-05	0	-2.242	1.55654e-06	0	0.0322611	0	0	-3.30597	
83	0.337	0.103	-1.32974e-05	0	-2.242	1.55427e-06	0	0.0322611	0	0	-3.30597	
83.01	0.337	0.103	-1.3278e-05	0	-2.242	1.552e-06	0	0.0322611	0	0	-3.30597	
83.02	0.337	0.103	-1.32586e-05	0	-2.242	1.54973e-06	0	0.0322611	0	0	-3.30597	
83.03	0.337	0.103	-1.32392e-05	0	-2.242	1.54746e-06	0	0.0322611	0	0	-3.30597	
83.04	0.337	0.103	-1.32198e-05	0	-2.242	1.5452e-06	0	0.0322611	0	0	-3.30597	
83.05	0.337	0.103	-1.32005e-05	0	-2.242	1.54294e-06	0	0.0322611	0	0	-3.30597	
83.06	0.337	0.103	-1.31812e-05	0	-2.242	1.54068e-06	0	0.0322611	0	0	-3.30597	
83.07	0.337	0.103	-1.31619e-05	0	-2.242	1.53843e-06	0	0.0322611	0	0	-3.30597	
83.08	0.337	0.103	-1.31427e-05	0	-2.242	1.53618e-06	0	0.0322611	0	0	-3.30597	
83.09	0.337	0.103	-1.31235e-05	0	-2.242	1.53394e-06	0	0.0322611	0	0	-3.30597	
83.1	0.337	0.103	-1.31043e-05	0	-2.242	1.53169e-06	0	0.0322611	0	0	-3.30597	
83.11	0.337	0.103	-1.30851e-05	0	-2.242	1.52945e-06	0	0.0322611	0	0	-3.30597	
83.12	0.337	0.103	-1.3066e-05	0	-2.242	1.52722e-06	0	0.0322611	0	0	-3.30597	
83.13	0.337	0.103	-1.30469e-05	0	-2.242	1.52498e-06	0	0.0322611	0	0	-3.30597	
83.14	0.337	0.103	-1.30278e-05	0	-2.242	1.52275e-06	0	0.0322611	0	0	-3.30597	
83.15	0.337	0.103	-1.30087e-05	0	-2.242	1.52053e-06	0	0.0322611	0	0	-3.30597	
83.16	0.337	0.103	-1.29897e-05	0	-2.242	1.51831e-06	0	0.0322611	0	0	-3.30597	
83.17	0.337	0.103	-1.29707e-05	0	-2.242	1.51609e-06	0	0.0322611	0	0	-3.30597	
83.18	0.337	0.103	-1.29518e-05	0	-2.242	1.51387e-06	0	0.0322611	0	0	-3.30597	
83.19	0.337	0.103	-1.29328e-05	0	-2.242	1.51166e-06	0	0.0322611	0	0	-3.30597	
83.2	0.337	0.103	-1.29139e-05	0	-2.242	1.50945e-06	0	0.0322611	0	0	-3.30597	
83.21	0.337	0.103	-1.2895e-05	0	-2.242	1.50724e-06	0	0.0322611	0	0	-3.30597	
83.22	0.337	0.103	-1.28762e-05	0	-2.242	1.50503e-06	0	0.0322611	0	0	-3.30597	
83.23	0.337	0.103	-1.28574e-05	0	-2.242	1.50283e-06	0	0.0322611	0	0	-3.30597	
83.24	0.337	0.103	-1.28386e-05	0	-2.242	1.50064e-06	0	0.0322611	0	0	-3.30597	
83.25	0.337	0.103	-1.28198e-05	0	-2.242	1.49844e-06	0	0.0322611	0	0	-3.30597	
83.26	0.337	0.103	-1.2801e-05	0	-2.242	1.49625e-06	0	0.0322611	0	0	-3.30597	
83.27	0.337	0.103	-1.27823e-05	0	-2.242	1.49406e-06	0	0.0322611	0	0	-3.30597	
83.28	0.337	0.103	-1.27636e-05	0	-2.242	1.49188e-06	0	0.0322611	0	0	-3.30597	
83.29	0.337	0.103	-1.2745e-05	0	-2.242	1.4897e-06	0	0.0322611	0	0	-3.30597	
83.3	0.337	0.103	-1.27263e-05	0	-2.242	1.48752e-06	0	0.0322611	0	0	-3.30597	
83.31	0.337	0.103	-1.27077e-05	0	-2.242	1.48535e-06	0	0.0322611	0	0	-3.30597	
83.32	0.337	0.103	-1.26892e-05	0	-2.242	1.48317e-06	0	0.0322611	0	0	-3.30597	
83.33	0.337	0.103	-1.26706e-05	0	-2.242	1.48101e-06	0	0.0322611	0	0	-3.30597	
83.34	0.337	0.103	-1.26521e-05	0	-2.242	1.47884e-06	0	0.0322611	0	0	-3.30597	
83.35	0.337	0.103	-1.26336e-05	0	-2.242	1.47668e-06	0	0.0322611	0	0	-3.30597	
83.36	0.337	0.103	-1.26151e-05	0	-2.242	1.47452e-06	0	0.0322611	0	0	-3.30597	
83.37	0.337	0.103	-1.25967e-05	0	-2.242	1.47236e-06	0	0.0322611	0	0	-3.30597	
83.38	0.337	0.103	-1.25783e-05	0	-2.242	1.47021e-06	0	0.0322611	0	0	-3.30597	
83.39	0.337	0.103	-1.25599e-05	0	-2.242	1.46806e-06	0	0.0322611	0	0	-3.30597	
83.4	0.337	0.103	-1.25415e-05	0	-2.242	1.46591e-06	0	0.0322611	0	0	-3.30597	
83.41	0.337	0.103	-1.25232e-05	0	-2.242	1.46377e-06	0	0.0322611	0	0	-3.30597	
83.42	0.337	0.103	-1.25049e-05	0	-2.242	1.46163e-06	0	0.0322611	0	0	-3.30597	
83.43	0.337	0.103	-1.24866e-05	0	-2.242	1.45949e-06	0	0.0322611	0	0	-3.30597	
83.44	0.337	0.103	-1.24683e-05	0	-2.242	1.45736e-06	0	0.0322611	0	0	-3.30597	
83.45	0.337	0.103	-1.24501e-05	0	-2.242	1.45523e-06	0	0.0322611	0	0	-3.30597	
83.46	0.337	0.103	-1.24319e-05	0	-2.242	1.4531e-06	0	0.0322611	0	0	-3.30597	
83.47	0.337	0.103	-1.24137e-05	0	-2.242	1.45098e-06	0	0.0322611	0	0	-3.30597	
83.48	0.337	0.103	-1.23956e-05	0	-2.242	1.44886e-06	0	0.0322611	0	0	-3.30597	
83.49	0.337	0.103	-1.23774e-05	0	-2.242	1.44674e-06	0	0.0322611	0	0	-3.30597	
83.5	0.337	0.103	-1.23593e-05	0	-2.242	1.44462e-06	0	0.0322611	0	0	-3.30597	
83.51	0.337	0.103	-1.23413e-05	0	-2.242	1.44251e-06	0	0.0322611	0	0	-3.30597	
83.52	0.337	0.103	-1.23232e-05	0	-2.242	1.4404e-06	0	0.0322611	0	0	-3.30597	
83.53	0.337	0.103	-1.23052e-05	0	-2.242	1.43829e-06	0	0.0322611	0	0	-3.30597	
83.54	0.337	0.103	-1.22872e-05	0	-2.242	1.43619e-06	0	0.0322611	0	0	-3.30597	
83.55	0.337	0.103	-1.22692e-05	0	-2.242	1.43409e-06	0	0.0322611	0	0	-3.30597	
83.56	0.337	0.103	-1.22513e-05	0	-2.242	1.432e-06	0	0.0322611	0	0	-3.30597	
83.57	0.337	0.103	-1.22334e-05	0	-2.242	1.4299e-06	0	0.0322611	0	0	-3.30597	
83.58	0.337	0.103	-1.22155e-05	0	-2.242	1.42781e-06	0	0.0322611	0	0	-3.30597	
83.59	0.337	0.103	-1.21976e-05	0	-2.242	1.42572e-06	0	0.0322611	0	0	-3.30597	
83.6	0.337	0.103	-1.21798e-05	0	-2.242	1.42364e-06	0	0.0322611	0	0	-3.30597	
83.61	0.337	0.103	-1.2162e-05	0	-2.242	1.42156e-06	0	0.0322611	0	0	-3.30597	
83.62	0.337	0.103	-1.21442e-05	0	-2.242	1.41948e-06	0	0.0322611	0	0	-3.30597	
83.63	0.337	0.103	-1.21265e-05	0	-2.242	1.4174e-06	0	0.0322611	0	0	-3.30597	
83.64	0.337	0.103	-1.21087e-05	0	-2.242	1.41533e-06	0	0.0322611	0	0	-3.30597	
83.65	0.337	0.103	-1.2091e-05	0	-2.242	1.41326e-06	0	0.0322611	0	0	-3.30597	
83.66	0.337	0.103	-1.20734e-05	0	-2.242	1.4112e-06	0	0.0322611	0	0	-3.30597	
83.67	0.337	0.103	-1.20557e-05	0	-2.242	1.40913e-06	0	0.0322611	0	0	-3.30597	
83.68	0.337	0.103	-1.20381e-05	0	-2.242	1.40707e-06	0	0.0322611	0	0	-3.30597	
83.69	0.337	0.103	-1.20205e-05	0	-2.242	1.40501e-06	0	0.0322611	0	0	-3.30597	
83.7	0.337	0.103	-1.20029e-05	0	-2.242	1.40296e-06	0	0.0322611	0	0	-3.30597	
83.71	0.337	0.103	-1.19854e-05	0	-2.242	1.40091e-06	0	0.0322611	0	0	-3.30597	
83.72	0.337	0.103	-1.19678e-05	0	-2.242	1.39886e-06	0	0.0322611	0	0	-3.30597	
83.73	0.337	0.103	-1.19503e-05	0	-2.242	1.39682e-06	0	0.0322611	0	0	-3.30597	
83.74	0.337	0.103	-1.19329e-05	0	-2.242	1.39477e-06	0	0.0322611	0	0	-3.30597	
83.75	0.337	0.103	-1.19154e-05	0	-2.242	1.39273e-06	0	0.0322611	0	0	-3.30597	
83.76	0.337	0.103	-1.1898e-05	0	-2.242	1.3907e-06	0	0.0322611	0	0	-3.30597	
83.77	0.337	0.103	-1.18806e-05	0	-2.242	1.38866e-06	0	0.0322611	0	0	-3.30597	
83.78	0.337	0.103	-1.18632e-05	0	-2.242	1.38663e-06	0	0.0322611	0	0	-3.30597	
83.79	0.337	0.103	-1.18459e-05	0	-2.242	1.38461e-06	0	0.0322611	0	0	-3.30597	
83.8	0.337	0.103	-1.18286e-05	0	-2.242	1.38258e-06	0	0.0322611	0	0	-3.30597	
83.81	0.337	0.103	-1.18113e-05	0	-2.242	1.38056e-06	0	0.0322611	0	0	-3.30597	
83.82	0.337	0.103	-1.1794e-05	0	-2.242	1.37854e-06	0	0.0322611	0	0	-3.30597	
83.83	0.337	0.103	-1.17768e-05	0	-2.242	1.37653e-06	0	0.0322611	0	0	-3.30597	
83.84	0.337	0.103	-1.17595e-05	0	-2.242	1.37451e-06	0	0.0322611	0	0	-3.30597	
83.85	0.337	0.103	-1.17423e-05	0	-2.242	1.3725e-06	0	0.0322611	0	0	-3.30597	
83.86	0.337	0.103	-1.17252e-05	0	-2.242	1.3705e-06	0	0.0322611	0	0	-3.30597	
83.87	0.337	0.103	-1.1708e-05	0	-2.242	1.36849e-06	0	0.0322611	0	0	-3.30597	
83.88	0.337	0.103	-1.16909e-05	0	-2.242	1.36649e-06	0	0.0322611	0	0	-3.30597	
83.89	0.337	0.103	-1.16738e-05	0	-2.242	1.3645e-06	0	0.0322611	0	0	-3.30597	
83.9	0.337	0.103	-1.16567e-05	0	-2.242	1.3625e-06	0	0.0322611	0	0	-3.30597	
83.91	0.337	0.103	-1.16397e-05	0	-2.242	1.36051e-06	0	0.0322611	0	0	-3.30597	
83.92	0.337	0.103	-1.16227e-05	0	-2.242	1.35852e-06	0	0.0322611	0	0	-3.30597	
83.93	0.337	0.103	-1.16057e-05	0	-2.242	1.35653e-06	0	0.0322611	0	0	-3.30597	
83.94	0.337	0.103	-1.15887e-05	0	-2.242	1.35455e-06	0	0.0322611	0	0	-3.30597	
83.95	0.337	0.103	-1.15718e-05	0	-2.242	1.35257e-06	0	0.0322611	0	0	-3.30597	
83.96	0.337	0.103	-1.15549e-05	0	-2.242	1.35059e-06	0	0.0322611	0	0	-3.30597	
83.97	0.337	0.103	-1.1538e-05	0	-2.242	1.34862e-06	0	0.0322611	0	0	-3.30597	
83.98	0.337	0.103	-1.15211e-05	0	-2.242	1.34664e-06	0	0.0322611	0	0	-3.30597	
83.99	0.337	0.103	-1.15043e-05	0	-2.242	1.34468e-06	0	0.0322611	0	0	-3.30597	
84	0.337	0.103	-1.14874e-05	0	-2.242	1.34271e-06	0	0.0322611	0	0	-3.30597	
84.01	0.337	0.103	-1.14706e-05	0	-2.242	1.34075e-06	0	0.0322611	0	0	-3.30597	
84.02	0.337	0.103	-1.14539e-05	0	-2.242	1.33879e-06	0	0.0322611	0	0	-3.30597	
84.03	0.337	0.103	-1.14371e-05	0	-2.242	1.33683e-06	0	0.0322611	0	0	-3.30597	
84.04	0.337	0.103	-1.14204e-05	0	-2.242	1.33487e-06	0	0.0322611	0	0	-3.30597	
84.05	0.337	0.103	-1.14037e-05	0	-2.242	1.33292e-06	0	0.0322611	0	0	-3.30597	
84.06	0.337	0.103	-1.1387e-05	0	-2.242	1.33097e-06	0	0.0322611	0	0	-3.30597	
84.07	0.337	0.103	-1.13704e-05	0	-2.242	1.32903e-06	0	0.0322611	0	0	-3.30597	
84.08	0.337	0.103	-1.13538e-05	0	-2.242	1.32708e-06	0	0.0322611	0	0	-3.30597	
84.09	0.337	0.103	-1.13372e-05	0	-2.242	1.32514e-06	0	0.0322611	0	0	-3.30597	
84.1	0.337	0.103	-1.13206e-05	0	-2.242	1.32321e-06	0	0.0322611	0	0	-3.30597	
84.11	0.337	0.103	-1.1304e-05	0	-2.242	1.32127e-06	0	0.0322611	0	0	-3.30597	
84.12	0.337	0.103	-1.12875e-05	0	-2.242	1.31934e-06	0	0.0322611	0	0	-3.30597	
84.13	0.337	0.103	-1.1271e-05	0	-2.242	1.31741e-06	0	0.0322611	0	0	-3.30597	
84.14	0.337	0.103	-1.12545e-05	0	-2.242	1.31549e-06	0	0.0322611	0	0	-3.30597	
84.15	0.337	0.103	-1.12381e-05	0	-2.242	1.31356e-06	0	0.0322611	0	0	-3.30597	
84.16	0.337	0.103	-1.12216e-05	0	-2.242	1.31164e-06	0	0.0322611	0	0	-3.30597	
84.17	0.337	0.103	-1.12052e-05	0	-2.242	1.30972e-06	0	0.0322611	0	0	-3.30597	
84.18	0.337	0.103	-1.11888e-05	0	-2.242	1.30781e-06	0	0.0322611	0	0	-3.30597	
84.19	0.337	0.103	-1.11725e-05	0	-2.242	1.3059e-06	0	0.0322611	0	0	-3.30597	
84.2	0.337	0.103	-1.11561e-05	0	-2.242	1.30399e-06	0	0.0322611	0	0	-3.30597	
84.21	0.337	0.103	-1.11398e-05	0	-2.242	1.30208e-06	0	0.0322611	0	0	-3.30597	
84.22	0.337	0.103	-1.11235e-05	0	-2.242	1.30018e-06	0	0.0322611	0	0	-3.30597	
84.23	0.337	0.103	-1.11073e-05	0	-2.242	1.29828e-06	0	0.0322611	0	0	-3.30597	
84.24	0.337	0.103	-1.1091e-05	0	-2.242	1.29638e-06	0	0.0322611	0	0	-3.30597	
84.25	0.337	0.103	-1.10748e-05	0	-2.242	1.29448e-06	0	0.0322611	0	0	-3.30597	
84.26	0.337	0.103	-1.10586e-05	0	-2.242	1.29259e-06	0	0.0322611	0	0	-3.30597	
84.27	0.337	0.103	-1.10425e-05	0	-2.242	1.2907e-06	0	0.0322611	0	0	-3.30597	
84.28	0.337	0.103	-1.10263e-05	0	-2.242	1.28881e-06	0	0.0322611	0	0	-3.30597	
84.29	0.337	0.103	-1.10102e-05	0	-2.242	1.28693e-06	0	0.0322611	0	0	-3.30597	
84.3	0.337	0.103	-1.09941e-05	0	-2.242	1.28505e-06	0	0.0322611	0	0	-3.30597	
84.31	0.337	0.103	-1.0978e-05	0	-2.242	1.28317e-06	0	0.0322611	0	0	-3.30597	
84.32	0.337	0.103	-1.0962e-05	0	-2.242	1.28129e-06	0	0.0322611	0	0	-3.30597	
84.33	0.337	0.103	-1.0946e-05	0	-2.242	1.27942e-06	0	0.0322611	0	0	-3.30597	
84.34	0.337	0.103	-1.09299e-05	0	-2.242	1.27755e-06	0	0.0322611	0	0	-3.30597	
84.35	0.337	0.103	-1.0914e-05	0	-2.242	1.27568e-06	0	0.0322611	0	0	-3.30597	
84.36	0.337	0.103	-1.0898e-05	0	-2.242	1.27382e-06	0	0.0322611	0	0	-3.30597	
84.37	0.337	0.103	-1.08821e-05	0	-2.242	1.27195e-06	0	0.0322611	0	0	-3.30597	
84.38	0.337	0.103	-1.08662e-05	0	-2.242	1.27009e-06	0	0.0322611	0	0	-3.30597	
84.39	0.337	0.103	-1.08503e-05	0	-2.242	1.26824e-06	0	0.0322611	0	0	-3.30597	
84.4	0.337	0.103	-1.08344e-05	0	-2.242	1.26638e-06	0	0.0322611	0	0	-3.30597	
84.41	0.337	0.103	-1.08186e-05	0	-2.242	1.26453e-06	0	0.0322611	0	0	-3.30597	
84.42	0.337	0.103	-1.08028e-05	0	-2.242	1.26268e-06	0	0.0322611	0	0	-3.30597	
84.43	0.337	0.103	-1.0787e-05	0	-2.242	1.26084e-06	0	0.0322611	0	0	-3.30597	
84.44	0.337	0.103	-1.07712e-05	0	-2.242	1.25899e-06	0	0.0322611	0	0	-3.30597	
84.45	0.337	0.103	-1.07554e-05	0	-2.242	1.25715e-06	0	0.0322611	0	0	-3.30597	
84.46	0.337	0.103	-1.07397e-05	0	-2.242	1.25531e-06	0	0.0322611	0	0	-3.30597	
84.47	0.337	0.103	-1.0724e-05	0	-2.242	1.25348e-06	0	0.0322611	0	0	-3.30597	
84.48	0.337	0.103	-1.07083e-05	0	-2.242	1.25164e-06	0	0.0322611	0	0	-3.30597	
84.49	0.337	0.103	-1.06927e-05	0	-2.242	1.24981e-06	0	0.0322611	0	0	-3.30597	
84.5	0.337	0.103	-1.0677e-05	0	-2.242	1.24799e-06	0	0.0322611	0	0	-3.30597	
84.51	0.337	0.103	-1.06614e-05	0	-2.242	1.24616e-06	0	0.0322611	0	0	-3.30597	
84.52	0.337	0.103	-1.06458e-05	0	-2.242	1.24434e-06	0	0.0322611	0	0	-3.30597	
84.53	0.337	0.103	-1.06303e-05	0	-2.242	1.24252e-06	0	0.0322611	0	0	-3.30597	
84.54	0.337	0.103	-1.06147e-05	0	-2.242	1.2407e-06	0	0.0322611	0	0	-3.30597	
84.55	0.337	0.103	-1.05992e-05	0	-2.242	1.23889e-06	0	0.0322611	0	0	-3.30597	
84.56	0.337	0.103	-1.05837e-05	0	-2.242	1.23708e-06	0	0.0322611	0	0	-3.30597	
84.57	0.337	0.103	-1.05682e-05	0	-2.242	1.23527e-06	0	0.0322611	0	0	-3.30597	
84.58	0.337	0.103	-1.05528e-05	0	-2.242	1.23346e-06	0	0.0322611	0	0	-3.30597	
84.59	0.337	0.103	-1.05374e-05	0	-2.242	1.23166e-06	0	0.0322611	0	0	-3.30597	
84.6	0.337	0.103	-1.0522e-05	0	-2.242	1.22986e-06	0	0.0322611	0	0	-3.30597	
84.61	0.337	0.103	-1.05066e-05	0	-2.242	1.22806e-06	0	0.0322611	0	0	-3.30597	
84.62	0.337	0.103	-1.04912e-05	0	-2.242	1.22627e-06	0	0.0322611	0	0	-3.30597	
84.63	0.337	0.103	-1.04759e-05	0	-2.242	1.22447e-06	0	0.0322611	0	0	-3.30597	
84.64	0.337	0.103	-1.04606e-05	0	-2.242	1.22268e-06	0	0.0322611	0	0	-3.30597	
84.65	0.337	0.103	-1.04453e-05	0	-2.242	1.2209e-06	0	0.0322611	0	0	-3.30597	
84.66	0.337	0.103	-1.043e-05	0	-2.242	1.21911e-06	0	0.0322611	0	0	-3.30597	
84.67	0.337	0.103	-1.04147e-05	0	-2.242	1.21733e-06	0	0.0322611	0	0	-3.30597	
84.68	0.337	0.103	-1.03995e-05	0	-2.242	1.21555e-06	0	0.0322611	0	0	-3.30597	
84.69	0.337	0.103	-1.03843e-05	0	-2.242	1.21377e-06	0	0.0322611	0	0	-3.30597	
84.7	0.337	0.103	-1.03691e-05	0	-2.242	1.212e-06	0	0.0322611	0	0	-3.30597	
84.71	0.337	0.103	-1.0354e-05	0	-2.242	1.21022e-06	0	0.0322611	0	0	-3.30597	
84.72	0.337	0.103	-1.03388e-05	0	-2.242	1.20846e-06	0	0.0322611	0	0	-3.30597	
84.73	0.337	0.103	-1.03237e-05	0	-2.242	1.20669e-06	0	0.0322611	0	0	-3.30597	
84.74	0.337	0.103	-1.03086e-05	0	-2.242	1.20492e-06	0	0.0322611	0	0	-3.30597	
84.75	0.337	0.103	-1.02935e-05	0	-2.242	1.20316e-06	0	0.0322611	0	0	-3.30597	
84.76	0.337	0.103	-1.02785e-05	0	-2.242	1.2014e-06	0	0.0322611	0	0	-3.30597	
84.77	0.337	0.103	-1.02635e-05	0	-2.242	1.19965e-06	0	0.0322611	0	0	-3.30597	
84.78	0.337	0.103	-1.02485e-05	0	-2.242	1.19789e-06	0	0.0322611	0	0	-3.30597	
84.79	0.337	0.103	-1.02335e-05	0	-2.242	1.19614e-06	0	0.0322611	0	0	-3.30597	
84.8	0.337	0.103	-1.02185e-05	0	-2.242	1.19439e-06	0	0.0322611	0	0	-3.30597	
84.81	0.337	0.103	-1.02036e-05	0	-2.242	1.19265e-06	0	0.0322611	0	0	-3.30597	
84.82	0.337	0.103	-1.01887e-05	0	-2.242	1.1909e-06	0	0.0322611	0	0	-3.30597	
84.83	0.337	0.103	-1.01738e-05	0	-2.242	1.18916e-06	0	0.0322611	0	0	-3.30597	
84.84	0.337	0.103	-1.01589e-05	0	-2.242	1.18742e-06	0	0.0322611	0	0	-3.30597	
84.85	0.337	0.103	-1.0144e-05	0	-2.242	1.18569e-06	0	0.0322611	0	0	-3.30597	
84.86	0.337	0.103	-1.01292e-05	0	-2.242	1.18395e-06	0	0.0322611	0	0	-3.30597	
84.87	0.337	0.103	-1.01144e-05	0	-2.242	1.18222e-06	0	0.0322611	0	0	-3.30597	
84.88	0.337	0.103	-1.00996e-05	0	-2.242	1.18049e-06	0	0.0322611	0	0	-3.30597	
84.89	0.337	0.103	-1.00848e-05	0	-2.242	1.17877e-06	0	0.0322611	0	0	-3.30597	
84.9	0.337	0.103	-1.00701e-05	0	-2.242	1.17704e-06	0	0.0322611	0	0	-3.30597	
84.91	0.337	0.103	-1.00554e-05	0	-2.242	1.17532e-06	0	0.0322611	0	0	-3.30597	
84.92	0.337	0.103	-1.00407e-05	0	-2.242	1.1736e-06	0	0.0322611	0	0	-3.30597	
84.93	0.337	0.103	-1.0026e-05	0	-2.242	1.17189e-06	0	0.0322611	0	0	-3.30597	
84.94	0.337	0.103	-1.00113e-05	0	-2.242	1.17018e-06	0	0.0322611	0	0	-3.30597	
84.95	0.337	0.103	-9.99669e-06	0	-2.242	1.16846e-06	0	0.0322611	0	0	-3.30597	
84.96	0.337	0.103	-9.98208e-06	0	-2.242	1.16676e-06	0	0.0322611	0	0	-3.30597	
84.97	0.337	0.103	-9.96748e-06	0	-2.242	1.16505e-06	0	0.0322611	0	0	-3.30597	
84.98	0.337	0.103	-9.95291e-06	0	-2.242	1.16335e-06	0	0.0322611	0	0	-3.30597	
84.99	0.337	0.103	-9.93836e-06	0	-2.242	1.16165e-06	0	0.0322611	0	0	-3.30597	
85	0.337	0.103	-9.92383e-06	0	-2.242	1.15995e-06	0	0.0322611	0	0	-3.30597	
85.01	0.337	0.103	-9.90932e-06	0	-2.242	1.15825e-06	0	0.0322611	0	0	-3.30597	
85.02	0.337	0.103	-9.89483e-06	0	-2.242	1.15656e-06	0	0.0322611	0	0	-3.30597	
85.03	0.337	0.103	-9.88036e-06	0	-2.242	1.15487e-06	0	0.0322611	0	0	-3.30597	
85.04	0.337	0.103	-9.86591e-06	0	-2.242	1.15318e-06	0	0.0322611	0	0	-3.30597	
85.05	0.337	0.103	-9.85149e-06	0	-2.242	1.15149e-06	0	0.0322611	0	0	-3.30597	
85.06	0.337	0.103	-9.83709e-06	0	-2.242	1.14981e-06	0	0.0322611	0	0	-3.30597	
85.07	0.337	0.103	-9.8227e-06	0	-2.242	1.14813e-06	0	0.0322611	0	0	-3.30597	
85.08	0.337	0.103	-9.80834e-06	0	-2.242	1.14645e-06	0	0.0322611	0	0	-3.30597	
85.09	0.337	0.103	-9.794e-06	0	-2.242	1.14477e-06	0	0.0322611	0	0	-3.30597	
85.1	0.337	0.103	-9.77968e-06	0	-2.242	1.1431e-06	0	0.0322611	0	0	-3.30597	
85.11	0.337	0.103	-9.76538e-06	0	-2.242	1.14143e-06	0	0.0322611	0	0	-3.30597	
85.12	0.337	0.103	-9.75111e-06	0	-2.242	1.13976e-06	0	0.0322611	0	0	-3.30597	
85.13	0.337	0.103	-9.73685e-06	0	-2.242	1.13809e-06	0	0.0322611	0	0	-3.30597	
85.14	0.337	0.103	-9.72261e-06	0	-2.242	1.13643e-06	0	0.0322611	0	0	-3.30597	
85.15	0.337	0.103	-9.7084e-06	0	-2.242	1.13477e-06	0	0.0322611	0	0	-3.30597	
85.16	0.337	0.103	-9.6942e-06	0	-2.242	1.13311e-06	0	0.0322611	0	0	-3.30597	
85.17	0.337	0.103	-9.68003e-06	0	-2.242	1.13145e-06	0	0.0322611	0	0	-3.30597	
85.18	0.337	0.103	-9.66588e-06	0	-2.242	1.1298e-06	0	0.0322611	0	0	-3.30597	
85.19	0.337	0.103	-9.65174e-06	0	-2.242	1.12814e-06	0	0.0322611	0	0	-3.30597	
85.2	0.337	0.103	-9.63763e-06	0	-2.242	1.1265e-06	0	0.0322611	0	0	-3.30597	
85.21	0.337	0.103	-9.62354e-06	0	-2.242	1.12485e-06	0	0.0322611	0	0	-3.30597	
85.22	0.337	0.103	-9.60947e-06	0	-2.242	1.1232e-06	0	0.0322611	0	0	-3.30597	
85.23	0.337	0.103	-9.59542e-06	0	-2.242	1.12156e-06	0	0.0322611	0	0	-3.30597	
85.24	0.337	0.103	-9.58139e-06	0	-2.242	1.11992e-06	0	0.0322611	0	0	-3.30597	
85.25	0.337	0.103	-9.56738e-06	0	-2.242	1.11828e-06	0	0.0322611	0	0	-3.30597	
85.26	0.337	0.103	-9.55339e-06	0	-2.242	1.11665e-06	0	0.0322611	0	0	-3.30597	
85.27	0.337	0.103	-9.53943e-06	0	-2.242	1.11502e-06	0	0.0322611	0	0	-3.30597	
85.28	0.337	0.103	-9.52548e-06	0	-2.242	1.11339e-06	0	0.0322611	0	0	-3.30597	
85.29	0.337	0.103	-9.51155e-06	0	-2.242	1.11176e-06	0	0.0322611	0	0	-3.30597	
85.3	0.337	0.103	-9.49765e-06	0	-2.242	1.11013e-06	0	0.0322611	0	0	-3.30597	
85.31	0.337	0.103	-9.48376e-06	0	-2.242	1.10851e-06	0	0.0322611	0	0	-3.30597	
85.32	0.337	0.103	-9.46989e-06	0	-2.242	1.10689e-06	0	0.0322611	0	0	-3.30597	
85.33	0.337	0.103	-9.45605e-06	0	-2.242	1.10527e-06	0	0.0322611	0	0	-3.30597	
85.34	0.337	0.103	-9.44222e-06	0	-2.242	1.10365e-06	0	0.0322611	0	0	-3.30597	
85.35	0.337	0.103	-9.42842e-06	0	-2.242	1.10204e-06	0	0.0322611	0	0	-3.30597	
85.36	0.337	0.103	-9.41463e-06	0	-2.242	1.10043e-06	0	0.0322611	0	0	-3.30597	
85.37	0.337	0.103	-9.40087e-06	0	-2.242	1.09882e-06	0	0.0322611	0	0	-3.30597	
85.38	0.337	0.103	-9.38712e-06	0	-2.242	1.09721e-06	0	0.0322611	0	0	-3.30597	
85.39	0.337	0.103	-9.3734e-06	0	-2.242	1.09561e-06	0	0.0322611	0	0	-3.30597	
85.4	0.337	0.103	-9.35969e-06	0	-2.242	1.09401e-06	0	0.0322611	0	0	-3.30597	
85.41	0.337	0.103	-9.34601e-06	0	-2.242	1.09241e-06	0	0.0322611	0	0	-3.30597	
85.42	0.337	0.103	-9.33234e-06	0	-2.242	1.09081e-06	0	0.0322611	0	0	-3.30597	
85.43	0.337	0.103	-9.3187e-06	0	-2.242	1.08922e-06	0	0.0322611	0	0	-3.30597	
85.44	0.337	0.103	-9.30507e-06	0	-2.242	1.08762e-06	0	0.0322611	0	0	-3.30597	
85.45	0.337	0.103	-9.29147e-06	0	-2.242	1.08603e-06	0	0.0322611	0	0	-3.30597	
85.46	0.337	0.103	-9.27788e-06	0	-2.242	1.08445e-06	0	0.0322611	0	0	-3.30597	
85.47	0.337	0.103	-9.26432e-06	0	-2.242	1.08286e-06	0	0.0322611	0	0	-3.30597	
85.48	0.337	0.103	-9.25077e-06	0	-2.242	1.08128e-06	0	0.0322611	0	0	-3.30597	
85.49	0.337	0.103	-9.23725e-06	0	-2.242	1.0797e-06	0	0.0322611	0	0	-3.30597	
85.5	0.337	0.103	-9.22374e-06	0	-2.242	1.07812e-06	0	0.0322611	0	0	-3.30597	
85.51	0.337	0.103	-9.21026e-06	0	-2.242	1.07654e-06	0	0.0322611	0	0	-3.30597	
85.52	0.337	0.103	-9.19679e-06	0	-2.242	1.07497e-06	0	0.0322611	0	0	-3.30597	
85.53	0.337	0.103	-9.18334e-06	0	-2.242	1.0734e-06	0	0.0322611	0	0	-3.30597	
85.54	0.337	0.103	-9.16992e-06	0	-2.242	1.07183e-06	0	0.0322611	0	0	-3.30597	
85.55	0.337	0.103	-9.15651e-06	0	-2.242	1.07026e-06	0	0.0322611	0	0	-3.30597	
85.56	0.337	0.103	-9.14312e-06	0	-2.242	1.06869e-06	0	0.0322611	0	0	-3.30597	
85.57	0.337	0.103	-9.12975e-06	0	-2.242	1.06713e-06	0	0.0322611	0	0	-3.30597	
85.58	0.337	0.103	-9.11641e-06	0	-2.242	1.06557e-06	0	0.0322611	0	0	-3.30597	
85.59	0.337	0.103	-9.10308e-06	0	-2.242	1.06401e-06	0	0.0322611	0	0	-3.30597	
85.6	0.337	0.103	-9.08977e-06	0	-2.242	1.06246e-06	0	0.0322611	0	0	-3.30597	
85.61	0.337	0.103	-9.07648e-06	0	-2.242	1.0609e-06	0	0.0322611	0	0	-3.30597	
85.62	0.337	0.103	-9.06321e-06	0	-2.242	1.05935e-06	0	0.0322611	0	0	-3.30597	
85.63	0.337	0.103	-9.04996e-06	0	-2.242	1.0578e-06	0	0.0322611	0	0	-3.30597	
85.64	0.337	0.103	-9.03672e-06	0	-2.242	1.05626e-06	0	0.0322611	0	0	-3.30597	
85.65	0.337	0.103	-9.02351e-06	0	-2.242	1.05471e-06	0	0.0322611	0	0	-3.30597	
85.66	0.337	0.103	-9.01032e-06	0	-2.242	1.05317e-06	0	0.0322611	0	0	-3.30597	
85.67	0.337	0.103	-8.99714e-06	0	-2.242	1.05163e-06	0	0.0322611	0	0	-3.30597	
85.68	0.337	0.103	-8.98399e-06	0	-2.242	1.05009e-06	0	0.0322611	0	0	-3.30597	
85.69	0.337	0.103	-8.97085e-06	0	-2.242	1.04856e-06	0	0.0322611	0	0	-3.30597	
85.7	0.337	0.103	-8.95774e-06	0	-2.242	1.04703e-06	0	0.0322611	0	0	-3.30597	
85.71	0.337	0.103	-8.94464e-06	0	-2.242	1.0455e-06	0	0.0322611	0	0	-3.30597	
85.72	0.337	0.103	-8.93156e-06	0	-2.242	1.04397e-06	0	0.0322611	0	0	-3.30597	
85.73	0.337	0.103	-8.9185e-06	0	-2.242	1.04244e-06	0	0.0322611	0	0	-3.30597	
85.74	0.337	0.103	-8.90547e-06	0	-2.242	1.04092e-06	0	0.0322611	0	0	-3.30597	
85.75	0.337	0.103	-8.89244e-06	0	-2.242	1.03939e-06	0	0.0322611	0	0	-3.30597	
85.76	0.337	0.103	-8.87944e-06	0	-2.242	1.03787e-06	0	0.0322611	0	0	-3.30597	
85.77	0.337	0.103	-8.86646e-06	0	-2.242	1.03636e-06	0	0.0322611	0	0	-3.30597	
85.78	0.337	0.103	-8.8535e-06	0	-2.242	1.03484e-06	0	0.0322611	0	0	-3.30597	
85.79	0.337	0.103	-8.84055e-06	0	-2.242	1.03333e-06	0	0.0322611	0	0	-3.30597	
85.8	0.337	0.103	-8.82763e-06	0	-2.242	1.03182e-06	0	0.0322611	0	0	-3.30597	
85.81	0.337	0.103	-8.81472e-06	0	-2.242	1.03031e-06	0	0.0322611	0	0	-3.30597	
85.82	0.337	0.103	-8.80183e-06	0	-2.242	1.0288e-06	0	0.0322611	0	0	-3.30597	
85.83	0.337	0.103	-8.78896e-06	0	-2.242	1.0273e-06	0	0.0322611	0	0	-3.30597	
85.84	0.337	0.103	-8.77611e-06	0	-2.242	1.0258e-06	0	0.0322611	0	0	-3.30597	
85.85	0.337	0.103	-8.76328e-06	0	-2.242	1.0243e-06	0	0.0322611	0	0	-3.30597	
85.86	0.337	0.103	-8.75047e-06	0	-2.242	1.0228e-06	0	0.0322611	0	0	-3.30597	
85.87	0.337	0.103	-8.73768e-06	0	-2.242	1.0213e-06	0	0.0322611	0	0	-3.30597	
85.88	0.337	0.103	-8.7249e-06	0	-2.242	1.01981e-06	0	0.0322611	0	0	-3.30597	
85.89	0.337	0.103	-8.71214e-06	0	-2.242	1.01832e-06	0	0.0322611	0	0	-3.30597	
85.9	0.337	0.103	-8.69941e-06	0	-2.242	1.01683e-06	0	0.0322611	0	0	-3.30597	
85.91	0.337	0.103	-8.68669e-06	0	-2.242	1.01534e-06	0	0.0322611	0	0	-3.30597	
85.92	0.337	0.103	-8.67399e-06	0	-2.242	1.01386e-06	0	0.0322611	0	0	-3.30597	
85.93	0.337	0.103	-8.6613e-06	0	-2.242	1.01238e-06	0	0.0322611	0	0	-3.30597	
85.94	0.337	0.103	-8.64864e-06	0	-2.242	1.0109e-06	0	0.0322611	0	0	-3.30597	
85.95	0.337	0.103	-8.63599e-06	0	-2.242	1.00942e-06	0	0.0322611	0	0	-3.30597	
85.96	0.337	0.103	-8.62337e-06	0	-2.242	1.00794e-06	0	0.0322611	0	0	-3.30597	
85.97	0.337	0.103	-8.61076e-06	0	-2.242	1.00647e-06	0	0.0322611	0	0	-3.30597	
85.98	0.337	0.103	-8.59817e-06	0	-2.242	1.005e-06	0	0.0322611	0	0	-3.30597	
85.99	0.337	0.103	-8.5856e-06	0	-2.242	1.00353e-06	0	0.0322611	0	0	-3.30597	
86	0.337	0.103	-8.57305e-06	0	-2.242	1.00206e-06	0	0.0322611	0	0	-3.30597	
86.01	0.337	0.103	-8.56051e-06	0	-2.242	1.0006e-06	0	0.0322611	0	0	-3.30597	
86.02	0.337	0.103	-8.548e-06	0	-2.242	9.99133e-07	0	0.0322611	0	0	-3.30597	
86.03	0.337	0.103	-8.5355e-06	0	-2.242	9.97673e-07	0	0.0322611	0	0	-3.30597	
86.04	0.337	0.103	-8.52302e-06	0	-2.242	9.96214e-07	0	0.0322611	0	0	-3.30597	
86.05	0.337	0.103	-8.51056e-06	0	-2.242	9.94757e-07	0	0.0322611	0	0	-3.30597	
86.06	0.337	0.103	-8.49811e-06	0	-2.242	9.93303e-07	0	0.0322611	0	0	-3.30597	
86.07	0.337	0.103	-8.48569e-06	0	-2.242	9.91851e-07	0	0.0322611	0	0	-3.30597	
86.08	0.337	0.103	-8.47328e-06	0	-2.242	9.904e-07	0	0.0322611	0	0	-3.30597	
86.09	0.337	0.103	-8.46089e-06	0	-2.242	9.88952e-07	0	0.0322611	0	0	-3.30597	
86.1	0.337	0.103	-8.44852e-06	0	-2.242	9.87506e-07	0	0.0322611	0	0	-3.30597	
86.11	0.337	0.103	-8.43617e-06	0	-2.242	9.86063e-07	0	0.0322611	0	0	-3.30597	
86.12	0.337	0.103	-8.42384e-06	0	-2.242	9.84621e-07	0	0.0322611	0	0	-3.30597	
86.13	0.337	0.103	-8.41152e-06	0	-2.242	9.83181e-07	0	0.0322611	0	0	-3.30597	
86.14	0.337	0.103	-8.39922e-06	0	-2.242	9.81744e-07	0	0.0322611	0	0	-3.30597	
86.15	0.337	0.103	-8.38694e-06	0	-2.242	9.80308e-07	0	0.0322611	0	0	-3.30597	
86.16	0.337	0.103	-8.37468e-06	0	-2.242	9.78875e-07	0	0.0322611	0	0	-3.30597	
86.17	0.337	0.103	-8.36243e-06	0	-2.242	9.77444e-07	0	0.0322611	0	0	-3.30597	
86.18	0.337	0.103	-8.35021e-06	0	-2.242	9.76015e-07	0	0.0322611	0	0	-3.30597	
86.19	0.337	0.103	-8.338e-06	0	-2.242	9.74588e-07	0	0.0322611	0	0	-3.30597	
86.2	0.337	0.103	-8.32581e-06	0	-2.242	9.73163e-07	0	0.0322611	0	0	-3.30597	
86.21	0.337	0.103	-8.31364e-06	0	-2.242	9.7174e-07	0	0.0322611	0	0	-3.30597	
86.22	0.337	0.103	-8.30148e-06	0	-2.242	9.70319e-07	0	0.0322611	0	0	-3.30597	
86.23	0.337	0.103	-8.28934e-06	0	-2.242	9.68901e-07	0	0.0322611	0	0	-3.30597	
86.24	0.337	0.103	-8.27722e-06	0	-2.242	9.67484e-07	0	0.0322611	0	0	-3.30597	
86.25	0.337	0.103	-8.26512e-06	0	-2.242	9.66069e-07	0	0.0322611	0	0	-3.30597	
86.26	0.337	0.103	-8.25304e-06	0	-2.242	9.64657e-07	0	0.0322611	0	0	-3.30597	
86.27	0.337	0.103	-8.24097e-06	0	-2.242	9.63247e-07	0	0.0322611	0	0	-3.30597	
86.28	0.337	0.103	-8.22892e-06	0	-2.242	9.61838e-07	0	0.0322611	0	0	-3.30597	
86.29	0.337	0.103	-8.21689e-06	0	-2.242	9.60432e-07	0	0.0322611	0	0	-3.30597	
86.3	0.337	0.103	-8.20488e-06	0	-2.242	9.59028e-07	0	0.0322611	0	0	-3.30597	
86.31	0.337	0.103	-8.19288e-06	0	-2.242	9.57626e-07	0	0.0322611	0	0	-3.30597	
86.32	0.337	0.103	-8.1809e-06	0	-2.242	9.56225e-07	0	0.0322611	0	0	-3.30597	
86.33	0.337	0.103	-8.16894e-06	0	-2.242	9.54827e-07	0	0.0322611	0	0	-3.30597	
86.34	0.337	0.103	-8.157e-06	0	-2.242	9.53431e-07	0	0.0322611	0	0	-3.30597	
86.35	0.337	0.103	-8.14507e-06	0	-2.242	9.52037e-07	0	0.0322611	0	0	-3.30597	
86.36	0.337	0.103	-8.13316e-06	0	-2.242	9.50645e-07	0	0.0322611	0	0	-3.30597	
86.37	0.337	0.103	-8.12127e-06	0	-2.242	9.49255e-07	0	0.0322611	0	0	-3.30597	
86.38	0.337	0.103	-8.1094e-06	0	-2.242	9.47868e-07	0	0.0322611	0	0	-3.30597	
86.39	0.337	0.103	-8.09754e-06	0	-2.242	9.46482e-07	0	0.0322611	0	0	-3.30597	
86.4	0.337	0.103	-8.0857e-06	0	-2.242	9.45098e-07	0	0.0322611	0	0	-3.30597	
86.41	0.337	0.103	-8.07388e-06	0	-2.242	9.43716e-07	0	0.0322611	0	0	-3.30597	
86.42	0.337	0.103	-8.06207e-06	0	-2.242	9.42336e-07	0	0.0322611	0	0	-3.30597	
86.43	0.337	0.103	-8.05029e-06	0	-2.242	9.40958e-07	0	0.0322611	0	0	-3.30597	
86.44	0.337	0.103	-8.03852e-06	0	-2.242	9.39583e-07	0	0.0322611	0	0	-3.30597	
86.45	0.337	0.103	-8.02676e-06	0	-2.242	9.38209e-07	0	0.0322611	0	0	-3.30597	
86.46	0.337	0.103	-8.01503e-06	0	-2.242	9.36837e-07	0	0.0322611	0	0	-3.30597	
86.47	0.337	0.103	-8.00331e-06	0	-2.242	9.35467e-07	0	0.0322611	0	0	-3.30597	
86.48	0.337	0.103	-7.99161e-06	0	-2.242	9.341e-07	0	0.0322611	0	0	-3.30597	
86.49	0.337	0.103	-7.97992e-06	0	-2.242	9.32734e-07	0	0.0322611	0	0	-3.30597	
86.5	0.337	0.103	-7.96825e-06	0	-2.242	9.3137e-07	0	0.0322611	0	0	-3.30597	
86.51	0.337	0.103	-7.9566e-06	0	-2.242	9.30009e-07	0	0.0322611	0	0	-3.30597	
86.52	0.337	0.103	-7.94497e-06	0	-2.242	9.28649e-07	0	0.0322611	0	0	-3.30597	
86.53	0.337	0.103	-7.93336e-06	0	-2.242	9.27291e-07	0	0.0322611	0	0	-3.30597	
86.54	0.337	0.103	-7.92176e-06	0	-2.242	9.25935e-07	0	0.0322611	0	0	-3.30597	
86.55	0.337	0.103	-7.91017e-06	0	-2.242	9.24581e-07	0	0.0322611	0	0	-3.30597	
86.56	0.337	0.103	-7.89861e-06	0	-2.242	9.2323e-07	0	0.0322611	0	0	-3.30597	
86.57	0.337	0.103	-7.88706e-06	0	-2.242	9.2188e-07	0	0.0322611	0	0	-3.30597	
86.58	0.337	0.103	-7.87553e-06	0	-2.242	9.20532e-07	0	0.0322611	0	0	-3.30597	
86.59	0.337	0.103	-7.86401e-06	0	-2.242	9.19186e-07	0	0.0322611	0	0	-3.30597	
86.6	0.337	0.103	-7.85252e-06	0	-2.242	9.17842e-07	0	0.0322611	0	0	-3.30597	
86.61	0.337	0.103	-7.84103e-06	0	-2.242	9.165e-07	0	0.0322611	0	0	-3.30597	
86.62	0.337	0.103	-7.82957e-06	0	-2.242	9.1516e-07	0	0.0322611	0	0	-3.30597	
86.63	0.337	0.103	-7.81812e-06	0	-2.242	9.13822e-07	0	0.0322611	0	0	-3.30597	
86.64	0.337	0.103	-7.80669e-06	0	-2.242	9.12486e-07	0	0.0322611	0	0	-3.30597	
86.65	0.337	0.103	-7.79528e-06	0	-2.242	9.11152e-07	0	0.0322611	0	0	-3.30597	
86.66	0.337	0.103	-7.78388e-06	0	-2.242	9.0982e-07	0	0.0322611	0	0	-3.30597	
86.67	0.337	0.103	-7.7725e-06	0	-2.242	9.08489e-07	0	0.0322611	0	0	-3.30597	
86.68	0.337	0.103	-7.76114e-06	0	-2.242	9.07161e-07	0	0.0322611	0	0	-3.30597	
86.69	0.337	0.103	-7.74979e-06	0	-2.242	9.05835e-07	0	0.0322611	0	0	-3.30597	
86.7	0.337	0.103	-7.73846e-06	0	-2.242	9.0451e-07	0	0.0322611	0	0	-3.30597	
86.71	0.337	0.103	-7.72714e-06	0	-2.242	9.03188e-07	0	0.0322611	0	0	-3.30597	
86.72	0.337	0.103	-7.71585e-06	0	-2.242	9.01867e-07	0	0.0322611	0	0	-3.30597	
86.73	0.337	0.103	-7.70456e-06	0	-2.242	9.00549e-07	0	0.0322611	0	0	-3.30597	
86.74	0.337	0.103	-7.6933e-06	0	-2.242	8.99232e-07	0	0.0322611	0	0	-3.30597	
86.75	0.337	0.103	-7.68205e-06	0	-2.242	8.97917e-07	0	0.0322611	0	0	-3.30597	
86.76	0.337	0.103	-7.67082e-06	0	-2.242	8.96605e-07	0	0.0322611	0	0	-3.30597	
86.77	0.337	0.103	-7.6596e-06	0	-2.242	8.95294e-07	0	0.0322611	0	0	-3.30597	
86.78	0.337	0.103	-7.64841e-06	0	-2.242	8.93985e-07	0	0.0322611	0	0	-3.30597	
86.79	0.337	0.103	-7.63722e-06	0	-2.242	8.92678e-07	0	0.0322611	0	0	-3.30597	
86.8	0.337	0.103	-7.62606e-06	0	-2.242	8.91372e-07	0	0.0322611	0	0	-3.30597	
86.81	0.337	0.103	-7.61491e-06	0	-2.242	8.90069e-07	0	0.0322611	0	0	-3.30597	
86.82	0.337	0.103	-7.60377e-06	0	-2.242	8.88768e-07	0	0.0322611	0	0	-3.30597	
86.83	0.337	0.103	-7.59266e-06	0	-2.242	8.87468e-07	0	0.0322611	0	0	-3.30597	
86.84	0.337	0.103	-7.58155e-06	0	-2.242	8.86171e-07	0	0.0322611	0	0	-3.30597	
86.85	0.337	0.103	-7.57047e-06	0	-2.242	8.84875e-07	0	0.0322611	0	0	-3.30597	
86.86	0.337	0.103	-7.5594e-06	0	-2.242	8.83581e-07	0	0.0322611	0	0	-3.30597	
86.87	0.337	0.103	-7.54835e-06	0	-2.242	8.8229e-07	0	0.0322611	0	0	-3.30597	
86.88	0.337	0.103	-7.53731e-06	0	-2.242	8.81e-07	0	0.0322611	0	0	-3.30597	
86.89	0.337	0.103	-7.52629e-06	0	-2.242	8.79711e-07	0	0.0322611	0	0	-3.30597	
86.9	0.337	0.103	-7.51529e-06	0	-2.242	8.78425e-07	0	0.0322611	0	0	-3.30597	
86.91	0.337	0.103	-7.5043e-06	0	-2.242	8.77141e-07	0	0.0322611	0	0	-3.30597	
86.92	0.337	0.103	-7.49333e-06	0	-2.242	8.75858e-07	0	0.0322611	0	0	-3.30597	
86.93	0.337	0.103	-7.48237e-06	0	-2.242	8.74578e-07	0	0.0322611	0	0	-3.30597	
86.94	0.337	0.103	-7.47143e-06	0	-2.242	8.73299e-07	0	0.0322611	0	0	-3.30597	
86.95	0.337	0.103	-7.46051e-06	0	-2.242	8.72022e-07	0	0.0322611	0	0	-3.30597	
86.96	0.337	0.103	-7.4496e-06	0	-2.242	8.70747e-07	0	0.0322611	0	0	-3.30597	
86.97	0.337	0.103	-7.43871e-06	0	-2.242	8.69474e-07	0	0.0322611	0	0	-3.30597	
86.98	0.337	0.103	-7.42783e-06	0	-2.242	8.68203e-07	0	0.0322611	0	0	-3.30597	
86.99	0.337	0.103	-7.41697e-06	0	-2.242	8.66934e-07	0	0.0322611	0	0	-3.30597	
87	0.337	0.103	-7.40613e-06	0	-2.242	8.65666e-07	0	0.0322611	0	0	-3.30597	
87.01	0.337	0.103	-7.3953e-06	0	-2.242	8.644e-07	0	0.0322611	0	0	-3.30597	
87.02	0.337	0.103	-7.38449e-06	0	-2.242	8.63137e-07	0	0.0322611	0	0	-3.30597	
87.03	0.337	0.103	-7.37369e-06	0	-2.242	8.61875e-07	0	0.0322611	0	0	-3.30597	
87.04	0.337	0.103	-7.36291e-06	0	-2.242	8.60614e-07	0	0.0322611	0	0	-3.30597	
87.05	0.337	0.103	-7.35214e-06	0	-2.242	8.59356e-07	0	0.0322611	0	0	-3.30597	
87.06	0.337	0.103	-7.3414e-06	0	-2.242	8.581e-07	0	0.0322611	0	0	-3.30597	
87.07	0.337	0.103	-7.33066e-06	0	-2.242	8.56845e-07	0	0.0322611	0	0	-3.30597	
87.08	0.337	0.103	-7.31994e-06	0	-2.242	8.55592e-07	0	0.0322611	0	0	-3.30597	
87.09	0.337	0.103	-7.30924e-06	0	-2.242	8.54341e-07	0	0.0322611	0	0	-3.30597	
87.1	0.337	0.103	-7.29855e-06	0	-2.242	8.53092e-07	0	0.0322611	0	0	-3.30597	
87.11	0.337	0.103	-7.28788e-06	0	-2.242	8.51845e-07	0	0.0322611	0	0	-3.30597	
87.12	0.337	0.103	-7.27723e-06	0	-2.242	8.506e-07	0	0.0322611	0	0	-3.30597	
87.13	0.337	0.103	-7.26659e-06	0	-2.242	8.49356e-07	0	0.0322611	0	0	-3.30597	
87.14	0.337	0.103	-7.25596e-06	0	-2.242	8.48114e-07	0	0.0322611	0	0	-3.30597	
87.15	0.337	0.103	-7.24535e-06	0	-2.242	8.46874e-07	0	0.0322611	0	0	-3.30597	
87.16	0.337	0.103	-7.23476e-06	0	-2.242	8.45636e-07	0	0.0322611	0	0	-3.30597	
87.17	0.337	0.103	-7.22418e-06	0	-2.242	8.44399e-07	0	0.0322611	0	0	-3.30597	
87.18	0.337	0.103	-7.21362e-06	0	-2.242	8.43165e-07	0	0.0322611	0	0	-3.30597	
87.19	0.337	0.103	-7.20307e-06	0	-2.242	8.41932e-07	0	0.0322611	0	0	-3.30597	
87.2	0.337	0.103	-7.19254e-06	0	-2.242	8.40701e-07	0	0.0322611	0	0	-3.30597	
87.21	0.337	0.103	-7.18203e-06	0	-2.242	8.39472e-07	0	0.0322611	0	0	-3.30597	
87.22	0.337	0.103	-7.17153e-06	0	-2.242	8.38245e-07	0	0.0322611	0	0	-3.30597	
87.23	0.337	0.103	-7.16104e-06	0	-2.242	8.37019e-07	0	0.0322611	0	0	-3.30597	
87.24	0.337	0.103	-7.15057e-06	0	-2.242	8.35795e-07	0	0.0322611	0	0	-3.30597	
87.25	0.337	0.103	-7.14012e-06	0	-2.242	8.34573e-07	0	0.0322611	0	0	-3.30597	
87.26	0.337	0.103	-7.12968e-06	0	-2.242	8.33353e-07	0	0.0322611	0	0	-3.30597	
87.27	0.337	0.103	-7.11925e-06	0	-2.242	8.32135e-07	0	0.0322611	0	0	-3.30597	
87.28	0.337	0.103	-7.10884e-06	0	-2.242	8.30918e-07	0	0.0322611	0	0	-3.30597	
87.29	0.337	0.103	-7.09845e-06	0	-2.242	8.29703e-07	0	0.0322611	0	0	-3.30597	
87.3	0.337	0.103	-7.08807e-06	0	-2.242	8.2849e-07	0	0.0322611	0	0	-3.30597	
87.31	0.337	0.103	-7.07771e-06	0	-2.242	8.27279e-07	0	0.0322611	0	0	-3.30597	
87.32	0.337	0.103	-7.06736e-06	0	-2.242	8.26069e-07	0	0.0322611	0	0	-3.30597	
87.33	0.337	0.103	-7.05703e-06	0	-2.242	8.24861e-07	0	0.0322611	0	0	-3.30597	
87.34	0.337	0.103	-7.04671e-06	0	-2.242	8.23655e-07	0	0.0322611	0	0	-3.30597	
87.35	0.337	0.103	-7.03641e-06	0	-2.242	8.22451e-07	0	0.0322611	0	0	-3.30597	
87.36	0.337	0.103	-7.02612e-06	0	-2.242	8.21248e-07	0	0.0322611	0	0	-3.30597	
87.37	0.337	0.103	-7.01585e-06	0	-2.242	8.20048e-07	0	0.0322611	0	0	-3.30597	
87.38	0.337	0.103	-7.00559e-06	0	-2.242	8.18849e-07	0	0.0322611	0	0	-3.30597	
87.39	0.337	0.103	-6.99534e-06	0	-2.242	8.17652e-07	0	0.0322611	0	0	-3.30597	
87.4	0.337	0.103	-6.98512e-06	0	-2.242	8.16456e-07	0	0.0322611	0	0	-3.30597	
87.41	0.337	0.103	-6.9749e-06	0	-2.242	8.15262e-07	0	0.0322611	0	0	-3.30597	
87.42	0.337	0.103	-6.96471e-06	0	-2.242	8.1407e-07	0	0.0322611	0	0	-3.30597	
87.43	0.337	0.103	-6.95452e-06	0	-2.242	8.1288e-07	0	0.0322611	0	0	-3.30597	
87.44	0.337	0.103	-6.94436e-06	0	-2.242	8.11692e-07	0	0.0322611	0	0	-3.30597	
87.45	0.337	0.103	-6.9342e-06	0	-2.242	8.10505e-07	0	0.0322611	0	0	-3.30597	
87.46	0.337	0.103	-6.92406e-06	0	-2.242	8.0932e-07	0	0.0322611	0	0	-3.30597	
87.47	0.337	0.103	-6.91394e-06	0	-2.242	8.08137e-07	0	0.0322611	0	0	-3.30597	
87.48	0.337	0.103	-6.90383e-06	0	-2.242	8.06955e-07	0	0.0322611	0	0	-3.30597	
87.49	0.337	0.103	-6.89374e-06	0	-2.242	8.05775e-07	0	0.0322611	0	0	-3.30597	
87.5	0.337	0.103	-6.88366e-06	0	-2.242	8.04597e-07	0	0.0322611	0	0	-3.30597	
87.51	0.337	0.103	-6.87359e-06	0	-2.242	8.03421e-07	0	0.0322611	0	0	-3.30597	
87.52	0.337	0.103	-6.86354e-06	0	-2.242	8.02246e-07	0	0.0322611	0	0	-3.30597	
87.53	0.337	0.103	-6.85351e-06	0	-2.242	8.01073e-07	0	0.0322611	0	0	-3.30597	
87.54	0.337	0.103	-6.84349e-06	0	-2.242	7.99902e-07	0	0.0322611	0	0	-3.30597	
87.55	0.337	0.103	-6.83348e-06	0	-2.242	7.98732e-07	0	0.0322611	0	0	-3.30597	
87.56	0.337	0.103	-6.82349e-06	0	-2.242	7.97564e-07	0	0.0322611	0	0	-3.30597	
87.57	0.337	0.103	-6.81351e-06	0	-2.242	7.96398e-07	0	0.0322611	0	0	-3.30597	
87.58	0.337	0.103	-6.80355e-06	0	-2.242	7.95234e-07	0	0.0322611	0	0	-3.30597	
87.59	0.337	0.103	-6.79361e-06	0	-2.242	7.94071e-07	0	0.0322611	0	0	-3.30597	
87.6	0.337	0.103	-6.78367e-06	0	-2.242	7.9291e-07	0	0.0322611	0	0	-3.30597	
87.61	0.337	0.103	-6.77375e-06	0	-2.242	7.91751e-07	0	0.0322611	0	0	-3.30597	
87.62	0.337	0.103	-6.76385e-06	0	-2.242	7.90593e-07	0	0.0322611	0	0	-3.30597	
87.63	0.337	0.103	-6.75396e-06	0	-2.242	7.89437e-07	0	0.0322611	0	0	-3.30597	
87.64	0.337	0.103	-6.74409e-06	0	-2.242	7.88283e-07	0	0.0322611	0	0	-3.30597	
87.65	0.337	0.103	-6.73423e-06	0	-2.242	7.87131e-07	0	0.0322611	0	0	-3.30597	
87.66	0.337	0.103	-6.72438e-06	0	-2.242	7.8598e-07	0	0.0322611	0	0	-3.30597	
87.67	0.337	0.103	-6.71455e-06	0	-2.242	7.84831e-07	0	0.0322611	0	0	-3.30597	
87.68	0.337	0.103	-6.70473e-06	0	-2.242	7.83683e-07	0	0.0322611	0	0	-3.30597	
87.69	0.337	0.103	-6.69493e-06	0	-2.242	7.82537e-07	0	0.0322611	0	0	-3.30597	
87.7	0.337	0.103	-6.68514e-06	0	-2.242	7.81393e-07	0	0.0322611	0	0	-3.30597	
87.71	0.337	0.103	-6.67537e-06	0	-2.242	7.80251e-07	0	0.0322611	0	0	-3.30597	
87.72	0.337	0.103	-6.66561e-06	0	-2.242	7.7911e-07	0	0.0322611	0	0	-3.30597	
87.73	0.337	0.103	-6.65586e-06	0	-2.242	7.77971e-07	0	0.0322611	0	0	-3.30597	
87.74	0.337	0.103	-6.64613e-06	0	-2.242	7.76833e-07	0	0.0322611	0	0	-3.30597	
87.75	0.337	0.103	-6.63641e-06	0	-2.242	7.75698e-07	0	0.0322611	0	0	-3.30597	
87.76	0.337	0.103	-6.62671e-06	0	-2.242	7.74563e-07	0	0.0322611	0	0	-3.30597	
87.77	0.337	0.103	-6.61702e-06	0	-2.242	7.73431e-07	0	0.0322611	0	0	-3.30597	
87.78	0.337	0.103	-6.60734e-06	0	-2.242	7.723e-07	0	0.0322611	0	0	-3.30597	
87.79	0.337	0.103	-6.59768e-06	0	-2.242	7.71171e-07	0	0.0322611	0	0	-3.30597	
87.8	0.337	0.103	-6.58804e-06	0	-2.242	7.70043e-07	0	0.0322611	0	0	-3.30597	
87.81	0.337	0.103	-6.57841e-06	0	-2.242	7.68918e-07	0	0.0322611	0	0	-3.30597	
87.82	0.337	0.103	-6.56879e-06	0	-2.242	7.67793e-07	0	0.0322611	0	0	-3.30597	
87.83	0.337	0.103	-6.55918e-06	0	-2.242	7.66671e-07	0	0.0322611	0	0	-3.30597	
87.84	0.337	0.103	-6.54959e-06	0	-2.242	7.6555e-07	0	0.0322611	0	0	-3.30597	
87.85	0.337	0.103	-6.54002e-06	0	-2.242	7.64431e-07	0	0.0322611	0	0	-3.30597	
87.86	0.337	0.103	-6.53046e-06	0	-2.242	7.63313e-07	0	0.0322611	0	0	-3.30597	
87.87	0.337	0.103	-6.52091e-06	0	-2.242	7.62197e-07	0	0.0322611	0	0	-3.30597	
87.88	0.337	0.103	-6.51137e-06	0	-2.242	7.61083e-07	0	0.0322611	0	0	-3.30597	
87.89	0.337	0.103	-6.50185e-06	0	-2.242	7.5997e-07	0	0.0322611	0	0	-3.30597	
87.9	0.337	0.103	-6.49235e-06	0	-2.242	7.58859e-07	0	0.0322611	0	0	-3.30597	
87.91	0.337	0.103	-6.48285e-06	0	-2.242	7.57749e-07	0	0.0322611	0	0	-3.30597	
87.92	0.337	0.103	-6.47338e-06	0	-2.242	7.56641e-07	0	0.0322611	0	0	-3.30597	
87.93	0.337	0.103	-6.46391e-06	0	-2.242	7.55535e-07	0	0.0322611	0	0	-3.30597	
87.94	0.337	0.103	-6.45446e-06	0	-2.242	7.5443e-07	0	0.0322611	0	0	-3.30597	
87.95	0.337	0.103	-6.44502e-06	0	-2.242	7.53327e-07	0	0.0322611	0	0	-3.30597	
87.96	0.337	0.103	-6.4356e-06	0	-2.242	7.52226e-07	0	0.0322611	0	0	-3.30597	
87.97	0.337	0.103	-6.42619e-06	0	-2.242	7.51126e-07	0	0.0322611	0	0	-3.30597	
87.98	0.337	0.103	-6.4168e-06	0	-2.242	7.50028e-07	0	0.0322611	0	0	-3.30597	
87.99	0.337	0.103	-6.40741e-06	0	-2.242	7.48931e-07	0	0.0322611	0	0	-3.30597	
88	0.337	0.103	-6.39805e-06	0	-2.242	7.47836e-07	0	0.0322611	0	0	-3.30597	
88.01	0.337	0.103	-6.38869e-06	0	-2.242	7.46743e-07	0	0.0322611	0	0	-3.30597	
88.02	0.337	0.103	-6.37935e-06	0	-2.242	7.45651e-07	0	0.0322611	0	0	-3.30597	
88.03	0.337	0.103	-6.37002e-06	0	-2.242	7.44561e-07	0	0.0322611	0	0	-3.30597	
88.04	0.337	0.103	-6.36071e-06	0	-2.242	7.43472e-07	0	0.0322611	0	0	-3.30597	
88.05	0.337	0.103	-6.35141e-06	0	-2.242	7.42385e-07	0	0.0322611	0	0	-3.30597	
88.06	0.337	0.103	-6.34212e-06	0	-2.242	7.413e-07	0	0.0322611	0	0	-3.30597	
88.07	0.337	0.103	-6.33285e-06	0	-2.242	7.40216e-07	0	0.0322611	0	0	-3.30597	
88.08	0.337	0.103	-6.32359e-06	0	-2.242	7.39134e-07	0	0.0322611	0	0	-3.30597	
88.09	0.337	0.103	-6.31435e-06	0	-2.242	7.38053e-07	0	0.0322611	0	0	-3.30597	
88.1	0.337	0.103	-6.30511e-06	0	-2.242	7.36974e-07	0	0.0322611	0	0	-3.30597	
88.11	0.337	0.103	-6.2959e-06	0	-2.242	7.35896e-07	0	0.0322611	0	0	-3.30597	
88.12	0.337	0.103	-6.28669e-06	0	-2.242	7.3482e-07	0	0.0322611	0	0	-3.30597	
88.13	0.337	0.103	-6.2775e-06	0	-2.242	7.33746e-07	0	0.0322611	0	0	-3.30597	
88.14	0.337	0.103	-6.26832e-06	0	-2.242	7.32673e-07	0	0.0322611	0	0	-3.30597	
88.15	0.337	0.103	-6.25916e-06	0	-2.242	7.31602e-07	0	0.0322611	0	0	-3.30597	
88.16	0.337	0.103	-6.25e-06	0	-2.242	7.30532e-07	0	0.0322611	0	0	-3.30597	
88.17	0.337	0.103	-6.24087e-06	0	-2.242	7.29464e-07	0	0.0322611	0	0	-3.30597	
88.18	0.337	0.103	-6.23174e-06	0	-2.242	7.28398e-07	0	0.0322611	0	0	-3.30597	
88.19	0.337	0.103	-6.22263e-06	0	-2.242	7.27333e-07	0	0.0322611	0	0	-3.30597	
88.2	0.337	0.103	-6.21353e-06	0	-2.242	7.26269e-07	0	0.0322611	0	0	-3.30597	
88.21	0.337	0.103	-6.20445e-06	0	-2.242	7.25207e-07	0	0.0322611	0	0	-3.30597	
88.22	0.337	0.103	-6.19538e-06	0	-2.242	7.24147e-07	0	0.0322611	0	0	-3.30597	
88.23	0.337	0.103	-6.18632e-06	0	-2.242	7.23088e-07	0	0.0322611	0	0	-3.30597	
88.24	0.337	0.103	-6.17727e-06	0	-2.242	7.22031e-07	0	0.0322611	0	0	-3.30597	
88.25	0.337	0.103	-6.16824e-06	0	-2.242	7.20975e-07	0	0.0322611	0	0	-3.30597	
88.26	0.337	0.103	-6.15922e-06	0	-2.242	7.19921e-07	0	0.0322611	0	0	-3.30597	
88.27	0.337	0.103	-6.15022e-06	0	-2.242	7.18869e-07	0	0.0322611	0	0	-3.30597	
88.28	0.337	0.103	-6.14123e-06	0	-2.242	7.17818e-07	0	0.0322611	0	0	-3.30597	
88.29	0.337	0.103	-6.13225e-06	0	-2.242	7.16768e-07	0	0.0322611	0	0	-3.30597	
88.3	0.337	0.103	-6.12328e-06	0	-2.242	7.1572e-07	0	0.0322611	0	0	-3.30597	
88.31	0.337	0.103	-6.11433e-06	0	-2.242	7.14674e-07	0	0.0322611	0	0	-3.30597	
88.32	0.337	0.103	-6.10539e-06	0	-2.242	7.13629e-07	0	0.0322611	0	0	-3.30597	
88.33	0.337	0.103	-6.09646e-06	0	-2.242	7.12585e-07	0	0.0322611	0	0	-3.30597	
88.34	0.337	0.103	-6.08755e-06	0	-2.242	7.11544e-07	0	0.0322611	0	0	-3.30597	
88.35	0.337	0.103	-6.07865e-06	0	-2.242	7.10503e-07	0	0.0322611	0	0	-3.30597	
88.36	0.337	0.103	-6.06976e-06	0	-2.242	7.09464e-07	0	0.0322611	0	0	-3.30597	
88.37	0.337	0.103	-6.06089e-06	0	-2.242	7.08427e-07	0	0.0322611	0	0	-3.30597	
88.38	0.337	0.103	-6.05202e-06	0	-2.242	7.07391e-07	0	0.0322611	0	0	-3.30597	
88.39	0.337	0.103	-6.04318e-06	0	-2.242	7.06357e-07	0	0.0322611	0	0	-3.30597	
88.4	0.337	0.103	-6.03434e-06	0	-2.242	7.05324e-07	0	0.0322611	0	0	-3.30597	
88.41	0.337	0.103	-6.02552e-06	0	-2.242	7.04293e-07	0	0.0322611	0	0	-3.30597	
88.42	0.337	0.103	-6.01671e-06	0	-2.242	7.03263e-07	0	0.0322611	0	0	-3.30597	
88.43	0.337	0.103	-6.00791e-06	0	-2.242	7.02235e-07	0	0.0322611	0	0	-3.30597	
88.44	0.337	0.103	-5.99913e-06	0	-2.242	7.01208e-07	0	0.0322611	0	0	-3.30597	
88.45	0.337	0.103	-5.99035e-06	0	-2.242	7.00183e-07	0	0.0322611	0	0	-3.30597	
88.46	0.337	0.103	-5.9816e-06	0	-2.242	6.9916e-07	0	0.0322611	0	0	-3.30597	
88.47	0.337	0.103	-5.97285e-06	0	-2.242	6.98137e-07	0	0.0322611	0	0	-3.30597	
88.48	0.337	0.103	-5.96412e-06	0	-2.242	6.97117e-07	0	0.0322611	0	0	-3.30597	
88.49	0.337	0.103	-5.9554e-06	0	-2.242	6.96097e-07	0	0.0322611	0	0	-3.30597	
88.5	0.337	0.103	-5.94669e-06	0	-2.242	6.9508e-07	0	0.0322611	0	0	-3.30597	
88.51	0.337	0.103	-5.938e-06	0	-2.242	6.94063e-07	0	0.0322611	0	0	-3.30597	
88.52	0.337	0.103	-5.92931e-06	0	-2.242	6.93048e-07	0	0.0322611	0	0	-3.30597	
88.53	0.337	0.103	-5.92065e-06	0	-2.242	6.92035e-07	0	0.0322611	0	0	-3.30597	
88.54	0.337	0.103	-5.91199e-06	0	-2.242	6.91023e-07	0	0.0322611	0	0	-3.30597	
88.55	0.337	0.103	-5.90334e-06	0	-2.242	6.90013e-07	0	0.0322611	0	0	-3.30597	
88.56	0.337	0.103	-5.89471e-06	0	-2.242	6.89004e-07	0	0.0322611	0	0	-3.30597	
88.57	0.337	0.103	-5.8861e-06	0	-2.242	6.87997e-07	0	0.0322611	0	0	-3.30597	
88.58	0.337	0.103	-5.87749e-06	0	-2.242	6.86991e-07	0	0.0322611	0	0	-3.30597	
88.59	0.337	0.103	-5.8689e-06	0	-2.242	6.85986e-07	0	0.0322611	0	0	-3.30597	
88.6	0.337	0.103	-5.86031e-06	0	-2.242	6.84984e-07	0	0.0322611	0	0	-3.30597	
88.61	0.337	0.103	-5.85175e-06	0	-2.242	6.83982e-07	0	0.0322611	0	0	-3.30597	
88.62	0.337	0.103	-5.84319e-06	0	-2.242	6.82982e-07	0	0.0322611	0	0	-3.30597	
88.63	0.337	0.103	-5.83465e-06	0	-2.242	6.81983e-07	0	0.0322611	0	0	-3.30597	
88.64	0.337	0.103	-5.82612e-06	0	-2.242	6.80986e-07	0	0.0322611	0	0	-3.30597	
88.65	0.337	0.103	-5.8176e-06	0	-2.242	6.79991e-07	0	0.0322611	0	0	-3.30597	
88.66	0.337	0.103	-5.80909e-06	0	-2.242	6.78996e-07	0	0.0322611	0	0	-3.30597	
88.67	0.337	0.103	-5.8006e-06	0	-2.242	6.78004e-07	0	0.0322611	0	0	-3.30597	
88.68	0.337	0.103	-5.79212e-06	0	-2.242	6.77012e-07	0	0.0322611	0	0	-3.30597	
88.69	0.337	0.103	-5.78365e-06	0	-2.242	6.76023e-07	0	0.0322611	0	0	-3.30597	
88.7	0.337	0.103	-5.77519e-06	0	-2.242	6.75034e-07	0	0.0322611	0	0	-3.30597	
88.71	0.337	0.103	-5.76675e-06	0	-2.242	6.74047e-07	0	0.0322611	0	0	-3.30597	
88.72	0.337	0.103	-5.75832e-06	0	-2.242	6.73062e-07	0	0.0322611	0	0	-3.30597	
88.73	0.337	0.103	-5.7499e-06	0	-2.242	6.72078e-07	0	0.0322611	0	0	-3.30597	
88.74	0.337	0.103	-5.74149e-06	0	-2.242	6.71095e-07	0	0.0322611	0	0	-3.30597	
88.75	0.337	0.103	-5.7331e-06	0	-2.242	6.70114e-07	0	0.0322611	0	0	-3.30597	
88.76	0.337	0.103	-5.72472e-06	0	-2.242	6.69134e-07	0	0.0322611	0	0	-3.30597	
88.77	0.337	0.103	-5.71635e-06	0	-2.242	6.68156e-07	0	0.0322611	0	0	-3.30597	
88.78	0.337	0.103	-5.70799e-06	0	-2.242	6.67179e-07	0	0.0322611	0	0	-3.30597	
88.79	0.337	0.103	-5.69964e-06	0	-2.242	6.66203e-07	0	0.0322611	0	0	-3.30597	
88.8	0.337	0.103	-5.69131e-06	0	-2.242	6.65229e-07	0	0.0322611	0	0	-3.30597	
88.81	0.337	0.103	-5.68299e-06	0	-2.242	6.64257e-07	0	0.0322611	0	0	-3.30597	
88.82	0.337	0.103	-5.67468e-06	0	-2.242	6.63285e-07	0	0.0322611	0	0	-3.30597	
88.83	0.337	0.103	-5.66638e-06	0	-2.242	6.62316e-07	0	0.0322611	0	0	-3.30597	
88.84	0.337	0.103	-5.6581e-06	0	-2.242	6.61347e-07	0	0.0322611	0	0	-3.30597	
88.85	0.337	0.103	-5.64982e-06	0	-2.242	6.6038e-07	0	0.0322611	0	0	-3.30597	
88.86	0.337	0.103	-5.64156e-06	0	-2.242	6.59415e-07	0	0.0322611	0	0	-3.30597	
88.87	0.337	0.103	-5.63332e-06	0	-2.242	6.58451e-07	0	0.0322611	0	0	-3.30597	
88.88	0.337	0.103	-5.62508e-06	0	-2.242	6.57488e-07	0	0.0322611	0	0	-3.30597	
88.89	0.337	0.103	-5.61686e-06	0	-2.242	6.56527e-07	0	0.0322611	0	0	-3.30597	
88.9	0.337	0.103	-5.60864e-06	0	-2.242	6.55567e-07	0	0.0322611	0	0	-3.30597	
88.91	0.337	0.103	-5.60044e-06	0	-2.242	6.54608e-07	0	0.0322611	0	0	-3.30597	
88.92	0.337	0.103	-5.59225e-06	0	-2.242	6.53651e-07	0	0.0322611	0	0	-3.30597	
88.93	0.337	0.103	-5.58408e-06	0	-2.242	6.52695e-07	0	0.0322611	0	0	-3.30597	
88.94	0.337	0.103	-5.57591e-06	0	-2.242	6.51741e-07	0	0.0322611	0	0	-3.30597	
88.95	0.337	0.103	-5.56776e-06	0	-2.242	6.50788e-07	0	0.0322611	0	0	-3.30597	
88.96	0.337	0.103	-5.55962e-06	0	-2.242	6.49837e-07	0	0.0322611	0	0	-3.30597	
88.97	0.337	0.103	-5.55149e-06	0	-2.242	6.48887e-07	0	0.0322611	0	0	-3.30597	
88.98	0.337	0.103	-5.54338e-06	0	-2.242	6.47938e-07	0	0.0322611	0	0	-3.30597	
88.99	0.337	0.103	-5.53527e-06	0	-2.242	6.46991e-07	0	0.0322611	0	0	-3.30597	
89	0.337	0.103	-5.52718e-06	0	-2.242	6.46045e-07	0	0.0322611	0	0	-3.30597	
89.01	0.337	0.103	-5.5191e-06	0	-2.242	6.451e-07	0	0.0322611	0	0	-3.30597	
89.02	0.337	0.103	-5.51103e-06	0	-2.242	6.44157e-07	0	0.0322611	0	0	-3.30597	
89.03	0.337	0.103	-5.50297e-06	0	-2.242	6.43215e-07	0	0.0322611	0	0	-3.30597	
89.04	0.337	0.103	-5.49492e-06	0	-2.242	6.42275e-07	0	0.0322611	0	0	-3.30597	
89.05	0.337	0.103	-5.48689e-06	0	-2.242	6.41336e-07	0	0.0322611	0	0	-3.30597	
89.06	0.337	0.103	-5.47887e-06	0	-2.242	6.40398e-07	0	0.0322611	0	0	-3.30597	
89.07	0.337	0.103	-5.47086e-06	0	-2.242	6.39462e-07	0	0.0322611	0	0	-3.30597	
89.08	0.337	0.103	-5.46286e-06	0	-2.242	6.38527e-07	0	0.0322611	0	0	-3.30597	
89.09	0.337	0.103	-5.45487e-06	0	-2.242	6.37593e-07	0	0.0322611	0	0	-3.30597	
89.1	0.337	0.103	-5.44689e-06	0	-2.242	6.36661e-07	0	0.0322611	0	0	-3.30597	
89.11	0.337	0.103	-5.43893e-06	0	-2.242	6.3573e-07	0	0.0322611	0	0	-3.30597	
89.12	0.337	0.103	-5.43098e-06	0	-2.242	6.34801e-07	0	0.0322611	0	0	-3.30597	
89.13	0.337	0.103	-5.42304e-06	0	-2.242	6.33872e-07	0	0.0322611	0	0	-3.30597	
89.14	0.337	0.103	-5.41511e-06	0	-2.242	6.32946e-07	0	0.0322611	0	0	-3.30597	
89.15	0.337	0.103	-5.40719e-06	0	-2.242	6.3202e-07	0	0.0322611	0	0	-3.30597	
89.16	0.337	0.103	-5.39929e-06	0	-2.242	6.31096e-07	0	0.0322611	0	0	-3.30597	
89.17	0.337	0.103	-5.39139e-06	0	-2.242	6.30173e-07	0	0.0322611	0	0	-3.30597	
89.18	0.337	0.103	-5.38351e-06	0	-2.242	6.29252e-07	0	0.0322611	0	0	-3.30597	
89.19	0.337	0.103	-5.37564e-06	0	-2.242	6.28332e-07	0	0.0322611	0	0	-3.30597	
89.2	0.337	0.103	-5.36778e-06	0	-2.242	6.27413e-07	0	0.0322611	0	0	-3.30597	
89.21	0.337	0.103	-5.35993e-06	0	-2.242	6.26496e-07	0	0.0322611	0	0	-3.30597	
89.22	0.337	0.103	-5.35209e-06	0	-2.242	6.2558e-07	0	0.0322611	0	0	-3.30597	
89.23	0.337	0.103	-5.34427e-06	0	-2.242	6.24665e-07	0	0.0322611	0	0	-3.30597	
89.24	0.337	0.103	-5.33645e-06	0	-2.242	6.23752e-07	0	0.0322611	0	0	-3.30597	
89.25	0.337	0.103	-5.32865e-06	0	-2.242	6.2284e-07	0	0.0322611	0	0	-3.30597	
89.26	0.337	0.103	-5.32086e-06	0	-2.242	6.21929e-07	0	0.0322611	0	0	-3.30597	
89.27	0.337	0.103	-5.31308e-06	0	-2.242	6.2102e-07	0	0.0322611	0	0	-3.30597	
89.28	0.337	0.103	-5.30531e-06	0	-2.242	6.20112e-07	0	0.0322611	0	0	-3.30597	
89.29	0.337	0.103	-5.29756e-06	0	-2.242	6.19205e-07	0	0.0322611	0	0	-3.30597	
89.3	0.337	0.103	-5.28981e-06	0	-2.242	6.183e-07	0	0.0322611	0	0	-3.30597	
89.31	0.337	0.103	-5.28208e-06	0	-2.242	6.17396e-07	0	0.0322611	0	0	-3.30597	
89.32	0.337	0.103	-5.27435e-06	0	-2.242	6.16493e-07	0	0.0322611	0	0	-3.30597	
89.33	0.337	0.103	-5.26664e-06	0	-2.242	6.15592e-07	0	0.0322611	0	0	-3.30597	
89.34	0.337	0.103	-5.25894e-06	0	-2.242	6.14692e-07	0	0.0322611	0	0	-3.30597	
89.35	0.337	0.103	-5.25125e-06	0	-2.242	6.13793e-07	0	0.0322611	0	0	-3.30597	
89.36	0.337	0.103	-5.24358e-06	0	-2.242	6.12896e-07	0	0.0322611	0	0	-3.30597	
89.37	0.337	0.103	-5.23591e-06	0	-2.242	6.12e-07	0	0.0322611	0	0	-3.30597	
89.38	0.337	0.103	-5.22825e-06	0	-2.242	6.11105e-07	0	0.0322611	0	0	-3.30597	
89.39	0.337	0.103	-5.22061e-06	0	-2.242	6.10212e-07	0	0.0322611	0	0	-3.30597	
89.4	0.337	0.103	-5.21298e-06	0	-2.242	6.09319e-07	0	0.0322611	0	0	-3.30597	
89.41	0.337	0.103	-5.20536e-06	0	-2.242	6.08428e-07	0	0.0322611	0	0	-3.30597	
89.42	0.337	0.103	-5.19774e-06	0	-2.242	6.07539e-07	0	0.0322611	0	0	-3.30597	
89.43	0.337	0.103	-5.19015e-06	0	-2.242	6.06651e-07	0	0.0322611	0	0	-3.30597	
89.44	0.337	0.103	-5.18256e-06	0	-2.242	6.05764e-07	0	0.0322611	0	0	-3.30597	
89.45	0.337	0.103	-5.17498e-06	0	-2.242	6.04878e-07	0	0.0322611	0	0	-3.30597	
89.46	0.337	0.103	-5.16741e-06	0	-2.242	6.03994e-07	0	0.0322611	0	0	-3.30597	
89.47	0.337	0.103	-5.15986e-06	0	-2.242	6.03111e-07	0	0.0322611	0	0	-3.30597	
89.48	0.337	0.103	-5.15231e-06	0	-2.242	6.02229e-07	0	0.0322611	0	0	-3.30597	
89.49	0.337	0.103	-5.14478e-06	0	-2.242	6.01348e-07	0	0.0322611	0	0	-3.30597	
89.5	0.337	0.103	-5.13726e-06	0	-2.242	6.00469e-07	0	0.0322611	0	0	-3.30597	
89.51	0.337	0.103	-5.12975e-06	0	-2.242	5.99591e-07	0	0.0322611	0	0	-3.30597	
89.52	0.337	0.103	-5.12225e-06	0	-2.242	5.98714e-07	0	0.0322611	0	0	-3.30597	
89.53	0.337	0.103	-5.11476e-06	0	-2.242	5.97839e-07	0	0.0322611	0	0	-3.30597	
89.54	0.337	0.103	-5.10728e-06	0	-2.242	5.96965e-07	0	0.0322611	0	0	-3.30597	
89.55	0.337	0.103	-5.09981e-06	0	-2.242	5.96092e-07	0	0.0322611	0	0	-3.30597	
89.56	0.337	0.103	-5.09236e-06	0	-2.242	5.95221e-07	0	0.0322611	0	0	-3.30597	
89.57	0.337	0.103	-5.08491e-06	0	-2.242	5.9435e-07	0	0.0322611	0	0	-3.30597	
89.58	0.337	0.103	-5.07748e-06	0	-2.242	5.93481e-07	0	0.0322611	0	0	-3.30597	
89.59	0.337	0.103	-5.07005e-06	0	-2.242	5.92614e-07	0	0.0322611	0	0	-3.30597	
89.6	0.337	0.103	-5.06264e-06	0	-2.242	5.91747e-07	0	0.0322611	0	0	-3.30597	
89.61	0.337	0.103	-5.05524e-06	0	-2.242	5.90882e-07	0	0.0322611	0	0	-3.30597	
89.62	0.337	0.103	-5.04785e-06	0	-2.242	5.90018e-07	0	0.0322611	0	0	-3.30597	
89.63	0.337	0.103	-5.04047e-06	0	-2.242	5.89155e-07	0	0.0322611	0	0	-3.30597	
89.64	0.337	0.103	-5.0331e-06	0	-2.242	5.88294e-07	0	0.0322611	0	0	-3.30597	
89.65	0.337	0.103	-5.02574e-06	0	-2.242	5.87434e-07	0	0.0322611	0	0	-3.30597	
89.66	0.337	0.103	-5.01839e-06	0	-2.242	5.86575e-07	0	0.0322611	0	0	-3.30597	
89.67	0.337	0.103	-5.01105e-06	0	-2.242	5.85717e-07	0	0.0322611	0	0	-3.30597	
89.68	0.337	0.103	-5.00373e-06	0	-2.242	5.84861e-07	0	0.0322611	0	0	-3.30597	
89.69	0.337	0.103	-4.99641e-06	0	-2.242	5.84006e-07	0	0.0322611	0	0	-3.30597	
89.7	0.337	0.103	-4.9891e-06	0	-2.242	5.83152e-07	0	0.0322611	0	0	-3.30597	
89.71	0.337	0.103	-4.98181e-06	0	-2.242	5.82299e-07	0	0.0322611	0	0	-3.30597	
89.72	0.337	0.103	-4.97453e-06	0	-2.242	5.81448e-07	0	0.0322611	0	0	-3.30597	
89.73	0.337	0.103	-4.96725e-06	0	-2.242	5.80598e-07	0	0.0322611	0	0	-3.30597	
89.74	0.337	0.103	-4.95999e-06	0	-2.242	5.79749e-07	0	0.0322611	0	0	-3.30597	
89.75	0.337	0.103	-4.95274e-06	0	-2.242	5.78901e-07	0	0.0322611	0	0	-3.30597	
89.76	0.337	0.103	-4.9455e-06	0	-2.242	5.78055e-07	0	0.0322611	0	0	-3.30597	
89.77	0.337	0.103	-4.93827e-06	0	-2.242	5.7721e-07	0	0.0322611	0	0	-3.30597	
89.78	0.337	0.103	-4.93105e-06	0	-2.242	5.76366e-07	0	0.0322611	0	0	-3.30597	
89.79	0.337	0.103	-4.92384e-06	0	-2.242	5.75523e-07	0	0.0322611	0	0	-3.30597	
89.8	0.337	0.103	-4.91664e-06	0	-2.242	5.74682e-07	0	0.0322611	0	0	-3.30597	
89.81	0.337	0.103	-4.90945e-06	0	-2.242	5.73842e-07	0	0.0322611	0	0	-3.30597	
89.82	0.337	0.103	-4.90227e-06	0	-2.242	5.73002e-07	0	0.0322611	0	0	-3.30597	
89.83	0.337	0.103	-4.8951e-06	0	-2.242	5.72165e-07	0	0.0322611	0	0	-3.30597	
89.84	0.337	0.103	-4.88795e-06	0	-2.242	5.71328e-07	0	0.0322611	0	0	-3.30597	
89.85	0.337	0.103	-4.8808e-06	0	-2.242	5.70493e-07	0	0.0322611	0	0	-3.30597	
89.86	0.337	0.103	-4.87366e-06	0	-2.242	5.69659e-07	0	0.0322611	0	0	-3.30597	
89.87	0.337	0.103	-4.86654e-06	0	-2.242	5.68826e-07	0	0.0322611	0	0	-3.30597	
89.88	0.337	0.103	-4.85942e-06	0	-2.242	5.67994e-07	0	0.0322611	0	0	-3.30597	
89.89	0.337	0.103	-4.85232e-06	0	-2.242	5.67164e-07	0	0.0322611	0	0	-3.30597	
89.9	0.337	0.103	-4.84522e-06	0	-2.242	5.66334e-07	0	0.0322611	0	0	-3.30597	
89.91	0.337	0.103	-4.83814e-06	0	-2.242	5.65506e-07	0	0.0322611	0	0	-3.30597	
89.92	0.337	0.103	-4.83107e-06	0	-2.242	5.6468e-07	0	0.0322611	0	0	-3.30597	
89.93	0.337	0.103	-4.824e-06	0	-2.242	5.63854e-07	0	0.0322611	0	0	-3.30597	
89.94	0.337	0.103	-4.81695e-06	0	-2.242	5.6303e-07	0	0.0322611	0	0	-3.30597	
89.95	0.337	0.103	-4.80991e-06	0	-2.242	5.62206e-07	0	0.0322611	0	0	-3.30597	
89.96	0.337	0.103	-4.80287e-06	0	-2.242	5.61384e-07	0	0.0322611	0	0	-3.30597	
89.97	0.337	0.103	-4.79585e-06	0	-2.242	5.60564e-07	0	0.0322611	0	0	-3.30597	
89.98	0.337	0.103	-4.78884e-06	0	-2.242	5.59744e-07	0	0.0322611	0	0	-3.30597	
89.99	0.337	0.103	-4.78184e-06	0	-2.242	5.58926e-07	0	0.0322611	0	0	-3.30597	
90	0.337	0.103	-4.77485e-06	0	-2.242	5.58108e-07	0	0.0322611	0	0	-3.30597	
90.01	0.337	0.103	-4.76787e-06	0	-2.242	5.57292e-07	0	0.0322611	0	0	-3.30597	
90.02	0.337	0.103	-4.76089e-06	0	-2.242	5.56478e-07	0	0.0322611	0	0	-3.30597	
90.03	0.337	0.103	-4.75393e-06	0	-2.242	5.55664e-07	0	0.0322611	0	0	-3.30597	
90.04	0.337	0.103	-4.74698e-06	0	-2.242	5.54852e-07	0	0.0322611	0	0	-3.30597	
90.05	0.337	0.103	-4.74004e-06	0	-2.242	5.5404e-07	0	0.0322611	0	0	-3.30597	
90.06	0.337	0.103	-4.73311e-06	0	-2.242	5.5323e-07	0	0.0322611	0	0	-3.30597	
90.07	0.337	0.103	-4.72619e-06	0	-2.242	5.52421e-07	0	0.0322611	0	0	-3.30597	
90.08	0.337	0.103	-4.71928e-06	0	-2.242	5.51614e-07	0	0.0322611	0	0	-3.30597	
90.09	0.337	0.103	-4.71238e-06	0	-2.242	5.50807e-07	0	0.0322611	0	0	-3.30597	
90.1	0.337	0.103	-4.70549e-06	0	-2.242	5.50002e-07	0	0.0322611	0	0	-3.30597	
90.11	0.337	0.103	-4.69861e-06	0	-2.242	5.49198e-07	0	0.0322611	0	0	-3.30597	
90.12	0.337	0.103	-4.69174e-06	0	-2.242	5.48395e-07	0	0.0322611	0	0	-3.30597	
90.13	0.337	0.103	-4.68488e-06	0	-2.242	5.47593e-07	0	0.0322611	0	0	-3.30597	
90.14	0.337	0.103	-4.67803e-06	0	-2.242	5.46792e-07	0	0.0322611	0	0	-3.30597	
90.15	0.337	0.103	-4.67119e-06	0	-2.242	5.45993e-07	0	0.0322611	0	0	-3.30597	
90.16	0.337	0.103	-4.66436e-06	0	-2.242	5.45195e-07	0	0.0322611	0	0	-3.30597	
90.17	0.337	0.103	-4.65754e-06	0	-2.242	5.44398e-07	0	0.0322611	0	0	-3.30597	
90.18	0.337	0.103	-4.65073e-06	0	-2.242	5.43602e-07	0	0.0322611	0	0	-3.30597	
90.19	0.337	0.103	-4.64393e-06	0	-2.242	5.42807e-07	0	0.0322611	0	0	-3.30597	
90.2	0.337	0.103	-4.63714e-06	0	-2.242	5.42013e-07	0	0.0322611	0	0	-3.30597	
90.21	0.337	0.103	-4.63036e-06	0	-2.242	5.41221e-07	0	0.0322611	0	0	-3.30597	
90.22	0.337	0.103	-4.6236e-06	0	-2.242	5.40429e-07	0	0.0322611	0	0	-3.30597	
90.23	0.337	0.103	-4.61683e-06	0	-2.242	5.39639e-07	0	0.0322611	0	0	-3.30597	
90.24	0.337	0.103	-4.61008e-06	0	-2.242	5.3885e-07	0	0.0322611	0	0	-3.30597	
90.25	0.337	0.103	-4.60334e-06	0	-2.242	5.38062e-07	0	0.0322611	0	0	-3.30597	
90.26	0.337	0.103	-4.59661e-06	0	-2.242	5.37276e-07	0	0.0322611	0	0	-3.30597	
90.27	0.337	0.103	-4.58989e-06	0	-2.242	5.3649e-07	0	0.0322611	0	0	-3.30597	
90.28	0.337	0.103	-4.58318e-06	0	-2.242	5.35706e-07	0	0.0322611	0	0	-3.30597	
90.29	0.337	0.103	-4.57648e-06	0	-2.242	5.34923e-07	0	0.0322611	0	0	-3.30597	
90.3	0.337	0.103	-4.56979e-06	0	-2.242	5.3414e-07	0	0.0322611	0	0	-3.30597	
90.31	0.337	0.103	-4.56311e-06	0	-2.242	5.33359e-07	0	0.0322611	0	0	-3.30597	
90.32	0.337	0.103	-4.55644e-06	0	-2.242	5.3258e-07	0	0.0322611	0	0	-3.30597	
90.33	0.337	0.103	-4.54978e-06	0	-2.242	5.31801e-07	0	0.0322611	0	0	-3.30597	
90.34	0.337	0.103	-4.54312e-06	0	-2.242	5.31023e-07	0	0.0322611	0	0	-3.30597	
90.35	0.337	0.103	-4.53648e-06	0	-2.242	5.30247e-07	0	0.0322611	0	0	-3.30597	
90.36	0.337	0.103	-4.52985e-06	0	-2.242	5.29472e-07	0	0.0322611	0	0	-3.30597	
90.37	0.337	0.103	-4.52323e-06	0	-2.242	5.28698e-07	0	0.0322611	0	0	-3.30597	
90.38	0.337	0.103	-4.51661e-06	0	-2.242	5.27925e-07	0	0.0322611	0	0	-3.30597	
90.39	0.337	0.103	-4.51001e-06	0	-2.242	5.27153e-07	0	0.0322611	0	0	-3.30597	
90.4	0.337	0.103	-4.50341e-06	0	-2.242	5.26382e-07	0	0.0322611	0	0	-3.30597	
90.41	0.337	0.103	-4.49683e-06	0	-2.242	5.25612e-07	0	0.0322611	0	0	-3.30597	
90.42	0.337	0.103	-4.49025e-06	0	-2.242	5.24844e-07	0	0.0322611	0	0	-3.30597	
90.43	0.337	0.103	-4.48369e-06	0	-2.242	5.24077e-07	0	0.0322611	0	0	-3.30597	
90.44	0.337	0.103	-4.47713e-06	0	-2.242	5.2331e-07	0	0.0322611	0	0	-3.30597	
90.45	0.337	0.103	-4.47059e-06	0	-2.242	5.22545e-07	0	0.0322611	0	0	-3.30597	
90.46	0.337	0.103	-4.46405e-06	0	-2.242	5.21781e-07	0	0.0322611	0	0	-3.30597	
90.47	0.337	0.103	-4.45753e-06	0	-2.242	5.21018e-07	0	0.0322611	0	0	-3.30597	
90.48	0.337	0.103	-4.45101e-06	0	-2.242	5.20257e-07	0	0.0322611	0	0	-3.30597	
90.49	0.337	0.103	-4.4445e-06	0	-2.242	5.19496e-07	0	0.0322611	0	0	-3.30597	
90.5	0.337	0.103	-4.438e-06	0	-2.242	5.18736e-07	0	0.0322611	0	0	-3.30597	
90.51	0.337	0.103	-4.43151e-06	0	-2.242	5.17978e-07	0	0.0322611	0	0	-3.30597	
90.52	0.337	0.103	-4.42503e-06	0	-2.242	5.17221e-07	0	0.0322611	0	0	-3.30597	
90.53	0.337	0.103	-4.41856e-06	0	-2.242	5.16464e-07	0	0.0322611	0	0	-3.30597	
90.54	0.337	0.103	-4.4121e-06	0	-2.242	5.15709e-07	0	0.0322611	0	0	-3.30597	
90.55	0.337	0.103	-4.40565e-06	0	-2.242	5.14955e-07	0	0.0322611	0	0	-3.30597	
90.56	0.337	0.103	-4.39921e-06	0	-2.242	5.14202e-07	0	0.0322611	0	0	-3.30597	
90.57	0.337	0.103	-4.39278e-06	0	-2.242	5.1345e-07	0	0.0322611	0	0	-3.30597	
90.58	0.337	0.103	-4.38636e-06	0	-2.242	5.127e-07	0	0.0322611	0	0	-3.30597	
90.59	0.337	0.103	-4.37994e-06	0	-2.242	5.1195e-07	0	0.0322611	0	0	-3.30597	
90.6	0.337	0.103	-4.37354e-06	0	-2.242	5.11202e-07	0	0.0322611	0	0	-3.30597	
90.61	0.337	0.103	-4.36715e-06	0	-2.242	5.10454e-07	0	0.0322611	0	0	-3.30597	
90.62	0.337	0.103	-4.36076e-06	0	-2.242	5.09708e-07	0	0.0322611	0	0	-3.30597	
90.63	0.337	0.103	-4.35438e-06	0	-2.242	5.08963e-07	0	0.0322611	0	0	-3.30597	
90.64	0.337	0.103	-4.34802e-06	0	-2.242	5.08219e-07	0	0.0322611	0	0	-3.30597	
90.65	0.337	0.103	-4.34166e-06	0	-2.242	5.07475e-07	0	0.0322611	0	0	-3.30597	
90.66	0.337	0.103	-4.33531e-06	0	-2.242	5.06733e-07	0	0.0322611	0	0	-3.30597	
90.67	0.337	0.103	-4.32897e-06	0	-2.242	5.05993e-07	0	0.0322611	0	0	-3.30597	
90.68	0.337	0.103	-4.32265e-06	0	-2.242	5.05253e-07	0	0.0322611	0	0	-3.30597	
90.69	0.337	0.103	-4.31633e-06	0	-2.242	5.04514e-07	0	0.0322611	0	0	-3.30597	
90.7	0.337	0.103	-4.31001e-06	0	-2.242	5.03776e-07	0	0.0322611	0	0	-3.30597	
90.71	0.337	0.103	-4.30371e-06	0	-2.242	5.0304e-07	0	0.0322611	0	0	-3.30597	
90.72	0.337	0.103	-4.29742e-06	0	-2.242	5.02304e-07	0	0.0322611	0	0	-3.30597	
90.73	0.337	0.103	-4.29114e-06	0	-2.242	5.0157e-07	0	0.0322611	0	0	-3.30597	
90.74	0.337	0.103	-4.28486e-06	0	-2.242	5.00837e-07	0	0.0322611	0	0	-3.30597	
90.75	0.337	0.103	-4.2786e-06	0	-2.242	5.00104e-07	0	0.0322611	0	0	-3.30597	
90.76	0.337	0.103	-4.27234e-06	0	-2.242	4.99373e-07	0	0.0322611	0	0	-3.30597	
90.77	0.337	0.103	-4.2661e-06	0	-2.242	4.98643e-07	0	0.0322611	0	0	-3.30597	
90.78	0.337	0.103	-4.25986e-06	0	-2.242	4.97914e-07	0	0.0322611	0	0	-3.30597	
90.79	0.337	0.103	-4.25363e-06	0	-2.242	4.97186e-07	0	0.0322611	0	0	-3.30597	
90.8	0.337	0.103	-4.24741e-06	0	-2.242	4.96459e-07	0	0.0322611	0	0	-3.30597	
90.81	0.337	0.103	-4.2412e-06	0	-2.242	4.95733e-07	0	0.0322611	0	0	-3.30597	
90.82	0.337	0.103	-4.235e-06	0	-2.242	4.95008e-07	0	0.0322611	0	0	-3.30597	
90.83	0.337	0.103	-4.22881e-06	0	-2.242	4.94285e-07	0	0.0322611	0	0	-3.30597	
90.84	0.337	0.103	-4.22263e-06	0	-2.242	4.93562e-07	0	0.0322611	0	0	-3.30597	
90.85	0.337	0.103	-4.21645e-06	0	-2.242	4.9284e-07	0	0.0322611	0	0	-3.30597	
90.86	0.337	0.103	-4.21029e-06	0	-2.242	4.9212e-07	0	0.0322611	0	0	-3.30597	
90.87	0.337	0.103	-4.20413e-06	0	-2.242	4.914e-07	0	0.0322611	0	0	-3.30597	
90.88	0.337	0.103	-4.19798e-06	0	-2.242	4.90682e-07	0	0.0322611	0	0	-3.30597	
90.89	0.337	0.103	-4.19185e-06	0	-2.242	4.89964e-07	0	0.0322611	0	0	-3.30597	
90.9	0.337	0.103	-4.18572e-06	0	-2.242	4.89248e-07	0	0.0322611	0	0	-3.30597	
90.91	0.337	0.103	-4.1796e-06	0	-2.242	4.88533e-07	0	0.0322611	0	0	-3.30597	
90.92	0.337	0.103	-4.17349e-06	0	-2.242	4.87818e-07	0	0.0322611	0	0	-3.30597	
90.93	0.337	0.103	-4.16738e-06	0	-2.242	4.87105e-07	0	0.0322611	0	0	-3.30597	
90.94	0.337	0.103	-4.16129e-06	0	-2.242	4.86393e-07	0	0.0322611	0	0	-3.30597	
90.95	0.337	0.103	-4.15521e-06	0	-2.242	4.85682e-07	0	0.0322611	0	0	-3.30597	
90.96	0.337	0.103	-4.14913e-06	0	-2.242	4.84972e-07	0	0.0322611	0	0	-3.30597	
90.97	0.337	0.103	-4.14307e-06	0	-2.242	4.84263e-07	0	0.0322611	0	0	-3.30597	
90.98	0.337	0.103	-4.13701e-06	0	-2.242	4.83555e-07	0	0.0322611	0	0	-3.30597	
90.99	0.337	0.103	-4.13096e-06	0	-2.242	4.82848e-07	0	0.0322611	0	0	-3.30597	
91	0.337	0.103	-4.12492e-06	0	-2.242	4.82142e-07	0	0.0322611	0	0	-3.30597	
91.01	0.337	0.103	-4.11889e-06	0	-2.242	4.81437e-07	0	0.0322611	0	0	-3.30597	
91.02	0.337	0.103	-4.11287e-06	0	-2.242	4.80733e-07	0	0.0322611	0	0	-3.30597	
91.03	0.337	0.103	-4.10685e-06	0	-2.242	4.8003e-07	0	0.0322611	0	0	-3.30597	
91.04	0.337	0.103	-4.10085e-06	0	-2.242	4.79328e-07	0	0.0322611	0	0	-3.30597	
91.05	0.337	0.103	-4.09485e-06	0	-2.242	4.78627e-07	0	0.0322611	0	0	-3.30597	
91.06	0.337	0.103	-4.08887e-06	0	-2.242	4.77928e-07	0	0.0322611	0	0	-3.30597	
91.07	0.337	0.103	-4.08289e-06	0	-2.242	4.77229e-07	0	0.0322611	0	0	-3.30597	
91.08	0.337	0.103	-4.07692e-06	0	-2.242	4.76531e-07	0	0.0322611	0	0	-3.30597	
91.09	0.337	0.103	-4.07096e-06	0	-2.242	4.75834e-07	0	0.0322611	0	0	-3.30597	
91.1	0.337	0.103	-4.06501e-06	0	-2.242	4.75139e-07	0	0.0322611	0	0	-3.30597	
91.11	0.337	0.103	-4.05906e-06	0	-2.242	4.74444e-07	0	0.0322611	0	0	-3.30597	
91.12	0.337	0.103	-4.05313e-06	0	-2.242	4.7375e-07	0	0.0322611	0	0	-3.30597	
91.13	0.337	0.103	-4.0472e-06	0	-2.242	4.73058e-07	0	0.0322611	0	0	-3.30597	
91.14	0.337	0.103	-4.04128e-06	0	-2.242	4.72366e-07	0	0.0322611	0	0	-3.30597	
91.15	0.337	0.103	-4.03538e-06	0	-2.242	4.71675e-07	0	0.0322611	0	0	-3.30597	
91.16	0.337	0.103	-4.02948e-06	0	-2.242	4.70986e-07	0	0.0322611	0	0	-3.30597	
91.17	0.337	0.103	-4.02358e-06	0	-2.242	4.70297e-07	0	0.0322611	0	0	-3.30597	
91.18	0.337	0.103	-4.0177e-06	0	-2.242	4.69609e-07	0	0.0322611	0	0	-3.30597	
91.19	0.337	0.103	-4.01183e-06	0	-2.242	4.68923e-07	0	0.0322611	0	0	-3.30597	
91.2	0.337	0.103	-4.00596e-06	0	-2.242	4.68237e-07	0	0.0322611	0	0	-3.30597	
91.21	0.337	0.103	-4.0001e-06	0	-2.242	4.67553e-07	0	0.0322611	0	0	-3.30597	
91.22	0.337	0.103	-3.99426e-06	0	-2.242	4.66869e-07	0	0.0322611	0	0	-3.30597	
91.23	0.337	0.103	-3.98842e-06	0	-2.242	4.66186e-07	0	0.0322611	0	0	-3.30597	
91.24	0.337	0.103	-3.98258e-06	0	-2.242	4.65505e-07	0	0.0322611	0	0	-3.30597	
91.25	0.337	0.103	-3.97676e-06	0	-2.242	4.64824e-07	0	0.0322611	0	0	-3.30597	
91.26	0.337	0.103	-3.97095e-06	0	-2.242	4.64145e-07	0	0.0322611	0	0	-3.30597	
91.27	0.337	0.103	-3.96514e-06	0	-2.242	4.63466e-07	0	0.0322611	0	0	-3.30597	
91.28	0.337	0.103	-3.95934e-06	0	-2.242	4.62788e-07	0	0.0322611	0	0	-3.30597	
91.29	0.337	0.103	-3.95355e-06	0	-2.242	4.62112e-07	0	0.0322611	0	0	-3.30597	
91.3	0.337	0.103	-3.94777e-06	0	-2.242	4.61436e-07	0	0.0322611	0	0	-3.30597	
91.31	0.337	0.103	-3.942e-06	0	-2.242	4.60761e-07	0	0.0322611	0	0	-3.30597	
91.32	0.337	0.103	-3.93624e-06	0	-2.242	4.60088e-07	0	0.0322611	0	0	-3.30597	
91.33	0.337	0.103	-3.93048e-06	0	-2.242	4.59415e-07	0	0.0322611	0	0	-3.30597	
91.34	0.337	0.103	-3.92474e-06	0	-2.242	4.58743e-07	0	0.0322611	0	0	-3.30597	
91.35	0.337	0.103	-3.919e-06	0	-2.242	4.58073e-07	0	0.0322611	0	0	-3.30597	
91.36	0.337	0.103	-3.91327e-06	0	-2.242	4.57403e-07	0	0.0322611	0	0	-3.30597	
91.37	0.337	0.103	-3.90755e-06	0	-2.242	4.56734e-07	0	0.0322611	0	0	-3.30597	
91.38	0.337	0.103	-3.90183e-06	0	-2.242	4.56066e-07	0	0.0322611	0	0	-3.30597	
91.39	0.337	0.103	-3.89613e-06	0	-2.242	4.55399e-07	0	0.0322611	0	0	-3.30597	
91.4	0.337	0.103	-3.89043e-06	0	-2.242	4.54734e-07	0	0.0322611	0	0	-3.30597	
91.41	0.337	0.103	-3.88474e-06	0	-2.242	4.54069e-07	0	0.0322611	0	0	-3.30597	
91.42	0.337	0.103	-3.87907e-06	0	-2.242	4.53405e-07	0	0.0322611	0	0	-3.30597	
91.43	0.337	0.103	-3.87339e-06	0	-2.242	4.52742e-07	0	0.0322611	0	0	-3.30597	
91.44	0.337	0.103	-3.86773e-06	0	-2.242	4.5208e-07	0	0.0322611	0	0	-3.30597	
91.45	0.337	0.103	-3.86208e-06	0	-2.242	4.51419e-07	0	0.0322611	0	0	-3.30597	
91.46	0.337	0.103	-3.85643e-06	0	-2.242	4.50759e-07	0	0.0322611	0	0	-3.30597	
91.47	0.337	0.103	-3.85079e-06	0	-2.242	4.501e-07	0	0.0322611	0	0	-3.30597	
91.48	0.337	0.103	-3.84516e-06	0	-2.242	4.49442e-07	0	0.0322611	0	0	-3.30597	
91.49	0.337	0.103	-3.83954e-06	0	-2.242	4.48785e-07	0	0.0322611	0	0	-3.30597	
91.5	0.337	0.103	-3.83392e-06	0	-2.242	4.48129e-07	0	0.0322611	0	0	-3.30597	
91.51	0.337	0.103	-3.82832e-06	0	-2.242	4.47473e-07	0	0.0322611	0	0	-3.30597	
91.52	0.337	0.103	-3.82272e-06	0	-2.242	4.46819e-07	0	0.0322611	0	0	-3.30597	
91.53	0.337	0.103	-3.81713e-06	0	-2.242	4.46166e-07	0	0.0322611	0	0	-3.30597	
91.54	0.337	0.103	-3.81155e-06	0	-2.242	4.45514e-07	0	0.0322611	0	0	-3.30597	
91.55	0.337	0.103	-3.80598e-06	0	-2.242	4.44862e-07	0	0.0322611	0	0	-3.30597	
91.56	0.337	0.103	-3.80041e-06	0	-2.242	4.44212e-07	0	0.0322611	0	0	-3.30597	
91.57	0.337	0.103	-3.79486e-06	0	-2.242	4.43562e-07	0	0.0322611	0	0	-3.30597	
91.58	0.337	0.103	-3.78931e-06	0	-2.242	4.42914e-07	0	0.0322611	0	0	-3.30597	
91.59	0.337	0.103	-3.78377e-06	0	-2.242	4.42266e-07	0	0.0322611	0	0	-3.30597	
91.6	0.337	0.103	-3.77824e-06	0	-2.242	4.4162e-07	0	0.0322611	0	0	-3.30597	
91.61	0.337	0.103	-3.77271e-06	0	-2.242	4.40974e-07	0	0.0322611	0	0	-3.30597	
91.62	0.337	0.103	-3.7672e-06	0	-2.242	4.40329e-07	0	0.0322611	0	0	-3.30597	
91.63	0.337	0.103	-3.76169e-06	0	-2.242	4.39685e-07	0	0.0322611	0	0	-3.30597	
91.64	0.337	0.103	-3.75619e-06	0	-2.242	4.39042e-07	0	0.0322611	0	0	-3.30597	
91.65	0.337	0.103	-3.7507e-06	0	-2.242	4.38401e-07	0	0.0322611	0	0	-3.30597	
91.66	0.337	0.103	-3.74521e-06	0	-2.242	4.3776e-07	0	0.0322611	0	0	-3.30597	
91.67	0.337	0.103	-3.73974e-06	0	-2.242	4.3712e-07	0	0.0322611	0	0	-3.30597	
91.68	0.337	0.103	-3.73427e-06	0	-2.242	4.3648e-07	0	0.0322611	0	0	-3.30597	
91.69	0.337	0.103	-3.72881e-06	0	-2.242	4.35842e-07	0	0.0322611	0	0	-3.30597	
91.7	0.337	0.103	-3.72336e-06	0	-2.242	4.35205e-07	0	0.0322611	0	0	-3.30597	
91.71	0.337	0.103	-3.71791e-06	0	-2.242	4.34569e-07	0	0.0322611	0	0	-3.30597	
91.72	0.337	0.103	-3.71248e-06	0	-2.242	4.33933e-07	0	0.0322611	0	0	-3.30597	
91.73	0.337	0.103	-3.70705e-06	0	-2.242	4.33299e-07	0	0.0322611	0	0	-3.30597	
91.74	0.337	0.103	-3.70163e-06	0	-2.242	4.32665e-07	0	0.0322611	0	0	-3.30597	
91.75	0.337	0.103	-3.69622e-06	0	-2.242	4.32033e-07	0	0.0322611	0	0	-3.30597	
91.76	0.337	0.103	-3.69081e-06	0	-2.242	4.31401e-07	0	0.0322611	0	0	-3.30597	
91.77	0.337	0.103	-3.68542e-06	0	-2.242	4.3077e-07	0	0.0322611	0	0	-3.30597	
91.78	0.337	0.103	-3.68003e-06	0	-2.242	4.30141e-07	0	0.0322611	0	0	-3.30597	
91.79	0.337	0.103	-3.67465e-06	0	-2.242	4.29512e-07	0	0.0322611	0	0	-3.30597	
91.8	0.337	0.103	-3.66928e-06	0	-2.242	4.28884e-07	0	0.0322611	0	0	-3.30597	
91.81	0.337	0.103	-3.66391e-06	0	-2.242	4.28257e-07	0	0.0322611	0	0	-3.30597	
91.82	0.337	0.103	-3.65855e-06	0	-2.242	4.2763e-07	0	0.0322611	0	0	-3.30597	
91.83	0.337	0.103	-3.65321e-06	0	-2.242	4.27005e-07	0	0.0322611	0	0	-3.30597	
91.84	0.337	0.103	-3.64786e-06	0	-2.242	4.26381e-07	0	0.0322611	0	0	-3.30597	
91.85	0.337	0.103	-3.64253e-06	0	-2.242	4.25758e-07	0	0.0322611	0	0	-3.30597	
91.86	0.337	0.103	-3.6372e-06	0	-2.242	4.25135e-07	0	0.0322611	0	0	-3.30597	
91.87	0.337	0.103	-3.63189e-06	0	-2.242	4.24513e-07	0	0.0322611	0	0	-3.30597	
91.88	0.337	0.103	-3.62658e-06	0	-2.242	4.23893e-07	0	0.0322611	0	0	-3.30597	
91.89	0.337	0.103	-3.62127e-06	0	-2.242	4.23273e-07	0	0.0322611	0	0	-3.30597	
91.9	0.337	0.103	-3.61598e-06	0	-2.242	4.22654e-07	0	0.0322611	0	0	-3.30597	
91.91	0.337	0.103	-3.61069e-06	0	-2.242	4.22036e-07	0	0.0322611	0	0	-3.30597	
91.92	0.337	0.103	-3.60541e-06	0	-2.242	4.21419e-07	0	0.0322611	0	0	-3.30597	
91.93	0.337	0.103	-3.60014e-06	0	-2.242	4.20803e-07	0	0.0322611	0	0	-3.30597	
91.94	0.337	0.103	-3.59488e-06	0	-2.242	4.20188e-07	0	0.0322611	0	0	-3.30597	
91.95	0.337	0.103	-3.58962e-06	0	-2.242	4.19573e-07	0	0.0322611	0	0	-3.30597	
91.96	0.337	0.103	-3.58437e-06	0	-2.242	4.1896e-07	0	0.0322611	0	0	-3.30597	
91.97	0.337	0.103	-3.57913e-06	0	-2.242	4.18347e-07	0	0.0322611	0	0	-3.30597	
91.98	0.337	0.103	-3.5739e-06	0	-2.242	4.17736e-07	0	0.0322611	0	0	-3.30597	
91.99	0.337	0.103	-3.56868e-06	0	-2.242	4.17125e-07	0	0.0322611	0	0	-3.30597	
92	0.337	0.103	-3.56346e-06	0	-2.242	4.16515e-07	0	0.0322611	0	0	-3.30597	
92.01	0.337	0.103	-3.55825e-06	0	-2.242	4.15906e-07	0	0.0322611	0	0	-3.30597	
92.02	0.337	0.103	-3.55305e-06	0	-2.242	4.15298e-07	0	0.0322611	0	0	-3.30597	
92.03	0.337	0.103	-3.54785e-06	0	-2.242	4.14691e-07	0	0.0322611	0	0	-3.30597	
92.04	0.337	0.103	-3.54266e-06	0	-2.242	4.14085e-07	0	0.0322611	0	0	-3.30597	
92.05	0.337	0.103	-3.53748e-06	0	-2.242	4.13479e-07	0	0.0322611	0	0	-3.30597	
92.06	0.337	0.103	-3.53231e-06	0	-2.242	4.12875e-07	0	0.0322611	0	0	-3.30597	
92.07	0.337	0.103	-3.52715e-06	0	-2.242	4.12271e-07	0	0.0322611	0	0	-3.30597	
92.08	0.337	0.103	-3.52199e-06	0	-2.242	4.11668e-07	0	0.0322611	0	0	-3.30597	
92.09	0.337	0.103	-3.51684e-06	0	-2.242	4.11066e-07	0	0.0322611	0	0	-3.30597	
92.1	0.337	0.103	-3.5117e-06	0	-2.242	4.10465e-07	0	0.0322611	0	0	-3.30597	
92.11	0.337	0.103	-3.50656e-06	0	-2.242	4.09865e-07	0	0.0322611	0	0	-3.30597	
92.12	0.337	0.103	-3.50144e-06	0	-2.242	4.09266e-07	0	0.0322611	0	0	-3.30597	
92.13	0.337	0.103	-3.49632e-06	0	-2.242	4.08667e-07	0	0.0322611	0	0	-3.30597	
92.14	0.337	0.103	-3.49121e-06	0	-2.242	4.0807e-07	0	0.0322611	0	0	-3.30597	
92.15	0.337	0.103	-3.4861e-06	0	-2.242	4.07473e-07	0	0.0322611	0	0	-3.30597	
92.16	0.337	0.103	-3.481e-06	0	-2.242	4.06878e-07	0	0.0322611	0	0	-3.30597	
92.17	0.337	0.103	-3.47591e-06	0	-2.242	4.06283e-07	0	0.0322611	0	0	-3.30597	
92.18	0.337	0.103	-3.47083e-06	0	-2.242	4.05689e-07	0	0.0322611	0	0	-3.30597	
92.19	0.337	0.103	-3.46576e-06	0	-2.242	4.05095e-07	0	0.0322611	0	0	-3.30597	
92.2	0.337	0.103	-3.46069e-06	0	-2.242	4.04503e-07	0	0.0322611	0	0	-3.30597	
92.21	0.337	0.103	-3.45563e-06	0	-2.242	4.03912e-07	0	0.0322611	0	0	-3.30597	
92.22	0.337	0.103	-3.45058e-06	0	-2.242	4.03321e-07	0	0.0322611	0	0	-3.30597	
92.23	0.337	0.103	-3.44553e-06	0	-2.242	4.02732e-07	0	0.0322611	0	0	-3.30597	
92.24	0.337	0.103	-3.4405e-06	0	-2.242	4.02143e-07	0	0.0322611	0	0	-3.30597	
92.25	0.337	0.103	-3.43547e-06	0	-2.242	4.01555e-07	0	0.0322611	0	0	-3.30597	
92.26	0.337	0.103	-3.43044e-06	0	-2.242	4.00968e-07	0	0.0322611	0	0	-3.30597	
92.27	0.337	0.103	-3.42543e-06	0	-2.242	4.00381e-07	0	0.0322611	0	0	-3.30597	
92.28	0.337	0.103	-3.42042e-06	0	-2.242	3.99796e-07	0	0.0322611	0	0	-3.30597	
92.29	0.337	0.103	-3.41542e-06	0	-2.242	3.99211e-07	0	0.0322611	0	0	-3.30597	
92.3	0.337	0.103	-3.41042e-06	0	-2.242	3.98628e-07	0	0.0322611	0	0	-3.30597	
92.31	0.337	0.103	-3.40544e-06	0	-2.242	3.98045e-07	0	0.0322611	0	0	-3.30597	
92.32	0.337	0.103	-3.40046e-06	0	-2.242	3.97463e-07	0	0.0322611	0	0	-3.30597	
92.33	0.337	0.103	-3.39549e-06	0	-2.242	3.96882e-07	0	0.0322611	0	0	-3.30597	
92.34	0.337	0.103	-3.39052e-06	0	-2.242	3.96302e-07	0	0.0322611	0	0	-3.30597	
92.35	0.337	0.103	-3.38557e-06	0	-2.242	3.95722e-07	0	0.0322611	0	0	-3.30597	
92.36	0.337	0.103	-3.38062e-06	0	-2.242	3.95144e-07	0	0.0322611	0	0	-3.30597	
92.37	0.337	0.103	-3.37567e-06	0	-2.242	3.94566e-07	0	0.0322611	0	0	-3.30597	
92.38	0.337	0.103	-3.37074e-06	0	-2.242	3.93989e-07	0	0.0322611	0	0	-3.30597	
92.39	0.337	0.103	-3.36581e-06	0	-2.242	3.93413e-07	0	0.0322611	0	0	-3.30597	
92.4	0.337	0.103	-3.36089e-06	0	-2.242	3.92838e-07	0	0.0322611	0	0	-3.30597	
92.41	0.337	0.103	-3.35597e-06	0	-2.242	3.92263e-07	0	0.0322611	0	0	-3.30597	
92.42	0.337	0.103	-3.35107e-06	0	-2.242	3.9169e-07	0	0.0322611	0	0	-3.30597	
92.43	0.337	0.103	-3.34617e-06	0	-2.242	3.91117e-07	0	0.0322611	0	0	-3.30597	
92.44	0.337	0.103	-3.34128e-06	0	-2.242	3.90545e-07	0	0.0322611	0	0	-3.30597	
92.45	0.337	0.103	-3.33639e-06	0	-2.242	3.89974e-07	0	0.0322611	0	0	-3.30597	
92.46	0.337	0.103	-3.33151e-06	0	-2.242	3.89404e-07	0	0.0322611	0	0	-3.30597	
92.47	0.337	0.103	-3.32664e-06	0	-2.242	3.88835e-07	0	0.0322611	0	0	-3.30597	
92.48	0.337	0.103	-3.32178e-06	0	-2.242	3.88266e-07	0	0.0322611	0	0	-3.30597	
92.49	0.337	0.103	-3.31692e-06	0	-2.242	3.87699e-07	0	0.0322611	0	0	-3.30597	
92.5	0.337	0.103	-3.31207e-06	0	-2.242	3.87132e-07	0	0.0322611	0	0	-3.30597	
92.51	0.337	0.103	-3.30723e-06	0	-2.242	3.86566e-07	0	0.0322611	0	0	-3.30597	
92.52	0.337	0.103	-3.30239e-06	0	-2.242	3.86001e-07	0	0.0322611	0	0	-3.30597	
92.53	0.337	0.103	-3.29756e-06	0	-2.242	3.85436e-07	0	0.0322611	0	0	-3.30597	
92.54	0.337	0.103	-3.29274e-06	0	-2.242	3.84873e-07	0	0.0322611	0	0	-3.30597	
92.55	0.337	0.103	-3.28793e-06	0	-2.242	3.8431e-07	0	0.0322611	0	0	-3.30597	
92.56	0.337	0.103	-3.28312e-06	0	-2.242	3.83748e-07	0	0.0322611	0	0	-3.30597	
92.57	0.337	0.103	-3.27832e-06	0	-2.242	3.83187e-07	0	0.0322611	0	0	-3.30597	
92.58	0.337	0.103	-3.27353e-06	0	-2.242	3.82627e-07	0	0.0322611	0	0	-3.30597	
92.59	0.337	0.103	-3.26874e-06	0	-2.242	3.82067e-07	0	0.0322611	0	0	-3.30597	
92.6	0.337	0.103	-3.26396e-06	0	-2.242	3.81509e-07	0	0.0322611	0	0	-3.30597	
92.61	0.337	0.103	-3.25919e-06	0	-2.242	3.80951e-07	0	0.0322611	0	0	-3.30597	
92.62	0.337	0.103	-3.25443e-06	0	-2.242	3.80394e-07	0	0.0322611	0	0	-3.30597	
92.63	0.337	0.103	-3.24967e-06	0	-2.242	3.79838e-07	0	0.0322611	0	0	-3.30597	
92.64	0.337	0.103	-3.24492e-06	0	-2.242	3.79282e-07	0	0.0322611	0	0	-3.30597	
92.65	0.337	0.103	-3.24017e-06	0	-2.242	3.78728e-07	0	0.0322611	0	0	-3.30597	
92.66	0.337	0.103	-3.23543e-06	0	-2.242	3.78174e-07	0	0.0322611	0	0	-3.30597	
92.67	0.337	0.103	-3.2307e-06	0	-2.242	3.77621e-07	0	0.0322611	0	0	-3.30597	
92.68	0.337	0.103	-3.22598e-06	0	-2.242	3.77069e-07	0	0.0322611	0	0	-3.30597	
92.69	0.337	0.103	-3.22126e-06	0	-2.242	3.76518e-07	0	0.0322611	0	0	-3.30597	
92.7	0.337	0.103	-3.21655e-06	0	-2.242	3.75967e-07	0	0.0322611	0	0	-3.30597	
92.71	0.337	0.103	-3.21185e-06	0	-2.242	3.75418e-07	0	0.0322611	0	0	-3.30597	
92.72	0.337	0.103	-3.20716e-06	0	-2.242	3.74869e-07	0	0.0322611	0	0	-3.30597	
92.73	0.337	0.103	-3.20247e-06	0	-2.242	3.74321e-07	0	0.0322611	0	0	-3.30597	
92.74	0.337	0.103	-3.19778e-06	0	-2.242	3.73773e-07	0	0.0322611	0	0	-3.30597	
92.75	0.337	0.103	-3.19311e-06	0	-2.242	3.73227e-07	0	0.0322611	0	0	-3.30597	
92.76	0.337	0.103	-3.18844e-06	0	-2.242	3.72681e-07	0	0.0322611	0	0	-3.30597	
92.77	0.337	0.103	-3.18378e-06	0	-2.242	3.72136e-07	0	0.0322611	0	0	-3.30597	
92.78	0.337	0.103	-3.17912e-06	0	-2.242	3.71592e-07	0	0.0322611	0	0	-3.30597	
92.79	0.337	0.103	-3.17447e-06	0	-2.242	3.71049e-07	0	0.0322611	0	0	-3.30597	
92.8	0.337	0.103	-3.16983e-06	0	-2.242	3.70506e-07	0	0.0322611	0	0	-3.30597	
92.81	0.337	0.103	-3.1652e-06	0	-2.242	3.69965e-07	0	0.0322611	0	0	-3.30597	
92.82	0.337	0.103	-3.16057e-06	0	-2.242	3.69424e-07	0	0.0322611	0	0	-3.30597	
92.83	0.337	0.103	-3.15595e-06	0	-2.242	3.68884e-07	0	0.0322611	0	0	-3.30597	
92.84	0.337	0.103	-3.15134e-06	0	-2.242	3.68344e-07	0	0.0322611	0	0	-3.30597	
92.85	0.337	0.103	-3.14673e-06	0	-2.242	3.67806e-07	0	0.0322611	0	0	-3.30597	
92.86	0.337	0.103	-3.14213e-06	0	-2.242	3.67268e-07	0	0.0322611	0	0	-3.30597	
92.87	0.337	0.103	-3.13753e-06	0	-2.242	3.66731e-07	0	0.0322611	0	0	-3.30597	
92.88	0.337	0.103	-3.13295e-06	0	-2.242	3.66195e-07	0	0.0322611	0	0	-3.30597	
92.89	0.337	0.103	-3.12837e-06	0	-2.242	3.65659e-07	0	0.0322611	0	0	-3.30597	
92.9	0.337	0.103	-3.12379e-06	0	-2.242	3.65125e-07	0	0.0322611	0	0	-3.30597	
92.91	0.337	0.103	-3.11922e-06	0	-2.242	3.64591e-07	0	0.0322611	0	0	-3.30597	
92.92	0.337	0.103	-3.11466e-06	0	-2.242	3.64058e-07	0	0.0322611	0	0	-3.30597	
92.93	0.337	0.103	-3.11011e-06	0	-2.242	3.63526e-07	0	0.0322611	0	0	-3.30597	
92.94	0.337	0.103	-3.10556e-06	0	-2.242	3.62994e-07	0	0.0322611	0	0	-3.30597	
92.95	0.337	0.103	-3.10102e-06	0	-2.242	3.62463e-07	0	0.0322611	0	0	-3.30597	
92.96	0.337	0.103	-3.09649e-06	0	-2.242	3.61933e-07	0	0.0322611	0	0	-3.30597	
92.97	0.337	0.103	-3.09196e-06	0	-2.242	3.61404e-07	0	0.0322611	0	0	-3.30597	
92.98	0.337	0.103	-3.08744e-06	0	-2.242	3.60876e-07	0	0.0322611	0	0	-3.30597	
92.99	0.337	0.103	-3.08293e-06	0	-2.242	3.60348e-07	0	0.0322611	0	0	-3.30597	
93	0.337	0.103	-3.07842e-06	0	-2.242	3.59821e-07	0	0.0322611	0	0	-3.30597	
93.01	0.337	0.103	-3.07392e-06	0	-2.242	3.59295e-07	0	0.0322611	0	0	-3.30597	
93.02	0.337	0.103	-3.06942e-06	0	-2.242	3.5877e-07	0	0.0322611	0	0	-3.30597	
93.03	0.337	0.103	-3.06494e-06	0	-2.242	3.58245e-07	0	0.0322611	0	0	-3.30597	
93.04	0.337	0.103	-3.06045e-06	0	-2.242	3.57722e-07	0	0.0322611	0	0	-3.30597	
93.05	0.337	0.103	-3.05598e-06	0	-2.242	3.57198e-07	0	0.0322611	0	0	-3.30597	
93.06	0.337	0.103	-3.05151e-06	0	-2.242	3.56676e-07	0	0.0322611	0	0	-3.30597	
93.07	0.337	0.103	-3.04705e-06	0	-2.242	3.56155e-07	0	0.0322611	0	0	-3.30597	
93.08	0.337	0.103	-3.04259e-06	0	-2.242	3.55634e-07	0	0.0322611	0	0	-3.30597	
93.09	0.337	0.103	-3.03815e-06	0	-2.242	3.55114e-07	0	0.0322611	0	0	-3.30597	
93.1	0.337	0.103	-3.0337e-06	0	-2.242	3.54595e-07	0	0.0322611	0	0	-3.30597	
93.11	0.337	0.103	-3.02927e-06	0	-2.242	3.54076e-07	0	0.0322611	0	0	-3.30597	
93.12	0.337	0.103	-3.02484e-06	0	-2.242	3.53559e-07	0	0.0322611	0	0	-3.30597	
93.13	0.337	0.103	-3.02042e-06	0	-2.242	3.53042e-07	0	0.0322611	0	0	-3.30597	
93.14	0.337	0.103	-3.016e-06	0	-2.242	3.52526e-07	0	0.0322611	0	0	-3.30597	
93.15	0.337	0.103	-3.01159e-06	0	-2.242	3.5201e-07	0	0.0322611	0	0	-3.30597	
93.16	0.337	0.103	-3.00719e-06	0	-2.242	3.51496e-07	0	0.0322611	0	0	-3.30597	
93.17	0.337	0.103	-3.00279e-06	0	-2.242	3.50982e-07	0	0.0322611	0	0	-3.30597	
93.18	0.337	0.103	-2.9984e-06	0	-2.242	3.50468e-07	0	0.0322611	0	0	-3.30597	
93.19	0.337	0.103	-2.99402e-06	0	-2.242	3.49956e-07	0	0.0322611	0	0	-3.30597	
93.2	0.337	0.103	-2.98964e-06	0	-2.242	3.49444e-07	0	0.0322611	0	0	-3.30597	
93.21	0.337	0.103	-2.98527e-06	0	-2.242	3.48933e-07	0	0.0322611	0	0	-3.30597	
93.22	0.337	0.103	-2.9809e-06	0	-2.242	3.48423e-07	0	0.0322611	0	0	-3.30597	
93.23	0.337	0.103	-2.97655e-06	0	-2.242	3.47914e-07	0	0.0322611	0	0	-3.30597	
93.24	0.337	0.103	-2.97219e-06	0	-2.242	3.47405e-07	0	0.0322611	0	0	-3.30597	
93.25	0.337	0.103	-2.96785e-06	0	-2.242	3.46897e-07	0	0.0322611	0	0	-3.30597	
93.26	0.337	0.103	-2.96351e-06	0	-2.242	3.4639e-07	0	0.0322611	0	0	-3.30597	
93.27	0.337	0.103	-2.95918e-06	0	-2.242	3.45884e-07	0	0.0322611	0	0	-3.30597	
93.28	0.337	0.103	-2.95485e-06	0	-2.242	3.45378e-07	0	0.0322611	0	0	-3.30597	
93.29	0.337	0.103	-2.95053e-06	0	-2.242	3.44873e-07	0	0.0322611	0	0	-3.30597	
93.3	0.337	0.103	-2.94622e-06	0	-2.242	3.44369e-07	0	0.0322611	0	0	-3.30597	
93.31	0.337	0.103	-2.94191e-06	0	-2.242	3.43865e-07	0	0.0322611	0	0	-3.30597	
93.32	0.337	0.103	-2.93761e-06	0	-2.242	3.43362e-07	0	0.0322611	0	0	-3.30597	
93.33	0.337	0.103	-2.93331e-06	0	-2.242	3.4286e-07	0	0.0322611	0	0	-3.30597	
93.34	0.337	0.103	-2.92902e-06	0	-2.242	3.42359e-07	0	0.0322611	0	0	-3.30597	
93.35	0.337	0.103	-2.92474e-06	0	-2.242	3.41859e-07	0	0.0322611	0	0	-3.30597	
93.36	0.337	0.103	-2.92046e-06	0	-2.242	3.41359e-07	0	0.0322611	0	0	-3.30597	
93.37	0.337	0.103	-2.91619e-06	0	-2.242	3.4086e-07	0	0.0322611	0	0	-3.30597	
93.38	0.337	0.103	-2.91193e-06	0	-2.242	3.40361e-07	0	0.0322611	0	0	-3.30597	
93.39	0.337	0.103	-2.90767e-06	0	-2.242	3.39864e-07	0	0.0322611	0	0	-3.30597	
93.4	0.337	0.103	-2.90342e-06	0	-2.242	3.39367e-07	0	0.0322611	0	0	-3.30597	
93.41	0.337	0.103	-2.89918e-06	0	-2.242	3.38871e-07	0	0.0322611	0	0	-3.30597	
93.42	0.337	0.103	-2.89494e-06	0	-2.242	3.38375e-07	0	0.0322611	0	0	-3.30597	
93.43	0.337	0.103	-2.8907e-06	0	-2.242	3.3788e-07	0	0.0322611	0	0	-3.30597	
93.44	0.337	0.103	-2.88648e-06	0	-2.242	3.37386e-07	0	0.0322611	0	0	-3.30597	
93.45	0.337	0.103	-2.88226e-06	0	-2.242	3.36893e-07	0	0.0322611	0	0	-3.30597	
93.46	0.337	0.103	-2.87804e-06	0	-2.242	3.364e-07	0	0.0322611	0	0	-3.30597	
93.47	0.337	0.103	-2.87384e-06	0	-2.242	3.35909e-07	0	0.0322611	0	0	-3.30597	
93.48	0.337	0.103	-2.86963e-06	0	-2.242	3.35418e-07	0	0.0322611	0	0	-3.30597	
93.49	0.337	0.103	-2.86544e-06	0	-2.242	3.34927e-07	0	0.0322611	0	0	-3.30597	
93.5	0.337	0.103	-2.86125e-06	0	-2.242	3.34437e-07	0	0.0322611	0	0	-3.30597	
93.51	0.337	0.103	-2.85707e-06	0	-2.242	3.33948e-07	0	0.0322611	0	0	-3.30597	
93.52	0.337	0.103	-2.85289e-06	0	-2.242	3.3346e-07	0	0.0322611	0	0	-3.30597	
93.53	0.337	0.103	-2.84872e-06	0	-2.242	3.32973e-07	0	0.0322611	0	0	-3.30597	
93.54	0.337	0.103	-2.84455e-06	0	-2.242	3.32486e-07	0	0.0322611	0	0	-3.30597	
93.55	0.337	0.103	-2.84039e-06	0	-2.242	3.32e-07	0	0.0322611	0	0	-3.30597	
93.56	0.337	0.103	-2.83624e-06	0	-2.242	3.31514e-07	0	0.0322611	0	0	-3.30597	
93.57	0.337	0.103	-2.83209e-06	0	-2.242	3.3103e-07	0	0.0322611	0	0	-3.30597	
93.58	0.337	0.103	-2.82795e-06	0	-2.242	3.30546e-07	0	0.0322611	0	0	-3.30597	
93.59	0.337	0.103	-2.82382e-06	0	-2.242	3.30062e-07	0	0.0322611	0	0	-3.30597	
93.6	0.337	0.103	-2.81969e-06	0	-2.242	3.2958e-07	0	0.0322611	0	0	-3.30597	
93.61	0.337	0.103	-2.81557e-06	0	-2.242	3.29098e-07	0	0.0322611	0	0	-3.30597	
93.62	0.337	0.103	-2.81145e-06	0	-2.242	3.28617e-07	0	0.0322611	0	0	-3.30597	
93.63	0.337	0.103	-2.80734e-06	0	-2.242	3.28136e-07	0	0.0322611	0	0	-3.30597	
93.64	0.337	0.103	-2.80324e-06	0	-2.242	3.27656e-07	0	0.0322611	0	0	-3.30597	
93.65	0.337	0.103	-2.79914e-06	0	-2.242	3.27177e-07	0	0.0322611	0	0	-3.30597	
93.66	0.337	0.103	-2.79504e-06	0	-2.242	3.26699e-07	0	0.0322611	0	0	-3.30597	
93.67	0.337	0.103	-2.79096e-06	0	-2.242	3.26221e-07	0	0.0322611	0	0	-3.30597	
93.68	0.337	0.103	-2.78688e-06	0	-2.242	3.25744e-07	0	0.0322611	0	0	-3.30597	
93.69	0.337	0.103	-2.7828e-06	0	-2.242	3.25268e-07	0	0.0322611	0	0	-3.30597	
93.7	0.337	0.103	-2.77873e-06	0	-2.242	3.24793e-07	0	0.0322611	0	0	-3.30597	
93.71	0.337	0.103	-2.77467e-06	0	-2.242	3.24318e-07	0	0.0322611	0	0	-3.30597	
93.72	0.337	0.103	-2.77061e-06	0	-2.242	3.23843e-07	0	0.0322611	0	0	-3.30597	
93.73	0.337	0.103	-2.76656e-06	0	-2.242	3.2337e-07	0	0.0322611	0	0	-3.30597	
93.74	0.337	0.103	-2.76252e-06	0	-2.242	3.22897e-07	0	0.0322611	0	0	-3.30597	
93.75	0.337	0.103	-2.75848e-06	0	-2.242	3.22425e-07	0	0.0322611	0	0	-3.30597	
93.76	0.337	0.103	-2.75445e-06	0	-2.242	3.21954e-07	0	0.0322611	0	0	-3.30597	
93.77	0.337	0.103	-2.75042e-06	0	-2.242	3.21483e-07	0	0.0322611	0	0	-3.30597	
93.78	0.337	0.103	-2.7464e-06	0	-2.242	3.21013e-07	0	0.0322611	0	0	-3.30597	
93.79	0.337	0.103	-2.74238e-06	0	-2.242	3.20544e-07	0	0.0322611	0	0	-3.30597	
93.8	0.337	0.103	-2.73837e-06	0	-2.242	3.20075e-07	0	0.0322611	0	0	-3.30597	
93.81	0.337	0.103	-2.73437e-06	0	-2.242	3.19607e-07	0	0.0322611	0	0	-3.30597	
93.82	0.337	0.103	-2.73037e-06	0	-2.242	3.1914e-07	0	0.0322611	0	0	-3.30597	
93.83	0.337	0.103	-2.72638e-06	0	-2.242	3.18673e-07	0	0.0322611	0	0	-3.30597	
93.84	0.337	0.103	-2.72239e-06	0	-2.242	3.18207e-07	0	0.0322611	0	0	-3.30597	
93.85	0.337	0.103	-2.71841e-06	0	-2.242	3.17742e-07	0	0.0322611	0	0	-3.30597	
93.86	0.337	0.103	-2.71444e-06	0	-2.242	3.17277e-07	0	0.0322611	0	0	-3.30597	
93.87	0.337	0.103	-2.71047e-06	0	-2.242	3.16813e-07	0	0.0322611	0	0	-3.30597	
93.88	0.337	0.103	-2.70651e-06	0	-2.242	3.1635e-07	0	0.0322611	0	0	-3.30597	
93.89	0.337	0.103	-2.70255e-06	0	-2.242	3.15888e-07	0	0.0322611	0	0	-3.30597	
93.9	0.337	0.103	-2.6986e-06	0	-2.242	3.15426e-07	0	0.0322611	0	0	-3.30597	
93.91	0.337	0.103	-2.69465e-06	0	-2.242	3.14965e-07	0	0.0322611	0	0	-3.30597	
93.92	0.337	0.103	-2.69071e-06	0	-2.242	3.14504e-07	0	0.0322611	0	0	-3.30597	
93.93	0.337	0.103	-2.68678e-06	0	-2.242	3.14044e-07	0	0.0322611	0	0	-3.30597	
93.94	0.337	0.103	-2.68285e-06	0	-2.242	3.13585e-07	0	0.0322611	0	0	-3.30597	
93.95	0.337	0.103	-2.67893e-06	0	-2.242	3.13127e-07	0	0.0322611	0	0	-3.30597	
93.96	0.337	0.103	-2.67501e-06	0	-2.242	3.12669e-07	0	0.0322611	0	0	-3.30597	
93.97	0.337	0.103	-2.6711e-06	0	-2.242	3.12212e-07	0	0.0322611	0	0	-3.30597	
93.98	0.337	0.103	-2.66719e-06	0	-2.242	3.11755e-07	0	0.0322611	0	0	-3.30597	
93.99	0.337	0.103	-2.66329e-06	0	-2.242	3.11299e-07	0	0.0322611	0	0	-3.30597	
94	0.337	0.103	-2.6594e-06	0	-2.242	3.10844e-07	0	0.0322611	0	0	-3.30597	
94.01	0.337	0.103	-2.65551e-06	0	-2.242	3.1039e-07	0	0.0322611	0	0	-3.30597	
94.02	0.337	0.103	-2.65163e-06	0	-2.242	3.09936e-07	0	0.0322611	0	0	-3.30597	
94.03	0.337	0.103	-2.64775e-06	0	-2.242	3.09483e-07	0	0.0322611	0	0	-3.30597	
94.04	0.337	0.103	-2.64388e-06	0	-2.242	3.0903e-07	0	0.0322611	0	0	-3.30597	
94.05	0.337	0.103	-2.64002e-06	0	-2.242	3.08579e-07	0	0.0322611	0	0	-3.30597	
94.06	0.337	0.103	-2.63616e-06	0	-2.242	3.08127e-07	0	0.0322611	0	0	-3.30597	
94.07	0.337	0.103	-2.6323e-06	0	-2.242	3.07677e-07	0	0.0322611	0	0	-3.30597	
94.08	0.337	0.103	-2.62845e-06	0	-2.242	3.07227e-07	0	0.0322611	0	0	-3.30597	
94.09	0.337	0.103	-2.62461e-06	0	-2.242	3.06778e-07	0	0.0322611	0	0	-3.30597	
94.1	0.337	0.103	-2.62077e-06	0	-2.242	3.06329e-07	0	0.0322611	0	0	-3.30597	
94.11	0.337	0.103	-2.61694e-06	0	-2.242	3.05881e-07	0	0.0322611	0	0	-3.30597	
94.12	0.337	0.103	-2.61311e-06	0	-2.242	3.05434e-07	0	0.0322611	0	0	-3.30597	
94.13	0.337	0.103	-2.60929e-06	0	-2.242	3.04988e-07	0	0.0322611	0	0	-3.30597	
94.14	0.337	0.103	-2.60548e-06	0	-2.242	3.04542e-07	0	0.0322611	0	0	-3.30597	
94.15	0.337	0.103	-2.60167e-06	0	-2.242	3.04096e-07	0	0.0322611	0	0	-3.30597	
94.16	0.337	0.103	-2.59787e-06	0	-2.242	3.03652e-07	0	0.0322611	0	0	-3.30597	
94.17	0.337	0.103	-2.59407e-06	0	-2.242	3.03208e-07	0	0.0322611	0	0	-3.30597	
94.18	0.337	0.103	-2.59027e-06	0	-2.242	3.02765e-07	0	0.0322611	0	0	-3.30597	
94.19	0.337	0.103	-2.58649e-06	0	-2.242	3.02322e-07	0	0.0322611	0	0	-3.30597	
94.2	0.337	0.103	-2.58271e-06	0	-2.242	3.0188e-07	0	0.0322611	0	0	-3.30597	
94.21	0.337	0.103	-2.57893e-06	0	-2.242	3.01438e-07	0	0.0322611	0	0	-3.30597	
94.22	0.337	0.103	-2.57516e-06	0	-2.242	3.00998e-07	0	0.0322611	0	0	-3.30597	
94.23	0.337	0.103	-2.57139e-06	0	-2.242	3.00558e-07	0	0.0322611	0	0	-3.30597	
94.24	0.337	0.103	-2.56763e-06	0	-2.242	3.00118e-07	0	0.0322611	0	0	-3.30597	
94.25	0.337	0.103	-2.56388e-06	0	-2.242	2.99679e-07	0	0.0322611	0	0	-3.30597	
94.26	0.337	0.103	-2.56013e-06	0	-2.242	2.99241e-07	0	0.0322611	0	0	-3.30597	
94.27	0.337	0.103	-2.55639e-06	0	-2.242	2.98804e-07	0	0.0322611	0	0	-3.30597	
94.28	0.337	0.103	-2.55265e-06	0	-2.242	2.98367e-07	0	0.0322611	0	0	-3.30597	
94.29	0.337	0.103	-2.54892e-06	0	-2.242	2.97931e-07	0	0.0322611	0	0	-3.30597	
94.3	0.337	0.103	-2.54519e-06	0	-2.242	2.97495e-07	0	0.0322611	0	0	-3.30597	
94.31	0.337	0.103	-2.54147e-06	0	-2.242	2.9706e-07	0	0.0322611	0	0	-3.30597	
94.32	0.337	0.103	-2.53775e-06	0	-2.242	2.96626e-07	0	0.0322611	0	0	-3.30597	
94.33	0.337	0.103	-2.53404e-06	0	-2.242	2.96192e-07	0	0.0322611	0	0	-3.30597	
94.34	0.337	0.103	-2.53034e-06	0	-2.242	2.95759e-07	0	0.0322611	0	0	-3.30597	
94.35	0.337	0.103	-2.52664e-06	0	-2.242	2.95327e-07	0	0.0322611	0	0	-3.30597	
94.36	0.337	0.103	-2.52295e-06	0	-2.242	2.94895e-07	0	0.0322611	0	0	-3.30597	
94.37	0.337	0.103	-2.51926e-06	0	-2.242	2.94464e-07	0	0.0322611	0	0	-3.30597	
94.38	0.337	0.103	-2.51557e-06	0	-2.242	2.94033e-07	0	0.0322611	0	0	-3.30597	
94.39	0.337	0.103	-2.5119e-06	0	-2.242	2.93603e-07	0	0.0322611	0	0	-3.30597	
94.4	0.337	0.103	-2.50822e-06	0	-2.242	2.93174e-07	0	0.0322611	0	0	-3.30597	
94.41	0.337	0.103	-2.50456e-06	0	-2.242	2.92745e-07	0	0.0322611	0	0	-3.30597	
94.42	0.337	0.103	-2.50089e-06	0	-2.242	2.92317e-07	0	0.0322611	0	0	-3.30597	
94.43	0.337	0.103	-2.49724e-06	0	-2.242	2.9189e-07	0	0.0322611	0	0	-3.30597	
94.44	0.337	0.103	-2.49359e-06	0	-2.242	2.91463e-07	0	0.0322611	0	0	-3.30597	
94.45	0.337	0.103	-2.48994e-06	0	-2.242	2.91037e-07	0	0.0322611	0	0	-3.30597	
94.46	0.337	0.103	-2.4863e-06	0	-2.242	2.90611e-07	0	0.0322611	0	0	-3.30597	
94.47	0.337	0.103	-2.48266e-06	0	-2.242	2.90187e-07	0	0.0322611	0	0	-3.30597	
94.48	0.337	0.103	-2.47903e-06	0	-2.242	2.89762e-07	0	0.0322611	0	0	-3.30597	
94.49	0.337	0.103	-2.47541e-06	0	-2.242	2.89339e-07	0	0.0322611	0	0	-3.30597	
94.5	0.337	0.103	-2.47179e-06	0	-2.242	2.88916e-07	0	0.0322611	0	0	-3.30597	
94.51	0.337	0.103	-2.46818e-06	0	-2.242	2.88493e-07	0	0.0322611	0	0	-3.30597	
94.52	0.337	0.103	-2.46457e-06	0	-2.242	2.88071e-07	0	0.0322611	0	0	-3.30597	
94.53	0.337	0.103	-2.46097e-06	0	-2.242	2.8765e-07	0	0.0322611	0	0	-3.30597	
94.54	0.337	0.103	-2.45737e-06	0	-2.242	2.8723e-07	0	0.0322611	0	0	-3.30597	
94.55	0.337	0.103	-2.45377e-06	0	-2.242	2.8681e-07	0	0.0322611	0	0	-3.30597	
94.56	0.337	0.103	-2.45019e-06	0	-2.242	2.8639e-07	0	0.0322611	0	0	-3.30597	
94.57	0.337	0.103	-2.4466e-06	0	-2.242	2.85972e-07	0	0.0322611	0	0	-3.30597	
94.58	0.337	0.103	-2.44303e-06	0	-2.242	2.85553e-07	0	0.0322611	0	0	-3.30597	
94.59	0.337	0.103	-2.43945e-06	0	-2.242	2.85136e-07	0	0.0322611	0	0	-3.30597	
94.6	0.337	0.103	-2.43589e-06	0	-2.242	2.84719e-07	0	0.0322611	0	0	-3.30597	
94.61	0.337	0.103	-2.43233e-06	0	-2.242	2.84303e-07	0	0.0322611	0	0	-3.30597	
94.62	0.337	0.103	-2.42877e-06	0	-2.242	2.83887e-07	0	0.0322611	0	0	-3.30597	
94.63	0.337	0.103	-2.42522e-06	0	-2.242	2.83472e-07	0	0.0322611	0	0	-3.30597	
94.64	0.337	0.103	-2.42167e-06	0	-2.242	2.83058e-07	0	0.0322611	0	0	-3.30597	
94.65	0.337	0.103	-2.41813e-06	0	-2.242	2.82644e-07	0	0.0322611	0	0	-3.30597	
94.66	0.337	0.103	-2.4146e-06	0	-2.242	2.8223e-07	0	0.0322611	0	0	-3.30597	
94.67	0.337	0.103	-2.41107e-06	0	-2.242	2.81818e-07	0	0.0322611	0	0	-3.30597	
94.68	0.337	0.103	-2.40754e-06	0	-2.242	2.81406e-07	0	0.0322611	0	0	-3.30597	
94.69	0.337	0.103	-2.40402e-06	0	-2.242	2.80994e-07	0	0.0322611	0	0	-3.30597	
94.7	0.337	0.103	-2.40051e-06	0	-2.242	2.80583e-07	0	0.0322611	0	0	-3.30597	
94.71	0.337	0.103	-2.397e-06	0	-2.242	2.80173e-07	0	0.0322611	0	0	-3.30597	
94.72	0.337	0.103	-2.39349e-06	0	-2.242	2.79764e-07	0	0.0322611	0	0	-3.30597	
94.73	0.337	0.103	-2.38999e-06	0	-2.242	2.79355e-07	0	0.0322611	0	0	-3.30597	
94.74	0.337	0.103	-2.3865e-06	0	-2.242	2.78946e-07	0	0.0322611	0	0	-3.30597	
94.75	0.337	0.103	-2.38301e-06	0	-2.242	2.78538e-07	0	0.0322611	0	0	-3.30597	
94.76	0.337	0.103	-2.37953e-06	0	-2.242	2.78131e-07	0	0.0322611	0	0	-3.30597	
94.77	0.337	0.103	-2.37605e-06	0	-2.242	2.77724e-07	0	0.0322611	0	0	-3.30597	
94.78	0.337	0.103	-2.37257e-06	0	-2.242	2.77318e-07	0	0.0322611	0	0	-3.30597	
94.79	0.337	0.103	-2.3691e-06	0	-2.242	2.76913e-07	0	0.0322611	0	0	-3.30597	
94.8	0.337	0.103	-2.36564e-06	0	-2.242	2.76508e-07	0	0.0322611	0	0	-3.30597	
94.81	0.337	0.103	-2.36218e-06	0	-2.242	2.76104e-07	0	0.0322611	0	0	-3.30597	
94.82	0.337	0.103	-2.35873e-06	0	-2.242	2.757e-07	0	0.0322611	0	0	-3.30597	
94.83	0.337	0.103	-2.35528e-06	0	-2.242	2.75297e-07	0	0.0322611	0	0	-3.30597	
94.84	0.337	0.103	-2.35183e-06	0	-2.242	2.74894e-07	0	0.0322611	0	0	-3.30597	
94.85	0.337	0.103	-2.3484e-06	0	-2.242	2.74493e-07	0	0.0322611	0	0	-3.30597	
94.86	0.337	0.103	-2.34496e-06	0	-2.242	2.74091e-07	0	0.0322611	0	0	-3.30597	
94.87	0.337	0.103	-2.34153e-06	0	-2.242	2.7369e-07	0	0.0322611	0	0	-3.30597	
94.88	0.337	0.103	-2.33811e-06	0	-2.242	2.7329e-07	0	0.0322611	0	0	-3.30597	
94.89	0.337	0.103	-2.33469e-06	0	-2.242	2.72891e-07	0	0.0322611	0	0	-3.30597	
94.9	0.337	0.103	-2.33128e-06	0	-2.242	2.72492e-07	0	0.0322611	0	0	-3.30597	
94.91	0.337	0.103	-2.32787e-06	0	-2.242	2.72093e-07	0	0.0322611	0	0	-3.30597	
94.92	0.337	0.103	-2.32447e-06	0	-2.242	2.71696e-07	0	0.0322611	0	0	-3.30597	
94.93	0.337	0.103	-2.32107e-06	0	-2.242	2.71298e-07	0	0.0322611	0	0	-3.30597	
94.94	0.337	0.103	-2.31767e-06	0	-2.242	2.70902e-07	0	0.0322611	0	0	-3.30597	
94.95	0.337	0.103	-2.31429e-06	0	-2.242	2.70506e-07	0	0.0322611	0	0	-3.30597	
94.96	0.337	0.103	-2.3109e-06	0	-2.242	2.7011e-07	0	0.0322611	0	0	-3.30597	
94.97	0.337	0.103	-2.30752e-06	0	-2.242	2.69715e-07	0	0.0322611	0	0	-3.30597	
94.98	0.337	0.103	-2.30415e-06	0	-2.242	2.69321e-07	0	0.0322611	0	0	-3.30597	
94.99	0.337	0.103	-2.30078e-06	0	-2.242	2.68927e-07	0	0.0322611	0	0	-3.30597	
95	0.337	0.103	-2.29742e-06	0	-2.242	2.68534e-07	0	0.0322611	0	0	-3.30597	
95.01	0.337	0.103	-2.29406e-06	0	-2.242	2.68141e-07	0	0.0322611	0	0	-3.30597	
95.02	0.337	0.103	-2.2907e-06	0	-2.242	2.67749e-07	0	0.0322611	0	0	-3.30597	
95.03	0.337	0.103	-2.28735e-06	0	-2.242	2.67358e-07	0	0.0322611	0	0	-3.30597	
95.04	0.337	0.103	-2.28401e-06	0	-2.242	2.66967e-07	0	0.0322611	0	0	-3.30597	
95.05	0.337	0.103	-2.28067e-06	0	-2.242	2.66576e-07	0	0.0322611	0	0	-3.30597	
95.06	0.337	0.103	-2.27734e-06	0	-2.242	2.66187e-07	0	0.0322611	0	0	-3.30597	
95.07	0.337	0.103	-2.27401e-06	0	-2.242	2.65797e-07	0	0.0322611	0	0	-3.30597	
95.08	0.337	0.103	-2.27068e-06	0	-2.242	2.65409e-07	0	0.0322611	0	0	-3.30597	
95.09	0.337	0.103	-2.26736e-06	0	-2.242	2.65021e-07	0	0.0322611	0	0	-3.30597	
95.1	0.337	0.103	-2.26405e-06	0	-2.242	2.64633e-07	0	0.0322611	0	0	-3.30597	
95.11	0.337	0.103	-2.26074e-06	0	-2.242	2.64246e-07	0	0.0322611	0	0	-3.30597	
95.12	0.337	0.103	-2.25743e-06	0	-2.242	2.6386e-07	0	0.0322611	0	0	-3.30597	
95.13	0.337	0.103	-2.25413e-06	0	-2.242	2.63474e-07	0	0.0322611	0	0	-3.30597	
95.14	0.337	0.103	-2.25083e-06	0	-2.242	2.63089e-07	0	0.0322611	0	0	-3.30597	
95.15	0.337	0.103	-2.24754e-06	0	-2.242	2.62704e-07	0	0.0322611	0	0	-3.30597	
95.16	0.337	0.103	-2.24426e-06	0	-2.242	2.6232e-07	0	0.0322611	0	0	-3.30597	
95.17	0.337	0.103	-2.24098e-06	0	-2.242	2.61937e-07	0	0.0322611	0	0	-3.30597	
95.18	0.337	0.103	-2.2377e-06	0	-2.242	2.61554e-07	0	0.0322611	0	0	-3.30597	
95.19	0.337	0.103	-2.23443e-06	0	-2.242	2.61171e-07	0	0.0322611	0	0	-3.30597	
95.2	0.337	0.103	-2.23116e-06	0	-2.242	2.6079e-07	0	0.0322611	0	0	-3.30597	
95.21	0.337	0.103	-2.2279e-06	0	-2.242	2.60408e-07	0	0.0322611	0	0	-3.30597	
95.22	0.337	0.103	-2.22464e-06	0	-2.242	2.60027e-07	0	0.0322611	0	0	-3.30597	
95.23	0.337	0.103	-2.22139e-06	0	-2.242	2.59647e-07	0	0.0322611	0	0	-3.30597	
95.24	0.337	0.103	-2.21814e-06	0	-2.242	2.59268e-07	0	0.0322611	0	0	-3.30597	
95.25	0.337	0.103	-2.2149e-06	0	-2.242	2.58889e-07	0	0.0322611	0	0	-3.30597	
95.26	0.337	0.103	-2.21166e-06	0	-2.242	2.5851e-07	0	0.0322611	0	0	-3.30597	
95.27	0.337	0.103	-2.20843e-06	0	-2.242	2.58132e-07	0	0.0322611	0	0	-3.30597	
95.28	0.337	0.103	-2.2052e-06	0	-2.242	2.57755e-07	0	0.0322611	0	0	-3.30597	
95.29	0.337	0.103	-2.20197e-06	0	-2.242	2.57378e-07	0	0.0322611	0	0	-3.30597	
95.3	0.337	0.103	-2.19875e-06	0	-2.242	2.57002e-07	0	0.0322611	0	0	-3.30597	
95.31	0.337	0.103	-2.19554e-06	0	-2.242	2.56626e-07	0	0.0322611	0	0	-3.30597	
95.32	0.337	0.103	-2.19233e-06	0	-2.242	2.56251e-07	0	0.0322611	0	0	-3.30597	
95.33	0.337	0.103	-2.18912e-06	0	-2.242	2.55876e-07	0	0.0322611	0	0	-3.30597	
95.34	0.337	0.103	-2.18592e-06	0	-2.242	2.55502e-07	0	0.0322611	0	0	-3.30597	
95.35	0.337	0.103	-2.18273e-06	0	-2.242	2.55128e-07	0	0.0322611	0	0	-3.30597	
95.36	0.337	0.103	-2.17954e-06	0	-2.242	2.54755e-07	0	0.0322611	0	0	-3.30597	
95.37	0.337	0.103	-2.17635e-06	0	-2.242	2.54383e-07	0	0.0322611	0	0	-3.30597	
95.38	0.337	0.103	-2.17317e-06	0	-2.242	2.54011e-07	0	0.0322611	0	0	-3.30597	
95.39	0.337	0.103	-2.16999e-06	0	-2.242	2.53639e-07	0	0.0322611	0	0	-3.30597	
95.4	0.337	0.103	-2.16682e-06	0	-2.242	2.53269e-07	0	0.0322611	0	0	-3.30597	
95.41	0.337	0.103	-2.16365e-06	0	-2.242	2.52898e-07	0	0.0322611	0	0	-3.30597	
95.42	0.337	0.103	-2.16049e-06	0	-2.242	2.52529e-07	0	0.0322611	0	0	-3.30597	
95.43	0.337	0.103	-2.15733e-06	0	-2.242	2.52159e-07	0	0.0322611	0	0	-3.30597	
95.44	0.337	0.103	-2.15417e-06	0	-2.242	2.51791e-07	0	0.0322611	0	0	-3.30597	
95.45	0.337	0.103	-2.15102e-06	0	-2.242	2.51423e-07	0	0.0322611	0	0	-3.30597	
95.46	0.337	0.103	-2.14788e-06	0	-2.242	2.51055e-07	0	0.0322611	0	0	-3.30597	
95.47	0.337	0.103	-2.14474e-06	0	-2.242	2.50688e-07	0	0.0322611	0	0	-3.30597	
95.48	0.337	0.103	-2.1416e-06	0	-2.242	2.50321e-07	0	0.0322611	0	0	-3.30597	
95.49	0.337	0.103	-2.13847e-06	0	-2.242	2.49955e-07	0	0.0322611	0	0	-3.30597	
95.5	0.337	0.103	-2.13534e-06	0	-2.242	2.4959e-07	0	0.0322611	0	0	-3.30597	
95.51	0.337	0.103	-2.13222e-06	0	-2.242	2.49225e-07	0	0.0322611	0	0	-3.30597	
95.52	0.337	0.103	-2.1291e-06	0	-2.242	2.48861e-07	0	0.0322611	0	0	-3.30597	
95.53	0.337	0.103	-2.12599e-06	0	-2.242	2.48497e-07	0	0.0322611	0	0	-3.30597	
95.54	0.337	0.103	-2.12288e-06	0	-2.242	2.48133e-07	0	0.0322611	0	0	-3.30597	
95.55	0.337	0.103	-2.11978e-06	0	-2.242	2.47771e-07	0	0.0322611	0	0	-3.30597	
95.56	0.337	0.103	-2.11668e-06	0	-2.242	2.47408e-07	0	0.0322611	0	0	-3.30597	
95.57	0.337	0.103	-2.11359e-06	0	-2.242	2.47047e-07	0	0.0322611	0	0	-3.30597	
95.58	0.337	0.103	-2.11049e-06	0	-2.242	2.46685e-07	0	0.0322611	0	0	-3.30597	
95.59	0.337	0.103	-2.10741e-06	0	-2.242	2.46325e-07	0	0.0322611	0	0	-3.30597	
95.6	0.337	0.103	-2.10433e-06	0	-2.242	2.45965e-07	0	0.0322611	0	0	-3.30597	
95.61	0.337	0.103	-2.10125e-06	0	-2.242	2.45605e-07	0	0.0322611	0	0	-3.30597	
95.62	0.337	0.103	-2.09818e-06	0	-2.242	2.45246e-07	0	0.0322611	0	0	-3.30597	
95.63	0.337	0.103	-2.09511e-06	0	-2.242	2.44887e-07	0	0.0322611	0	0	-3.30597	
95.64	0.337	0.103	-2.09205e-06	0	-2.242	2.44529e-07	0	0.0322611	0	0	-3.30597	
95.65	0.337	0.103	-2.08899e-06	0	-2.242	2.44172e-07	0	0.0322611	0	0	-3.30597	
95.66	0.337	0.103	-2.08594e-06	0	-2.242	2.43815e-07	0	0.0322611	0	0	-3.30597	
95.67	0.337	0.103	-2.08289e-06	0	-2.242	2.43458e-07	0	0.0322611	0	0	-3.30597	
95.68	0.337	0.103	-2.07984e-06	0	-2.242	2.43102e-07	0	0.0322611	0	0	-3.30597	
95.69	0.337	0.103	-2.0768e-06	0	-2.242	2.42747e-07	0	0.0322611	0	0	-3.30597	
95.7	0.337	0.103	-2.07376e-06	0	-2.242	2.42392e-07	0	0.0322611	0	0	-3.30597	
95.71	0.337	0.103	-2.07073e-06	0	-2.242	2.42038e-07	0	0.0322611	0	0	-3.30597	
95.72	0.337	0.103	-2.0677e-06	0	-2.242	2.41684e-07	0	0.0322611	0	0	-3.30597	
95.73	0.337	0.103	-2.06468e-06	0	-2.242	2.4133e-07	0	0.0322611	0	0	-3.30597	
95.74	0.337	0.103	-2.06166e-06	0	-2.242	2.40977e-07	0	0.0322611	0	0	-3.30597	
95.75	0.337	0.103	-2.05865e-06	0	-2.242	2.40625e-07	0	0.0322611	0	0	-3.30597	
95.76	0.337	0.103	-2.05564e-06	0	-2.242	2.40273e-07	0	0.0322611	0	0	-3.30597	
95.77	0.337	0.103	-2.05263e-06	0	-2.242	2.39922e-07	0	0.0322611	0	0	-3.30597	
95.78	0.337	0.103	-2.04963e-06	0	-2.242	2.39571e-07	0	0.0322611	0	0	-3.30597	
95.79	0.337	0.103	-2.04663e-06	0	-2.242	2.39221e-07	0	0.0322611	0	0	-3.30597	
95.8	0.337	0.103	-2.04364e-06	0	-2.242	2.38871e-07	0	0.0322611	0	0	-3.30597	
95.81	0.337	0.103	-2.04065e-06	0	-2.242	2.38522e-07	0	0.0322611	0	0	-3.30597	
95.82	0.337	0.103	-2.03767e-06	0	-2.242	2.38173e-07	0	0.0322611	0	0	-3.30597	
95.83	0.337	0.103	-2.03469e-06	0	-2.242	2.37825e-07	0	0.0322611	0	0	-3.30597	
95.84	0.337	0.103	-2.03172e-06	0	-2.242	2.37477e-07	0	0.0322611	0	0	-3.30597	
95.85	0.337	0.103	-2.02874e-06	0	-2.242	2.3713e-07	0	0.0322611	0	0	-3.30597	
95.86	0.337	0.103	-2.02578e-06	0	-2.242	2.36783e-07	0	0.0322611	0	0	-3.30597	
95.87	0.337	0.103	-2.02282e-06	0	-2.242	2.36437e-07	0	0.0322611	0	0	-3.30597	
95.88	0.337	0.103	-2.01986e-06	0	-2.242	2.36091e-07	0	0.0322611	0	0	-3.30597	
95.89	0.337	0.103	-2.01691e-06	0	-2.242	2.35746e-07	0	0.0322611	0	0	-3.30597	
95.9	0.337	0.103	-2.01396e-06	0	-2.242	2.35402e-07	0	0.0322611	0	0	-3.30597	
95.91	0.337	0.103	-2.01101e-06	0	-2.242	2.35057e-07	0	0.0322611	0	0	-3.30597	
95.92	0.337	0.103	-2.00807e-06	0	-2.242	2.34714e-07	0	0.0322611	0	0	-3.30597	
95.93	0.337	0.103	-2.00514e-06	0	-2.242	2.34371e-07	0	0.0322611	0	0	-3.30597	
95.94	0.337	0.103	-2.0022e-06	0	-2.242	2.34028e-07	0	0.0322611	0	0	-3.30597	
95.95	0.337	0.103	-1.99928e-06	0	-2.242	2.33686e-07	0	0.0322611	0	0	-3.30597	
95.96	0.337	0.103	-1.99635e-06	0	-2.242	2.33344e-07	0	0.0322611	0	0	-3.30597	
95.97	0.337	0.103	-1.99344e-06	0	-2.242	2.33003e-07	0	0.0322611	0	0	-3.30597	
95.98	0.337	0.103	-1.99052e-06	0	-2.242	2.32662e-07	0	0.0322611	0	0	-3.30597	
95.99	0.337	0.103	-1.98761e-06	0	-2.242	2.32322e-07	0	0.0322611	0	0	-3.30597	
96	0.337	0.103	-1.9847e-06	0	-2.242	2.31982e-07	0	0.0322611	0	0	-3.30597	
96.01	0.337	0.103	-1.9818e-06	0	-2.242	2.31643e-07	0	0.0322611	0	0	-3.30597	
96.02	0.337	0.103	-1.97891e-06	0	-2.242	2.31305e-07	0	0.0322611	0	0	-3.30597	
96.03	0.337	0.103	-1.97601e-06	0	-2.242	2.30966e-07	0	0.0322611	0	0	-3.30597	
96.04	0.337	0.103	-1.97312e-06	0	-2.242	2.30629e-07	0	0.0322611	0	0	-3.30597	
96.05	0.337	0.103	-1.97024e-06	0	-2.242	2.30291e-07	0	0.0322611	0	0	-3.30597	
96.06	0.337	0.103	-1.96736e-06	0	-2.242	2.29955e-07	0	0.0322611	0	0	-3.30597	
96.07	0.337	0.103	-1.96448e-06	0	-2.242	2.29619e-07	0	0.0322611	0	0	-3.30597	
96.08	0.337	0.103	-1.96161e-06	0	-2.242	2.29283e-07	0	0.0322611	0	0	-3.30597	
96.09	0.337	0.103	-1.95874e-06	0	-2.242	2.28948e-07	0	0.0322611	0	0	-3.30597	
96.1	0.337	0.103	-1.95588e-06	0	-2.242	2.28613e-07	0	0.0322611	0	0	-3.30597	
96.11	0.337	0.103	-1.95302e-06	0	-2.242	2.28279e-07	0	0.0322611	0	0	-3.30597	
96.12	0.337	0.103	-1.95016e-06	0	-2.242	2.27945e-07	0	0.0322611	0	0	-3.30597	
96.13	0.337	0.103	-1.94731e-06	0	-2.242	2.27612e-07	0	0.0322611	0	0	-3.30597	
96.14	0.337	0.103	-1.94446e-06	0	-2.242	2.27279e-07	0	0.0322611	0	0	-3.30597	
96.15	0.337	0.103	-1.94162e-06	0	-2.242	2.26946e-07	0	0.0322611	0	0	-3.30597	
96.16	0.337	0.103	-1.93878e-06	0	-2.242	2.26615e-07	0	0.0322611	0	0	-3.30597	
96.17	0.337	0.103	-1.93595e-06	0	-2.242	2.26283e-07	0	0.0322611	0	0	-3.30597	
96.18	0.337	0.103	-1.93312e-06	0	-2.242	2.25952e-07	0	0.0322611	0	0	-3.30597	
96.19	0.337	0.103	-1.93029e-06	0	-2.242	2.25622e-07	0	0.0322611	0	0	-3.30597	
96.2	0.337	0.103	-1.92747e-06	0	-2.242	2.25292e-07	0	0.0322611	0	0	-3.30597	
96.21	0.337	0.103	-1.92465e-06	0	-2.242	2.24963e-07	0	0.0322611	0	0	-3.30597	
96.22	0.337	0.103	-1.92184e-06	0	-2.242	2.24634e-07	0	0.0322611	0	0	-3.30597	
96.23	0.337	0.103	-1.91903e-06	0	-2.242	2.24305e-07	0	0.0322611	0	0	-3.30597	
96.24	0.337	0.103	-1.91622e-06	0	-2.242	2.23978e-07	0	0.0322611	0	0	-3.30597	
96.25	0.337	0.103	-1.91342e-06	0	-2.242	2.2365e-07	0	0.0322611	0	0	-3.30597	
96.26	0.337	0.103	-1.91062e-06	0	-2.242	2.23323e-07	0	0.0322611	0	0	-3.30597	
96.27	0.337	0.103	-1.90783e-06	0	-2.242	2.22997e-07	0	0.0322611	0	0	-3.30597	
96.28	0.337	0.103	-1.90504e-06	0	-2.242	2.22671e-07	0	0.0322611	0	0	-3.30597	
96.29	0.337	0.103	-1.90225e-06	0	-2.242	2.22345e-07	0	0.0322611	0	0	-3.30597	
96.3	0.337	0.103	-1.89947e-06	0	-2.242	2.2202e-07	0	0.0322611	0	0	-3.30597	
96.31	0.337	0.103	-1.89669e-06	0	-2.242	2.21695e-07	0	0.0322611	0	0	-3.30597	
96.32	0.337	0.103	-1.89392e-06	0	-2.242	2.21371e-07	0	0.0322611	0	0	-3.30597	
96.33	0.337	0.103	-1.89115e-06	0	-2.242	2.21047e-07	0	0.0322611	0	0	-3.30597	
96.34	0.337	0.103	-1.88839e-06	0	-2.242	2.20724e-07	0	0.0322611	0	0	-3.30597	
96.35	0.337	0.103	-1.88563e-06	0	-2.242	2.20402e-07	0	0.0322611	0	0	-3.30597	
96.36	0.337	0.103	-1.88287e-06	0	-2.242	2.20079e-07	0	0.0322611	0	0	-3.30597	
96.37	0.337	0.103	-1.88012e-06	0	-2.242	2.19758e-07	0	0.0322611	0	0	-3.30597	
96.38	0.337	0.103	-1.87737e-06	0	-2.242	2.19436e-07	0	0.0322611	0	0	-3.30597	
96.39	0.337	0.103	-1.87462e-06	0	-2.242	2.19115e-07	0	0.0322611	0	0	-3.30597	
96.4	0.337	0.103	-1.87188e-06	0	-2.242	2.18795e-07	0	0.0322611	0	0	-3.30597	
96.41	0.337	0.103	-1.86914e-06	0	-2.242	2.18475e-07	0	0.0322611	0	0	-3.30597	
96.42	0.337	0.103	-1.86641e-06	0	-2.242	2.18156e-07	0	0.0322611	0	0	-3.30597	
96.43	0.337	0.103	-1.86368e-06	0	-2.242	2.17837e-07	0	0.0322611	0	0	-3.30597	
96.44	0.337	0.103	-1.86096e-06	0	-2.242	2.17518e-07	0	0.0322611	0	0	-3.30597	
96.45	0.337	0.103	-1.85824e-06	0	-2.242	2.172e-07	0	0.0322611	0	0	-3.30597	
96.46	0.337	0.103	-1.85552e-06	0	-2.242	2.16883e-07	0	0.0322611	0	0	-3.30597	
96.47	0.337	0.103	-1.85281e-06	0	-2.242	2.16566e-07	0	0.0322611	0	0	-3.30597	
96.48	0.337	0.103	-1.8501e-06	0	-2.242	2.16249e-07	0	0.0322611	0	0	-3.30597	
96.49	0.337	0.103	-1.84739e-06	0	-2.242	2.15933e-07	0	0.0322611	0	0	-3.30597	
96.5	0.337	0.103	-1.84469e-06	0	-2.242	2.15617e-07	0	0.0322611	0	0	-3.30597	
96.51	0.337	0.103	-1.842e-06	0	-2.242	2.15302e-07	0	0.0322611	0	0	-3.30597	
96.52	0.337	0.103	-1.8393e-06	0	-2.242	2.14987e-07	0	0.0322611	0	0	-3.30597	
96.53	0.337	0.103	-1.83661e-06	0	-2.242	2.14673e-07	0	0.0322611	0	0	-3.30597	
96.54	0.337	0.103	-1.83393e-06	0	-2.242	2.14359e-07	0	0.0322611	0	0	-3.30597	
96.55	0.337	0.103	-1.83125e-06	0	-2.242	2.14045e-07	0	0.0322611	0	0	-3.30597	
96.56	0.337	0.103	-1.82857e-06	0	-2.242	2.13732e-07	0	0.0322611	0	0	-3.30597	
96.57	0.337	0.103	-1.8259e-06	0	-2.242	2.1342e-07	0	0.0322611	0	0	-3.30597	
96.58	0.337	0.103	-1.82323e-06	0	-2.242	2.13108e-07	0	0.0322611	0	0	-3.30597	
96.59	0.337	0.103	-1.82056e-06	0	-2.242	2.12796e-07	0	0.0322611	0	0	-3.30597	
96.6	0.337	0.103	-1.8179e-06	0	-2.242	2.12485e-07	0	0.0322611	0	0	-3.30597	
96.61	0.337	0.103	-1.81524e-06	0	-2.242	2.12175e-07	0	0.0322611	0	0	-3.30597	
96.62	0.337	0.103	-1.81259e-06	0	-2.242	2.11864e-07	0	0.0322611	0	0	-3.30597	
96.63	0.337	0.103	-1.80994e-06	0	-2.242	2.11555e-07	0	0.0322611	0	0	-3.30597	
96.64	0.337	0.103	-1.80729e-06	0	-2.242	2.11245e-07	0	0.0322611	0	0	-3.30597	
96.65	0.337	0.103	-1.80465e-06	0	-2.242	2.10936e-07	0	0.0322611	0	0	-3.30597	
96.66	0.337	0.103	-1.80201e-06	0	-2.242	2.10628e-07	0	0.0322611	0	0	-3.30597	
96.67	0.337	0.103	-1.79937e-06	0	-2.242	2.1032e-07	0	0.0322611	0	0	-3.30597	
96.68	0.337	0.103	-1.79674e-06	0	-2.242	2.10012e-07	0	0.0322611	0	0	-3.30597	
96.69	0.337	0.103	-1.79412e-06	0	-2.242	2.09705e-07	0	0.0322611	0	0	-3.30597	
96.7	0.337	0.103	-1.79149e-06	0	-2.242	2.09399e-07	0	0.0322611	0	0	-3.30597	
96.71	0.337	0.103	-1.78887e-06	0	-2.242	2.09093e-07	0	0.0322611	0	0	-3.30597	
96.72	0.337	0.103	-1.78626e-06	0	-2.242	2.08787e-07	0	0.0322611	0	0	-3.30597	
96.73	0.337	0.103	-1.78365e-06	0	-2.242	2.08482e-07	0	0.0322611	0	0	-3.30597	
96.74	0.337	0.103	-1.78104e-06	0	-2.242	2.08177e-07	0	0.0322611	0	0	-3.30597	
96.75	0.337	0.103	-1.77843e-06	0	-2.242	2.07873e-07	0	0.0322611	0	0	-3.30597	
96.76	0.337	0.103	-1.77583e-06	0	-2.242	2.07569e-07	0	0.0322611	0	0	-3.30597	
96.77	0.337	0.103	-1.77324e-06	0	-2.242	2.07265e-07	0	0.0322611	0	0	-3.30597	
96.78	0.337	0.103	-1.77065e-06	0	-2.242	2.06962e-07	0	0.0322611	0	0	-3.30597	
96.79	0.337	0.103	-1.76806e-06	0	-2.242	2.06659e-07	0	0.0322611	0	0	-3.30597	
96.8	0.337	0.103	-1.76547e-06	0	-2.242	2.06357e-07	0	0.0322611	0	0	-3.30597	
96.81	0.337	0.103	-1.76289e-06	0	-2.242	2.06056e-07	0	0.0322611	0	0	-3.30597	
96.82	0.337	0.103	-1.76031e-06	0	-2.242	2.05754e-07	0	0.0322611	0	0	-3.30597	
96.83	0.337	0.103	-1.75774e-06	0	-2.242	2.05454e-07	0	0.0322611	0	0	-3.30597	
96.84	0.337	0.103	-1.75517e-06	0	-2.242	2.05153e-07	0	0.0322611	0	0	-3.30597	
96.85	0.337	0.103	-1.7526e-06	0	-2.242	2.04853e-07	0	0.0322611	0	0	-3.30597	
96.86	0.337	0.103	-1.75004e-06	0	-2.242	2.04554e-07	0	0.0322611	0	0	-3.30597	
96.87	0.337	0.103	-1.74748e-06	0	-2.242	2.04255e-07	0	0.0322611	0	0	-3.30597	
96.88	0.337	0.103	-1.74493e-06	0	-2.242	2.03956e-07	0	0.0322611	0	0	-3.30597	
96.89	0.337	0.103	-1.74238e-06	0	-2.242	2.03658e-07	0	0.0322611	0	0	-3.30597	
96.9	0.337	0.103	-1.73983e-06	0	-2.242	2.0336e-07	0	0.0322611	0	0	-3.30597	
96.91	0.337	0.103	-1.73728e-06	0	-2.242	2.03063e-07	0	0.0322611	0	0	-3.30597	
96.92	0.337	0.103	-1.73474e-06	0	-2.242	2.02766e-07	0	0.0322611	0	0	-3.30597	
96.93	0.337	0.103	-1.73221e-06	0	-2.242	2.02469e-07	0	0.0322611	0	0	-3.30597	
96.94	0.337	0.103	-1.72968e-06	0	-2.242	2.02173e-07	0	0.0322611	0	0	-3.30597	
96.95	0.337	0.103	-1.72715e-06	0	-2.242	2.01878e-07	0	0.0322611	0	0	-3.30597	
96.96	0.337	0.103	-1.72462e-06	0	-2.242	2.01583e-07	0	0.0322611	0	0	-3.30597	
96.97	0.337	0.103	-1.7221e-06	0	-2.242	2.01288e-07	0	0.0322611	0	0	-3.30597	
96.98	0.337	0.103	-1.71958e-06	0	-2.242	2.00993e-07	0	0.0322611	0	0	-3.30597	
96.99	0.337	0.103	-1.71707e-06	0	-2.242	2.007e-07	0	0.0322611	0	0	-3.30597	
97	0.337	0.103	-1.71456e-06	0	-2.242	2.00406e-07	0	0.0322611	0	0	-3.30597	
97.01	0.337	0.103	-1.71205e-06	0	-2.242	2.00113e-07	0	0.0322611	0	0	-3.30597	
97.02	0.337	0.103	-1.70955e-06	0	-2.242	1.99821e-07	0	0.0322611	0	0	-3.30597	
97.03	0.337	0.103	-1.70705e-06	0	-2.242	1.99528e-07	0	0.0322611	0	0	-3.30597	
97.04	0.337	0.103	-1.70455e-06	0	-2.242	1.99237e-07	0	0.0322611	0	0	-3.30597	
97.05	0.337	0.103	-1.70206e-06	0	-2.242	1.98945e-07	0	0.0322611	0	0	-3.30597	
97.06	0.337	0.103	-1.69957e-06	0	-2.242	1.98655e-07	0	0.0322611	0	0	-3.30597	
97.07	0.337	0.103	-1.69709e-06	0	-2.242	1.98364e-07	0	0.0322611	0	0	-3.30597	
97.08	0.337	0.103	-1.6946e-06	0	-2.242	1.98074e-07	0	0.0322611	0	0	-3.30597	
97.09	0.337	0.103	-1.69213e-06	0	-2.242	1.97784e-07	0	0.0322611	0	0	-3.30597	
97.1	0.337	0.103	-1.68965e-06	0	-2.242	1.97495e-07	0	0.0322611	0	0	-3.30597	
97.11	0.337	0.103	-1.68718e-06	0	-2.242	1.97207e-07	0	0.0322611	0	0	-3.30597	
97.12	0.337	0.103	-1.68472e-06	0	-2.242	1.96918e-07	0	0.0322611	0	0	-3.30597	
97.13	0.337	0.103	-1.68225e-06	0	-2.242	1.9663e-07	0	0.0322611	0	0	-3.30597	
97.14	0.337	0.103	-1.67979e-06	0	-2.242	1.96343e-07	0	0.0322611	0	0	-3.30597	
97.15	0.337	0.103	-1.67734e-06	0	-2.242	1.96056e-07	0	0.0322611	0	0	-3.30597	
97.16	0.337	0.103	-1.67488e-06	0	-2.242	1.95769e-07	0	0.0322611	0	0	-3.30597	
97.17	0.337	0.103	-1.67244e-06	0	-2.242	1.95483e-07	0	0.0322611	0	0	-3.30597	
97.18	0.337	0.103	-1.66999e-06	0	-2.242	1.95197e-07	0	0.0322611	0	0	-3.30597	
97.19	0.337	0.103	-1.66755e-06	0	-2.242	1.94912e-07	0	0.0322611	0	0	-3.30597	
97.2	0.337	0.103	-1.66511e-06	0	-2.242	1.94627e-07	0	0.0322611	0	0	-3.30597	
97.21	0.337	0.103	-1.66268e-06	0	-2.242	1.94342e-07	0	0.0322611	0	0	-3.30597	
97.22	0.337	0.103	-1.66025e-06	0	-2.242	1.94058e-07	0	0.0322611	0	0	-3.30597	
97.23	0.337	0.103	-1.65782e-06	0	-2.242	1.93774e-07	0	0.0322611	0	0	-3.30597	
97.24	0.337	0.103	-1.65539e-06	0	-2.242	1.93491e-07	0	0.0322611	0	0	-3.30597	
97.25	0.337	0.103	-1.65297e-06	0	-2.242	1.93208e-07	0	0.0322611	0	0	-3.30597	
97.26	0.337	0.103	-1.65056e-06	0	-2.242	1.92926e-07	0	0.0322611	0	0	-3.30597	
97.27	0.337	0.103	-1.64814e-06	0	-2.242	1.92643e-07	0	0.0322611	0	0	-3.30597	
97.28	0.337	0.103	-1.64573e-06	0	-2.242	1.92362e-07	0	0.0322611	0	0	-3.30597	
97.29	0.337	0.103	-1.64333e-06	0	-2.242	1.92081e-07	0	0.0322611	0	0	-3.30597	
97.3	0.337	0.103	-1.64093e-06	0	-2.242	1.918e-07	0	0.0322611	0	0	-3.30597	
97.31	0.337	0.103	-1.63853e-06	0	-2.242	1.91519e-07	0	0.0322611	0	0	-3.30597	
97.32	0.337	0.103	-1.63613e-06	0	-2.242	1.91239e-07	0	0.0322611	0	0	-3.30597	
97.33	0.337	0.103	-1.63374e-06	0	-2.242	1.9096e-07	0	0.0322611	0	0	-3.30597	
97.34	0.337	0.103	-1.63135e-06	0	-2.242	1.9068e-07	0	0.0322611	0	0	-3.30597	
97.35	0.337	0.103	-1.62896e-06	0	-2.242	1.90402e-07	0	0.0322611	0	0	-3.30597	
97.36	0.337	0.103	-1.62658e-06	0	-2.242	1.90123e-07	0	0.0322611	0	0	-3.30597	
97.37	0.337	0.103	-1.6242e-06	0	-2.242	1.89845e-07	0	0.0322611	0	0	-3.30597	
97.38	0.337	0.103	-1.62183e-06	0	-2.242	1.89568e-07	0	0.0322611	0	0	-3.30597	
97.39	0.337	0.103	-1.61946e-06	0	-2.242	1.89291e-07	0	0.0322611	0	0	-3.30597	
97.4	0.337	0.103	-1.61709e-06	0	-2.242	1.89014e-07	0	0.0322611	0	0	-3.30597	
97.41	0.337	0.103	-1.61473e-06	0	-2.242	1.88737e-07	0	0.0322611	0	0	-3.30597	
97.42	0.337	0.103	-1.61237e-06	0	-2.242	1.88461e-07	0	0.0322611	0	0	-3.30597	
97.43	0.337	0.103	-1.61001e-06	0	-2.242	1.88186e-07	0	0.0322611	0	0	-3.30597	
97.44	0.337	0.103	-1.60765e-06	0	-2.242	1.87911e-07	0	0.0322611	0	0	-3.30597	
97.45	0.337	0.103	-1.6053e-06	0	-2.242	1.87636e-07	0	0.0322611	0	0	-3.30597	
97.46	0.337	0.103	-1.60296e-06	0	-2.242	1.87362e-07	0	0.0322611	0	0	-3.30597	
97.47	0.337	0.103	-1.60061e-06	0	-2.242	1.87088e-07	0	0.0322611	0	0	-3.30597	
97.48	0.337	0.103	-1.59827e-06	0	-2.242	1.86814e-07	0	0.0322611	0	0	-3.30597	
97.49	0.337	0.103	-1.59594e-06	0	-2.242	1.86541e-07	0	0.0322611	0	0	-3.30597	
97.5	0.337	0.103	-1.5936e-06	0	-2.242	1.86268e-07	0	0.0322611	0	0	-3.30597	
97.51	0.337	0.103	-1.59127e-06	0	-2.242	1.85996e-07	0	0.0322611	0	0	-3.30597	
97.52	0.337	0.103	-1.58895e-06	0	-2.242	1.85724e-07	0	0.0322611	0	0	-3.30597	
97.53	0.337	0.103	-1.58662e-06	0	-2.242	1.85453e-07	0	0.0322611	0	0	-3.30597	
97.54	0.337	0.103	-1.5843e-06	0	-2.242	1.85181e-07	0	0.0322611	0	0	-3.30597	
97.55	0.337	0.103	-1.58199e-06	0	-2.242	1.84911e-07	0	0.0322611	0	0	-3.30597	
97.56	0.337	0.103	-1.57967e-06	0	-2.242	1.8464e-07	0	0.0322611	0	0	-3.30597	
97.57	0.337	0.103	-1.57736e-06	0	-2.242	1.8437e-07	0	0.0322611	0	0	-3.30597	
97.58	0.337	0.103	-1.57506e-06	0	-2.242	1.84101e-07	0	0.0322611	0	0	-3.30597	
97.59	0.337	0.103	-1.57275e-06	0	-2.242	1.83832e-07	0	0.0322611	0	0	-3.30597	
97.6	0.337	0.103	-1.57046e-06	0	-2.242	1.83563e-07	0	0.0322611	0	0	-3.30597	
97.61	0.337	0.103	-1.56816e-06	0	-2.242	1.83294e-07	0	0.0322611	0	0	-3.30597	
97.62	0.337	0.103	-1.56587e-06	0	-2.242	1.83026e-07	0	0.0322611	0	0	-3.30597	
97.63	0.337	0.103	-1.56358e-06	0	-2.242	1.82759e-07	0	0.0322611	0	0	-3.30597	
97.64	0.337	0.103	-1.56129e-06	0	-2.242	1.82492e-07	0	0.0322611	0	0	-3.30597	
97.65	0.337	0.103	-1.55901e-06	0	-2.242	1.82225e-07	0	0.0322611	0	0	-3.30597	
97.66	0.337	0.103	-1.55673e-06	0	-2.242	1.81958e-07	0	0.0322611	0	0	-3.30597	
97.67	0.337	0.103	-1.55445e-06	0	-2.242	1.81692e-07	0	0.0322611	0	0	-3.30597	
97.68	0.337	0.103	-1.55218e-06	0	-2.242	1.81427e-07	0	0.0322611	0	0	-3.30597	
97.69	0.337	0.103	-1.54991e-06	0	-2.242	1.81161e-07	0	0.0322611	0	0	-3.30597	
97.7	0.337	0.103	-1.54764e-06	0	-2.242	1.80897e-07	0	0.0322611	0	0	-3.30597	
97.71	0.337	0.103	-1.54538e-06	0	-2.242	1.80632e-07	0	0.0322611	0	0	-3.30597	
97.72	0.337	0.103	-1.54312e-06	0	-2.242	1.80368e-07	0	0.0322611	0	0	-3.30597	
97.73	0.337	0.103	-1.54087e-06	0	-2.242	1.80104e-07	0	0.0322611	0	0	-3.30597	
97.74	0.337	0.103	-1.53861e-06	0	-2.242	1.79841e-07	0	0.0322611	0	0	-3.30597	
97.75	0.337	0.103	-1.53636e-06	0	-2.242	1.79578e-07	0	0.0322611	0	0	-3.30597	
97.76	0.337	0.103	-1.53412e-06	0	-2.242	1.79315e-07	0	0.0322611	0	0	-3.30597	
97.77	0.337	0.103	-1.53187e-06	0	-2.242	1.79053e-07	0	0.0322611	0	0	-3.30597	
97.78	0.337	0.103	-1.52963e-06	0	-2.242	1.78791e-07	0	0.0322611	0	0	-3.30597	
97.79	0.337	0.103	-1.5274e-06	0	-2.242	1.7853e-07	0	0.0322611	0	0	-3.30597	
97.8	0.337	0.103	-1.52516e-06	0	-2.242	1.78269e-07	0	0.0322611	0	0	-3.30597	
97.81	0.337	0.103	-1.52293e-06	0	-2.242	1.78008e-07	0	0.0322611	0	0	-3.30597	
97.82	0.337	0.103	-1.52071e-06	0	-2.242	1.77748e-07	0	0.0322611	0	0	-3.30597	
97.83	0.337	0.103	-1.51848e-06	0	-2.242	1.77488e-07	0	0.0322611	0	0	-3.30597	
97.84	0.337	0.103	-1.51626e-06	0	-2.242	1.77229e-07	0	0.0322611	0	0	-3.30597	
97.85	0.337	0.103	-1.51405e-06	0	-2.242	1.7697e-07	0	0.0322611	0	0	-3.30597	
97.86	0.337	0.103	-1.51183e-06	0	-2.242	1.76711e-07	0	0.0322611	0	0	-3.30597	
97.87	0.337	0.103	-1.50962e-06	0	-2.242	1.76453e-07	0	0.0322611	0	0	-3.30597	
97.88	0.337	0.103	-1.50742e-06	0	-2.242	1.76195e-07	0	0.0322611	0	0	-3.30597	
97.89	0.337	0.103	-1.50521e-06	0	-2.242	1.75937e-07	0	0.0322611	0	0	-3.30597	
97.9	0.337	0.103	-1.50301e-06	0	-2.242	1.7568e-07	0	0.0322611	0	0	-3.30597	
97.91	0.337	0.103	-1.50081e-06	0	-2.242	1.75423e-07	0	0.0322611	0	0	-3.30597	
97.92	0.337	0.103	-1.49862e-06	0	-2.242	1.75166e-07	0	0.0322611	0	0	-3.30597	
97.93	0.337	0.103	-1.49643e-06	0	-2.242	1.7491e-07	0	0.0322611	0	0	-3.30597	
97.94	0.337	0.103	-1.49424e-06	0	-2.242	1.74655e-07	0	0.0322611	0	0	-3.30597	
97.95	0.337	0.103	-1.49206e-06	0	-2.242	1.74399e-07	0	0.0322611	0	0	-3.30597	
97.96	0.337	0.103	-1.48987e-06	0	-2.242	1.74144e-07	0	0.0322611	0	0	-3.30597	
97.97	0.337	0.103	-1.4877e-06	0	-2.242	1.7389e-07	0	0.0322611	0	0	-3.30597	
97.98	0.337	0.103	-1.48552e-06	0	-2.242	1.73635e-07	0	0.0322611	0	0	-3.30597	
97.99	0.337	0.103	-1.48335e-06	0	-2.242	1.73381e-07	0	0.0322611	0	0	-3.30597	
98	0.337	0.103	-1.48118e-06	0	-2.242	1.73128e-07	0	0.0322611	0	0	-3.30597	
98.01	0.337	0.103	-1.47901e-06	0	-2.242	1.72875e-07	0	0.0322611	0	0	-3.30597	
98.02	0.337	0.103	-1.47685e-06	0	-2.242	1.72622e-07	0	0.0322611	0	0	-3.30597	
98.03	0.337	0.103	-1.47469e-06	0	-2.242	1.7237e-07	0	0.0322611	0	0	-3.30597	
98.04	0.337	0.103	-1.47254e-06	0	-2.242	1.72118e-07	0	0.0322611	0	0	-3.30597	
98.05	0.337	0.103	-1.47038e-06	0	-2.242	1.71866e-07	0	0.0322611	0	0	-3.30597	
98.06	0.337	0.103	-1.46823e-06	0	-2.242	1.71615e-07	0	0.0322611	0	0	-3.30597	
98.07	0.337	0.103	-1.46609e-06	0	-2.242	1.71364e-07	0	0.0322611	0	0	-3.30597	
98.08	0.337	0.103	-1.46394e-06	0	-2.242	1.71113e-07	0	0.0322611	0	0	-3.30597	
98.09	0.337	0.103	-1.4618e-06	0	-2.242	1.70863e-07	0	0.0322611	0	0	-3.30597	
98.1	0.337	0.103	-1.45967e-06	0	-2.242	1.70613e-07	0	0.0322611	0	0	-3.30597	
98.11	0.337	0.103	-1.45753e-06	0	-2.242	1.70364e-07	0	0.0322611	0	0	-3.30597	
98.12	0.337	0.103	-1.4554e-06	0	-2.242	1.70115e-07	0	0.0322611	0	0	-3.30597	
98.13	0.337	0.103	-1.45327e-06	0	-2.242	1.69866e-07	0	0.0322611	0	0	-3.30597	
98.14	0.337	0.103	-1.45115e-06	0	-2.242	1.69618e-07	0	0.0322611	0	0	-3.30597	
98.15	0.337	0.103	-1.44903e-06	0	-2.242	1.6937e-07	0	0.0322611	0	0	-3.30597	
98.16	0.337	0.103	-1.44691e-06	0	-2.242	1.69122e-07	0	0.0322611	0	0	-3.30597	
98.17	0.337	0.103	-1.44479e-06	0	-2.242	1.68875e-07	0	0.0322611	0	0	-3.30597	
98.18	0.337	0.103	-1.44268e-06	0	-2.242	1.68628e-07	0	0.0322611	0	0	-3.30597	
98.19	0.337	0.103	-1.44057e-06	0	-2.242	1.68381e-07	0	0.0322611	0	0	-3.30597	
98.2	0.337	0.103	-1.43846e-06	0	-2.242	1.68135e-07	0	0.0322611	0	0	-3.30597	
98.21	0.337	0.103	-1.43636e-06	0	-2.242	1.67889e-07	0	0.0322611	0	0	-3.30597	
98.22	0.337	0.103	-1.43426e-06	0	-2.242	1.67644e-07	0	0.0322611	0	0	-3.30597	
98.23	0.337	0.103	-1.43216e-06	0	-2.242	1.67399e-07	0	0.0322611	0	0	-3.30597	
98.24	0.337	0.103	-1.43007e-06	0	-2.242	1.67154e-07	0	0.0322611	0	0	-3.30597	
98.25	0.337	0.103	-1.42798e-06	0	-2.242	1.6691e-07	0	0.0322611	0	0	-3.30597	
98.26	0.337	0.103	-1.42589e-06	0	-2.242	1.66666e-07	0	0.0322611	0	0	-3.30597	
98.27	0.337	0.103	-1.42381e-06	0	-2.242	1.66422e-07	0	0.0322611	0	0	-3.30597	
98.28	0.337	0.103	-1.42173e-06	0	-2.242	1.66179e-07	0	0.0322611	0	0	-3.30597	
98.29	0.337	0.103	-1.41965e-06	0	-2.242	1.65936e-07	0	0.0322611	0	0	-3.30597	
98.3	0.337	0.103	-1.41757e-06	0	-2.242	1.65693e-07	0	0.0322611	0	0	-3.30597	
98.31	0.337	0.103	-1.4155e-06	0	-2.242	1.65451e-07	0	0.0322611	0	0	-3.30597	
98.32	0.337	0.103	-1.41343e-06	0	-2.242	1.65209e-07	0	0.0322611	0	0	-3.30597	
98.33	0.337	0.103	-1.41136e-06	0	-2.242	1.64967e-07	0	0.0322611	0	0	-3.30597	
98.34	0.337	0.103	-1.4093e-06	0	-2.242	1.64726e-07	0	0.0322611	0	0	-3.30597	
98.35	0.337	0.103	-1.40724e-06	0	-2.242	1.64485e-07	0	0.0322611	0	0	-3.30597	
98.36	0.337	0.103	-1.40518e-06	0	-2.242	1.64245e-07	0	0.0322611	0	0	-3.30597	
98.37	0.337	0.103	-1.40313e-06	0	-2.242	1.64005e-07	0	0.0322611	0	0	-3.30597	
98.38	0.337	0.103	-1.40107e-06	0	-2.242	1.63765e-07	0	0.0322611	0	0	-3.30597	
98.39	0.337	0.103	-1.39903e-06	0	-2.242	1.63525e-07	0	0.0322611	0	0	-3.30597	
98.4	0.337	0.103	-1.39698e-06	0	-2.242	1.63286e-07	0	0.0322611	0	0	-3.30597	
98.41	0.337	0.103	-1.39494e-06	0	-2.242	1.63047e-07	0	0.0322611	0	0	-3.30597	
98.42	0.337	0.103	-1.3929e-06	0	-2.242	1.62809e-07	0	0.0322611	0	0	-3.30597	
98.43	0.337	0.103	-1.39086e-06	0	-2.242	1.62571e-07	0	0.0322611	0	0	-3.30597	
98.44	0.337	0.103	-1.38883e-06	0	-2.242	1.62333e-07	0	0.0322611	0	0	-3.30597	
98.45	0.337	0.103	-1.3868e-06	0	-2.242	1.62096e-07	0	0.0322611	0	0	-3.30597	
98.46	0.337	0.103	-1.38477e-06	0	-2.242	1.61859e-07	0	0.0322611	0	0	-3.30597	
98.47	0.337	0.103	-1.38275e-06	0	-2.242	1.61622e-07	0	0.0322611	0	0	-3.30597	
98.48	0.337	0.103	-1.38072e-06	0	-2.242	1.61386e-07	0	0.0322611	0	0	-3.30597	
98.49	0.337	0.103	-1.37871e-06	0	-2.242	1.6115e-07	0	0.0322611	0	0	-3.30597	
98.5	0.337	0.103	-1.37669e-06	0	-2.242	1.60915e-07	0	0.0322611	0	0	-3.30597	
98.51	0.337	0.103	-1.37468e-06	0	-2.242	1.60679e-07	0	0.0322611	0	0	-3.30597	
98.52	0.337	0.103	-1.37267e-06	0	-2.242	1.60444e-07	0	0.0322611	0	0	-3.30597	
98.53	0.337	0.103	-1.37066e-06	0	-2.242	1.6021e-07	0	0.0322611	0	0	-3.30597	
98.54	0.337	0.103	-1.36866e-06	0	-2.242	1.59975e-07	0	0.0322611	0	0	-3.30597	
98.55	0.337	0.103	-1.36665e-06	0	-2.242	1.59742e-07	0	0.0322611	0	0	-3.30597	
98.56	0.337	0.103	-1.36466e-06	0	-2.242	1.59508e-07	0	0.0322611	0	0	-3.30597	
98.57	0.337	0.103	-1.36266e-06	0	-2.242	1.59275e-07	0	0.0322611	0	0	-3.30597	
98.58	0.337	0.103	-1.36067e-06	0	-2.242	1.59042e-07	0	0.0322611	0	0	-3.30597	
98.59	0.337	0.103	-1.35868e-06	0	-2.242	1.58809e-07	0	0.0322611	0	0	-3.30597	
98.6	0.337	0.103	-1.35669e-06	0	-2.242	1.58577e-07	0	0.0322611	0	0	-3.30597	
98.61	0.337	0.103	-1.35471e-06	0	-2.242	1.58345e-07	0	0.0322611	0	0	-3.30597	
98.62	0.337	0.103	-1.35273e-06	0	-2.242	1.58114e-07	0	0.0322611	0	0	-3.30597	
98.63	0.337	0.103	-1.35075e-06	0	-2.242	1.57883e-07	0	0.0322611	0	0	-3.30597	
98.64	0.337	0.103	-1.34878e-06	0	-2.242	1.57652e-07	0	0.0322611	0	0	-3.30597	
98.65	0.337	0.103	-1.3468e-06	0	-2.242	1.57421e-07	0	0.0322611	0	0	-3.30597	
98.66	0.337	0.103	-1.34483e-06	0	-2.242	1.57191e-07	0	0.0322611	0	0	-3.30597	
98.67	0.337	0.103	-1.34287e-06	0	-2.242	1.56961e-07	0	0.0322611	0	0	-3.30597	
98.68	0.337	0.103	-1.34091e-06	0	-2.242	1.56732e-07	0	0.0322611	0	0	-3.30597	
98.69	0.337	0.103	-1.33894e-06	0	-2.242	1.56503e-07	0	0.0322611	0	0	-3.30597	
98.7	0.337	0.103	-1.33699e-06	0	-2.242	1.56274e-07	0	0.0322611	0	0	-3.30597	
98.71	0.337	0.103	-1.33503e-06	0	-2.242	1.56045e-07	0	0.0322611	0	0	-3.30597	
98.72	0.337	0.103	-1.33308e-06	0	-2.242	1.55817e-07	0	0.0322611	0	0	-3.30597	
98.73	0.337	0.103	-1.33113e-06	0	-2.242	1.55589e-07	0	0.0322611	0	0	-3.30597	
98.74	0.337	0.103	-1.32919e-06	0	-2.242	1.55362e-07	0	0.0322611	0	0	-3.30597	
98.75	0.337	0.103	-1.32724e-06	0	-2.242	1.55135e-07	0	0.0322611	0	0	-3.30597	
98.76	0.337	0.103	-1.3253e-06	0	-2.242	1.54908e-07	0	0.0322611	0	0	-3.30597	
98.77	0.337	0.103	-1.32336e-06	0	-2.242	1.54681e-07	0	0.0322611	0	0	-3.30597	
98.78	0.337	0.103	-1.32143e-06	0	-2.242	1.54455e-07	0	0.0322611	0	0	-3.30597	
98.79	0.337	0.103	-1.3195e-06	0	-2.242	1.54229e-07	0	0.0322611	0	0	-3.30597	
98.8	0.337	0.103	-1.31757e-06	0	-2.242	1.54004e-07	0	0.0322611	0	0	-3.30597	
98.81	0.337	0.103	-1.31564e-06	0	-2.242	1.53779e-07	0	0.0322611	0	0	-3.30597	
98.82	0.337	0.103	-1.31372e-06	0	-2.242	1.53554e-07	0	0.0322611	0	0	-3.30597	
98.83	0.337	0.103	-1.3118e-06	0	-2.242	1.53329e-07	0	0.0322611	0	0	-3.30597	
98.84	0.337	0.103	-1.30988e-06	0	-2.242	1.53105e-07	0	0.0322611	0	0	-3.30597	
98.85	0.337	0.103	-1.30796e-06	0	-2.242	1.52881e-07	0	0.0322611	0	0	-3.30597	
98.86	0.337	0.103	-1.30605e-06	0	-2.242	1.52658e-07	0	0.0322611	0	0	-3.30597	
98.87	0.337	0.103	-1.30414e-06	0	-2.242	1.52435e-07	0	0.0322611	0	0	-3.30597	
98.88	0.337	0.103	-1.30223e-06	0	-2.242	1.52212e-07	0	0.0322611	0	0	-3.30597	
98.89	0.337	0.103	-1.30033e-06	0	-2.242	1.51989e-07	0	0.0322611	0	0	-3.30597	
98.9	0.337	0.103	-1.29843e-06	0	-2.242	1.51767e-07	0	0.0322611	0	0	-3.30597	
98.91	0.337	0.103	-1.29653e-06	0	-2.242	1.51545e-07	0	0.0322611	0	0	-3.30597	
98.92	0.337	0.103	-1.29464e-06	0	-2.242	1.51324e-07	0	0.0322611	0	0	-3.30597	
98.93	0.337	0.103	-1.29274e-06	0	-2.242	1.51102e-07	0	0.0322611	0	0	-3.30597	
98.94	0.337	0.103	-1.29085e-06	0	-2.242	1.50881e-07	0	0.0322611	0	0	-3.30597	
98.95	0.337	0.103	-1.28897e-06	0	-2.242	1.50661e-07	0	0.0322611	0	0	-3.30597	
98.96	0.337	0.103	-1.28708e-06	0	-2.242	1.50441e-07	0	0.0322611	0	0	-3.30597	
98.97	0.337	0.103	-1.2852e-06	0	-2.242	1.50221e-07	0	0.0322611	0	0	-3.30597	
98.98	0.337	0.103	-1.28332e-06	0	-2.242	1.50001e-07	0	0.0322611	0	0	-3.30597	
98.99	0.337	0.103	-1.28144e-06	0	-2.242	1.49782e-07	0	0.0322611	0	0	-3.30597	
99	0.337	0.103	-1.27957e-06	0	-2.242	1.49563e-07	0	0.0322611	0	0	-3.30597	
99.01	0.337	0.103	-1.2777e-06	0	-2.242	1.49344e-07	0	0.0322611	0	0	-3.30597	
99.02	0.337	0.103	-1.27583e-06	0	-2.242	1.49126e-07	0	0.0322611	0	0	-3.30597	
99.03	0.337	0.103	-1.27397e-06	0	-2.242	1.48908e-07	0	0.0322611	0	0	-3.30597	
99.04	0.337	0.103	-1.2721e-06	0	-2.242	1.4869e-07	0	0.0322611	0	0	-3.30597	
99.05	0.337	0.103	-1.27024e-06	0	-2.242	1.48472e-07	0	0.0322611	0	0	-3.30597	
99.06	0.337	0.103	-1.26839e-06	0	-2.242	1.48255e-07	0	0.0322611	0	0	-3.30597	
99.07	0.337	0.103	-1.26653e-06	0	-2.242	1.48039e-07	0	0.0322611	0	0	-3.30597	
99.08	0.337	0.103	-1.26468e-06	0	-2.242	1.47822e-07	0	0.0322611	0	0	-3.30597	
99.09	0.337	0.103	-1.26283e-06	0	-2.242	1.47606e-07	0	0.0322611	0	0	-3.30597	
99.1	0.337	0.103	-1.26098e-06	0	-2.242	1.4739e-07	0	0.0322611	0	0	-3.30597	
99.11	0.337	0.103	-1.25914e-06	0	-2.242	1.47175e-07	0	0.0322611	0	0	-3.30597	
99.12	0.337	0.103	-1.2573e-06	0	-2.242	1.4696e-07	0	0.0322611	0	0	-3.30597	
99.13	0.337	0.103	-1.25546e-06	0	-2.242	1.46745e-07	0	0.0322611	0	0	-3.30597	
99.14	0.337	0.103	-1.25363e-06	0	-2.242	1.4653e-07	0	0.0322611	0	0	-3.30597	
99.15	0.337	0.103	-1.25179e-06	0	-2.242	1.46316e-07	0	0.0322611	0	0	-3.30597	
99.16	0.337	0.103	-1.24996e-06	0	-2.242	1.46102e-07	0	0.0322611	0	0	-3.30597	
99.17	0.337	0.103	-1.24814e-06	0	-2.242	1.45888e-07	0	0.0322611	0	0	-3.30597	
99.18	0.337	0.103	-1.24631e-06	0	-2.242	1.45675e-07	0	0.0322611	0	0	-3.30597	
99.19	0.337	0.103	-1.24449e-06	0	-2.242	1.45462e-07	0	0.0322611	0	0	-3.30597	
99.2	0.337	0.103	-1.24267e-06	0	-2.242	1.45249e-07	0	0.0322611	0	0	-3.30597	
99.21	0.337	0.103	-1.24085e-06	0	-2.242	1.45037e-07	0	0.0322611	0	0	-3.30597	
99.22	0.337	0.103	-1.23904e-06	0	-2.242	1.44825e-07	0	0.0322611	0	0	-3.30597	
99.23	0.337	0.103	-1.23723e-06	0	-2.242	1.44613e-07	0	0.0322611	0	0	-3.30597	
99.24	0.337	0.103	-1.23542e-06	0	-2.242	1.44402e-07	0	0.0322611	0	0	-3.30597	
99.25	0.337	0.103	-1.23361e-06	0	-2.242	1.44191e-07	0	0.0322611	0	0	-3.30597	
99.26	0.337	0.103	-1.23181e-06	0	-2.242	1.4398e-07	0	0.0322611	0	0	-3.30597	
99.27	0.337	0.103	-1.23001e-06	0	-2.242	1.43769e-07	0	0.0322611	0	0	-3.30597	
99.28	0.337	0.103	-1.22821e-06	0	-2.242	1.43559e-07	0	0.0322611	0	0	-3.30597	
99.29	0.337	0.103	-1.22641e-06	0	-2.242	1.43349e-07	0	0.0322611	0	0	-3.30597	
99.3	0.337	0.103	-1.22462e-06	0	-2.242	1.4314e-07	0	0.0322611	0	0	-3.30597	
99.31	0.337	0.103	-1.22283e-06	0	-2.242	1.4293e-07	0	0.0322611	0	0	-3.30597	
99.32	0.337	0.103	-1.22104e-06	0	-2.242	1.42721e-07	0	0.0322611	0	0	-3.30597	
99.33	0.337	0.103	-1.21926e-06	0	-2.242	1.42513e-07	0	0.0322611	0	0	-3.30597	
99.34	0.337	0.103	-1.21747e-06	0	-2.242	1.42304e-07	0	0.0322611	0	0	-3.30597	
99.35	0.337	0.103	-1.21569e-06	0	-2.242	1.42096e-07	0	0.0322611	0	0	-3.30597	
99.36	0.337	0.103	-1.21391e-06	0	-2.242	1.41889e-07	0	0.0322611	0	0	-3.30597	
99.37	0.337	0.103	-1.21214e-06	0	-2.242	1.41681e-07	0	0.0322611	0	0	-3.30597	
99.38	0.337	0.103	-1.21037e-06	0	-2.242	1.41474e-07	0	0.0322611	0	0	-3.30597	
99.39	0.337	0.103	-1.2086e-06	0	-2.242	1.41267e-07	0	0.0322611	0	0	-3.30597	
99.4	0.337	0.103	-1.20683e-06	0	-2.242	1.41061e-07	0	0.0322611	0	0	-3.30597	
99.41	0.337	0.103	-1.20507e-06	0	-2.242	1.40854e-07	0	0.0322611	0	0	-3.30597	
99.42	0.337	0.103	-1.2033e-06	0	-2.242	1.40648e-07	0	0.0322611	0	0	-3.30597	
99.43	0.337	0.103	-1.20155e-06	0	-2.242	1.40443e-07	0	0.0322611	0	0	-3.30597	
99.44	0.337	0.103	-1.19979e-06	0	-2.242	1.40237e-07	0	0.0322611	0	0	-3.30597	
99.45	0.337	0.103	-1.19803e-06	0	-2.242	1.40032e-07	0	0.0322611	0	0	-3.30597	
99.46	0.337	0.103	-1.19628e-06	0	-2.242	1.39828e-07	0	0.0322611	0	0	-3.30597	
99.47	0.337	0.103	-1.19453e-06	0	-2.242	1.39623e-07	0	0.0322611	0	0	-3.30597	
99.48	0.337	0.103	-1.19279e-06	0	-2.242	1.39419e-07	0	0.0322611	0	0	-3.30597	
99.49	0.337	0.103	-1.19104e-06	0	-2.242	1.39215e-07	0	0.0322611	0	0	-3.30597	
99.5	0.337	0.103	-1.1893e-06	0	-2.242	1.39012e-07	0	0.0322611	0	0	-3.30597	
99.51	0.337	0.103	-1.18756e-06	0	-2.242	1.38808e-07	0	0.0322611	0	0	-3.30597	
99.52	0.337	0.103	-1.18583e-06	0	-2.242	1.38605e-07	0	0.0322611	0	0	-3.30597	
99.53	0.337	0.103	-1.18409e-06	0	-2.242	1.38403e-07	0	0.0322611	0	0	-3.30597	
99.54	0.337	0.103	-1.18236e-06	0	-2.242	1.382e-07	0	0.0322611	0	0	-3.30597	
99.55	0.337	0.103	-1.18063e-06	0	-2.242	1.37998e-07	0	0.0322611	0	0	-3.30597	
99.56	0.337	0.103	-1.17891e-06	0	-2.242	1.37797e-07	0	0.0322611	0	0	-3.30597	
99.57	0.337	0.103	-1.17718e-06	0	-2.242	1.37595e-07	0	0.0322611	0	0	-3.30597	
99.58	0.337	0.103	-1.17546e-06	0	-2.242	1.37394e-07	0	0.0322611	0	0	-3.30597	
99.59	0.337	0.103	-1.17374e-06	0	-2.242	1.37193e-07	0	0.0322611	0	0	-3.30597	
99.6	0.337	0.103	-1.17203e-06	0	-2.242	1.36993e-07	0	0.0322611	0	0	-3.30597	
99.61	0.337	0.103	-1.17031e-06	0	-2.242	1.36792e-07	0	0.0322611	0	0	-3.30597	
99.62	0.337	0.103	-1.1686e-06	0	-2.242	1.36592e-07	0	0.0322611	0	0	-3.30597	
99.63	0.337	0.103	-1.16689e-06	0	-2.242	1.36393e-07	0	0.0322611	0	0	-3.30597	
99.64	0.337	0.103	-1.16519e-06	0	-2.242	1.36193e-07	0	0.0322611	0	0	-3.30597	
99.65	0.337	0.103	-1.16348e-06	0	-2.242	1.35994e-07	0	0.0322611	0	0	-3.30597	
99.66	0.337	0.103	-1.16178e-06	0	-2.242	1.35795e-07	0	0.0322611	0	0	-3.30597	
99.67	0.337	0.103	-1.16008e-06	0	-2.242	1.35597e-07	0	0.0322611	0	0	-3.30597	
99.68	0.337	0.103	-1.15839e-06	0	-2.242	1.35398e-07	0	0.0322611	0	0	-3.30597	
99.69	0.337	0.103	-1.15669e-06	0	-2.242	1.352e-07	0	0.0322611	0	0	-3.30597	
99.7	0.337	0.103	-1.155e-06	0	-2.242	1.35003e-07	0	0.0322611	0	0	-3.30597	
99.71	0.337	0.103	-1.15331e-06	0	-2.242	1.34805e-07	0	0.0322611	0	0	-3.30597	
99.72	0.337	0.103	-1.15163e-06	0	-2.242	1.34608e-07	0	0.0322611	0	0	-3.30597	
99.73	0.337	0.103	-1.14994e-06	0	-2.242	1.34411e-07	0	0.0322611	0	0	-3.30597	
99.74	0.337	0.103	-1.14826e-06	0	-2.242	1.34215e-07	0	0.0322611	0	0	-3.30597	
99.75	0.337	0.103	-1.14658e-06	0	-2.242	1.34019e-07	0	0.0322611	0	0	-3.30597	
99.76	0.337	0.103	-1.14491e-06	0	-2.242	1.33823e-07	0	0.0322611	0	0	-3.30597	
99.77	0.337	0.103	-1.14323e-06	0	-2.242	1.33627e-07	0	0.0322611	0	0	-3.30597	
99.78	0.337	0.103	-1.14156e-06	0	-2.242	1.33432e-07	0	0.0322611	0	0	-3.30597	
99.79	0.337	0.103	-1.13989e-06	0	-2.242	1.33237e-07	0	0.0322611	0	0	-3.30597	
99.8	0.337	0.103	-1.13823e-06	0	-2.242	1.33042e-07	0	0.0322611	0	0	-3.30597	
99.81	0.337	0.103	-1.13656e-06	0	-2.242	1.32847e-07	0	0.0322611	0	0	-3.30597	
99.82	0.337	0.103	-1.1349e-06	0	-2.242	1.32653e-07	0	0.0322611	0	0	-3.30597	
99.83	0.337	0.103	-1.13324e-06	0	-2.242	1.32459e-07	0	0.0322611	0	0	-3.30597	
99.84	0.337	0.103	-1.13158e-06	0	-2.242	1.32265e-07	0	0.0322611	0	0	-3.30597	
99.85	0.337	0.103	-1.12993e-06	0	-2.242	1.32072e-07	0	0.0322611	0	0	-3.30597	
99.86	0.337	0.103	-1.12828e-06	0	-2.242	1.31879e-07	0	0.0322611	0	0	-3.30597	
99.87	0.337	0.103	-1.12663e-06	0	-2.242	1.31686e-07	0	0.0322611	0	0	-3.30597	
99.88	0.337	0.103	-1.12498e-06	0	-2.242	1.31494e-07	0	0.0322611	0	0	-3.30597	
99.89	0.337	0.103	-1.12334e-06	0	-2.242	1.31301e-07	0	0.0322611	0	0	-3.30597	
99.9	0.337	0.103	-1.12169e-06	0	-2.242	1.31109e-07	0	0.0322611	0	0	-3.30597	
99.91	0.337	0.103	-1.12005e-06	0	-2.242	1.30918e-07	0	0.0322611	0	0	-3.30597	
99.92	0.337	0.103	-1.11842e-06	0	-2.242	1.30726e-07	0	0.0322611	0	0	-3.30597	
99.93	0.337	0.103	-1.11678e-06	0	-2.242	1.30535e-07	0	0.0322611	0	0	-3.30597	
99.94	0.337	0.103	-1.11515e-06	0	-2.242	1.30344e-07	0	0.0322611	0	0	-3.30597	
99.95	0.337	0.103	-1.11352e-06	0	-2.242	1.30154e-07	0	0.0322611	0	0	-3.30597	
99.96	0.337	0.103	-1.11189e-06	0	-2.242	1.29963e-07	0	0.0322611	0	0	-3.30597	
99.97	0.337	0.103	-1.11026e-06	0	-2.242	1.29773e-07	0	0.0322611	0	0	-3.30597	
99.98	0.337	0.103	-1.10864e-06	0	-2.242	1.29584e-07	0	0.0322611	0	0	-3.30597	
99.99	0.337	0.103	-1.10702e-06	0	-2.242	1.29394e-07	0	0.0322611	0	0	-3.30597	
100	0.337	0.103	-1.1054e-06	0	-2.242	1.29205e-07	0	0.0322611	0	0	-3.30597	
100.01	0.337	0.103	-1.10379e-06	0	-2.242	1.29016e-07	0	0.0322611	0	0	-3.30597	
100.02	0.337	0.103	-1.10217e-06	0	-2.242	1.28827e-07	0	0.0322611	0	0	-3.30597	
100.03	0.337	0.103	-1.10056e-06	0	-2.242	1.28639e-07	0	0.0322611	0	0	-3.30597	
100.04	0.337	0.103	-1.09895e-06	0	-2.242	1.28451e-07	0	0.0322611	0	0	-3.30597	
100.05	0.337	0.103	-1.09734e-06	0	-2.242	1.28263e-07	0	0.0322611	0	0	-3.30597	
100.06	0.337	0.103	-1.09574e-06	0	-2.242	1.28076e-07	0	0.0322611	0	0	-3.30597	
100.07	0.337	0.103	-1.09414e-06	0	-2.242	1.27888e-07	0	0.0322611	0	0	-3.30597	
100.08	0.337	0.103	-1.09254e-06	0	-2.242	1.27701e-07	0	0.0322611	0	0	-3.30597	
100.09	0.337	0.103	-1.09094e-06	0	-2.242	1.27515e-07	0	0.0322611	0	0	-3.30597	
100.1	0.337	0.103	-1.08935e-06	0	-2.242	1.27328e-07	0	0.0322611	0	0	-3.30597	
100.11	0.337	0.103	-1.08775e-06	0	-2.242	1.27142e-07	0	0.0322611	0	0	-3.30597	
100.12	0.337	0.103	-1.08616e-06	0	-2.242	1.26956e-07	0	0.0322611	0	0	-3.30597	
100.13	0.337	0.103	-1.08457e-06	0	-2.242	1.26771e-07	0	0.0322611	0	0	-3.30597	
100.14	0.337	0.103	-1.08299e-06	0	-2.242	1.26585e-07	0	0.0322611	0	0	-3.30597	
100.15	0.337	0.103	-1.08141e-06	0	-2.242	1.264e-07	0	0.0322611	0	0	-3.30597	
100.16	0.337	0.103	-1.07982e-06	0	-2.242	1.26215e-07	0	0.0322611	0	0	-3.30597	
100.17	0.337	0.103	-1.07825e-06	0	-2.242	1.26031e-07	0	0.0322611	0	0	-3.30597	
100.18	0.337	0.103	-1.07667e-06	0	-2.242	1.25847e-07	0	0.0322611	0	0	-3.30597	
100.19	0.337	0.103	-1.07509e-06	0	-2.242	1.25663e-07	0	0.0322611	0	0	-3.30597	
100.2	0.337	0.103	-1.07352e-06	0	-2.242	1.25479e-07	0	0.0322611	0	0	-3.30597	
100.21	0.337	0.103	-1.07195e-06	0	-2.242	1.25295e-07	0	0.0322611	0	0	-3.30597	
100.22	0.337	0.103	-1.07039e-06	0	-2.242	1.25112e-07	0	0.0322611	0	0	-3.30597	
100.23	0.337	0.103	-1.06882e-06	0	-2.242	1.24929e-07	0	0.0322611	0	0	-3.30597	
100.24	0.337	0.103	-1.06726e-06	0	-2.242	1.24747e-07	0	0.0322611	0	0	-3.30597	
100.25	0.337	0.103	-1.0657e-06	0	-2.242	1.24564e-07	0	0.0322611	0	0	-3.30597	
100.26	0.337	0.103	-1.06414e-06	0	-2.242	1.24382e-07	0	0.0322611	0	0	-3.30597	
100.27	0.337	0.103	-1.06258e-06	0	-2.242	1.242e-07	0	0.0322611	0	0	-3.30597	
100.28	0.337	0.103	-1.06103e-06	0	-2.242	1.24019e-07	0	0.0322611	0	0	-3.30597	
100.29	0.337	0.103	-1.05948e-06	0	-2.242	1.23837e-07	0	0.0322611	0	0	-3.30597	
100.3	0.337	0.103	-1.05793e-06	0	-2.242	1.23656e-07	0	0.0322611	0	0	-3.30597	
100.31	0.337	0.103	-1.05638e-06	0	-2.242	1.23475e-07	0	0.0322611	0	0	-3.30597	
100.32	0.337	0.103	-1.05484e-06	0	-2.242	1.23295e-07	0	0.0322611	0	0	-3.30597	
100.33	0.337	0.103	-1.0533e-06	0	-2.242	1.23115e-07	0	0.0322611	0	0	-3.30597	
100.34	0.337	0.103	-1.05176e-06	0	-2.242	1.22935e-07	0	0.0322611	0	0	-3.30597	
100.35	0.337	0.103	-1.05022e-06	0	-2.242	1.22755e-07	0	0.0322611	0	0	-3.30597	
100.36	0.337	0.103	-1.04868e-06	0	-2.242	1.22575e-07	0	0.0322611	0	0	-3.30597	
100.37	0.337	0.103	-1.04715e-06	0	-2.242	1.22396e-07	0	0.0322611	0	0	-3.30597	
100.38	0.337	0.103	-1.04562e-06	0	-2.242	1.22217e-07	0	0.0322611	0	0	-3.30597	
100.39	0.337	0.103	-1.04409e-06	0	-2.242	1.22039e-07	0	0.0322611	0	0	-3.30597	
100.4	0.337	0.103	-1.04256e-06	0	-2.242	1.2186e-07	0	0.0322611	0	0	-3.30597	
100.41	0.337	0.103	-1.04104e-06	0	-2.242	1.21682e-07	0	0.0322611	0	0	-3.30597	
100.42	0.337	0.103	-1.03952e-06	0	-2.242	1.21504e-07	0	0.0322611	0	0	-3.30597	
100.43	0.337	0.103	-1.038e-06	0	-2.242	1.21326e-07	0	0.0322611	0	0	-3.30597	
100.44	0.337	0.103	-1.03648e-06	0	-2.242	1.21149e-07	0	0.0322611	0	0	-3.30597	
100.45	0.337	0.103	-1.03496e-06	0	-2.242	1.20972e-07	0	0.0322611	0	0	-3.30597	
100.46	0.337	0.103	-1.03345e-06	0	-2.242	1.20795e-07	0	0.0322611	0	0	-3.30597	
100.47	0.337	0.103	-1.03194e-06	0	-2.242	1.20618e-07	0	0.0322611	0	0	-3.30597	
100.48	0.337	0.103	-1.03043e-06	0	-2.242	1.20442e-07	0	0.0322611	0	0	-3.30597	
100.49	0.337	0.103	-1.02892e-06	0	-2.242	1.20266e-07	0	0.0322611	0	0	-3.30597	
100.5	0.337	0.103	-1.02742e-06	0	-2.242	1.2009e-07	0	0.0322611	0	0	-3.30597	
100.51	0.337	0.103	-1.02592e-06	0	-2.242	1.19915e-07	0	0.0322611	0	0	-3.30597	
100.52	0.337	0.103	-1.02442e-06	0	-2.242	1.19739e-07	0	0.0322611	0	0	-3.30597	
100.53	0.337	0.103	-1.02292e-06	0	-2.242	1.19564e-07	0	0.0322611	0	0	-3.30597	
100.54	0.337	0.103	-1.02142e-06	0	-2.242	1.19389e-07	0	0.0322611	0	0	-3.30597	
100.55	0.337	0.103	-1.01993e-06	0	-2.242	1.19215e-07	0	0.0322611	0	0	-3.30597	
100.56	0.337	0.103	-1.01844e-06	0	-2.242	1.1904e-07	0	0.0322611	0	0	-3.30597	
100.57	0.337	0.103	-1.01695e-06	0	-2.242	1.18866e-07	0	0.0322611	0	0	-3.30597	
100.58	0.337	0.103	-1.01546e-06	0	-2.242	1.18693e-07	0	0.0322611	0	0	-3.30597	
100.59	0.337	0.103	-1.01398e-06	0	-2.242	1.18519e-07	0	0.0322611	0	0	-3.30597	
100.6	0.337	0.103	-1.0125e-06	0	-2.242	1.18346e-07	0	0.0322611	0	0	-3.30597	
100.61	0.337	0.103	-1.01102e-06	0	-2.242	1.18173e-07	0	0.0322611	0	0	-3.30597	
100.62	0.337	0.103	-1.00954e-06	0	-2.242	1.18e-07	0	0.0322611	0	0	-3.30597	
100.63	0.337	0.103	-1.00806e-06	0	-2.242	1.17827e-07	0	0.0322611	0	0	-3.30597	
100.64	0.337	0.103	-1.00659e-06	0	-2.242	1.17655e-07	0	0.0322611	0	0	-3.30597	
100.65	0.337	0.103	-1.00512e-06	0	-2.242	1.17483e-07	0	0.0322611	0	0	-3.30597	
100.66	0.337	0.103	-1.00365e-06	0	-2.242	1.17311e-07	0	0.0322611	0	0	-3.30597	
100.67	0.337	0.103	-1.00218e-06	0	-2.242	1.1714e-07	0	0.0322611	0	0	-3.30597	
100.68	0.337	0.103	-1.00071e-06	0	-2.242	1.16969e-07	0	0.0322611	0	0	-3.30597	
100.69	0.337	0.103	-9.99252e-07	0	-2.242	1.16798e-07	0	0.0322611	0	0	-3.30597	
100.7	0.337	0.103	-9.97791e-07	0	-2.242	1.16627e-07	0	0.0322611	0	0	-3.30597	
100.71	0.337	0.103	-9.96332e-07	0	-2.242	1.16456e-07	0	0.0322611	0	0	-3.30597	
100.72	0.337	0.103	-9.94875e-07	0	-2.242	1.16286e-07	0	0.0322611	0	0	-3.30597	
100.73	0.337	0.103	-9.9342e-07	0	-2.242	1.16116e-07	0	0.0322611	0	0	-3.30597	
100.74	0.337	0.103	-9.91968e-07	0	-2.242	1.15946e-07	0	0.0322611	0	0	-3.30597	
100.75	0.337	0.103	-9.90518e-07	0	-2.242	1.15777e-07	0	0.0322611	0	0	-3.30597	
100.76	0.337	0.103	-9.89069e-07	0	-2.242	1.15607e-07	0	0.0322611	0	0	-3.30597	
100.77	0.337	0.103	-9.87623e-07	0	-2.242	1.15438e-07	0	0.0322611	0	0	-3.30597	
100.78	0.337	0.103	-9.86179e-07	0	-2.242	1.1527e-07	0	0.0322611	0	0	-3.30597	
100.79	0.337	0.103	-9.84737e-07	0	-2.242	1.15101e-07	0	0.0322611	0	0	-3.30597	
100.8	0.337	0.103	-9.83298e-07	0	-2.242	1.14933e-07	0	0.0322611	0	0	-3.30597	
100.81	0.337	0.103	-9.8186e-07	0	-2.242	1.14765e-07	0	0.0322611	0	0	-3.30597	
100.82	0.337	0.103	-9.80424e-07	0	-2.242	1.14597e-07	0	0.0322611	0	0	-3.30597	
100.83	0.337	0.103	-9.78991e-07	0	-2.242	1.14429e-07	0	0.0322611	0	0	-3.30597	
100.84	0.337	0.103	-9.7756e-07	0	-2.242	1.14262e-07	0	0.0322611	0	0	-3.30597	
100.85	0.337	0.103	-9.7613e-07	0	-2.242	1.14095e-07	0	0.0322611	0	0	-3.30597	
100.86	0.337	0.103	-9.74703e-07	0	-2.242	1.13928e-07	0	0.0322611	0	0	-3.30597	
