0	0.337	0.103	0	0	0.987	500.988	0	0.04905	0	0	-3.30597	
0.01	0.337	0.103	2.19976	0	0.433161	-469.181	0	-161.478	0	0	-3.30597	
0.02	0.337	0.103	-2.0255	0	-0.961199	428.967	0	246.317	0	0	-3.30597	
0.03	0.337	0.103	1.86867	0	1.2388	-399.094	0	-291.281	0	0	-3.30597	
0.04	0.337	0.103	-1.7599	0	-1.389	379.579	0	316.105	0	0	-3.30597	
0.05	0.337	0.103	1.69152	0	1.4715	-367.626	0	-329.747	0	0	-3.30597	
0.06	0.337	0.103	-1.64955	0	-1.51841	360.38	0	337.717	0	0	-3.30597	
0.07	0.337	0.103	1.62493	0	1.54472	-356.16	0	-342.059	0	0	-3.30597	
0.08	0.337	0.103	-1.61	0	-1.56027	353.609	0	344.789	0	0	-3.30597	
0.09	0.337	0.103	1.60165	0	1.56884	-352.186	0	-346.143	0	0	-3.30597	
0.1	0.337	0.103	-1.59637	0	-1.57422	351.285	0	347.155	0	0	-3.30597	
0.11	0.337	0.103	1.59369	0	1.57693	-350.83	0	-347.517	0	0	-3.30597	
0.12	0.337	0.103	-1.59172	0	-1.57892	350.495	0	347.953	0	0	-3.30597	
0.13	0.337	0.103	1.59098	0	1.57967	-350.369	0	-347.981	0	0	-3.30597	
0.14	0.337	0.103	-1.59014	0	-1.58051	350.227	0	348.223	0	0	-3.30597	
0.15	0.337	0.103	1.59006	0	1.58059	-350.213	0	-348.138	0	0	-3.30597	
0.16	0.337	0.103	-1.58961	0	-1.58105	350.136	0	348.314	0	0	-3.30597	
0.17	0.337	0.103	1.58975	0	1.5809	-350.16	0	-348.192	0	0	-3.30597	
0.18	0.337	0.103	-1.58943	0	-1.58123	350.105	0	348.345	0	0	-3.30597	
0.19	0.337	0.103	1.58964	0	1.58101	-350.142	0	-348.21	0	0	-3.30597	
0.2	0.337	0.103	-1.58936	0	-1.58129	350.094	0	348.356	0	0	-3.30597	
0.21	0.337	0.103	1.58961	0	1.58105	-350.136	0	-348.216	0	0	-3.30597	
0.22	0.337	0.103	-1.58934	0	-1.58131	350.091	0	348.359	0	0	-3.30597	
0.23	0.337	0.103	1.5896	0	1.58106	-350.134	0	-348.218	0	0	-3.30597	
0.24	0.337	0.103	-1.58934	0	-1.58132	350.09	0	348.36	0	0	-3.30597	
0.25	0.337	0.103	1.58959	0	1.58106	-350.133	0	-348.219	0	0	-3.30597	
0.26	0.337	0.103	-1.58933	0	-1.58132	350.089	0	348.361	0	0	-3.30597	
0.27	0.337	0.103	1.58959	0	1.58106	-350.133	0	-348.219	0	0	-3.30597	
0.28	0.337	0.103	-1.58933	0	-1.58132	350.089	0	348.361	0	0	-3.30597	
0.29	0.337	0.103	1.58959	0	1.58106	-350.133	0	-348.219	0	0	-3.30597	
0.3	0.337	0.103	-1.58933	0	-1.58132	350.089	0	348.361	0	0	-3.30597	
0.31	0.337	0.103	1.58959	0	1.58106	-350.133	0	-348.219	0	0	-3.30597	
0.32	0.337	0.103	-1.58933	0	-1.58132	350.089	0	348.361	0	0	-3.30597	
0.33	0.337	0.103	1.58959	0	1.58106	-350.133	0	-348.219	0	0	-3.30597	
0.34	0.337	0.103	-1.58933	0	-1.58132	350.089	0	348.361	0	0	-3.30597	
0.35	0.337	0.103	1.58959	0	1.58106	-350.133	0	-348.219	0	0	-3.30597	
0.36	0.337	0.103	-1.58933	0	-1.58132	350.089	0	348.361	0	0	-3.30597	
0.37	0.337	0.103	1.58959	0	1.58106	-350.133	0	-348.219	0	0	-3.30597	
0.38	0.337	0.103	-1.58933	0	-1.58132	350.089	0	348.361	0	0	-3.30597	
0.39	0.337	0.103	1.58959	0	1.58106	-350.133	0	-348.219	0	0	-3.30597	
0.4	0.337	0.103	-1.58933	0	-1.58132	350.089	0	348.361	0	0	-3.30597	
0.41	0.337	0.103	1.58959	0	1.58106	-350.133	0	-348.219	0	0	-3.30597	
0.42	0.337	0.103	-1.58933	0	-1.58132	350.089	0	348.361	0	0	-3.30597	
0.43	0.337	0.103	1.58959	0	1.58106	-350.133	0	-348.219	0	0	-3.30597	
0.44	0.337	0.103	-1.58933	0	-1.58132	350.089	0	348.361	0	0	-3.30597	
0.45	0.337	0.103	1.58959	0	1.58106	-350.133	0	-348.219	0	0	-3.30597	
0.46	0.337	0.103	-1.58933	0	-1.58132	350.089	0	348.361	0	0	-3.30597	
0.47	0.337	0.103	1.58959	0	1.58106	-350.133	0	-348.219	0	0	-3.30597	
0.48	0.337	0.103	-1.58933	0	-1.58132	350.089	0	348.361	0	0	-3.30597	
0.49	0.337	0.103	1.58959	0	1.58106	-350.133	0	-348.219	0	0	-3.30597	
0.5	0.337	0.103	-1.58933	0	-1.58132	350.089	0	348.361	0	0	-3.30597	
0.51	0.337	0.103	1.58959	0	1.58106	-350.133	0	-348.219	0	0	-3.30597	
0.52	0.337	0.103	-1.58933	0	-1.58132	350.089	0	348.361	0	0	-3.30597	
0.53	0.337	0.103	1.58959	0	1.58106	-350.133	0	-348.219	0	0	-3.30597	
0.54	0.337	0.103	-1.58933	0	-1.58132	350.089	0	348.361	0	0	-3.30597	
0.55	0.337	0.103	1.58959	0	1.58106	-350.133	0	-348.219	0	0	-3.30597	
0.56	0.337	0.103	-1.58933	0	-1.58132	350.089	0	348.361	0	0	-3.30597	
0.57	0.337	0.103	1.58959	0	1.58106	-350.133	0	-348.219	0	0	-3.30597	
0.58	0.337	0.103	-1.58933	0	-1.58132	350.089	0	348.361	0	0	-3.30597	
0.59	0.337	0.103	1.58959	0	1.58106	-350.133	0	-348.219	0	0	-3.30597	
0.6	0.337	0.103	-1.58933	0	-1.58132	350.089	0	348.361	0	0	-3.30597	
0.61	0.337	0.103	1.58959	0	1.58106	-350.133	0	-348.219	0	0	-3.30597	
0.62	0.337	0.103	-1.58933	0	-1.58132	350.089	0	348.361	0	0	-3.30597	
0.63	0.337	0.103	1.58959	0	1.58106	-350.133	0	-348.219	0	0	-3.30597	
0.64	0.337	0.103	-1.58933	0	-1.58132	350.089	0	348.361	0	0	-3.30597	
0.65	0.337	0.103	1.58959	0	1.58106	-350.133	0	-348.219	0	0	-3.30597	
0.66	0.337	0.103	-1.58933	0	-1.58132	350.089	0	348.361	0	0	-3.30597	
0.67	0.337	0.103	1.58959	0	1.58106	-350.133	0	-348.219	0	0	-3.30597	
0.68	0.337	0.103	-1.58933	0	-1.58132	350.089	0	348.361	0	0	-3.30597	
0.69	0.337	0.103	1.58959	0	1.58106	-350.133	0	-348.219	0	0	-3.30597	
0.7	0.337	0.103	-1.58933	0	-1.58132	350.089	0	348.361	0	0	-3.30597	
0.71	0.337	0.103	1.58959	0	1.58106	-350.133	0	-348.219	0	0	-3.30597	
0.72	0.337	0.103	-1.58933	0	-1.58132	350.089	0	348.361	0	0	-3.30597	
0.73	0.337	0.103	1.58959	0	1.58106	-350.133	0	-348.219	0	0	-3.30597	
0.74	0.337	0.103	-1.58933	0	-1.58132	350.089	0	348.361	0	0	-3.30597	
0.75	0.337	0.103	1.58959	0	1.58106	-350.133	0	-348.219	0	0	-3.30597	
0.76	0.337	0.103	-1.58933	0	-1.58132	350.089	0	348.361	0	0	-3.30597	
0.77	0.337	0.103	1.58959	0	1.58106	-350.133	0	-348.219	0	0	-3.30597	
0.78	0.337	0.103	-1.58933	0	-1.58132	350.089	0	348.361	0	0	-3.30597	
0.79	0.337	0.103	1.58959	0	1.58106	-350.133	0	-348.219	0	0	-3.30597	
0.8	0.337	0.103	-1.58933	0	-1.58132	350.089	0	348.361	0	0	-3.30597	
0.81	0.337	0.103	1.58959	0	1.58106	-350.133	0	-348.219	0	0	-3.30597	
0.82	0.337	0.103	-1.58933	0	-1.58132	350.089	0	348.361	0	0	-3.30597	
0.83	0.337	0.103	1.58959	0	1.58106	-350.133	0	-348.219	0	0	-3.30597	
0.84	0.337	0.103	-1.58933	0	-1.58132	350.089	0	348.361	0	0	-3.30597	
0.85	0.337	0.103	1.58959	0	1.58106	-350.133	0	-348.219	0	0	-3.30597	
0.86	0.337	0.103	-1.58933	0	-1.58132	350.089	0	348.361	0	0	-3.30597	
0.87	0.337	0.103	1.58959	0	1.58106	-350.133	0	-348.219	0	0	-3.30597	
0.88	0.337	0.103	-1.58933	0	-1.58132	350.089	0	348.361	0	0	-3.30597	
0.89	0.337	0.103	1.58959	0	1.58106	-350.133	0	-348.219	0	0	-3.30597	
0.9	0.337	0.103	-1.58933	0	-1.58132	350.089	0	348.361	0	0	-3.30597	
0.91	0.337	0.103	1.58959	0	1.58106	-350.133	0	-348.219	0	0	-3.30597	
0.92	0.337	0.103	-1.58933	0	-1.58132	350.089	0	348.361	0	0	-3.30597	
0.93	0.337	0.103	1.58959	0	1.58106	-350.133	0	-348.219	0	0	-3.30597	
0.94	0.337	0.103	-1.58933	0	-1.58132	350.089	0	348.361	0	0	-3.30597	
0.95	0.337	0.103	1.58959	0	1.58106	-350.133	0	-348.219	0	0	-3.30597	
0.96	0.337	0.103	-1.58933	0	-1.58132	350.089	0	348.361	0	0	-3.30597	
0.97	0.337	0.103	1.58959	0	1.58106	-350.133	0	-348.219	0	0	-3.30597	
0.98	0.337	0.103	-1.58933	0	-1.58132	350.089	0	348.361	0	0	-3.30597	
0.99	0.337	0.103	1.58959	0	1.58106	-350.133	0	-348.219	0	0	-3.30597	
1	0.337	0.103	-1.58933	0	-1.58132	350.089	0	348.361	0	0	-3.30597	
1.01	0.337	0.103	1.58959	0	1.58106	-350.133	0	-348.219	0	0	-3.30597	
1.02	0.337	0.103	-1.58933	0	-1.58132	350.089	0	348.361	0	0	-3.30597	
1.03	0.337	0.103	1.58959	0	1.58106	-350.133	0	-348.219	0	0	-3.30597	
1.04	0.337	0.103	-1.58933	0	-1.58132	350.089	0	348.361	0	0	-3.30597	
1.05	0.337	0.103	1.58959	0	1.58106	-350.133	0	-348.219	0	0	-3.30597	
1.06	0.337	0.103	-1.58933	0	-1.58132	350.089	0	348.361	0	0	-3.30597	
1.07	0.337	0.103	1.58959	0	1.58106	-350.133	0	-348.219	0	0	-3.30597	
1.08	0.337	0.103	-1.58933	0	-1.58132	350.089	0	348.361	0	0	-3.30597	
1.09	0.337	0.103	1.58959	0	1.58106	-350.133	0	-348.219	0	0	-3.30597	
1.1	0.337	0.103	-1.58933	0	-1.58132	350.089	0	348.361	0	0	-3.30597	
1.11	0.337	0.103	1.58959	0	1.58106	-350.133	0	-348.219	0	0	-3.30597	
1.12	0.337	0.103	-1.58933	0	-1.58132	350.089	0	348.361	0	0	-3.30597	
1.13	0.337	0.103	1.58959	0	1.58106	-350.133	0	-348.219	0	0	-3.30597	
1.14	0.337	0.103	-1.58933	0	-1.58132	350.089	0	348.361	0	0	-3.30597	
1.15	0.337	0.103	1.58959	0	1.58106	-350.133	0	-348.219	0	0	-3.30597	
1.16	0.337	0.103	-1.58933	0	-1.58132	350.089	0	348.361	0	0	-3.30597	
1.17	0.337	0.103	1.58959	0	1.58106	-350.133	0	-348.219	0	0	-3.30597	
1.18	0.337	0.103	-1.58933	0	-1.58132	350.089	0	348.361	0	0	-3.30597	
1.19	0.337	0.103	1.58959	0	1.58106	-350.133	0	-348.219	0	0	-3.30597	
1.2	0.337	0.103	-1.58933	0	-1.58132	350.089	0	348.361	0	0	-3.30597	
1.21	0.337	0.103	1.58959	0	1.58106	-350.133	0	-348.219	0	0	-3.30597	
1.22	0.337	0.103	-1.58933	0	-1.58132	350.089	0	348.361	0	0	-3.30597	
1.23	0.337	0.103	1.58959	0	1.58106	-350.133	0	-348.219	0	0	-3.30597	
1.24	0.337	0.103	-1.58933	0	-1.58132	350.089	0	348.361	0	0	-3.30597	
1.25	0.337	0.103	1.58959	0	1.58106	-350.133	0	-348.219	0	0	-3.30597	
1.26	0.337	0.103	-1.58933	0	-1.58132	350.089	0	348.361	0	0	-3.30597	
1.27	0.337	0.103	1.58959	0	1.58106	-350.133	0	-348.219	0	0	-3.30597	
1.28	0.337	0.103	-1.58933	0	-1.58132	350.089	0	348.361	0	0	-3.30597	
1.29	0.337	0.103	1.58959	0	1.58106	-350.133	0	-348.219	0	0	-3.30597	
1.3	0.337	0.103	-1.58933	0	-1.58132	350.089	0	348.361	0	0	-3.30597	
1.31	0.337	0.103	1.58959	0	1.58106	-350.133	0	-348.219	0	0	-3.30597	
1.32	0.337	0.103	-1.58933	0	-1.58132	350.089	0	348.361	0	0	-3.30597	
1.33	0.337	0.103	1.58959	0	1.58106	-350.133	0	-348.219	0	0	-3.30597	
1.34	0.337	0.103	-1.58933	0	-1.58132	350.089	0	348.361	0	0	-3.30597	
1.35	0.337	0.103	1.58959	0	1.58106	-350.133	0	-348.218	0	0	-3.30597	
1.36	0.337	0.103	-1.58933	0	-1.58132	350.089	0	348.361	0	0	-3.30597	
1.37	0.337	0.103	1.58959	0	1.58106	-350.133	0	-348.218	0	0	-3.30597	
1.38	0.337	0.103	-1.58933	0	-1.58132	350.089	0	348.361	0	0	-3.30597	
1.39	0.337	0.103	1.58959	0	1.58106	-350.133	0	-348.218	0	0	-3.30597	
1.4	0.337	0.103	-1.58933	0	-1.58132	350.089	0	348.361	0	0	-3.30597	
1.41	0.337	0.103	1.58959	0	1.58106	-350.133	0	-348.218	0	0	-3.30597	
1.42	0.337	0.103	-1.58933	0	-1.58132	350.089	0	348.361	0	0	-3.30597	
1.43	0.337	0.103	1.58959	0	1.58106	-350.133	0	-348.218	0	0	-3.30597	
1.44	0.337	0.103	-1.58933	0	-1.58132	350.089	0	348.361	0	0	-3.30597	
1.45	0.337	0.103	1.58959	0	1.58106	-350.133	0	-348.218	0	0	-3.30597	
1.46	0.337	0.103	-1.58933	0	-1.58132	350.089	0	348.361	0	0	-3.30597	
1.47	0.337	0.103	1.58959	0	1.58106	-350.133	0	-348.218	0	0	-3.30597	
1.48	0.337	0.103	-1.58933	0	-1.58132	350.089	0	348.361	0	0	-3.30597	
1.49	0.337	0.103	1.58959	0	1.58106	-350.133	0	-348.218	0	0	-3.30597	
1.5	0.337	0.103	-1.58933	0	-1.58132	350.089	0	348.361	0	0	-3.30597	
1.51	0.337	0.103	1.58959	0	1.58106	-350.133	0	-348.218	0	0	-3.30597	
1.52	0.337	0.103	-1.58933	0	-1.58132	350.089	0	348.361	0	0	-3.30597	
1.53	0.337	0.103	1.58959	0	1.58106	-350.133	0	-348.218	0	0	-3.30597	
1.54	0.337	0.103	-1.58933	0	-1.58132	350.089	0	348.361	0	0	-3.30597	
1.55	0.337	0.103	1.58959	0	1.58106	-350.132	0	-348.218	0	0	-3.30597	
1.56	0.337	0.103	-1.58933	0	-1.58132	350.089	0	348.361	0	0	-3.30597	
1.57	0.337	0.103	1.58959	0	1.58106	-350.132	0	-348.218	0	0	-3.30597	
1.58	0.337	0.103	-1.58933	0	-1.58132	350.089	0	348.361	0	0	-3.30597	
1.59	0.337	0.103	1.58959	0	1.58106	-350.132	0	-348.218	0	0	-3.30597	
1.6	0.337	0.103	-1.58933	0	-1.58132	350.089	0	348.361	0	0	-3.30597	
1.61	0.337	0.103	1.58959	0	1.58106	-350.132	0	-348.218	0	0	-3.30597	
1.62	0.337	0.103	-1.58933	0	-1.58132	350.089	0	348.361	0	0	-3.30597	
1.63	0.337	0.103	1.58959	0	1.58106	-350.132	0	-348.218	0	0	-3.30597	
1.64	0.337	0.103	-1.58933	0	-1.58132	350.089	0	348.361	0	0	-3.30597	
1.65	0.337	0.103	1.58959	0	1.58106	-350.132	0	-348.218	0	0	-3.30597	
1.66	0.337	0.103	-1.58933	0	-1.58132	350.089	0	348.361	0	0	-3.30597	
1.67	0.337	0.103	1.58959	0	1.58106	-350.132	0	-348.218	0	0	-3.30597	
1.68	0.337	0.103	-1.58933	0	-1.58132	350.089	0	348.361	0	0	-3.30597	
1.69	0.337	0.103	1.58959	0	1.58106	-350.132	0	-348.218	0	0	-3.30597	
1.7	0.337	0.103	-1.58933	0	-1.58132	350.089	0	348.361	0	0	-3.30597	
1.71	0.337	0.103	1.58959	0	1.58106	-350.132	0	-348.218	0	0	-3.30597	
1.72	0.337	0.103	-1.58933	0	-1.58132	350.089	0	348.361	0	0	-3.30597	
1.73	0.337	0.103	1.58959	0	1.58106	-350.132	0	-348.218	0	0	-3.30597	
1.74	0.337	0.103	-1.58933	0	-1.58132	350.089	0	348.361	0	0	-3.30597	
1.75	0.337	0.103	1.58959	0	1.58106	-350.132	0	-348.218	0	0	-3.30597	
1.76	0.337	0.103	-1.58933	0	-1.58132	350.089	0	348.361	0	0	-3.30597	
1.77	0.337	0.103	1.58959	0	1.58106	-350.132	0	-348.218	0	0	-3.30597	
1.78	0.337	0.103	-1.58933	0	-1.58132	350.089	0	348.36	0	0	-3.30597	
1.79	0.337	0.103	1.58959	0	1.58106	-350.132	0	-348.218	0	0	-3.30597	
1.8	0.337	0.103	-1.58933	0	-1.58132	350.089	0	348.36	0	0	-3.30597	
1.81	0.337	0.103	1.58959	0	1.58106	-350.132	0	-348.218	0	0	-3.30597	
1.82	0.337	0.103	-1.58933	0	-1.58132	350.089	0	348.36	0	0	-3.30597	
1.83	0.337	0.103	1.58959	0	1.58106	-350.132	0	-348.218	0	0	-3.30597	
1.84	0.337	0.103	-1.58933	0	-1.58132	350.089	0	348.36	0	0	-3.30597	
1.85	0.337	0.103	1.58959	0	1.58106	-350.132	0	-348.218	0	0	-3.30597	
1.86	0.337	0.103	-1.58933	0	-1.58132	350.089	0	348.36	0	0	-3.30597	
1.87	0.337	0.103	1.58959	0	1.58106	-350.132	0	-348.218	0	0	-3.30597	
1.88	0.337	0.103	-1.58933	0	-1.58132	350.089	0	348.36	0	0	-3.30597	
1.89	0.337	0.103	1.58959	0	1.58106	-350.132	0	-348.218	0	0	-3.30597	
1.9	0.337	0.103	-1.58933	0	-1.58132	350.089	0	348.36	0	0	-3.30597	
1.91	0.337	0.103	1.58959	0	1.58106	-350.132	0	-348.218	0	0	-3.30597	
1.92	0.337	0.103	-1.58933	0	-1.58132	350.089	0	348.36	0	0	-3.30597	
1.93	0.337	0.103	1.58959	0	1.58106	-350.132	0	-348.218	0	0	-3.30597	
1.94	0.337	0.103	-1.58933	0	-1.58132	350.089	0	348.36	0	0	-3.30597	
1.95	0.337	0.103	1.58959	0	1.58106	-350.132	0	-348.218	0	0	-3.30597	
1.96	0.337	0.103	-1.58933	0	-1.58132	350.089	0	348.36	0	0	-3.30597	
1.97	0.337	0.103	1.58959	0	1.58106	-350.132	0	-348.218	0	0	-3.30597	
1.98	0.337	0.103	-1.58933	0	-1.58132	350.089	0	348.36	0	0	-3.30597	
1.99	0.337	0.103	1.58959	0	1.58106	-350.132	0	-348.218	0	0	-3.30597	
2	0.337	0.103	-1.58933	0	-1.58132	350.089	0	348.36	0	0	-3.30597	
2.01	0.337	0.103	1.58959	0	1.58106	-350.132	0	-348.218	0	0	-3.30597	
2.02	0.337	0.103	-1.58933	0	-1.58132	350.089	0	348.36	0	0	-3.30597	
2.03	0.337	0.103	1.58959	0	1.58106	-350.132	0	-348.218	0	0	-3.30597	
2.04	0.337	0.103	-1.58933	0	-1.58132	350.088	0	348.36	0	0	-3.30597	
2.05	0.337	0.103	1.58959	0	1.58106	-350.132	0	-348.218	0	0	-3.30597	
2.06	0.337	0.103	-1.58933	0	-1.58132	350.088	0	348.36	0	0	-3.30597	
2.07	0.337	0.103	1.58959	0	1.58106	-350.132	0	-348.218	0	0	-3.30597	
2.08	0.337	0.103	-1.58933	0	-1.58132	350.088	0	348.36	0	0	-3.30597	
2.09	0.337	0.103	1.58959	0	1.58106	-350.132	0	-348.218	0	0	-3.30597	
2.1	0.337	0.103	-1.58933	0	-1.58132	350.088	0	348.36	0	0	-3.30597	
2.11	0.337	0.103	1.58959	0	1.58106	-350.132	0	-348.218	0	0	-3.30597	
2.12	0.337	0.103	-1.58933	0	-1.58132	350.088	0	348.36	0	0	-3.30597	
2.13	0.337	0.103	1.58959	0	1.58106	-350.132	0	-348.218	0	0	-3.30597	
2.14	0.337	0.103	-1.58933	0	-1.58132	350.088	0	348.36	0	0	-3.30597	
2.15	0.337	0.103	1.58959	0	1.58106	-350.132	0	-348.218	0	0	-3.30597	
2.16	0.337	0.103	-1.58933	0	-1.58132	350.088	0	348.36	0	0	-3.30597	
2.17	0.337	0.103	1.58959	0	1.58106	-350.132	0	-348.218	0	0	-3.30597	
2.18	0.337	0.103	-1.58933	0	-1.58132	350.088	0	348.36	0	0	-3.30597	
2.19	0.337	0.103	1.58959	0	1.58106	-350.132	0	-348.218	0	0	-3.30597	
2.2	0.337	0.103	-1.58933	0	-1.58132	350.088	0	348.36	0	0	-3.30597	
2.21	0.337	0.103	1.58959	0	1.58106	-350.132	0	-348.218	0	0	-3.30597	
2.22	0.337	0.103	-1.58933	0	-1.58132	350.088	0	348.36	0	0	-3.30597	
2.23	0.337	0.103	1.58959	0	1.58106	-350.132	0	-348.218	0	0	-3.30597	
2.24	0.337	0.103	-1.58933	0	-1.58132	350.088	0	348.36	0	0	-3.30597	
2.25	0.337	0.103	1.58959	0	1.58106	-350.132	0	-348.218	0	0	-3.30597	
2.26	0.337	0.103	-1.58933	0	-1.58132	350.088	0	348.36	0	0	-3.30597	
2.27	0.337	0.103	1.58959	0	1.58106	-350.132	0	-348.218	0	0	-3.30597	
2.28	0.337	0.103	-1.58933	0	-1.58132	350.088	0	348.36	0	0	-3.30597	
2.29	0.337	0.103	1.58959	0	1.58106	-350.132	0	-348.218	0	0	-3.30597	
2.3	0.337	0.103	-1.58933	0	-1.58132	350.088	0	348.36	0	0	-3.30597	
2.31	0.337	0.103	1.58959	0	1.58106	-350.132	0	-348.218	0	0	-3.30597	
2.32	0.337	0.103	-1.58933	0	-1.58132	350.088	0	348.36	0	0	-3.30597	
2.33	0.337	0.103	1.58959	0	1.58106	-350.132	0	-348.218	0	0	-3.30597	
2.34	0.337	0.103	-1.58933	0	-1.58132	350.088	0	348.36	0	0	-3.30597	
2.35	0.337	0.103	1.58959	0	1.58106	-350.132	0	-348.218	0	0	-3.30597	
2.36	0.337	0.103	-1.58933	0	-1.58132	350.088	0	348.36	0	0	-3.30597	
2.37	0.337	0.103	1.58959	0	1.58106	-350.132	0	-348.218	0	0	-3.30597	
2.38	0.337	0.103	-1.58933	0	-1.58132	350.088	0	348.36	0	0	-3.30597	
2.39	0.337	0.103	1.58959	0	1.58106	-350.132	0	-348.218	0	0	-3.30597	
2.4	0.337	0.103	-1.58933	0	-1.58132	350.088	0	348.36	0	0	-3.30597	
2.41	0.337	0.103	1.58959	0	1.58106	-350.132	0	-348.218	0	0	-3.30597	
2.42	0.337	0.103	-1.58933	0	-1.58132	350.088	0	348.36	0	0	-3.30597	
2.43	0.337	0.103	1.58959	0	1.58106	-350.132	0	-348.218	0	0	-3.30597	
2.44	0.337	0.103	-1.58933	0	-1.58132	350.088	0	348.36	0	0	-3.30597	
2.45	0.337	0.103	1.58959	0	1.58106	-350.132	0	-348.218	0	0	-3.30597	
2.46	0.337	0.103	-1.58933	0	-1.58132	350.088	0	348.36	0	0	-3.30597	
2.47	0.337	0.103	1.58959	0	1.58106	-350.132	0	-348.218	0	0	-3.30597	
2.48	0.337	0.103	-1.58933	0	-1.58132	350.088	0	348.36	0	0	-3.30597	
2.49	0.337	0.103	1.58959	0	1.58106	-350.132	0	-348.218	0	0	-3.30597	
2.5	0.337	0.103	-1.58933	0	-1.58132	350.088	0	348.36	0	0	-3.30597	
2.51	0.337	0.103	1.58959	0	1.58106	-350.132	0	-348.218	0	0	-3.30597	
2.52	0.337	0.103	-1.58933	0	-1.58132	350.088	0	348.36	0	0	-3.30597	
2.53	0.337	0.103	1.58959	0	1.58106	-350.132	0	-348.218	0	0	-3.30597	
2.54	0.337	0.103	-1.58933	0	-1.58132	350.088	0	348.36	0	0	-3.30597	
2.55	0.337	0.103	1.58959	0	1.58106	-350.132	0	-348.218	0	0	-3.30597	
2.56	0.337	0.103	-1.58933	0	-1.58132	350.088	0	348.36	0	0	-3.30597	
2.57	0.337	0.103	1.58959	0	1.58106	-350.132	0	-348.218	0	0	-3.30597	
2.58	0.337	0.103	-1.58933	0	-1.58132	350.088	0	348.36	0	0	-3.30597	
2.59	0.337	0.103	1.58959	0	1.58106	-350.132	0	-348.218	0	0	-3.30597	
2.6	0.337	0.103	-1.58933	0	-1.58132	350.088	0	348.36	0	0	-3.30597	
2.61	0.337	0.103	1.58959	0	1.58106	-350.132	0	-348.218	0	0	-3.30597	
2.62	0.337	0.103	-1.58933	0	-1.58132	350.088	0	348.36	0	0	-3.30597	
2.63	0.337	0.103	1.58959	0	1.58106	-350.132	0	-348.218	0	0	-3.30597	
2.64	0.337	0.103	-1.58933	0	-1.58132	350.088	0	348.36	0	0	-3.30597	
2.65	0.337	0.103	1.58959	0	1.58106	-350.132	0	-348.218	0	0	-3.30597	
2.66	0.337	0.103	-1.58933	0	-1.58132	350.088	0	348.36	0	0	-3.30597	
2.67	0.337	0.103	1.58959	0	1.58106	-350.132	0	-348.218	0	0	-3.30597	
2.68	0.337	0.103	-1.58933	0	-1.58132	350.088	0	348.36	0	0	-3.30597	
2.69	0.337	0.103	1.58959	0	1.58106	-350.132	0	-348.218	0	0	-3.30597	
2.7	0.337	0.103	-1.58933	0	-1.58132	350.088	0	348.36	0	0	-3.30597	
2.71	0.337	0.103	1.58959	0	1.58106	-350.132	0	-348.218	0	0	-3.30597	
2.72	0.337	0.103	-1.58933	0	-1.58132	350.088	0	348.36	0	0	-3.30597	
2.73	0.337	0.103	1.58959	0	1.58106	-350.132	0	-348.218	0	0	-3.30597	
2.74	0.337	0.103	-1.58933	0	-1.58132	350.088	0	348.36	0	0	-3.30597	
2.75	0.337	0.103	1.58959	0	1.58106	-350.132	0	-348.218	0	0	-3.30597	
2.76	0.337	0.103	-1.58933	0	-1.58132	350.088	0	348.36	0	0	-3.30597	
2.77	0.337	0.103	1.58959	0	1.58106	-350.132	0	-348.218	0	0	-3.30597	
2.78	0.337	0.103	-1.58933	0	-1.58132	350.088	0	348.36	0	0	-3.30597	
2.79	0.337	0.103	1.58959	0	1.58106	-350.132	0	-348.218	0	0	-3.30597	
2.8	0.337	0.103	-1.58933	0	-1.58132	350.088	0	348.36	0	0	-3.30597	
2.81	0.337	0.103	1.58959	0	1.58106	-350.132	0	-348.218	0	0	-3.30597	
2.82	0.337	0.103	-1.58933	0	-1.58132	350.088	0	348.36	0	0	-3.30597	
2.83	0.337	0.103	1.58959	0	1.58106	-350.132	0	-348.218	0	0	-3.30597	
2.84	0.337	0.103	-1.58933	0	-1.58132	350.088	0	348.36	0	0	-3.30597	
2.85	0.337	0.103	1.58959	0	1.58106	-350.132	0	-348.218	0	0	-3.30597	
2.86	0.337	0.103	-1.58933	0	-1.58132	350.088	0	348.36	0	0	-3.30597	
2.87	0.337	0.103	1.58959	0	1.58106	-350.132	0	-348.218	0	0	-3.30597	
2.88	0.337	0.103	-1.58933	0	-1.58132	350.088	0	348.36	0	0	-3.30597	
2.89	0.337	0.103	1.58959	0	1.58106	-350.132	0	-348.218	0	0	-3.30597	
2.9	0.337	0.103	-1.58933	0	-1.58132	350.088	0	348.36	0	0	-3.30597	
2.91	0.337	0.103	1.58959	0	1.58106	-350.132	0	-348.218	0	0	-3.30597	
2.92	0.337	0.103	-1.58933	0	-1.58132	350.088	0	348.36	0	0	-3.30597	
2.93	0.337	0.103	1.58959	0	1.58106	-350.132	0	-348.218	0	0	-3.30597	
2.94	0.337	0.103	-1.58933	0	-1.58132	350.088	0	348.36	0	0	-3.30597	
2.95	0.337	0.103	1.58959	0	1.58106	-350.132	0	-348.218	0	0	-3.30597	
2.96	0.337	0.103	-1.58933	0	-1.58132	350.088	0	348.36	0	0	-3.30597	
2.97	0.337	0.103	1.58959	0	1.58106	-350.132	0	-348.218	0	0	-3.30597	
2.98	0.337	0.103	-1.58933	0	-1.58132	350.088	0	348.36	0	0	-3.30597	
2.99	0.337	0.103	1.58959	0	1.58106	-350.132	0	-348.218	0	0	-3.30597	
3	0.337	0.103	-1.58933	0	-1.58132	350.088	0	348.36	0	0	-3.30597	
3.01	0.337	0.103	1.58959	0	1.58106	-350.132	0	-348.218	0	0	-3.30597	
3.02	0.337	0.103	-1.58933	0	-1.58132	350.088	0	348.36	0	0	-3.30597	
3.03	0.337	0.103	1.58959	0	1.58106	-350.132	0	-348.218	0	0	-3.30597	
3.04	0.337	0.103	-1.58933	0	-1.58132	350.088	0	348.36	0	0	-3.30597	
3.05	0.337	0.103	1.58959	0	1.58106	-350.132	0	-348.218	0	0	-3.30597	
3.06	0.337	0.103	-1.58933	0	-1.58132	350.088	0	348.36	0	0	-3.30597	
3.07	0.337	0.103	1.58959	0	1.58106	-350.132	0	-348.218	0	0	-3.30597	
3.08	0.337	0.103	-1.58933	0	-1.58132	350.088	0	348.36	0	0	-3.30597	
3.09	0.337	0.103	1.58959	0	1.58106	-350.132	0	-348.218	0	0	-3.30597	
3.1	0.337	0.103	-1.58933	0	-1.58132	350.088	0	348.36	0	0	-3.30597	
3.11	0.337	0.103	1.58959	0	1.58106	-350.132	0	-348.218	0	0	-3.30597	
3.12	0.337	0.103	-1.58933	0	-1.58132	350.088	0	348.36	0	0	-3.30597	
3.13	0.337	0.103	1.58959	0	1.58106	-350.132	0	-348.218	0	0	-3.30597	
3.14	0.337	0.103	-1.58933	0	-1.58132	350.088	0	348.36	0	0	-3.30597	
3.15	0.337	0.103	1.58959	0	1.58106	-350.132	0	-348.218	0	0	-3.30597	
3.16	0.337	0.103	-1.58933	0	-1.58132	350.088	0	348.36	0	0	-3.30597	
3.17	0.337	0.103	1.58959	0	1.58106	-350.132	0	-348.218	0	0	-3.30597	
3.18	0.337	0.103	-1.58933	0	-1.58132	350.088	0	348.36	0	0	-3.30597	
3.19	0.337	0.103	1.58959	0	1.58106	-350.132	0	-348.218	0	0	-3.30597	
3.2	0.337	0.103	-1.58933	0	-1.58132	350.088	0	348.36	0	0	-3.30597	
3.21	0.337	0.103	1.58959	0	1.58106	-350.132	0	-348.218	0	0	-3.30597	
3.22	0.337	0.103	-1.58933	0	-1.58132	350.088	0	348.36	0	0	-3.30597	
3.23	0.337	0.103	1.58959	0	1.58106	-350.132	0	-348.218	0	0	-3.30597	
3.24	0.337	0.103	-1.58933	0	-1.58132	350.088	0	348.36	0	0	-3.30597	
3.25	0.337	0.103	1.58959	0	1.58106	-350.132	0	-348.218	0	0	-3.30597	
3.26	0.337	0.103	-1.58933	0	-1.58132	350.088	0	348.36	0	0	-3.30597	
3.27	0.337	0.103	1.58959	0	1.58106	-350.132	0	-348.218	0	0	-3.30597	
3.28	0.337	0.103	-1.58933	0	-1.58132	350.088	0	348.36	0	0	-3.30597	
3.29	0.337	0.103	1.58959	0	1.58106	-350.132	0	-348.218	0	0	-3.30597	
3.3	0.337	0.103	-1.58933	0	-1.58132	350.088	0	348.36	0	0	-3.30597	
3.31	0.337	0.103	1.58959	0	1.58106	-350.132	0	-348.218	0	0	-3.30597	
3.32	0.337	0.103	-1.58933	0	-1.58132	350.088	0	348.36	0	0	-3.30597	
3.33	0.337	0.103	1.58959	0	1.58106	-350.132	0	-348.218	0	0	-3.30597	
3.34	0.337	0.103	-1.58933	0	-1.58132	350.088	0	348.36	0	0	-3.30597	
3.35	0.337	0.103	1.58959	0	1.58106	-350.132	0	-348.218	0	0	-3.30597	
3.36	0.337	0.103	-1.58933	0	-1.58132	350.088	0	348.36	0	0	-3.30597	
3.37	0.337	0.103	1.58959	0	1.58106	-350.132	0	-348.218	0	0	-3.30597	
3.38	0.337	0.103	-1.58933	0	-1.58132	350.088	0	348.36	0	0	-3.30597	
3.39	0.337	0.103	1.58959	0	1.58106	-350.132	0	-348.218	0	0	-3.30597	
3.4	0.337	0.103	-1.58933	0	-1.58132	350.088	0	348.36	0	0	-3.30597	
3.41	0.337	0.103	1.58959	0	1.58106	-350.132	0	-348.218	0	0	-3.30597	
3.42	0.337	0.103	-1.58933	0	-1.58132	350.088	0	348.36	0	0	-3.30597	
3.43	0.337	0.103	1.58959	0	1.58106	-350.132	0	-348.218	0	0	-3.30597	
3.44	0.337	0.103	-1.58933	0	-1.58132	350.088	0	348.36	0	0	-3.30597	
3.45	0.337	0.103	1.58959	0	1.58106	-350.132	0	-348.218	0	0	-3.30597	
3.46	0.337	0.103	-1.58933	0	-1.58132	350.088	0	348.36	0	0	-3.30597	
3.47	0.337	0.103	1.58959	0	1.58106	-350.132	0	-348.218	0	0	-3.30597	
3.48	0.337	0.103	-1.58933	0	-1.58132	350.088	0	348.36	0	0	-3.30597	
3.49	0.337	0.103	1.58959	0	1.58106	-350.132	0	-348.218	0	0	-3.30597	
3.5	0.337	0.103	-1.58933	0	-1.58132	350.088	0	348.36	0	0	-3.30597	
3.51	0.337	0.103	1.58959	0	1.58106	-350.132	0	-348.218	0	0	-3.30597	
3.52	0.337	0.103	-1.58933	0	-1.58132	350.088	0	348.36	0	0	-3.30597	
3.53	0.337	0.103	1.58959	0	1.58106	-350.132	0	-348.218	0	0	-3.30597	
3.54	0.337	0.103	-1.58933	0	-1.58132	350.088	0	348.36	0	0	-3.30597	
3.55	0.337	0.103	1.58959	0	1.58106	-350.132	0	-348.218	0	0	-3.30597	
3.56	0.337	0.103	-1.58933	0	-1.58132	350.088	0	348.36	0	0	-3.30597	
3.57	0.337	0.103	1.58959	0	1.58106	-350.132	0	-348.218	0	0	-3.30597	
3.58	0.337	0.103	-1.58933	0	-1.58132	350.088	0	348.36	0	0	-3.30597	
3.59	0.337	0.103	1.58959	0	1.58106	-350.132	0	-348.218	0	0	-3.30597	
3.6	0.337	0.103	-1.58933	0	-1.58132	350.088	0	348.36	0	0	-3.30597	
3.61	0.337	0.103	1.58959	0	1.58106	-350.132	0	-348.218	0	0	-3.30597	
3.62	0.337	0.103	-1.58933	0	-1.58132	350.088	0	348.36	0	0	-3.30597	
3.63	0.337	0.103	1.58959	0	1.58106	-350.132	0	-348.218	0	0	-3.30597	
3.64	0.337	0.103	-1.58933	0	-1.58132	350.088	0	348.36	0	0	-3.30597	
3.65	0.337	0.103	1.58959	0	1.58106	-350.132	0	-348.218	0	0	-3.30597	
3.66	0.337	0.103	-1.58933	0	-1.58132	350.088	0	348.36	0	0	-3.30597	
3.67	0.337	0.103	1.58959	0	1.58106	-350.132	0	-348.218	0	0	-3.30597	
3.68	0.337	0.103	-1.58933	0	-1.58132	350.088	0	348.36	0	0	-3.30597	
3.69	0.337	0.103	1.58959	0	1.58106	-350.132	0	-348.218	0	0	-3.30597	
3.7	0.337	0.103	-1.58933	0	-1.58132	350.088	0	348.36	0	0	-3.30597	
3.71	0.337	0.103	1.58959	0	1.58106	-350.132	0	-348.218	0	0	-3.30597	
3.72	0.337	0.103	-1.58933	0	-1.58132	350.088	0	348.36	0	0	-3.30597	
3.73	0.337	0.103	1.58959	0	1.58106	-350.132	0	-348.218	0	0	-3.30597	
3.74	0.337	0.103	-1.58933	0	-1.58132	350.088	0	348.36	0	0	-3.30597	
3.75	0.337	0.103	1.58959	0	1.58106	-350.132	0	-348.218	0	0	-3.30597	
3.76	0.337	0.103	-1.58933	0	-1.58132	350.088	0	348.36	0	0	-3.30597	
3.77	0.337	0.103	1.58959	0	1.58106	-350.132	0	-348.218	0	0	-3.30597	
3.78	0.337	0.103	-1.58933	0	-1.58132	350.088	0	348.36	0	0	-3.30597	
3.79	0.337	0.103	1.58959	0	1.58106	-350.132	0	-348.218	0	0	-3.30597	
3.8	0.337	0.103	-1.58933	0	-1.58132	350.088	0	348.36	0	0	-3.30597	
3.81	0.337	0.103	1.58959	0	1.58106	-350.132	0	-348.218	0	0	-3.30597	
3.82	0.337	0.103	-1.58933	0	-1.58132	350.088	0	348.36	0	0	-3.30597	
3.83	0.337	0.103	1.58959	0	1.58106	-350.132	0	-348.218	0	0	-3.30597	
3.84	0.337	0.103	-1.58933	0	-1.58132	350.088	0	348.36	0	0	-3.30597	
3.85	0.337	0.103	1.58959	0	1.58106	-350.132	0	-348.218	0	0	-3.30597	
3.86	0.337	0.103	-1.58933	0	-1.58132	350.088	0	348.36	0	0	-3.30597	
3.87	0.337	0.103	1.58959	0	1.58106	-350.132	0	-348.218	0	0	-3.30597	
3.88	0.337	0.103	-1.58933	0	-1.58132	350.088	0	348.36	0	0	-3.30597	
3.89	0.337	0.103	1.58959	0	1.58106	-350.132	0	-348.218	0	0	-3.30597	
3.9	0.337	0.103	-1.58933	0	-1.58132	350.088	0	348.36	0	0	-3.30597	
3.91	0.337	0.103	1.58959	0	1.58106	-350.132	0	-348.218	0	0	-3.30597	
3.92	0.337	0.103	-1.58933	0	-1.58132	350.088	0	348.36	0	0	-3.30597	
3.93	0.337	0.103	1.58959	0	1.58106	-350.132	0	-348.218	0	0	-3.30597	
3.94	0.337	0.103	-1.58933	0	-1.58132	350.088	0	348.36	0	0	-3.30597	
3.95	0.337	0.103	1.58959	0	1.58106	-350.132	0	-348.218	0	0	-3.30597	
3.96	0.337	0.103	-1.58933	0	-1.58132	350.088	0	348.36	0	0	-3.30597	
3.97	0.337	0.103	1.58959	0	1.58106	-350.132	0	-348.218	0	0	-3.30597	
3.98	0.337	0.103	-1.58933	0	-1.58132	350.088	0	348.36	0	0	-3.30597	
3.99	0.337	0.103	1.58959	0	1.58106	-350.132	0	-348.218	0	0	-3.30597	
4	0.337	0.103	-1.58933	0	-1.58132	350.088	0	348.36	0	0	-3.30597	
4.01	0.337	0.103	1.58959	0	1.58106	-350.132	0	-348.218	0	0	-3.30597	
4.02	0.337	0.103	-1.58933	0	-1.58132	350.088	0	348.36	0	0	-3.30597	
4.03	0.337	0.103	1.58959	0	1.58106	-350.132	0	-348.218	0	0	-3.30597	
4.04	0.337	0.103	-1.58933	0	-1.58132	350.088	0	348.36	0	0	-3.30597	
4.05	0.337	0.103	1.58959	0	1.58106	-350.132	0	-348.218	0	0	-3.30597	
4.06	0.337	0.103	-1.58933	0	-1.58132	350.088	0	348.36	0	0	-3.30597	
4.07	0.337	0.103	1.58959	0	1.58106	-350.132	0	-348.218	0	0	-3.30597	
4.08	0.337	0.103	-1.58933	0	-1.58132	350.088	0	348.36	0	0	-3.30597	
4.09	0.337	0.103	1.58959	0	1.58106	-350.132	0	-348.218	0	0	-3.30597	
4.1	0.337	0.103	-1.58933	0	-1.58132	350.088	0	348.36	0	0	-3.30597	
4.11	0.337	0.103	1.58959	0	1.58106	-350.132	0	-348.218	0	0	-3.30597	
4.12	0.337	0.103	-1.58933	0	-1.58132	350.088	0	348.36	0	0	-3.30597	
4.13	0.337	0.103	1.58959	0	1.58106	-350.132	0	-348.218	0	0	-3.30597	
4.14	0.337	0.103	-1.58933	0	-1.58132	350.088	0	348.36	0	0	-3.30597	
4.15	0.337	0.103	1.58959	0	1.58106	-350.132	0	-348.217	0	0	-3.30597	
4.16	0.337	0.103	-1.58933	0	-1.58132	350.088	0	348.36	0	0	-3.30597	
4.17	0.337	0.103	1.58959	0	1.58106	-350.132	0	-348.217	0	0	-3.30597	
4.18	0.337	0.103	-1.58933	0	-1.58132	350.088	0	348.36	0	0	-3.30597	
4.19	0.337	0.103	1.58959	0	1.58106	-350.132	0	-348.217	0	0	-3.30597	
4.2	0.337	0.103	-1.58933	0	-1.58132	350.088	0	348.36	0	0	-3.30597	
4.21	0.337	0.103	1.58959	0	1.58106	-350.132	0	-348.217	0	0	-3.30597	
4.22	0.337	0.103	-1.58933	0	-1.58132	350.088	0	348.36	0	0	-3.30597	
4.23	0.337	0.103	1.58959	0	1.58106	-350.132	0	-348.217	0	0	-3.30597	
4.24	0.337	0.103	-1.58933	0	-1.58132	350.088	0	348.36	0	0	-3.30597	
4.25	0.337	0.103	1.58959	0	1.58106	-350.132	0	-348.217	0	0	-3.30597	
4.26	0.337	0.103	-1.58933	0	-1.58132	350.088	0	348.36	0	0	-3.30597	
4.27	0.337	0.103	1.58959	0	1.58106	-350.132	0	-348.217	0	0	-3.30597	
4.28	0.337	0.103	-1.58933	0	-1.58132	350.088	0	348.36	0	0	-3.30597	
4.29	0.337	0.103	1.58959	0	1.58106	-350.132	0	-348.217	0	0	-3.30597	
4.3	0.337	0.103	-1.58933	0	-1.58132	350.088	0	348.36	0	0	-3.30597	
4.31	0.337	0.103	1.58959	0	1.58106	-350.132	0	-348.217	0	0	-3.30597	
4.32	0.337	0.103	-1.58933	0	-1.58132	350.088	0	348.36	0	0	-3.30597	
4.33	0.337	0.103	1.58959	0	1.58106	-350.131	0	-348.217	0	0	-3.30597	
4.34	0.337	0.103	-1.58933	0	-1.58132	350.088	0	348.36	0	0	-3.30597	
4.35	0.337	0.103	1.58959	0	1.58106	-350.131	0	-348.217	0	0	-3.30597	
4.36	0.337	0.103	-1.58933	0	-1.58132	350.088	0	348.36	0	0	-3.30597	
4.37	0.337	0.103	1.58959	0	1.58106	-350.131	0	-348.217	0	0	-3.30597	
4.38	0.337	0.103	-1.58933	0	-1.58132	350.088	0	348.36	0	0	-3.30597	
4.39	0.337	0.103	1.58959	0	1.58106	-350.131	0	-348.217	0	0	-3.30597	
4.4	0.337	0.103	-1.58933	0	-1.58132	350.088	0	348.36	0	0	-3.30597	
4.41	0.337	0.103	1.58959	0	1.58106	-350.131	0	-348.217	0	0	-3.30597	
4.42	0.337	0.103	-1.58933	0	-1.58132	350.088	0	348.36	0	0	-3.30597	
4.43	0.337	0.103	1.58959	0	1.58106	-350.131	0	-348.217	0	0	-3.30597	
4.44	0.337	0.103	-1.58933	0	-1.58132	350.088	0	348.36	0	0	-3.30597	
4.45	0.337	0.103	1.58959	0	1.58106	-350.131	0	-348.217	0	0	-3.30597	
4.46	0.337	0.103	-1.58933	0	-1.58132	350.088	0	348.36	0	0	-3.30597	
4.47	0.337	0.103	1.58959	0	1.58106	-350.131	0	-348.217	0	0	-3.30597	
4.48	0.337	0.103	-1.58933	0	-1.58132	350.088	0	348.36	0	0	-3.30597	
4.49	0.337	0.103	1.58959	0	1.58106	-350.131	0	-348.217	0	0	-3.30597	
4.5	0.337	0.103	-1.58933	0	-1.58132	350.088	0	348.36	0	0	-3.30597	
4.51	0.337	0.103	1.58959	0	1.58106	-350.131	0	-348.217	0	0	-3.30597	
4.52	0.337	0.103	-1.58933	0	-1.58132	350.088	0	348.36	0	0	-3.30597	
4.53	0.337	0.103	1.58959	0	1.58106	-350.131	0	-348.217	0	0	-3.30597	
4.54	0.337	0.103	-1.58933	0	-1.58132	350.088	0	348.36	0	0	-3.30597	
4.55	0.337	0.103	1.58959	0	1.58106	-350.131	0	-348.217	0	0	-3.30597	
4.56	0.337	0.103	-1.58933	0	-1.58132	350.088	0	348.36	0	0	-3.30597	
4.57	0.337	0.103	1.58959	0	1.58106	-350.131	0	-348.217	0	0	-3.30597	
4.58	0.337	0.103	-1.58933	0	-1.58132	350.088	0	348.359	0	0	-3.30597	
4.59	0.337	0.103	1.58959	0	1.58106	-350.131	0	-348.217	0	0	-3.30597	
4.6	0.337	0.103	-1.58933	0	-1.58132	350.088	0	348.359	0	0	-3.30597	
4.61	0.337	0.103	1.58959	0	1.58106	-350.131	0	-348.217	0	0	-3.30597	
4.62	0.337	0.103	-1.58933	0	-1.58132	350.088	0	348.359	0	0	-3.30597	
4.63	0.337	0.103	1.58959	0	1.58106	-350.131	0	-348.217	0	0	-3.30597	
4.64	0.337	0.103	-1.58933	0	-1.58132	350.088	0	348.359	0	0	-3.30597	
4.65	0.337	0.103	1.58959	0	1.58106	-350.131	0	-348.217	0	0	-3.30597	
4.66	0.337	0.103	-1.58933	0	-1.58132	350.088	0	348.359	0	0	-3.30597	
4.67	0.337	0.103	1.58959	0	1.58106	-350.131	0	-348.217	0	0	-3.30597	
4.68	0.337	0.103	-1.58933	0	-1.58132	350.088	0	348.359	0	0	-3.30597	
4.69	0.337	0.103	1.58959	0	1.58106	-350.131	0	-348.217	0	0	-3.30597	
4.7	0.337	0.103	-1.58933	0	-1.58132	350.088	0	348.359	0	0	-3.30597	
4.71	0.337	0.103	1.58959	0	1.58106	-350.131	0	-348.217	0	0	-3.30597	
4.72	0.337	0.103	-1.58933	0	-1.58132	350.088	0	348.359	0	0	-3.30597	
4.73	0.337	0.103	1.58959	0	1.58106	-350.131	0	-348.217	0	0	-3.30597	
4.74	0.337	0.103	-1.58933	0	-1.58132	350.088	0	348.359	0	0	-3.30597	
4.75	0.337	0.103	1.58959	0	1.58106	-350.131	0	-348.217	0	0	-3.30597	
4.76	0.337	0.103	-1.58933	0	-1.58132	350.088	0	348.359	0	0	-3.30597	
4.77	0.337	0.103	1.58959	0	1.58106	-350.131	0	-348.217	0	0	-3.30597	
4.78	0.337	0.103	-1.58933	0	-1.58132	350.088	0	348.359	0	0	-3.30597	
4.79	0.337	0.103	1.58959	0	1.58106	-350.131	0	-348.217	0	0	-3.30597	
4.8	0.337	0.103	-1.58933	0	-1.58132	350.088	0	348.359	0	0	-3.30597	
4.81	0.337	0.103	1.58959	0	1.58106	-350.131	0	-348.217	0	0	-3.30597	
4.82	0.337	0.103	-1.58933	0	-1.58132	350.087	0	348.359	0	0	-3.30597	
4.83	0.337	0.103	1.58959	0	1.58106	-350.131	0	-348.217	0	0	-3.30597	
4.84	0.337	0.103	-1.58933	0	-1.58132	350.087	0	348.359	0	0	-3.30597	
4.85	0.337	0.103	1.58959	0	1.58106	-350.131	0	-348.217	0	0	-3.30597	
4.86	0.337	0.103	-1.58933	0	-1.58132	350.087	0	348.359	0	0	-3.30597	
4.87	0.337	0.103	1.58959	0	1.58106	-350.131	0	-348.217	0	0	-3.30597	
4.88	0.337	0.103	-1.58933	0	-1.58132	350.087	0	348.359	0	0	-3.30597	
4.89	0.337	0.103	1.58959	0	1.58106	-350.131	0	-348.217	0	0	-3.30597	
4.9	0.337	0.103	-1.58933	0	-1.58132	350.087	0	348.359	0	0	-3.30597	
4.91	0.337	0.103	1.58959	0	1.58106	-350.131	0	-348.217	0	0	-3.30597	
4.92	0.337	0.103	-1.58933	0	-1.58132	350.087	0	348.359	0	0	-3.30597	
4.93	0.337	0.103	1.58959	0	1.58106	-350.131	0	-348.217	0	0	-3.30597	
4.94	0.337	0.103	-1.58933	0	-1.58132	350.087	0	348.359	0	0	-3.30597	
4.95	0.337	0.103	1.58959	0	1.58106	-350.131	0	-348.217	0	0	-3.30597	
4.96	0.337	0.103	-1.58933	0	-1.58132	350.087	0	348.359	0	0	-3.30597	
4.97	0.337	0.103	1.58959	0	1.58106	-350.131	0	-348.217	0	0	-3.30597	
4.98	0.337	0.103	-1.58933	0	-1.58132	350.087	0	348.359	0	0	-3.30597	
4.99	0.337	0.103	1.58959	0	1.58106	-350.131	0	-348.217	0	0	-3.30597	
5	0.337	0.103	-1.58933	0	-1.58132	350.087	0	348.359	0	0	-3.30597	
5.01	0.337	0.103	1.58959	0	1.58106	-350.131	0	-348.217	0	0	-3.30597	
5.02	0.337	0.103	-1.58933	0	-1.58132	350.087	0	348.359	0	0	-3.30597	
5.03	0.337	0.103	1.58959	0	1.58106	-350.131	0	-348.217	0	0	-3.30597	
5.04	0.337	0.103	-1.58933	0	-1.58132	350.087	0	348.359	0	0	-3.30597	
5.05	0.337	0.103	1.58959	0	1.58106	-350.131	0	-348.217	0	0	-3.30597	
5.06	0.337	0.103	-1.58933	0	-1.58132	350.087	0	348.359	0	0	-3.30597	
5.07	0.337	0.103	1.58959	0	1.58106	-350.131	0	-348.217	0	0	-3.30597	
5.08	0.337	0.103	-1.58933	0	-1.58132	350.087	0	348.359	0	0	-3.30597	
5.09	0.337	0.103	1.58959	0	1.58106	-350.131	0	-348.217	0	0	-3.30597	
5.1	0.337	0.103	-1.58933	0	-1.58132	350.087	0	348.359	0	0	-3.30597	
5.11	0.337	0.103	1.58959	0	1.58106	-350.131	0	-348.217	0	0	-3.30597	
5.12	0.337	0.103	-1.58933	0	-1.58132	350.087	0	348.359	0	0	-3.30597	
5.13	0.337	0.103	1.58959	0	1.58106	-350.131	0	-348.217	0	0	-3.30597	
5.14	0.337	0.103	-1.58933	0	-1.58132	350.087	0	348.359	0	0	-3.30597	
5.15	0.337	0.103	1.58959	0	1.58106	-350.131	0	-348.217	0	0	-3.30597	
5.16	0.337	0.103	-1.58933	0	-1.58132	350.087	0	348.359	0	0	-3.30597	
5.17	0.337	0.103	1.58959	0	1.58106	-350.131	0	-348.217	0	0	-3.30597	
5.18	0.337	0.103	-1.58933	0	-1.58132	350.087	0	348.359	0	0	-3.30597	
5.19	0.337	0.103	1.58959	0	1.58106	-350.131	0	-348.217	0	0	-3.30597	
5.2	0.337	0.103	-1.58933	0	-1.58132	350.087	0	348.359	0	0	-3.30597	
5.21	0.337	0.103	1.58959	0	1.58106	-350.131	0	-348.217	0	0	-3.30597	
5.22	0.337	0.103	-1.58933	0	-1.58132	350.087	0	348.359	0	0	-3.30597	
5.23	0.337	0.103	1.58959	0	1.58106	-350.131	0	-348.217	0	0	-3.30597	
5.24	0.337	0.103	-1.58933	0	-1.58132	350.087	0	348.359	0	0	-3.30597	
5.25	0.337	0.103	1.58959	0	1.58106	-350.131	0	-348.217	0	0	-3.30597	
5.26	0.337	0.103	-1.58933	0	-1.58132	350.087	0	348.359	0	0	-3.30597	
5.27	0.337	0.103	1.58959	0	1.58106	-350.131	0	-348.217	0	0	-3.30597	
5.28	0.337	0.103	-1.58933	0	-1.58132	350.087	0	348.359	0	0	-3.30597	
5.29	0.337	0.103	1.58959	0	1.58106	-350.131	0	-348.217	0	0	-3.30597	
5.3	0.337	0.103	-1.58933	0	-1.58132	350.087	0	348.359	0	0	-3.30597	
5.31	0.337	0.103	1.58959	0	1.58106	-350.131	0	-348.217	0	0	-3.30597	
5.32	0.337	0.103	-1.58933	0	-1.58132	350.087	0	348.359	0	0	-3.30597	
5.33	0.337	0.103	1.58959	0	1.58106	-350.131	0	-348.217	0	0	-3.30597	
5.34	0.337	0.103	-1.58933	0	-1.58132	350.087	0	348.359	0	0	-3.30597	
5.35	0.337	0.103	1.58959	0	1.58106	-350.131	0	-348.217	0	0	-3.30597	
5.36	0.337	0.103	-1.58933	0	-1.58132	350.087	0	348.359	0	0	-3.30597	
5.37	0.337	0.103	1.58959	0	1.58106	-350.131	0	-348.217	0	0	-3.30597	
5.38	0.337	0.103	-1.58933	0	-1.58132	350.087	0	348.359	0	0	-3.30597	
5.39	0.337	0.103	1.58959	0	1.58106	-350.131	0	-348.217	0	0	-3.30597	
5.4	0.337	0.103	-1.58933	0	-1.58132	350.087	0	348.359	0	0	-3.30597	
5.41	0.337	0.103	1.58959	0	1.58106	-350.131	0	-348.217	0	0	-3.30597	
5.42	0.337	0.103	-1.58933	0	-1.58132	350.087	0	348.359	0	0	-3.30597	
5.43	0.337	0.103	1.58959	0	1.58106	-350.131	0	-348.217	0	0	-3.30597	
5.44	0.337	0.103	-1.58933	0	-1.58132	350.087	0	348.359	0	0	-3.30597	
5.45	0.337	0.103	1.58959	0	1.58106	-350.131	0	-348.217	0	0	-3.30597	
5.46	0.337	0.103	-1.58933	0	-1.58132	350.087	0	348.359	0	0	-3.30597	
5.47	0.337	0.103	1.58959	0	1.58106	-350.131	0	-348.217	0	0	-3.30597	
5.48	0.337	0.103	-1.58933	0	-1.58132	350.087	0	348.359	0	0	-3.30597	
5.49	0.337	0.103	1.58959	0	1.58106	-350.131	0	-348.217	0	0	-3.30597	
5.5	0.337	0.103	-1.58933	0	-1.58132	350.087	0	348.359	0	0	-3.30597	
5.51	0.337	0.103	1.58959	0	1.58106	-350.131	0	-348.217	0	0	-3.30597	
5.52	0.337	0.103	-1.58933	0	-1.58132	350.087	0	348.359	0	0	-3.30597	
5.53	0.337	0.103	1.58959	0	1.58106	-350.131	0	-348.217	0	0	-3.30597	
5.54	0.337	0.103	-1.58933	0	-1.58132	350.087	0	348.359	0	0	-3.30597	
5.55	0.337	0.103	1.58959	0	1.58106	-350.131	0	-348.217	0	0	-3.30597	
5.56	0.337	0.103	-1.58933	0	-1.58132	350.087	0	348.359	0	0	-3.30597	
5.57	0.337	0.103	1.58959	0	1.58106	-350.131	0	-348.217	0	0	-3.30597	
5.58	0.337	0.103	-1.58933	0	-1.58132	350.087	0	348.359	0	0	-3.30597	
5.59	0.337	0.103	1.58959	0	1.58106	-350.131	0	-348.217	0	0	-3.30597	
5.6	0.337	0.103	-1.58933	0	-1.58132	350.087	0	348.359	0	0	-3.30597	
5.61	0.337	0.103	1.58959	0	1.58106	-350.131	0	-348.217	0	0	-3.30597	
5.62	0.337	0.103	-1.58933	0	-1.58132	350.087	0	348.359	0	0	-3.30597	
5.63	0.337	0.103	1.58959	0	1.58106	-350.131	0	-348.217	0	0	-3.30597	
5.64	0.337	0.103	-1.58933	0	-1.58132	350.087	0	348.359	0	0	-3.30597	
5.65	0.337	0.103	1.58959	0	1.58106	-350.131	0	-348.217	0	0	-3.30597	
5.66	0.337	0.103	-1.58933	0	-1.58132	350.087	0	348.359	0	0	-3.30597	
5.67	0.337	0.103	1.58959	0	1.58106	-350.131	0	-348.217	0	0	-3.30597	
5.68	0.337	0.103	-1.58933	0	-1.58132	350.087	0	348.359	0	0	-3.30597	
5.69	0.337	0.103	1.58959	0	1.58106	-350.131	0	-348.217	0	0	-3.30597	
5.7	0.337	0.103	-1.58933	0	-1.58132	350.087	0	348.359	0	0	-3.30597	
5.71	0.337	0.103	1.58959	0	1.58106	-350.131	0	-348.217	0	0	-3.30597	
5.72	0.337	0.103	-1.58933	0	-1.58132	350.087	0	348.359	0	0	-3.30597	
5.73	0.337	0.103	1.58959	0	1.58106	-350.131	0	-348.217	0	0	-3.30597	
5.74	0.337	0.103	-1.58933	0	-1.58132	350.087	0	348.359	0	0	-3.30597	
5.75	0.337	0.103	1.58959	0	1.58106	-350.131	0	-348.217	0	0	-3.30597	
5.76	0.337	0.103	-1.58933	0	-1.58132	350.087	0	348.359	0	0	-3.30597	
5.77	0.337	0.103	1.58959	0	1.58106	-350.131	0	-348.217	0	0	-3.30597	
5.78	0.337	0.103	-1.58933	0	-1.58132	350.087	0	348.359	0	0	-3.30597	
5.79	0.337	0.103	1.58959	0	1.58106	-350.131	0	-348.217	0	0	-3.30597	
5.8	0.337	0.103	-1.58933	0	-1.58132	350.087	0	348.359	0	0	-3.30597	
5.81	0.337	0.103	1.58959	0	1.58106	-350.131	0	-348.217	0	0	-3.30597	
5.82	0.337	0.103	-1.58933	0	-1.58132	350.087	0	348.359	0	0	-3.30597	
5.83	0.337	0.103	1.58959	0	1.58106	-350.131	0	-348.217	0	0	-3.30597	
5.84	0.337	0.103	-1.58933	0	-1.58132	350.087	0	348.359	0	0	-3.30597	
5.85	0.337	0.103	1.58959	0	1.58106	-350.131	0	-348.217	0	0	-3.30597	
5.86	0.337	0.103	-1.58933	0	-1.58132	350.087	0	348.359	0	0	-3.30597	
5.87	0.337	0.103	1.58959	0	1.58106	-350.131	0	-348.217	0	0	-3.30597	
5.88	0.337	0.103	-1.58933	0	-1.58132	350.087	0	348.359	0	0	-3.30597	
5.89	0.337	0.103	1.58959	0	1.58106	-350.131	0	-348.217	0	0	-3.30597	
5.9	0.337	0.103	-1.58933	0	-1.58132	350.087	0	348.359	0	0	-3.30597	
5.91	0.337	0.103	1.58959	0	1.58106	-350.131	0	-348.217	0	0	-3.30597	
5.92	0.337	0.103	-1.58933	0	-1.58132	350.087	0	348.359	0	0	-3.30597	
5.93	0.337	0.103	1.58959	0	1.58106	-350.131	0	-348.217	0	0	-3.30597	
5.94	0.337	0.103	-1.58933	0	-1.58132	350.087	0	348.359	0	0	-3.30597	
5.95	0.337	0.103	1.58959	0	1.58106	-350.131	0	-348.217	0	0	-3.30597	
5.96	0.337	0.103	-1.58933	0	-1.58132	350.087	0	348.359	0	0	-3.30597	
5.97	0.337	0.103	1.58959	0	1.58106	-350.131	0	-348.217	0	0	-3.30597	
5.98	0.337	0.103	-1.58933	0	-1.58132	350.087	0	348.359	0	0	-3.30597	
5.99	0.337	0.103	1.58959	0	1.58106	-350.131	0	-348.217	0	0	-3.30597	
6	0.337	0.103	-1.58933	0	-1.58132	350.087	0	348.359	0	0	-3.30597	
6.01	0.337	0.103	1.58959	0	1.58106	-350.131	0	-348.217	0	0	-3.30597	
6.02	0.337	0.103	-1.58933	0	-1.58132	350.087	0	348.359	0	0	-3.30597	
6.03	0.337	0.103	1.58959	0	1.58106	-350.131	0	-348.217	0	0	-3.30597	
6.04	0.337	0.103	-1.58933	0	-1.58132	350.087	0	348.359	0	0	-3.30597	
6.05	0.337	0.103	1.58959	0	1.58106	-350.131	0	-348.217	0	0	-3.30597	
6.06	0.337	0.103	-1.58933	0	-1.58132	350.087	0	348.359	0	0	-3.30597	
6.07	0.337	0.103	1.58959	0	1.58106	-350.131	0	-348.217	0	0	-3.30597	
6.08	0.337	0.103	-1.58933	0	-1.58132	350.087	0	348.359	0	0	-3.30597	
6.09	0.337	0.103	1.58959	0	1.58106	-350.131	0	-348.217	0	0	-3.30597	
6.1	0.337	0.103	-1.58933	0	-1.58132	350.087	0	348.359	0	0	-3.30597	
6.11	0.337	0.103	1.58959	0	1.58106	-350.131	0	-348.217	0	0	-3.30597	
6.12	0.337	0.103	-1.58933	0	-1.58132	350.087	0	348.359	0	0	-3.30597	
6.13	0.337	0.103	1.58959	0	1.58106	-350.131	0	-348.217	0	0	-3.30597	
6.14	0.337	0.103	-1.58933	0	-1.58132	350.087	0	348.359	0	0	-3.30597	
6.15	0.337	0.103	1.58959	0	1.58106	-350.131	0	-348.217	0	0	-3.30597	
6.16	0.337	0.103	-1.58933	0	-1.58132	350.087	0	348.359	0	0	-3.30597	
6.17	0.337	0.103	1.58959	0	1.58106	-350.131	0	-348.217	0	0	-3.30597	
6.18	0.337	0.103	-1.58933	0	-1.58132	350.087	0	348.359	0	0	-3.30597	
6.19	0.337	0.103	1.58959	0	1.58106	-350.131	0	-348.217	0	0	-3.30597	
6.2	0.337	0.103	-1.58933	0	-1.58132	350.087	0	348.359	0	0	-3.30597	
6.21	0.337	0.103	1.58959	0	1.58106	-350.131	0	-348.217	0	0	-3.30597	
6.22	0.337	0.103	-1.58933	0	-1.58132	350.087	0	348.359	0	0	-3.30597	
6.23	0.337	0.103	1.58959	0	1.58106	-350.131	0	-348.217	0	0	-3.30597	
6.24	0.337	0.103	-1.58933	0	-1.58132	350.087	0	348.359	0	0	-3.30597	
6.25	0.337	0.103	1.58959	0	1.58106	-350.131	0	-348.217	0	0	-3.30597	
6.26	0.337	0.103	-1.58933	0	-1.58132	350.087	0	348.359	0	0	-3.30597	
6.27	0.337	0.103	1.58959	0	1.58106	-350.131	0	-348.217	0	0	-3.30597	
6.28	0.337	0.103	-1.58933	0	-1.58132	350.087	0	348.359	0	0	-3.30597	
6.29	0.337	0.103	1.58959	0	1.58106	-350.131	0	-348.217	0	0	-3.30597	
6.3	0.337	0.103	-1.58933	0	-1.58132	350.087	0	348.359	0	0	-3.30597	
6.31	0.337	0.103	1.58959	0	1.58106	-350.131	0	-348.217	0	0	-3.30597	
6.32	0.337	0.103	-1.58933	0	-1.58132	350.087	0	348.359	0	0	-3.30597	
6.33	0.337	0.103	1.58959	0	1.58106	-350.131	0	-348.217	0	0	-3.30597	
6.34	0.337	0.103	-1.58933	0	-1.58132	350.087	0	348.359	0	0	-3.30597	
6.35	0.337	0.103	1.58959	0	1.58106	-350.131	0	-348.217	0	0	-3.30597	
6.36	0.337	0.103	-1.58933	0	-1.58132	350.087	0	348.359	0	0	-3.30597	
6.37	0.337	0.103	1.58959	0	1.58106	-350.131	0	-348.217	0	0	-3.30597	
6.38	0.337	0.103	-1.58933	0	-1.58132	350.087	0	348.359	0	0	-3.30597	
6.39	0.337	0.103	1.58959	0	1.58106	-350.131	0	-348.217	0	0	-3.30597	
6.4	0.337	0.103	-1.58933	0	-1.58132	350.087	0	348.359	0	0	-3.30597	
6.41	0.337	0.103	1.58959	0	1.58106	-350.131	0	-348.217	0	0	-3.30597	
6.42	0.337	0.103	-1.58933	0	-1.58132	350.087	0	348.359	0	0	-3.30597	
6.43	0.337	0.103	1.58959	0	1.58106	-350.131	0	-348.217	0	0	-3.30597	
6.44	0.337	0.103	-1.58933	0	-1.58132	350.087	0	348.359	0	0	-3.30597	
6.45	0.337	0.103	1.58959	0	1.58106	-350.131	0	-348.217	0	0	-3.30597	
6.46	0.337	0.103	-1.58933	0	-1.58132	350.087	0	348.359	0	0	-3.30597	
6.47	0.337	0.103	1.58959	0	1.58106	-350.131	0	-348.217	0	0	-3.30597	
6.48	0.337	0.103	-1.58933	0	-1.58132	350.087	0	348.359	0	0	-3.30597	
6.49	0.337	0.103	1.58959	0	1.58106	-350.131	0	-348.217	0	0	-3.30597	
6.5	0.337	0.103	-1.58933	0	-1.58132	350.087	0	348.359	0	0	-3.30597	
6.51	0.337	0.103	1.58959	0	1.58106	-350.131	0	-348.217	0	0	-3.30597	
6.52	0.337	0.103	-1.58933	0	-1.58132	350.087	0	348.359	0	0	-3.30597	
6.53	0.337	0.103	1.58959	0	1.58106	-350.131	0	-348.217	0	0	-3.30597	
6.54	0.337	0.103	-1.58933	0	-1.58132	350.087	0	348.359	0	0	-3.30597	
6.55	0.337	0.103	1.58959	0	1.58106	-350.131	0	-348.217	0	0	-3.30597	
6.56	0.337	0.103	-1.58933	0	-1.58132	350.087	0	348.359	0	0	-3.30597	
6.57	0.337	0.103	1.58959	0	1.58106	-350.131	0	-348.217	0	0	-3.30597	
6.58	0.337	0.103	-1.58933	0	-1.58132	350.087	0	348.359	0	0	-3.30597	
6.59	0.337	0.103	1.58959	0	1.58106	-350.131	0	-348.217	0	0	-3.30597	
6.6	0.337	0.103	-1.58933	0	-1.58132	350.087	0	348.359	0	0	-3.30597	
6.61	0.337	0.103	1.58959	0	1.58106	-350.131	0	-348.217	0	0	-3.30597	
6.62	0.337	0.103	-1.58933	0	-1.58132	350.087	0	348.359	0	0	-3.30597	
6.63	0.337	0.103	1.58959	0	1.58106	-350.131	0	-348.217	0	0	-3.30597	
6.64	0.337	0.103	-1.58933	0	-1.58132	350.087	0	348.359	0	0	-3.30597	
6.65	0.337	0.103	1.58959	0	1.58106	-350.131	0	-348.217	0	0	-3.30597	
6.66	0.337	0.103	-1.58933	0	-1.58132	350.087	0	348.359	0	0	-3.30597	
6.67	0.337	0.103	1.58959	0	1.58106	-350.131	0	-348.217	0	0	-3.30597	
6.68	0.337	0.103	-1.58933	0	-1.58132	350.087	0	348.359	0	0	-3.30597	
6.69	0.337	0.103	1.58959	0	1.58106	-350.131	0	-348.217	0	0	-3.30597	
6.7	0.337	0.103	-1.58933	0	-1.58132	350.087	0	348.359	0	0	-3.30597	
6.71	0.337	0.103	1.58959	0	1.58106	-350.131	0	-348.217	0	0	-3.30597	
6.72	0.337	0.103	-1.58933	0	-1.58132	350.087	0	348.359	0	0	-3.30597	
6.73	0.337	0.103	1.58959	0	1.58106	-350.131	0	-348.217	0	0	-3.30597	
6.74	0.337	0.103	-1.58933	0	-1.58132	350.087	0	348.359	0	0	-3.30597	
6.75	0.337	0.103	1.58959	0	1.58106	-350.131	0	-348.217	0	0	-3.30597	
6.76	0.337	0.103	-1.58933	0	-1.58132	350.087	0	348.359	0	0	-3.30597	
6.77	0.337	0.103	1.58959	0	1.58106	-350.131	0	-348.217	0	0	-3.30597	
6.78	0.337	0.103	-1.58933	0	-1.58132	350.087	0	348.359	0	0	-3.30597	
6.79	0.337	0.103	1.58959	0	1.58106	-350.131	0	-348.217	0	0	-3.30597	
6.8	0.337	0.103	-1.58933	0	-1.58132	350.087	0	348.359	0	0	-3.30597	
6.81	0.337	0.103	1.58959	0	1.58106	-350.131	0	-348.217	0	0	-3.30597	
6.82	0.337	0.103	-1.58933	0	-1.58132	350.087	0	348.359	0	0	-3.30597	
6.83	0.337	0.103	1.58959	0	1.58106	-350.131	0	-348.217	0	0	-3.30597	
6.84	0.337	0.103	-1.58933	0	-1.58132	350.087	0	348.359	0	0	-3.30597	
6.85	0.337	0.103	1.58959	0	1.58106	-350.131	0	-348.217	0	0	-3.30597	
6.86	0.337	0.103	-1.58933	0	-1.58132	350.087	0	348.359	0	0	-3.30597	
6.87	0.337	0.103	1.58959	0	1.58106	-350.131	0	-348.217	0	0	-3.30597	
6.88	0.337	0.103	-1.58933	0	-1.58132	350.087	0	348.359	0	0	-3.30597	
6.89	0.337	0.103	1.58959	0	1.58106	-350.131	0	-348.217	0	0	-3.30597	
6.9	0.337	0.103	-1.58933	0	-1.58132	350.087	0	348.359	0	0	-3.30597	
6.91	0.337	0.103	1.58959	0	1.58106	-350.131	0	-348.217	0	0	-3.30597	
6.92	0.337	0.103	-1.58933	0	-1.58132	350.087	0	348.359	0	0	-3.30597	
6.93	0.337	0.103	1.58959	0	1.58106	-350.131	0	-348.217	0	0	-3.30597	
6.94	0.337	0.103	-1.58933	0	-1.58132	350.087	0	348.359	0	0	-3.30597	
6.95	0.337	0.103	1.58959	0	1.58106	-350.131	0	-348.216	0	0	-3.30597	
6.96	0.337	0.103	-1.58933	0	-1.58132	350.087	0	348.359	0	0	-3.30597	
6.97	0.337	0.103	1.58959	0	1.58106	-350.131	0	-348.216	0	0	-3.30597	
6.98	0.337	0.103	-1.58933	0	-1.58132	350.087	0	348.359	0	0	-3.30597	
6.99	0.337	0.103	1.58959	0	1.58106	-350.131	0	-348.216	0	0	-3.30597	
7	0.337	0.103	-1.58933	0	-1.58132	350.087	0	348.359	0	0	-3.30597	
7.01	0.337	0.103	1.58959	0	1.58106	-350.131	0	-348.216	0	0	-3.30597	
7.02	0.337	0.103	-1.58933	0	-1.58132	350.087	0	348.359	0	0	-3.30597	
7.03	0.337	0.103	1.58959	0	1.58106	-350.131	0	-348.216	0	0	-3.30597	
7.04	0.337	0.103	-1.58933	0	-1.58132	350.087	0	348.359	0	0	-3.30597	
7.05	0.337	0.103	1.58959	0	1.58106	-350.131	0	-348.216	0	0	-3.30597	
7.06	0.337	0.103	-1.58933	0	-1.58132	350.087	0	348.359	0	0	-3.30597	
7.07	0.337	0.103	1.58959	0	1.58106	-350.131	0	-348.216	0	0	-3.30597	
7.08	0.337	0.103	-1.58933	0	-1.58132	350.087	0	348.359	0	0	-3.30597	
7.09	0.337	0.103	1.58959	0	1.58106	-350.131	0	-348.216	0	0	-3.30597	
7.1	0.337	0.103	-1.58933	0	-1.58132	350.087	0	348.359	0	0	-3.30597	
7.11	0.337	0.103	1.58959	0	1.58106	-350.13	0	-348.216	0	0	-3.30597	
7.12	0.337	0.103	-1.58933	0	-1.58132	350.087	0	348.359	0	0	-3.30597	
7.13	0.337	0.103	1.58959	0	1.58106	-350.13	0	-348.216	0	0	-3.30597	
7.14	0.337	0.103	-1.58933	0	-1.58132	350.087	0	348.359	0	0	-3.30597	
7.15	0.337	0.103	1.58959	0	1.58106	-350.13	0	-348.216	0	0	-3.30597	
7.16	0.337	0.103	-1.58933	0	-1.58132	350.087	0	348.359	0	0	-3.30597	
7.17	0.337	0.103	1.58959	0	1.58106	-350.13	0	-348.216	0	0	-3.30597	
7.18	0.337	0.103	-1.58933	0	-1.58132	350.087	0	348.359	0	0	-3.30597	
7.19	0.337	0.103	1.58959	0	1.58106	-350.13	0	-348.216	0	0	-3.30597	
7.2	0.337	0.103	-1.58933	0	-1.58132	350.087	0	348.359	0	0	-3.30597	
7.21	0.337	0.103	1.58959	0	1.58106	-350.13	0	-348.216	0	0	-3.30597	
7.22	0.337	0.103	-1.58933	0	-1.58132	350.087	0	348.359	0	0	-3.30597	
7.23	0.337	0.103	1.58959	0	1.58106	-350.13	0	-348.216	0	0	-3.30597	
7.24	0.337	0.103	-1.58933	0	-1.58132	350.087	0	348.359	0	0	-3.30597	
7.25	0.337	0.103	1.58959	0	1.58106	-350.13	0	-348.216	0	0	-3.30597	
7.26	0.337	0.103	-1.58933	0	-1.58132	350.087	0	348.359	0	0	-3.30597	
7.27	0.337	0.103	1.58959	0	1.58106	-350.13	0	-348.216	0	0	-3.30597	
7.28	0.337	0.103	-1.58933	0	-1.58132	350.087	0	348.359	0	0	-3.30597	
7.29	0.337	0.103	1.58959	0	1.58106	-350.13	0	-348.216	0	0	-3.30597	
7.3	0.337	0.103	-1.58933	0	-1.58132	350.087	0	348.359	0	0	-3.30597	
7.31	0.337	0.103	1.58959	0	1.58106	-350.13	0	-348.216	0	0	-3.30597	
7.32	0.337	0.103	-1.58933	0	-1.58132	350.087	0	348.359	0	0	-3.30597	
7.33	0.337	0.103	1.58959	0	1.58106	-350.13	0	-348.216	0	0	-3.30597	
7.34	0.337	0.103	-1.58933	0	-1.58132	350.087	0	348.359	0	0	-3.30597	
7.35	0.337	0.103	1.58959	0	1.58106	-350.13	0	-348.216	0	0	-3.30597	
7.36	0.337	0.103	-1.58933	0	-1.58132	350.087	0	348.359	0	0	-3.30597	
7.37	0.337	0.103	1.58959	0	1.58106	-350.13	0	-348.216	0	0	-3.30597	
7.38	0.337	0.103	-1.58933	0	-1.58132	350.087	0	348.358	0	0	-3.30597	
7.39	0.337	0.103	1.58959	0	1.58106	-350.13	0	-348.216	0	0	-3.30597	
7.4	0.337	0.103	-1.58933	0	-1.58132	350.087	0	348.358	0	0	-3.30597	
7.41	0.337	0.103	1.58959	0	1.58106	-350.13	0	-348.216	0	0	-3.30597	
7.42	0.337	0.103	-1.58933	0	-1.58132	350.087	0	348.358	0	0	-3.30597	
7.43	0.337	0.103	1.58959	0	1.58106	-350.13	0	-348.216	0	0	-3.30597	
7.44	0.337	0.103	-1.58933	0	-1.58132	350.087	0	348.358	0	0	-3.30597	
7.45	0.337	0.103	1.58959	0	1.58106	-350.13	0	-348.216	0	0	-3.30597	
7.46	0.337	0.103	-1.58933	0	-1.58132	350.087	0	348.358	0	0	-3.30597	
7.47	0.337	0.103	1.58959	0	1.58106	-350.13	0	-348.216	0	0	-3.30597	
7.48	0.337	0.103	-1.58933	0	-1.58132	350.087	0	348.358	0	0	-3.30597	
7.49	0.337	0.103	1.58959	0	1.58106	-350.13	0	-348.216	0	0	-3.30597	
7.5	0.337	0.103	-1.58933	0	-1.58132	350.087	0	348.358	0	0	-3.30597	
7.51	0.337	0.103	1.58959	0	1.58106	-350.13	0	-348.216	0	0	-3.30597	
7.52	0.337	0.103	-1.58933	0	-1.58132	350.087	0	348.358	0	0	-3.30597	
7.53	0.337	0.103	1.58959	0	1.58106	-350.13	0	-348.216	0	0	-3.30597	
7.54	0.337	0.103	-1.58933	0	-1.58132	350.087	0	348.358	0	0	-3.30597	
7.55	0.337	0.103	1.58959	0	1.58106	-350.13	0	-348.216	0	0	-3.30597	
7.56	0.337	0.103	-1.58933	0	-1.58132	350.087	0	348.358	0	0	-3.30597	
7.57	0.337	0.103	1.58959	0	1.58106	-350.13	0	-348.216	0	0	-3.30597	
7.58	0.337	0.103	-1.58933	0	-1.58132	350.087	0	348.358	0	0	-3.30597	
7.59	0.337	0.103	1.58959	0	1.58106	-350.13	0	-348.216	0	0	-3.30597	
7.6	0.337	0.103	-1.58933	0	-1.58132	350.086	0	348.358	0	0	-3.30597	
7.61	0.337	0.103	1.58959	0	1.58106	-350.13	0	-348.216	0	0	-3.30597	
7.62	0.337	0.103	-1.58933	0	-1.58132	350.086	0	348.358	0	0	-3.30597	
7.63	0.337	0.103	1.58959	0	1.58106	-350.13	0	-348.216	0	0	-3.30597	
7.64	0.337	0.103	-1.58933	0	-1.58132	350.086	0	348.358	0	0	-3.30597	
7.65	0.337	0.103	1.58959	0	1.58106	-350.13	0	-348.216	0	0	-3.30597	
7.66	0.337	0.103	-1.58933	0	-1.58132	350.086	0	348.358	0	0	-3.30597	
7.67	0.337	0.103	1.58959	0	1.58106	-350.13	0	-348.216	0	0	-3.30597	
7.68	0.337	0.103	-1.58933	0	-1.58132	350.086	0	348.358	0	0	-3.30597	
7.69	0.337	0.103	1.58959	0	1.58106	-350.13	0	-348.216	0	0	-3.30597	
7.7	0.337	0.103	-1.58933	0	-1.58132	350.086	0	348.358	0	0	-3.30597	
7.71	0.337	0.103	1.58959	0	1.58106	-350.13	0	-348.216	0	0	-3.30597	
7.72	0.337	0.103	-1.58933	0	-1.58132	350.086	0	348.358	0	0	-3.30597	
7.73	0.337	0.103	1.58959	0	1.58106	-350.13	0	-348.216	0	0	-3.30597	
7.74	0.337	0.103	-1.58933	0	-1.58132	350.086	0	348.358	0	0	-3.30597	
7.75	0.337	0.103	1.58959	0	1.58106	-350.13	0	-348.216	0	0	-3.30597	
7.76	0.337	0.103	-1.58933	0	-1.58132	350.086	0	348.358	0	0	-3.30597	
7.77	0.337	0.103	1.58959	0	1.58106	-350.13	0	-348.216	0	0	-3.30597	
7.78	0.337	0.103	-1.58933	0	-1.58132	350.086	0	348.358	0	0	-3.30597	
7.79	0.337	0.103	1.58959	0	1.58106	-350.13	0	-348.216	0	0	-3.30597	
7.8	0.337	0.103	-1.58933	0	-1.58132	350.086	0	348.358	0	0	-3.30597	
7.81	0.337	0.103	1.58959	0	1.58106	-350.13	0	-348.216	0	0	-3.30597	
7.82	0.337	0.103	-1.58933	0	-1.58132	350.086	0	348.358	0	0	-3.30597	
7.83	0.337	0.103	1.58959	0	1.58106	-350.13	0	-348.216	0	0	-3.30597	
7.84	0.337	0.103	-1.58933	0	-1.58132	350.086	0	348.358	0	0	-3.30597	
7.85	0.337	0.103	1.58959	0	1.58106	-350.13	0	-348.216	0	0	-3.30597	
7.86	0.337	0.103	-1.58933	0	-1.58132	350.086	0	348.358	0	0	-3.30597	
7.87	0.337	0.103	1.58959	0	1.58106	-350.13	0	-348.216	0	0	-3.30597	
7.88	0.337	0.103	-1.58933	0	-1.58132	350.086	0	348.358	0	0	-3.30597	
7.89	0.337	0.103	1.58959	0	1.58106	-350.13	0	-348.216	0	0	-3.30597	
7.9	0.337	0.103	-1.58933	0	-1.58132	350.086	0	348.358	0	0	-3.30597	
7.91	0.337	0.103	1.58959	0	1.58106	-350.13	0	-348.216	0	0	-3.30597	
7.92	0.337	0.103	-1.58933	0	-1.58132	350.086	0	348.358	0	0	-3.30597	
7.93	0.337	0.103	1.58959	0	1.58106	-350.13	0	-348.216	0	0	-3.30597	
7.94	0.337	0.103	-1.58933	0	-1.58132	350.086	0	348.358	0	0	-3.30597	
7.95	0.337	0.103	1.58959	0	1.58106	-350.13	0	-348.216	0	0	-3.30597	
7.96	0.337	0.103	-1.58933	0	-1.58132	350.086	0	348.358	0	0	-3.30597	
7.97	0.337	0.103	1.58959	0	1.58106	-350.13	0	-348.216	0	0	-3.30597	
7.98	0.337	0.103	-1.58933	0	-1.58132	350.086	0	348.358	0	0	-3.30597	
7.99	0.337	0.103	1.58959	0	1.58106	-350.13	0	-348.216	0	0	-3.30597	
8	0.337	0.103	-1.58933	0	-1.58132	350.086	0	348.358	0	0	-3.30597	
8.01	0.337	0.103	1.58959	0	1.58106	-350.13	0	-348.216	0	0	-3.30597	
8.02	0.337	0.103	-1.58933	0	-1.58132	350.086	0	348.358	0	0	-3.30597	
8.03	0.337	0.103	1.58959	0	1.58106	-350.13	0	-348.216	0	0	-3.30597	
8.04	0.337	0.103	-1.58933	0	-1.58132	350.086	0	348.358	0	0	-3.30597	
8.05	0.337	0.103	1.58959	0	1.58106	-350.13	0	-348.216	0	0	-3.30597	
8.06	0.337	0.103	-1.58933	0	-1.58132	350.086	0	348.358	0	0	-3.30597	
8.07	0.337	0.103	1.58959	0	1.58106	-350.13	0	-348.216	0	0	-3.30597	
8.08	0.337	0.103	-1.58933	0	-1.58132	350.086	0	348.358	0	0	-3.30597	
8.09	0.337	0.103	1.58959	0	1.58106	-350.13	0	-348.216	0	0	-3.30597	
8.1	0.337	0.103	-1.58933	0	-1.58132	350.086	0	348.358	0	0	-3.30597	
8.11	0.337	0.103	1.58959	0	1.58106	-350.13	0	-348.216	0	0	-3.30597	
8.12	0.337	0.103	-1.58933	0	-1.58132	350.086	0	348.358	0	0	-3.30597	
8.13	0.337	0.103	1.58959	0	1.58106	-350.13	0	-348.216	0	0	-3.30597	
8.14	0.337	0.103	-1.58933	0	-1.58132	350.086	0	348.358	0	0	-3.30597	
8.15	0.337	0.103	1.58959	0	1.58106	-350.13	0	-348.216	0	0	-3.30597	
8.16	0.337	0.103	-1.58933	0	-1.58132	350.086	0	348.358	0	0	-3.30597	
8.17	0.337	0.103	1.58959	0	1.58106	-350.13	0	-348.216	0	0	-3.30597	
8.18	0.337	0.103	-1.58933	0	-1.58132	350.086	0	348.358	0	0	-3.30597	
8.19	0.337	0.103	1.58959	0	1.58106	-350.13	0	-348.216	0	0	-3.30597	
8.2	0.337	0.103	-1.58933	0	-1.58132	350.086	0	348.358	0	0	-3.30597	
8.21	0.337	0.103	1.58959	0	1.58106	-350.13	0	-348.216	0	0	-3.30597	
8.22	0.337	0.103	-1.58933	0	-1.58132	350.086	0	348.358	0	0	-3.30597	
8.23	0.337	0.103	1.58959	0	1.58106	-350.13	0	-348.216	0	0	-3.30597	
8.24	0.337	0.103	-1.58933	0	-1.58132	350.086	0	348.358	0	0	-3.30597	
8.25	0.337	0.103	1.58959	0	1.58106	-350.13	0	-348.216	0	0	-3.30597	
8.26	0.337	0.103	-1.58933	0	-1.58132	350.086	0	348.358	0	0	-3.30597	
8.27	0.337	0.103	1.58959	0	1.58106	-350.13	0	-348.216	0	0	-3.30597	
8.28	0.337	0.103	-1.58933	0	-1.58132	350.086	0	348.358	0	0	-3.30597	
8.29	0.337	0.103	1.58959	0	1.58106	-350.13	0	-348.216	0	0	-3.30597	
8.3	0.337	0.103	-1.58933	0	-1.58132	350.086	0	348.358	0	0	-3.30597	
8.31	0.337	0.103	1.58959	0	1.58106	-350.13	0	-348.216	0	0	-3.30597	
8.32	0.337	0.103	-1.58933	0	-1.58132	350.086	0	348.358	0	0	-3.30597	
8.33	0.337	0.103	1.58959	0	1.58106	-350.13	0	-348.216	0	0	-3.30597	
8.34	0.337	0.103	-1.58933	0	-1.58132	350.086	0	348.358	0	0	-3.30597	
8.35	0.337	0.103	1.58959	0	1.58106	-350.13	0	-348.216	0	0	-3.30597	
8.36	0.337	0.103	-1.58933	0	-1.58132	350.086	0	348.358	0	0	-3.30597	
8.37	0.337	0.103	1.58959	0	1.58106	-350.13	0	-348.216	0	0	-3.30597	
8.38	0.337	0.103	-1.58933	0	-1.58132	350.086	0	348.358	0	0	-3.30597	
8.39	0.337	0.103	1.58959	0	1.58106	-350.13	0	-348.216	0	0	-3.30597	
8.4	0.337	0.103	-1.58933	0	-1.58132	350.086	0	348.358	0	0	-3.30597	
8.41	0.337	0.103	1.58959	0	1.58106	-350.13	0	-348.216	0	0	-3.30597	
8.42	0.337	0.103	-1.58933	0	-1.58132	350.086	0	348.358	0	0	-3.30597	
8.43	0.337	0.103	1.58959	0	1.58106	-350.13	0	-348.216	0	0	-3.30597	
8.44	0.337	0.103	-1.58933	0	-1.58132	350.086	0	348.358	0	0	-3.30597	
8.45	0.337	0.103	1.58959	0	1.58106	-350.13	0	-348.216	0	0	-3.30597	
8.46	0.337	0.103	-1.58933	0	-1.58132	350.086	0	348.358	0	0	-3.30597	
8.47	0.337	0.103	1.58959	0	1.58106	-350.13	0	-348.216	0	0	-3.30597	
8.48	0.337	0.103	-1.58933	0	-1.58132	350.086	0	348.358	0	0	-3.30597	
8.49	0.337	0.103	1.58959	0	1.58106	-350.13	0	-348.216	0	0	-3.30597	
8.5	0.337	0.103	-1.58933	0	-1.58132	350.086	0	348.358	0	0	-3.30597	
8.51	0.337	0.103	1.58959	0	1.58106	-350.13	0	-348.216	0	0	-3.30597	
8.52	0.337	0.103	-1.58933	0	-1.58132	350.086	0	348.358	0	0	-3.30597	
8.53	0.337	0.103	1.58959	0	1.58106	-350.13	0	-348.216	0	0	-3.30597	
8.54	0.337	0.103	-1.58933	0	-1.58132	350.086	0	348.358	0	0	-3.30597	
8.55	0.337	0.103	1.58959	0	1.58106	-350.13	0	-348.216	0	0	-3.30597	
8.56	0.337	0.103	-1.58933	0	-1.58132	350.086	0	348.358	0	0	-3.30597	
8.57	0.337	0.103	1.58959	0	1.58106	-350.13	0	-348.216	0	0	-3.30597	
8.58	0.337	0.103	-1.58933	0	-1.58132	350.086	0	348.358	0	0	-3.30597	
8.59	0.337	0.103	1.58959	0	1.58106	-350.13	0	-348.216	0	0	-3.30597	
8.6	0.337	0.103	-1.58933	0	-1.58132	350.086	0	348.358	0	0	-3.30597	
8.61	0.337	0.103	1.58959	0	1.58106	-350.13	0	-348.216	0	0	-3.30597	
8.62	0.337	0.103	-1.58933	0	-1.58132	350.086	0	348.358	0	0	-3.30597	
8.63	0.337	0.103	1.58959	0	1.58106	-350.13	0	-348.216	0	0	-3.30597	
8.64	0.337	0.103	-1.58933	0	-1.58132	350.086	0	348.358	0	0	-3.30597	
8.65	0.337	0.103	1.58959	0	1.58106	-350.13	0	-348.216	0	0	-3.30597	
8.66	0.337	0.103	-1.58933	0	-1.58132	350.086	0	348.358	0	0	-3.30597	
8.67	0.337	0.103	1.58959	0	1.58106	-350.13	0	-348.216	0	0	-3.30597	
8.68	0.337	0.103	-1.58933	0	-1.58132	350.086	0	348.358	0	0	-3.30597	
8.69	0.337	0.103	1.58959	0	1.58106	-350.13	0	-348.216	0	0	-3.30597	
8.7	0.337	0.103	-1.58933	0	-1.58132	350.086	0	348.358	0	0	-3.30597	
8.71	0.337	0.103	1.58959	0	1.58106	-350.13	0	-348.216	0	0	-3.30597	
8.72	0.337	0.103	-1.58933	0	-1.58132	350.086	0	348.358	0	0	-3.30597	
8.73	0.337	0.103	1.58959	0	1.58106	-350.13	0	-348.216	0	0	-3.30597	
8.74	0.337	0.103	-1.58933	0	-1.58132	350.086	0	348.358	0	0	-3.30597	
8.75	0.337	0.103	1.58959	0	1.58106	-350.13	0	-348.216	0	0	-3.30597	
8.76	0.337	0.103	-1.58933	0	-1.58132	350.086	0	348.358	0	0	-3.30597	
8.77	0.337	0.103	1.58959	0	1.58106	-350.13	0	-348.216	0	0	-3.30597	
8.78	0.337	0.103	-1.58933	0	-1.58132	350.086	0	348.358	0	0	-3.30597	
8.79	0.337	0.103	1.58959	0	1.58106	-350.13	0	-348.216	0	0	-3.30597	
8.8	0.337	0.103	-1.58933	0	-1.58132	350.086	0	348.358	0	0	-3.30597	
8.81	0.337	0.103	1.58959	0	1.58106	-350.13	0	-348.216	0	0	-3.30597	
8.82	0.337	0.103	-1.58933	0	-1.58132	350.086	0	348.358	0	0	-3.30597	
8.83	0.337	0.103	1.58959	0	1.58106	-350.13	0	-348.216	0	0	-3.30597	
8.84	0.337	0.103	-1.58933	0	-1.58132	350.086	0	348.358	0	0	-3.30597	
8.85	0.337	0.103	1.58959	0	1.58106	-350.13	0	-348.216	0	0	-3.30597	
8.86	0.337	0.103	-1.58933	0	-1.58132	350.086	0	348.358	0	0	-3.30597	
8.87	0.337	0.103	1.58959	0	1.58106	-350.13	0	-348.216	0	0	-3.30597	
8.88	0.337	0.103	-1.58933	0	-1.58132	350.086	0	348.358	0	0	-3.30597	
8.89	0.337	0.103	1.58959	0	1.58106	-350.13	0	-348.216	0	0	-3.30597	
8.9	0.337	0.103	-1.58933	0	-1.58132	350.086	0	348.358	0	0	-3.30597	
8.91	0.337	0.103	1.58959	0	1.58106	-350.13	0	-348.216	0	0	-3.30597	
8.92	0.337	0.103	-1.58933	0	-1.58132	350.086	0	348.358	0	0	-3.30597	
8.93	0.337	0.103	1.58959	0	1.58106	-350.13	0	-348.216	0	0	-3.30597	
8.94	0.337	0.103	-1.58933	0	-1.58132	350.086	0	348.358	0	0	-3.30597	
8.95	0.337	0.103	1.58959	0	1.58106	-350.13	0	-348.216	0	0	-3.30597	
8.96	0.337	0.103	-1.58933	0	-1.58132	350.086	0	348.358	0	0	-3.30597	
8.97	0.337	0.103	1.58959	0	1.58106	-350.13	0	-348.216	0	0	-3.30597	
8.98	0.337	0.103	-1.58933	0	-1.58132	350.086	0	348.358	0	0	-3.30597	
8.99	0.337	0.103	1.58959	0	1.58106	-350.13	0	-348.216	0	0	-3.30597	
9	0.337	0.103	-1.58933	0	-1.58132	350.086	0	348.358	0	0	-3.30597	
9.01	0.337	0.103	1.58959	0	1.58106	-350.13	0	-348.216	0	0	-3.30597	
9.02	0.337	0.103	-1.58933	0	-1.58132	350.086	0	348.358	0	0	-3.30597	
9.03	0.337	0.103	1.58959	0	1.58106	-350.13	0	-348.216	0	0	-3.30597	
9.04	0.337	0.103	-1.58933	0	-1.58132	350.086	0	348.358	0	0	-3.30597	
9.05	0.337	0.103	1.58959	0	1.58106	-350.13	0	-348.216	0	0	-3.30597	
9.06	0.337	0.103	-1.58933	0	-1.58132	350.086	0	348.358	0	0	-3.30597	
9.07	0.337	0.103	1.58959	0	1.58106	-350.13	0	-348.216	0	0	-3.30597	
9.08	0.337	0.103	-1.58933	0	-1.58132	350.086	0	348.358	0	0	-3.30597	
9.09	0.337	0.103	1.58959	0	1.58106	-350.13	0	-348.216	0	0	-3.30597	
9.1	0.337	0.103	-1.58933	0	-1.58132	350.086	0	348.358	0	0	-3.30597	
9.11	0.337	0.103	1.58959	0	1.58106	-350.13	0	-348.216	0	0	-3.30597	
9.12	0.337	0.103	-1.58933	0	-1.58132	350.086	0	348.358	0	0	-3.30597	
9.13	0.337	0.103	1.58959	0	1.58106	-350.13	0	-348.216	0	0	-3.30597	
9.14	0.337	0.103	-1.58933	0	-1.58132	350.086	0	348.358	0	0	-3.30597	
9.15	0.337	0.103	1.58959	0	1.58106	-350.13	0	-348.216	0	0	-3.30597	
9.16	0.337	0.103	-1.58933	0	-1.58132	350.086	0	348.358	0	0	-3.30597	
9.17	0.337	0.103	1.58959	0	1.58106	-350.13	0	-348.216	0	0	-3.30597	
9.18	0.337	0.103	-1.58933	0	-1.58132	350.086	0	348.358	0	0	-3.30597	
9.19	0.337	0.103	1.58959	0	1.58106	-350.13	0	-348.216	0	0	-3.30597	
9.2	0.337	0.103	-1.58933	0	-1.58132	350.086	0	348.358	0	0	-3.30597	
9.21	0.337	0.103	1.58959	0	1.58106	-350.13	0	-348.216	0	0	-3.30597	
9.22	0.337	0.103	-1.58933	0	-1.58132	350.086	0	348.358	0	0	-3.30597	
9.23	0.337	0.103	1.58959	0	1.58106	-350.13	0	-348.216	0	0	-3.30597	
9.24	0.337	0.103	-1.58933	0	-1.58132	350.086	0	348.358	0	0	-3.30597	
9.25	0.337	0.103	1.58959	0	1.58106	-350.13	0	-348.216	0	0	-3.30597	
9.26	0.337	0.103	-1.58933	0	-1.58132	350.086	0	348.358	0	0	-3.30597	
9.27	0.337	0.103	1.58959	0	1.58106	-350.13	0	-348.216	0	0	-3.30597	
9.28	0.337	0.103	-1.58933	0	-1.58132	350.086	0	348.358	0	0	-3.30597	
9.29	0.337	0.103	1.58959	0	1.58106	-350.13	0	-348.216	0	0	-3.30597	
9.3	0.337	0.103	-1.58933	0	-1.58132	350.086	0	348.358	0	0	-3.30597	
9.31	0.337	0.103	1.58959	0	1.58106	-350.13	0	-348.216	0	0	-3.30597	
9.32	0.337	0.103	-1.58933	0	-1.58132	350.086	0	348.358	0	0	-3.30597	
9.33	0.337	0.103	1.58959	0	1.58106	-350.13	0	-348.216	0	0	-3.30597	
9.34	0.337	0.103	-1.58933	0	-1.58132	350.086	0	348.358	0	0	-3.30597	
9.35	0.337	0.103	1.58959	0	1.58106	-350.13	0	-348.216	0	0	-3.30597	
9.36	0.337	0.103	-1.58933	0	-1.58132	350.086	0	348.358	0	0	-3.30597	
9.37	0.337	0.103	1.58959	0	1.58106	-350.13	0	-348.216	0	0	-3.30597	
9.38	0.337	0.103	-1.58933	0	-1.58132	350.086	0	348.358	0	0	-3.30597	
9.39	0.337	0.103	1.58959	0	1.58106	-350.13	0	-348.216	0	0	-3.30597	
9.4	0.337	0.103	-1.58933	0	-1.58132	350.086	0	348.358	0	0	-3.30597	
9.41	0.337	0.103	1.58959	0	1.58106	-350.13	0	-348.216	0	0	-3.30597	
9.42	0.337	0.103	-1.58933	0	-1.58132	350.086	0	348.358	0	0	-3.30597	
9.43	0.337	0.103	1.58959	0	1.58106	-350.13	0	-348.216	0	0	-3.30597	
9.44	0.337	0.103	-1.58933	0	-1.58132	350.086	0	348.358	0	0	-3.30597	
9.45	0.337	0.103	1.58959	0	1.58106	-350.13	0	-348.216	0	0	-3.30597	
9.46	0.337	0.103	-1.58933	0	-1.58132	350.086	0	348.358	0	0	-3.30597	
9.47	0.337	0.103	1.58959	0	1.58106	-350.13	0	-348.216	0	0	-3.30597	
9.48	0.337	0.103	-1.58933	0	-1.58132	350.086	0	348.358	0	0	-3.30597	
9.49	0.337	0.103	1.58959	0	1.58106	-350.13	0	-348.216	0	0	-3.30597	
9.5	0.337	0.103	-1.58933	0	-1.58132	350.086	0	348.358	0	0	-3.30597	
9.51	0.337	0.103	1.58959	0	1.58106	-350.13	0	-348.216	0	0	-3.30597	
9.52	0.337	0.103	-1.58933	0	-1.58132	350.086	0	348.358	0	0	-3.30597	
9.53	0.337	0.103	1.58959	0	1.58106	-350.13	0	-348.216	0	0	-3.30597	
9.54	0.337	0.103	-1.58933	0	-1.58132	350.086	0	348.358	0	0	-3.30597	
9.55	0.337	0.103	1.58959	0	1.58106	-350.13	0	-348.216	0	0	-3.30597	
9.56	0.337	0.103	-1.58933	0	-1.58132	350.086	0	348.358	0	0	-3.30597	
9.57	0.337	0.103	1.58959	0	1.58106	-350.13	0	-348.216	0	0	-3.30597	
9.58	0.337	0.103	-1.58933	0	-1.58132	350.086	0	348.358	0	0	-3.30597	
9.59	0.337	0.103	1.58959	0	1.58106	-350.13	0	-348.216	0	0	-3.30597	
9.6	0.337	0.103	-1.58933	0	-1.58132	350.086	0	348.358	0	0	-3.30597	
9.61	0.337	0.103	1.58959	0	1.58106	-350.13	0	-348.216	0	0	-3.30597	
9.62	0.337	0.103	-1.58933	0	-1.58132	350.086	0	348.358	0	0	-3.30597	
9.63	0.337	0.103	1.58959	0	1.58106	-350.13	0	-348.216	0	0	-3.30597	
9.64	0.337	0.103	-1.58933	0	-1.58132	350.086	0	348.358	0	0	-3.30597	
9.65	0.337	0.103	1.58959	0	1.58106	-350.13	0	-348.216	0	0	-3.30597	
9.66	0.337	0.103	-1.58933	0	-1.58132	350.086	0	348.358	0	0	-3.30597	
9.67	0.337	0.103	1.58959	0	1.58106	-350.13	0	-348.216	0	0	-3.30597	
9.68	0.337	0.103	-1.58933	0	-1.58132	350.086	0	348.358	0	0	-3.30597	
9.69	0.337	0.103	1.58959	0	1.58106	-350.13	0	-348.216	0	0	-3.30597	
9.7	0.337	0.103	-1.58933	0	-1.58132	350.086	0	348.358	0	0	-3.30597	
9.71	0.337	0.103	1.58959	0	1.58106	-350.13	0	-348.216	0	0	-3.30597	
9.72	0.337	0.103	-1.58933	0	-1.58132	350.086	0	348.358	0	0	-3.30597	
9.73	0.337	0.103	1.58959	0	1.58106	-350.13	0	-348.216	0	0	-3.30597	
9.74	0.337	0.103	-1.58933	0	-1.58132	350.086	0	348.358	0	0	-3.30597	
9.75	0.337	0.103	1.58959	0	1.58106	-350.13	0	-348.215	0	0	-3.30597	
9.76	0.337	0.103	-1.58933	0	-1.58132	350.086	0	348.358	0	0	-3.30597	
9.77	0.337	0.103	1.58959	0	1.58106	-350.13	0	-348.215	0	0	-3.30597	
9.78	0.337	0.103	-1.58933	0	-1.58132	350.086	0	348.358	0	0	-3.30597	
9.79	0.337	0.103	1.58959	0	1.58106	-350.13	0	-348.215	0	0	-3.30597	
9.8	0.337	0.103	-1.58933	0	-1.58132	350.086	0	348.358	0	0	-3.30597	
9.81	0.337	0.103	1.58959	0	1.58106	-350.13	0	-348.215	0	0	-3.30597	
9.82	0.337	0.103	-1.58933	0	-1.58132	350.086	0	348.358	0	0	-3.30597	
9.83	0.337	0.103	1.58959	0	1.58106	-350.13	0	-348.215	0	0	-3.30597	
9.84	0.337	0.103	-1.58933	0	-1.58132	350.086	0	348.358	0	0	-3.30597	
9.85	0.337	0.103	1.58959	0	1.58106	-350.13	0	-348.215	0	0	-3.30597	
9.86	0.337	0.103	-1.58933	0	-1.58132	350.086	0	348.358	0	0	-3.30597	
9.87	0.337	0.103	1.58959	0	1.58106	-350.13	0	-348.215	0	0	-3.30597	
9.88	0.337	0.103	-1.58933	0	-1.58132	350.086	0	348.358	0	0	-3.30597	
9.89	0.337	0.103	1.58959	0	1.58106	-350.129	0	-348.215	0	0	-3.30597	
9.9	0.337	0.103	-1.58933	0	-1.58132	350.086	0	348.358	0	0	-3.30597	
9.91	0.337	0.103	1.58959	0	1.58106	-350.129	0	-348.215	0	0	-3.30597	
9.92	0.337	0.103	-1.58933	0	-1.58132	350.086	0	348.358	0	0	-3.30597	
9.93	0.337	0.103	1.58959	0	1.58106	-350.129	0	-348.215	0	0	-3.30597	
9.94	0.337	0.103	-1.58933	0	-1.58132	350.086	0	348.358	0	0	-3.30597	
9.95	0.337	0.103	1.58959	0	1.58106	-350.129	0	-348.215	0	0	-3.30597	
9.96	0.337	0.103	-1.58933	0	-1.58132	350.086	0	348.358	0	0	-3.30597	
9.97	0.337	0.103	1.58959	0	1.58106	-350.129	0	-348.215	0	0	-3.30597	
9.98	0.337	0.103	-1.58933	0	-1.58132	350.086	0	348.358	0	0	-3.30597	
9.99	0.337	0.103	1.58959	0	1.58106	-350.129	0	-348.215	0	0	-3.30597	
10	0.337	0.103	-1.58933	0	-1.58132	350.086	0	348.358	0	0	-3.30597	
10.01	0.337	0.103	1.58959	0	1.58106	-350.129	0	-348.215	0	0	-3.30597	
10.02	0.337	0.103	-1.58933	0	-1.58132	350.086	0	348.358	0	0	-3.30597	
10.03	0.337	0.103	1.58959	0	1.58106	-350.129	0	-348.215	0	0	-3.30597	
10.04	0.337	0.103	-1.58933	0	-1.58132	350.086	0	348.358	0	0	-3.30597	
10.05	0.337	0.103	1.58959	0	1.58106	-350.129	0	-348.215	0	0	-3.30597	
10.06	0.337	0.103	-1.58933	0	-1.58132	350.086	0	348.358	0	0	-3.30597	
10.07	0.337	0.103	1.58959	0	1.58106	-350.129	0	-348.215	0	0	-3.30597	
10.08	0.337	0.103	-1.58933	0	-1.58132	350.086	0	348.358	0	0	-3.30597	
10.09	0.337	0.103	1.58959	0	1.58106	-350.129	0	-348.215	0	0	-3.30597	
10.1	0.337	0.103	-1.58933	0	-1.58132	350.086	0	348.358	0	0	-3.30597	
10.11	0.337	0.103	1.58959	0	1.58106	-350.129	0	-348.215	0	0	-3.30597	
10.12	0.337	0.103	-1.58933	0	-1.58132	350.086	0	348.358	0	0	-3.30597	
10.13	0.337	0.103	1.58959	0	1.58106	-350.129	0	-348.215	0	0	-3.30597	
10.14	0.337	0.103	-1.58933	0	-1.58132	350.086	0	348.358	0	0	-3.30597	
10.15	0.337	0.103	1.58959	0	1.58106	-350.129	0	-348.215	0	0	-3.30597	
10.16	0.337	0.103	-1.58933	0	-1.58132	350.086	0	348.358	0	0	-3.30597	
10.17	0.337	0.103	1.58959	0	1.58106	-350.129	0	-348.215	0	0	-3.30597	
10.18	0.337	0.103	-1.58933	0	-1.58132	350.086	0	348.357	0	0	-3.30597	
10.19	0.337	0.103	1.58959	0	1.58106	-350.129	0	-348.215	0	0	-3.30597	
10.2	0.337	0.103	-1.58933	0	-1.58132	350.086	0	348.357	0	0	-3.30597	
10.21	0.337	0.103	1.58959	0	1.58106	-350.129	0	-348.215	0	0	-3.30597	
10.22	0.337	0.103	-1.58933	0	-1.58132	350.086	0	348.357	0	0	-3.30597	
10.23	0.337	0.103	1.58959	0	1.58106	-350.129	0	-348.215	0	0	-3.30597	
10.24	0.337	0.103	-1.58933	0	-1.58132	350.086	0	348.357	0	0	-3.30597	
10.25	0.337	0.103	1.58959	0	1.58106	-350.129	0	-348.215	0	0	-3.30597	
10.26	0.337	0.103	-1.58933	0	-1.58132	350.086	0	348.357	0	0	-3.30597	
10.27	0.337	0.103	1.58959	0	1.58106	-350.129	0	-348.215	0	0	-3.30597	
10.28	0.337	0.103	-1.58933	0	-1.58132	350.086	0	348.357	0	0	-3.30597	
10.29	0.337	0.103	1.58959	0	1.58106	-350.129	0	-348.215	0	0	-3.30597	
10.3	0.337	0.103	-1.58933	0	-1.58132	350.086	0	348.357	0	0	-3.30597	
10.31	0.337	0.103	1.58959	0	1.58106	-350.129	0	-348.215	0	0	-3.30597	
10.32	0.337	0.103	-1.58933	0	-1.58132	350.086	0	348.357	0	0	-3.30597	
10.33	0.337	0.103	1.58959	0	1.58106	-350.129	0	-348.215	0	0	-3.30597	
10.34	0.337	0.103	-1.58933	0	-1.58132	350.086	0	348.357	0	0	-3.30597	
10.35	0.337	0.103	1.58959	0	1.58106	-350.129	0	-348.215	0	0	-3.30597	
10.36	0.337	0.103	-1.58933	0	-1.58132	350.086	0	348.357	0	0	-3.30597	
10.37	0.337	0.103	1.58959	0	1.58106	-350.129	0	-348.215	0	0	-3.30597	
10.38	0.337	0.103	-1.58933	0	-1.58132	350.085	0	348.357	0	0	-3.30597	
10.39	0.337	0.103	1.58959	0	1.58106	-350.129	0	-348.215	0	0	-3.30597	
10.4	0.337	0.103	-1.58933	0	-1.58132	350.085	0	348.357	0	0	-3.30597	
10.41	0.337	0.103	1.58959	0	1.58106	-350.129	0	-348.215	0	0	-3.30597	
10.42	0.337	0.103	-1.58933	0	-1.58132	350.085	0	348.357	0	0	-3.30597	
10.43	0.337	0.103	1.58959	0	1.58106	-350.129	0	-348.215	0	0	-3.30597	
10.44	0.337	0.103	-1.58933	0	-1.58132	350.085	0	348.357	0	0	-3.30597	
10.45	0.337	0.103	1.58959	0	1.58106	-350.129	0	-348.215	0	0	-3.30597	
10.46	0.337	0.103	-1.58933	0	-1.58132	350.085	0	348.357	0	0	-3.30597	
10.47	0.337	0.103	1.58959	0	1.58106	-350.129	0	-348.215	0	0	-3.30597	
10.48	0.337	0.103	-1.58933	0	-1.58132	350.085	0	348.357	0	0	-3.30597	
10.49	0.337	0.103	1.58959	0	1.58106	-350.129	0	-348.215	0	0	-3.30597	
10.5	0.337	0.103	-1.58933	0	-1.58132	350.085	0	348.357	0	0	-3.30597	
10.51	0.337	0.103	1.58959	0	1.58106	-350.129	0	-348.215	0	0	-3.30597	
10.52	0.337	0.103	-1.58933	0	-1.58132	350.085	0	348.357	0	0	-3.30597	
10.53	0.337	0.103	1.58959	0	1.58106	-350.129	0	-348.215	0	0	-3.30597	
10.54	0.337	0.103	-1.58933	0	-1.58132	350.085	0	348.357	0	0	-3.30597	
10.55	0.337	0.103	1.58959	0	1.58106	-350.129	0	-348.215	0	0	-3.30597	
10.56	0.337	0.103	-1.58933	0	-1.58132	350.085	0	348.357	0	0	-3.30597	
10.57	0.337	0.103	1.58959	0	1.58106	-350.129	0	-348.215	0	0	-3.30597	
10.58	0.337	0.103	-1.58933	0	-1.58132	350.085	0	348.357	0	0	-3.30597	
10.59	0.337	0.103	1.58959	0	1.58106	-350.129	0	-348.215	0	0	-3.30597	
10.6	0.337	0.103	-1.58933	0	-1.58132	350.085	0	348.357	0	0	-3.30597	
10.61	0.337	0.103	1.58959	0	1.58106	-350.129	0	-348.215	0	0	-3.30597	
10.62	0.337	0.103	-1.58933	0	-1.58132	350.085	0	348.357	0	0	-3.30597	
10.63	0.337	0.103	1.58959	0	1.58106	-350.129	0	-348.215	0	0	-3.30597	
10.64	0.337	0.103	-1.58933	0	-1.58132	350.085	0	348.357	0	0	-3.30597	
10.65	0.337	0.103	1.58959	0	1.58106	-350.129	0	-348.215	0	0	-3.30597	
10.66	0.337	0.103	-1.58933	0	-1.58132	350.085	0	348.357	0	0	-3.30597	
10.67	0.337	0.103	1.58959	0	1.58106	-350.129	0	-348.215	0	0	-3.30597	
10.68	0.337	0.103	-1.58933	0	-1.58132	350.085	0	348.357	0	0	-3.30597	
10.69	0.337	0.103	1.58959	0	1.58106	-350.129	0	-348.215	0	0	-3.30597	
10.7	0.337	0.103	-1.58933	0	-1.58132	350.085	0	348.357	0	0	-3.30597	
10.71	0.337	0.103	1.58959	0	1.58106	-350.129	0	-348.215	0	0	-3.30597	
10.72	0.337	0.103	-1.58933	0	-1.58132	350.085	0	348.357	0	0	-3.30597	
10.73	0.337	0.103	1.58959	0	1.58106	-350.129	0	-348.215	0	0	-3.30597	
10.74	0.337	0.103	-1.58933	0	-1.58132	350.085	0	348.357	0	0	-3.30597	
10.75	0.337	0.103	1.58959	0	1.58106	-350.129	0	-348.215	0	0	-3.30597	
10.76	0.337	0.103	-1.58933	0	-1.58132	350.085	0	348.357	0	0	-3.30597	
10.77	0.337	0.103	1.58959	0	1.58106	-350.129	0	-348.215	0	0	-3.30597	
10.78	0.337	0.103	-1.58933	0	-1.58132	350.085	0	348.357	0	0	-3.30597	
10.79	0.337	0.103	1.58959	0	1.58106	-350.129	0	-348.215	0	0	-3.30597	
10.8	0.337	0.103	-1.58933	0	-1.58132	350.085	0	348.357	0	0	-3.30597	
10.81	0.337	0.103	1.58959	0	1.58106	-350.129	0	-348.215	0	0	-3.30597	
10.82	0.337	0.103	-1.58933	0	-1.58132	350.085	0	348.357	0	0	-3.30597	
10.83	0.337	0.103	1.58959	0	1.58106	-350.129	0	-348.215	0	0	-3.30597	
10.84	0.337	0.103	-1.58933	0	-1.58132	350.085	0	348.357	0	0	-3.30597	
10.85	0.337	0.103	1.58959	0	1.58106	-350.129	0	-348.215	0	0	-3.30597	
10.86	0.337	0.103	-1.58933	0	-1.58132	350.085	0	348.357	0	0	-3.30597	
10.87	0.337	0.103	1.58959	0	1.58106	-350.129	0	-348.215	0	0	-3.30597	
10.88	0.337	0.103	-1.58933	0	-1.58132	350.085	0	348.357	0	0	-3.30597	
10.89	0.337	0.103	1.58959	0	1.58106	-350.129	0	-348.215	0	0	-3.30597	
10.9	0.337	0.103	-1.58933	0	-1.58132	350.085	0	348.357	0	0	-3.30597	
10.91	0.337	0.103	1.58959	0	1.58106	-350.129	0	-348.215	0	0	-3.30597	
10.92	0.337	0.103	-1.58933	0	-1.58132	350.085	0	348.357	0	0	-3.30597	
10.93	0.337	0.103	1.58959	0	1.58106	-350.129	0	-348.215	0	0	-3.30597	
10.94	0.337	0.103	-1.58933	0	-1.58132	350.085	0	348.357	0	0	-3.30597	
10.95	0.337	0.103	1.58959	0	1.58106	-350.129	0	-348.215	0	0	-3.30597	
10.96	0.337	0.103	-1.58933	0	-1.58132	350.085	0	348.357	0	0	-3.30597	
10.97	0.337	0.103	1.58959	0	1.58106	-350.129	0	-348.215	0	0	-3.30597	
10.98	0.337	0.103	-1.58933	0	-1.58132	350.085	0	348.357	0	0	-3.30597	
10.99	0.337	0.103	1.58959	0	1.58106	-350.129	0	-348.215	0	0	-3.30597	
11	0.337	0.103	-1.58933	0	-1.58132	350.085	0	348.357	0	0	-3.30597	
11.01	0.337	0.103	1.58959	0	1.58106	-350.129	0	-348.215	0	0	-3.30597	
11.02	0.337	0.103	-1.58933	0	-1.58132	350.085	0	348.357	0	0	-3.30597	
11.03	0.337	0.103	1.58959	0	1.58106	-350.129	0	-348.215	0	0	-3.30597	
11.04	0.337	0.103	-1.58933	0	-1.58132	350.085	0	348.357	0	0	-3.30597	
11.05	0.337	0.103	1.58959	0	1.58106	-350.129	0	-348.215	0	0	-3.30597	
11.06	0.337	0.103	-1.58933	0	-1.58132	350.085	0	348.357	0	0	-3.30597	
11.07	0.337	0.103	1.58959	0	1.58106	-350.129	0	-348.215	0	0	-3.30597	
11.08	0.337	0.103	-1.58933	0	-1.58132	350.085	0	348.357	0	0	-3.30597	
11.09	0.337	0.103	1.58959	0	1.58106	-350.129	0	-348.215	0	0	-3.30597	
11.1	0.337	0.103	-1.58933	0	-1.58132	350.085	0	348.357	0	0	-3.30597	
11.11	0.337	0.103	1.58959	0	1.58106	-350.129	0	-348.215	0	0	-3.30597	
11.12	0.337	0.103	-1.58933	0	-1.58132	350.085	0	348.357	0	0	-3.30597	
11.13	0.337	0.103	1.58959	0	1.58106	-350.129	0	-348.215	0	0	-3.30597	
11.14	0.337	0.103	-1.58933	0	-1.58132	350.085	0	348.357	0	0	-3.30597	
11.15	0.337	0.103	1.58959	0	1.58106	-350.129	0	-348.215	0	0	-3.30597	
11.16	0.337	0.103	-1.58933	0	-1.58132	350.085	0	348.357	0	0	-3.30597	
11.17	0.337	0.103	1.58959	0	1.58106	-350.129	0	-348.215	0	0	-3.30597	
11.18	0.337	0.103	-1.58933	0	-1.58132	350.085	0	348.357	0	0	-3.30597	
11.19	0.337	0.103	1.58959	0	1.58106	-350.129	0	-348.215	0	0	-3.30597	
11.2	0.337	0.103	-1.58933	0	-1.58132	350.085	0	348.357	0	0	-3.30597	
11.21	0.337	0.103	1.58959	0	1.58106	-350.129	0	-348.215	0	0	-3.30597	
11.22	0.337	0.103	-1.58933	0	-1.58132	350.085	0	348.357	0	0	-3.30597	
11.23	0.337	0.103	1.58959	0	1.58106	-350.129	0	-348.215	0	0	-3.30597	
11.24	0.337	0.103	-1.58933	0	-1.58132	350.085	0	348.357	0	0	-3.30597	
11.25	0.337	0.103	1.58959	0	1.58106	-350.129	0	-348.215	0	0	-3.30597	
11.26	0.337	0.103	-1.58933	0	-1.58132	350.085	0	348.357	0	0	-3.30597	
11.27	0.337	0.103	1.58959	0	1.58106	-350.129	0	-348.215	0	0	-3.30597	
11.28	0.337	0.103	-1.58933	0	-1.58132	350.085	0	348.357	0	0	-3.30597	
11.29	0.337	0.103	1.58959	0	1.58106	-350.129	0	-348.215	0	0	-3.30597	
11.3	0.337	0.103	-1.58933	0	-1.58132	350.085	0	348.357	0	0	-3.30597	
11.31	0.337	0.103	1.58959	0	1.58106	-350.129	0	-348.215	0	0	-3.30597	
11.32	0.337	0.103	-1.58933	0	-1.58132	350.085	0	348.357	0	0	-3.30597	
11.33	0.337	0.103	1.58959	0	1.58106	-350.129	0	-348.215	0	0	-3.30597	
11.34	0.337	0.103	-1.58933	0	-1.58132	350.085	0	348.357	0	0	-3.30597	
11.35	0.337	0.103	1.58959	0	1.58106	-350.129	0	-348.215	0	0	-3.30597	
11.36	0.337	0.103	-1.58933	0	-1.58132	350.085	0	348.357	0	0	-3.30597	
11.37	0.337	0.103	1.58959	0	1.58106	-350.129	0	-348.215	0	0	-3.30597	
11.38	0.337	0.103	-1.58933	0	-1.58132	350.085	0	348.357	0	0	-3.30597	
11.39	0.337	0.103	1.58959	0	1.58106	-350.129	0	-348.215	0	0	-3.30597	
11.4	0.337	0.103	-1.58933	0	-1.58132	350.085	0	348.357	0	0	-3.30597	
11.41	0.337	0.103	1.58959	0	1.58106	-350.129	0	-348.215	0	0	-3.30597	
11.42	0.337	0.103	-1.58933	0	-1.58132	350.085	0	348.357	0	0	-3.30597	
11.43	0.337	0.103	1.58959	0	1.58106	-350.129	0	-348.215	0	0	-3.30597	
11.44	0.337	0.103	-1.58933	0	-1.58132	350.085	0	348.357	0	0	-3.30597	
11.45	0.337	0.103	1.58959	0	1.58106	-350.129	0	-348.215	0	0	-3.30597	
11.46	0.337	0.103	-1.58933	0	-1.58132	350.085	0	348.357	0	0	-3.30597	
11.47	0.337	0.103	1.58959	0	1.58106	-350.129	0	-348.215	0	0	-3.30597	
11.48	0.337	0.103	-1.58933	0	-1.58132	350.085	0	348.357	0	0	-3.30597	
11.49	0.337	0.103	1.58959	0	1.58106	-350.129	0	-348.215	0	0	-3.30597	
11.5	0.337	0.103	-1.58933	0	-1.58132	350.085	0	348.357	0	0	-3.30597	
11.51	0.337	0.103	1.58959	0	1.58106	-350.129	0	-348.215	0	0	-3.30597	
11.52	0.337	0.103	-1.58933	0	-1.58132	350.085	0	348.357	0	0	-3.30597	
11.53	0.337	0.103	1.58959	0	1.58106	-350.129	0	-348.215	0	0	-3.30597	
11.54	0.337	0.103	-1.58933	0	-1.58132	350.085	0	348.357	0	0	-3.30597	
11.55	0.337	0.103	1.58959	0	1.58106	-350.129	0	-348.215	0	0	-3.30597	
11.56	0.337	0.103	-1.58933	0	-1.58132	350.085	0	348.357	0	0	-3.30597	
11.57	0.337	0.103	1.58959	0	1.58106	-350.129	0	-348.215	0	0	-3.30597	
11.58	0.337	0.103	-1.58933	0	-1.58132	350.085	0	348.357	0	0	-3.30597	
11.59	0.337	0.103	1.58959	0	1.58106	-350.129	0	-348.215	0	0	-3.30597	
11.6	0.337	0.103	-1.58933	0	-1.58132	350.085	0	348.357	0	0	-3.30597	
11.61	0.337	0.103	1.58959	0	1.58106	-350.129	0	-348.215	0	0	-3.30597	
11.62	0.337	0.103	-1.58933	0	-1.58132	350.085	0	348.357	0	0	-3.30597	
11.63	0.337	0.103	1.58959	0	1.58106	-350.129	0	-348.215	0	0	-3.30597	
11.64	0.337	0.103	-1.58933	0	-1.58132	350.085	0	348.357	0	0	-3.30597	
11.65	0.337	0.103	1.58959	0	1.58106	-350.129	0	-348.215	0	0	-3.30597	
11.66	0.337	0.103	-1.58933	0	-1.58132	350.085	0	348.357	0	0	-3.30597	
11.67	0.337	0.103	1.58959	0	1.58106	-350.129	0	-348.215	0	0	-3.30597	
11.68	0.337	0.103	-1.58933	0	-1.58132	350.085	0	348.357	0	0	-3.30597	
11.69	0.337	0.103	1.58959	0	1.58106	-350.129	0	-348.215	0	0	-3.30597	
11.7	0.337	0.103	-1.58933	0	-1.58132	350.085	0	348.357	0	0	-3.30597	
11.71	0.337	0.103	1.58959	0	1.58106	-350.129	0	-348.215	0	0	-3.30597	
11.72	0.337	0.103	-1.58933	0	-1.58132	350.085	0	348.357	0	0	-3.30597	
11.73	0.337	0.103	1.58959	0	1.58106	-350.129	0	-348.215	0	0	-3.30597	
11.74	0.337	0.103	-1.58933	0	-1.58132	350.085	0	348.357	0	0	-3.30597	
11.75	0.337	0.103	1.58959	0	1.58106	-350.129	0	-348.215	0	0	-3.30597	
11.76	0.337	0.103	-1.58933	0	-1.58132	350.085	0	348.357	0	0	-3.30597	
11.77	0.337	0.103	1.58959	0	1.58106	-350.129	0	-348.215	0	0	-3.30597	
11.78	0.337	0.103	-1.58933	0	-1.58132	350.085	0	348.357	0	0	-3.30597	
11.79	0.337	0.103	1.58959	0	1.58106	-350.129	0	-348.215	0	0	-3.30597	
11.8	0.337	0.103	-1.58933	0	-1.58132	350.085	0	348.357	0	0	-3.30597	
11.81	0.337	0.103	1.58959	0	1.58106	-350.129	0	-348.215	0	0	-3.30597	
11.82	0.337	0.103	-1.58933	0	-1.58132	350.085	0	348.357	0	0	-3.30597	
11.83	0.337	0.103	1.58959	0	1.58106	-350.129	0	-348.215	0	0	-3.30597	
11.84	0.337	0.103	-1.58933	0	-1.58132	350.085	0	348.357	0	0	-3.30597	
11.85	0.337	0.103	1.58959	0	1.58106	-350.129	0	-348.215	0	0	-3.30597	
11.86	0.337	0.103	-1.58933	0	-1.58132	350.085	0	348.357	0	0	-3.30597	
11.87	0.337	0.103	1.58959	0	1.58106	-350.129	0	-348.215	0	0	-3.30597	
11.88	0.337	0.103	-1.58933	0	-1.58132	350.085	0	348.357	0	0	-3.30597	
11.89	0.337	0.103	1.58959	0	1.58106	-350.129	0	-348.215	0	0	-3.30597	
11.9	0.337	0.103	-1.58933	0	-1.58132	350.085	0	348.357	0	0	-3.30597	
11.91	0.337	0.103	1.58959	0	1.58106	-350.129	0	-348.215	0	0	-3.30597	
11.92	0.337	0.103	-1.58933	0	-1.58132	350.085	0	348.357	0	0	-3.30597	
11.93	0.337	0.103	1.58959	0	1.58106	-350.129	0	-348.215	0	0	-3.30597	
11.94	0.337	0.103	-1.58933	0	-1.58132	350.085	0	348.357	0	0	-3.30597	
11.95	0.337	0.103	1.58959	0	1.58106	-350.129	0	-348.215	0	0	-3.30597	
11.96	0.337	0.103	-1.58933	0	-1.58132	350.085	0	348.357	0	0	-3.30597	
11.97	0.337	0.103	1.58959	0	1.58106	-350.129	0	-348.215	0	0	-3.30597	
11.98	0.337	0.103	-1.58933	0	-1.58132	350.085	0	348.357	0	0	-3.30597	
11.99	0.337	0.103	1.58959	0	1.58106	-350.129	0	-348.215	0	0	-3.30597	
12	0.337	0.103	-1.58933	0	-1.58132	350.085	0	348.357	0	0	-3.30597	
12.01	0.337	0.103	1.58959	0	1.58106	-350.129	0	-348.215	0	0	-3.30597	
12.02	0.337	0.103	-1.58933	0	-1.58132	350.085	0	348.357	0	0	-3.30597	
12.03	0.337	0.103	1.58959	0	1.58106	-350.129	0	-348.215	0	0	-3.30597	
12.04	0.337	0.103	-1.58933	0	-1.58132	350.085	0	348.357	0	0	-3.30597	
12.05	0.337	0.103	1.58959	0	1.58106	-350.129	0	-348.215	0	0	-3.30597	
12.06	0.337	0.103	-1.58933	0	-1.58132	350.085	0	348.357	0	0	-3.30597	
12.07	0.337	0.103	1.58959	0	1.58106	-350.129	0	-348.215	0	0	-3.30597	
12.08	0.337	0.103	-1.58933	0	-1.58132	350.085	0	348.357	0	0	-3.30597	
12.09	0.337	0.103	1.58959	0	1.58106	-350.129	0	-348.215	0	0	-3.30597	
12.1	0.337	0.103	-1.58933	0	-1.58132	350.085	0	348.357	0	0	-3.30597	
12.11	0.337	0.103	1.58959	0	1.58106	-350.129	0	-348.215	0	0	-3.30597	
12.12	0.337	0.103	-1.58933	0	-1.58132	350.085	0	348.357	0	0	-3.30597	
12.13	0.337	0.103	1.58959	0	1.58106	-350.129	0	-348.215	0	0	-3.30597	
12.14	0.337	0.103	-1.58933	0	-1.58132	350.085	0	348.357	0	0	-3.30597	
12.15	0.337	0.103	1.58959	0	1.58106	-350.129	0	-348.215	0	0	-3.30597	
12.16	0.337	0.103	-1.58933	0	-1.58132	350.085	0	348.357	0	0	-3.30597	
12.17	0.337	0.103	1.58959	0	1.58106	-350.129	0	-348.215	0	0	-3.30597	
12.18	0.337	0.103	-1.58933	0	-1.58132	350.085	0	348.357	0	0	-3.30597	
12.19	0.337	0.103	1.58959	0	1.58106	-350.129	0	-348.215	0	0	-3.30597	
12.2	0.337	0.103	-1.58933	0	-1.58132	350.085	0	348.357	0	0	-3.30597	
12.21	0.337	0.103	1.58959	0	1.58106	-350.129	0	-348.215	0	0	-3.30597	
12.22	0.337	0.103	-1.58933	0	-1.58132	350.085	0	348.357	0	0	-3.30597	
12.23	0.337	0.103	1.58959	0	1.58106	-350.129	0	-348.215	0	0	-3.30597	
12.24	0.337	0.103	-1.58933	0	-1.58132	350.085	0	348.357	0	0	-3.30597	
12.25	0.337	0.103	1.58959	0	1.58106	-350.129	0	-348.215	0	0	-3.30597	
12.26	0.337	0.103	-1.58933	0	-1.58132	350.085	0	348.357	0	0	-3.30597	
12.27	0.337	0.103	1.58959	0	1.58106	-350.129	0	-348.215	0	0	-3.30597	
12.28	0.337	0.103	-1.58933	0	-1.58132	350.085	0	348.357	0	0	-3.30597	
12.29	0.337	0.103	1.58959	0	1.58106	-350.129	0	-348.215	0	0	-3.30597	
12.3	0.337	0.103	-1.58933	0	-1.58132	350.085	0	348.357	0	0	-3.30597	
12.31	0.337	0.103	1.58959	0	1.58106	-350.129	0	-348.215	0	0	-3.30597	
12.32	0.337	0.103	-1.58933	0	-1.58132	350.085	0	348.357	0	0	-3.30597	
12.33	0.337	0.103	1.58959	0	1.58106	-350.129	0	-348.215	0	0	-3.30597	
12.34	0.337	0.103	-1.58933	0	-1.58132	350.085	0	348.357	0	0	-3.30597	
12.35	0.337	0.103	1.58959	0	1.58106	-350.129	0	-348.215	0	0	-3.30597	
12.36	0.337	0.103	-1.58933	0	-1.58132	350.085	0	348.357	0	0	-3.30597	
12.37	0.337	0.103	1.58959	0	1.58106	-350.129	0	-348.215	0	0	-3.30597	
12.38	0.337	0.103	-1.58933	0	-1.58132	350.085	0	348.357	0	0	-3.30597	
12.39	0.337	0.103	1.58959	0	1.58106	-350.129	0	-348.215	0	0	-3.30597	
12.4	0.337	0.103	-1.58933	0	-1.58132	350.085	0	348.357	0	0	-3.30597	
12.41	0.337	0.103	1.58959	0	1.58106	-350.129	0	-348.215	0	0	-3.30597	
12.42	0.337	0.103	-1.58933	0	-1.58132	350.085	0	348.357	0	0	-3.30597	
12.43	0.337	0.103	1.58959	0	1.58106	-350.129	0	-348.215	0	0	-3.30597	
12.44	0.337	0.103	-1.58933	0	-1.58132	350.085	0	348.357	0	0	-3.30597	
12.45	0.337	0.103	1.58959	0	1.58106	-350.129	0	-348.215	0	0	-3.30597	
12.46	0.337	0.103	-1.58933	0	-1.58132	350.085	0	348.357	0	0	-3.30597	
12.47	0.337	0.103	1.58959	0	1.58106	-350.129	0	-348.215	0	0	-3.30597	
12.48	0.337	0.103	-1.58933	0	-1.58132	350.085	0	348.357	0	0	-3.30597	
12.49	0.337	0.103	1.58959	0	1.58106	-350.129	0	-348.215	0	0	-3.30597	
12.5	0.337	0.103	-1.58933	0	-1.58132	350.085	0	348.357	0	0	-3.30597	
12.51	0.337	0.103	1.58959	0	1.58106	-350.129	0	-348.215	0	0	-3.30597	
12.52	0.337	0.103	-1.58933	0	-1.58132	350.085	0	348.357	0	0	-3.30597	
12.53	0.337	0.103	1.58959	0	1.58106	-350.129	0	-348.215	0	0	-3.30597	
12.54	0.337	0.103	-1.58933	0	-1.58132	350.085	0	348.357	0	0	-3.30597	
12.55	0.337	0.103	1.58959	0	1.58106	-350.129	0	-348.214	0	0	-3.30597	
12.56	0.337	0.103	-1.58933	0	-1.58132	350.085	0	348.357	0	0	-3.30597	
12.57	0.337	0.103	1.58959	0	1.58106	-350.129	0	-348.214	0	0	-3.30597	
12.58	0.337	0.103	-1.58933	0	-1.58132	350.085	0	348.357	0	0	-3.30597	
12.59	0.337	0.103	1.58959	0	1.58106	-350.129	0	-348.214	0	0	-3.30597	
12.6	0.337	0.103	-1.58933	0	-1.58132	350.085	0	348.357	0	0	-3.30597	
12.61	0.337	0.103	1.58959	0	1.58106	-350.129	0	-348.214	0	0	-3.30597	
12.62	0.337	0.103	-1.58933	0	-1.58132	350.085	0	348.357	0	0	-3.30597	
12.63	0.337	0.103	1.58959	0	1.58106	-350.129	0	-348.214	0	0	-3.30597	
12.64	0.337	0.103	-1.58933	0	-1.58132	350.085	0	348.357	0	0	-3.30597	
12.65	0.337	0.103	1.58959	0	1.58106	-350.129	0	-348.214	0	0	-3.30597	
12.66	0.337	0.103	-1.58933	0	-1.58132	350.085	0	348.357	0	0	-3.30597	
12.67	0.337	0.103	1.58959	0	1.58106	-350.129	0	-348.214	0	0	-3.30597	
12.68	0.337	0.103	-1.58933	0	-1.58132	350.085	0	348.357	0	0	-3.30597	
12.69	0.337	0.103	1.58959	0	1.58106	-350.128	0	-348.214	0	0	-3.30597	
12.7	0.337	0.103	-1.58933	0	-1.58132	350.085	0	348.357	0	0	-3.30597	
12.71	0.337	0.103	1.58959	0	1.58106	-350.128	0	-348.214	0	0	-3.30597	
12.72	0.337	0.103	-1.58933	0	-1.58132	350.085	0	348.357	0	0	-3.30597	
12.73	0.337	0.103	1.58959	0	1.58106	-350.128	0	-348.214	0	0	-3.30597	
12.74	0.337	0.103	-1.58933	0	-1.58132	350.085	0	348.357	0	0	-3.30597	
12.75	0.337	0.103	1.58959	0	1.58106	-350.128	0	-348.214	0	0	-3.30597	
12.76	0.337	0.103	-1.58933	0	-1.58132	350.085	0	348.357	0	0	-3.30597	
12.77	0.337	0.103	1.58959	0	1.58106	-350.128	0	-348.214	0	0	-3.30597	
12.78	0.337	0.103	-1.58933	0	-1.58132	350.085	0	348.357	0	0	-3.30597	
12.79	0.337	0.103	1.58959	0	1.58106	-350.128	0	-348.214	0	0	-3.30597	
12.8	0.337	0.103	-1.58933	0	-1.58132	350.085	0	348.357	0	0	-3.30597	
12.81	0.337	0.103	1.58959	0	1.58106	-350.128	0	-348.214	0	0	-3.30597	
12.82	0.337	0.103	-1.58933	0	-1.58132	350.085	0	348.357	0	0	-3.30597	
12.83	0.337	0.103	1.58959	0	1.58106	-350.128	0	-348.214	0	0	-3.30597	
12.84	0.337	0.103	-1.58933	0	-1.58132	350.085	0	348.357	0	0	-3.30597	
12.85	0.337	0.103	1.58959	0	1.58106	-350.128	0	-348.214	0	0	-3.30597	
12.86	0.337	0.103	-1.58933	0	-1.58132	350.085	0	348.357	0	0	-3.30597	
12.87	0.337	0.103	1.58959	0	1.58106	-350.128	0	-348.214	0	0	-3.30597	
12.88	0.337	0.103	-1.58933	0	-1.58132	350.085	0	348.357	0	0	-3.30597	
12.89	0.337	0.103	1.58959	0	1.58106	-350.128	0	-348.214	0	0	-3.30597	
12.9	0.337	0.103	-1.58933	0	-1.58132	350.085	0	348.357	0	0	-3.30597	
12.91	0.337	0.103	1.58959	0	1.58106	-350.128	0	-348.214	0	0	-3.30597	
12.92	0.337	0.103	-1.58933	0	-1.58132	350.085	0	348.357	0	0	-3.30597	
12.93	0.337	0.103	1.58959	0	1.58106	-350.128	0	-348.214	0	0	-3.30597	
12.94	0.337	0.103	-1.58933	0	-1.58132	350.085	0	348.357	0	0	-3.30597	
12.95	0.337	0.103	1.58959	0	1.58106	-350.128	0	-348.214	0	0	-3.30597	
12.96	0.337	0.103	-1.58933	0	-1.58132	350.085	0	348.357	0	0	-3.30597	
12.97	0.337	0.103	1.58959	0	1.58106	-350.128	0	-348.214	0	0	-3.30597	
12.98	0.337	0.103	-1.58933	0	-1.58132	350.085	0	348.356	0	0	-3.30597	
12.99	0.337	0.103	1.58959	0	1.58106	-350.128	0	-348.214	0	0	-3.30597	
13	0.337	0.103	-1.58933	0	-1.58132	350.085	0	348.356	0	0	-3.30597	
13.01	0.337	0.103	1.58959	0	1.58106	-350.128	0	-348.214	0	0	-3.30597	
13.02	0.337	0.103	-1.58933	0	-1.58132	350.085	0	348.356	0	0	-3.30597	
13.03	0.337	0.103	1.58959	0	1.58106	-350.128	0	-348.214	0	0	-3.30597	
13.04	0.337	0.103	-1.58933	0	-1.58132	350.085	0	348.356	0	0	-3.30597	
13.05	0.337	0.103	1.58959	0	1.58106	-350.128	0	-348.214	0	0	-3.30597	
13.06	0.337	0.103	-1.58933	0	-1.58132	350.085	0	348.356	0	0	-3.30597	
13.07	0.337	0.103	1.58959	0	1.58106	-350.128	0	-348.214	0	0	-3.30597	
13.08	0.337	0.103	-1.58933	0	-1.58132	350.085	0	348.356	0	0	-3.30597	
13.09	0.337	0.103	1.58959	0	1.58106	-350.128	0	-348.214	0	0	-3.30597	
13.1	0.337	0.103	-1.58933	0	-1.58132	350.085	0	348.356	0	0	-3.30597	
13.11	0.337	0.103	1.58959	0	1.58106	-350.128	0	-348.214	0	0	-3.30597	
13.12	0.337	0.103	-1.58933	0	-1.58132	350.085	0	348.356	0	0	-3.30597	
13.13	0.337	0.103	1.58959	0	1.58106	-350.128	0	-348.214	0	0	-3.30597	
13.14	0.337	0.103	-1.58933	0	-1.58132	350.085	0	348.356	0	0	-3.30597	
13.15	0.337	0.103	1.58959	0	1.58106	-350.128	0	-348.214	0	0	-3.30597	
13.16	0.337	0.103	-1.58933	0	-1.58132	350.084	0	348.356	0	0	-3.30597	
13.17	0.337	0.103	1.58959	0	1.58106	-350.128	0	-348.214	0	0	-3.30597	
13.18	0.337	0.103	-1.58933	0	-1.58132	350.084	0	348.356	0	0	-3.30597	
13.19	0.337	0.103	1.58959	0	1.58106	-350.128	0	-348.214	0	0	-3.30597	
13.2	0.337	0.103	-1.58933	0	-1.58132	350.084	0	348.356	0	0	-3.30597	
13.21	0.337	0.103	1.58959	0	1.58106	-350.128	0	-348.214	0	0	-3.30597	
13.22	0.337	0.103	-1.58933	0	-1.58132	350.084	0	348.356	0	0	-3.30597	
13.23	0.337	0.103	1.58959	0	1.58106	-350.128	0	-348.214	0	0	-3.30597	
13.24	0.337	0.103	-1.58933	0	-1.58132	350.084	0	348.356	0	0	-3.30597	
13.25	0.337	0.103	1.58959	0	1.58106	-350.128	0	-348.214	0	0	-3.30597	
13.26	0.337	0.103	-1.58933	0	-1.58132	350.084	0	348.356	0	0	-3.30597	
13.27	0.337	0.103	1.58959	0	1.58106	-350.128	0	-348.214	0	0	-3.30597	
13.28	0.337	0.103	-1.58933	0	-1.58132	350.084	0	348.356	0	0	-3.30597	
13.29	0.337	0.103	1.58959	0	1.58106	-350.128	0	-348.214	0	0	-3.30597	
13.3	0.337	0.103	-1.58933	0	-1.58132	350.084	0	348.356	0	0	-3.30597	
13.31	0.337	0.103	1.58959	0	1.58106	-350.128	0	-348.214	0	0	-3.30597	
13.32	0.337	0.103	-1.58933	0	-1.58132	350.084	0	348.356	0	0	-3.30597	
13.33	0.337	0.103	1.58959	0	1.58106	-350.128	0	-348.214	0	0	-3.30597	
13.34	0.337	0.103	-1.58933	0	-1.58132	350.084	0	348.356	0	0	-3.30597	
13.35	0.337	0.103	1.58959	0	1.58106	-350.128	0	-348.214	0	0	-3.30597	
13.36	0.337	0.103	-1.58933	0	-1.58132	350.084	0	348.356	0	0	-3.30597	
13.37	0.337	0.103	1.58959	0	1.58106	-350.128	0	-348.214	0	0	-3.30597	
13.38	0.337	0.103	-1.58933	0	-1.58132	350.084	0	348.356	0	0	-3.30597	
13.39	0.337	0.103	1.58959	0	1.58106	-350.128	0	-348.214	0	0	-3.30597	
13.4	0.337	0.103	-1.58933	0	-1.58132	350.084	0	348.356	0	0	-3.30597	
13.41	0.337	0.103	1.58959	0	1.58106	-350.128	0	-348.214	0	0	-3.30597	
13.42	0.337	0.103	-1.58933	0	-1.58132	350.084	0	348.356	0	0	-3.30597	
13.43	0.337	0.103	1.58959	0	1.58106	-350.128	0	-348.214	0	0	-3.30597	
13.44	0.337	0.103	-1.58933	0	-1.58132	350.084	0	348.356	0	0	-3.30597	
13.45	0.337	0.103	1.58959	0	1.58106	-350.128	0	-348.214	0	0	-3.30597	
13.46	0.337	0.103	-1.58933	0	-1.58132	350.084	0	348.356	0	0	-3.30597	
13.47	0.337	0.103	1.58959	0	1.58106	-350.128	0	-348.214	0	0	-3.30597	
13.48	0.337	0.103	-1.58933	0	-1.58132	350.084	0	348.356	0	0	-3.30597	
13.49	0.337	0.103	1.58959	0	1.58106	-350.128	0	-348.214	0	0	-3.30597	
13.5	0.337	0.103	-1.58933	0	-1.58132	350.084	0	348.356	0	0	-3.30597	
13.51	0.337	0.103	1.58959	0	1.58106	-350.128	0	-348.214	0	0	-3.30597	
13.52	0.337	0.103	-1.58933	0	-1.58132	350.084	0	348.356	0	0	-3.30597	
13.53	0.337	0.103	1.58959	0	1.58106	-350.128	0	-348.214	0	0	-3.30597	
13.54	0.337	0.103	-1.58933	0	-1.58132	350.084	0	348.356	0	0	-3.30597	
13.55	0.337	0.103	1.58959	0	1.58106	-350.128	0	-348.214	0	0	-3.30597	
13.56	0.337	0.103	-1.58933	0	-1.58132	350.084	0	348.356	0	0	-3.30597	
13.57	0.337	0.103	1.58959	0	1.58106	-350.128	0	-348.214	0	0	-3.30597	
13.58	0.337	0.103	-1.58933	0	-1.58132	350.084	0	348.356	0	0	-3.30597	
13.59	0.337	0.103	1.58959	0	1.58106	-350.128	0	-348.214	0	0	-3.30597	
13.6	0.337	0.103	-1.58933	0	-1.58132	350.084	0	348.356	0	0	-3.30597	
13.61	0.337	0.103	1.58959	0	1.58106	-350.128	0	-348.214	0	0	-3.30597	
13.62	0.337	0.103	-1.58933	0	-1.58132	350.084	0	348.356	0	0	-3.30597	
13.63	0.337	0.103	1.58959	0	1.58106	-350.128	0	-348.214	0	0	-3.30597	
13.64	0.337	0.103	-1.58933	0	-1.58132	350.084	0	348.356	0	0	-3.30597	
13.65	0.337	0.103	1.58959	0	1.58106	-350.128	0	-348.214	0	0	-3.30597	
13.66	0.337	0.103	-1.58933	0	-1.58132	350.084	0	348.356	0	0	-3.30597	
13.67	0.337	0.103	1.58959	0	1.58106	-350.128	0	-348.214	0	0	-3.30597	
13.68	0.337	0.103	-1.58933	0	-1.58132	350.084	0	348.356	0	0	-3.30597	
13.69	0.337	0.103	1.58959	0	1.58106	-350.128	0	-348.214	0	0	-3.30597	
13.7	0.337	0.103	-1.58933	0	-1.58132	350.084	0	348.356	0	0	-3.30597	
13.71	0.337	0.103	1.58959	0	1.58106	-350.128	0	-348.214	0	0	-3.30597	
13.72	0.337	0.103	-1.58933	0	-1.58132	350.084	0	348.356	0	0	-3.30597	
13.73	0.337	0.103	1.58959	0	1.58106	-350.128	0	-348.214	0	0	-3.30597	
13.74	0.337	0.103	-1.58933	0	-1.58132	350.084	0	348.356	0	0	-3.30597	
13.75	0.337	0.103	1.58959	0	1.58106	-350.128	0	-348.214	0	0	-3.30597	
13.76	0.337	0.103	-1.58933	0	-1.58132	350.084	0	348.356	0	0	-3.30597	
13.77	0.337	0.103	1.58959	0	1.58106	-350.128	0	-348.214	0	0	-3.30597	
13.78	0.337	0.103	-1.58933	0	-1.58132	350.084	0	348.356	0	0	-3.30597	
13.79	0.337	0.103	1.58959	0	1.58106	-350.128	0	-348.214	0	0	-3.30597	
13.8	0.337	0.103	-1.58933	0	-1.58132	350.084	0	348.356	0	0	-3.30597	
13.81	0.337	0.103	1.58959	0	1.58106	-350.128	0	-348.214	0	0	-3.30597	
13.82	0.337	0.103	-1.58933	0	-1.58132	350.084	0	348.356	0	0	-3.30597	
13.83	0.337	0.103	1.58959	0	1.58106	-350.128	0	-348.214	0	0	-3.30597	
13.84	0.337	0.103	-1.58933	0	-1.58132	350.084	0	348.356	0	0	-3.30597	
13.85	0.337	0.103	1.58959	0	1.58106	-350.128	0	-348.214	0	0	-3.30597	
13.86	0.337	0.103	-1.58933	0	-1.58132	350.084	0	348.356	0	0	-3.30597	
13.87	0.337	0.103	1.58959	0	1.58106	-350.128	0	-348.214	0	0	-3.30597	
13.88	0.337	0.103	-1.58933	0	-1.58132	350.084	0	348.356	0	0	-3.30597	
13.89	0.337	0.103	1.58959	0	1.58106	-350.128	0	-348.214	0	0	-3.30597	
13.9	0.337	0.103	-1.58933	0	-1.58132	350.084	0	348.356	0	0	-3.30597	
13.91	0.337	0.103	1.58959	0	1.58106	-350.128	0	-348.214	0	0	-3.30597	
13.92	0.337	0.103	-1.58933	0	-1.58132	350.084	0	348.356	0	0	-3.30597	
13.93	0.337	0.103	1.58959	0	1.58106	-350.128	0	-348.214	0	0	-3.30597	
13.94	0.337	0.103	-1.58933	0	-1.58132	350.084	0	348.356	0	0	-3.30597	
13.95	0.337	0.103	1.58959	0	1.58106	-350.128	0	-348.214	0	0	-3.30597	
13.96	0.337	0.103	-1.58933	0	-1.58132	350.084	0	348.356	0	0	-3.30597	
13.97	0.337	0.103	1.58959	0	1.58106	-350.128	0	-348.214	0	0	-3.30597	
13.98	0.337	0.103	-1.58933	0	-1.58132	350.084	0	348.356	0	0	-3.30597	
13.99	0.337	0.103	1.58959	0	1.58106	-350.128	0	-348.214	0	0	-3.30597	
14	0.337	0.103	-1.58933	0	-1.58132	350.084	0	348.356	0	0	-3.30597	
14.01	0.337	0.103	1.58959	0	1.58106	-350.128	0	-348.214	0	0	-3.30597	
14.02	0.337	0.103	-1.58933	0	-1.58132	350.084	0	348.356	0	0	-3.30597	
14.03	0.337	0.103	1.58959	0	1.58106	-350.128	0	-348.214	0	0	-3.30597	
14.04	0.337	0.103	-1.58933	0	-1.58132	350.084	0	348.356	0	0	-3.30597	
14.05	0.337	0.103	1.58959	0	1.58106	-350.128	0	-348.214	0	0	-3.30597	
14.06	0.337	0.103	-1.58933	0	-1.58132	350.084	0	348.356	0	0	-3.30597	
14.07	0.337	0.103	1.58959	0	1.58106	-350.128	0	-348.214	0	0	-3.30597	
14.08	0.337	0.103	-1.58933	0	-1.58132	350.084	0	348.356	0	0	-3.30597	
14.09	0.337	0.103	1.58959	0	1.58106	-350.128	0	-348.214	0	0	-3.30597	
14.1	0.337	0.103	-1.58933	0	-1.58132	350.084	0	348.356	0	0	-3.30597	
14.11	0.337	0.103	1.58959	0	1.58106	-350.128	0	-348.214	0	0	-3.30597	
14.12	0.337	0.103	-1.58933	0	-1.58132	350.084	0	348.356	0	0	-3.30597	
14.13	0.337	0.103	1.58959	0	1.58106	-350.128	0	-348.214	0	0	-3.30597	
14.14	0.337	0.103	-1.58933	0	-1.58132	350.084	0	348.356	0	0	-3.30597	
14.15	0.337	0.103	1.58959	0	1.58106	-350.128	0	-348.214	0	0	-3.30597	
14.16	0.337	0.103	-1.58933	0	-1.58132	350.084	0	348.356	0	0	-3.30597	
14.17	0.337	0.103	1.58959	0	1.58106	-350.128	0	-348.214	0	0	-3.30597	
14.18	0.337	0.103	-1.58933	0	-1.58132	350.084	0	348.356	0	0	-3.30597	
14.19	0.337	0.103	1.58959	0	1.58106	-350.128	0	-348.214	0	0	-3.30597	
14.2	0.337	0.103	-1.58933	0	-1.58132	350.084	0	348.356	0	0	-3.30597	
14.21	0.337	0.103	1.58959	0	1.58106	-350.128	0	-348.214	0	0	-3.30597	
14.22	0.337	0.103	-1.58933	0	-1.58132	350.084	0	348.356	0	0	-3.30597	
14.23	0.337	0.103	1.58959	0	1.58106	-350.128	0	-348.214	0	0	-3.30597	
14.24	0.337	0.103	-1.58933	0	-1.58132	350.084	0	348.356	0	0	-3.30597	
14.25	0.337	0.103	1.58959	0	1.58106	-350.128	0	-348.214	0	0	-3.30597	
14.26	0.337	0.103	-1.58933	0	-1.58132	350.084	0	348.356	0	0	-3.30597	
14.27	0.337	0.103	1.58959	0	1.58106	-350.128	0	-348.214	0	0	-3.30597	
14.28	0.337	0.103	-1.58933	0	-1.58132	350.084	0	348.356	0	0	-3.30597	
14.29	0.337	0.103	1.58959	0	1.58106	-350.128	0	-348.214	0	0	-3.30597	
14.3	0.337	0.103	-1.58933	0	-1.58132	350.084	0	348.356	0	0	-3.30597	
14.31	0.337	0.103	1.58959	0	1.58106	-350.128	0	-348.214	0	0	-3.30597	
14.32	0.337	0.103	-1.58933	0	-1.58132	350.084	0	348.356	0	0	-3.30597	
14.33	0.337	0.103	1.58959	0	1.58106	-350.128	0	-348.214	0	0	-3.30597	
14.34	0.337	0.103	-1.58933	0	-1.58132	350.084	0	348.356	0	0	-3.30597	
14.35	0.337	0.103	1.58959	0	1.58106	-350.128	0	-348.214	0	0	-3.30597	
14.36	0.337	0.103	-1.58933	0	-1.58132	350.084	0	348.356	0	0	-3.30597	
14.37	0.337	0.103	1.58959	0	1.58106	-350.128	0	-348.214	0	0	-3.30597	
14.38	0.337	0.103	-1.58933	0	-1.58132	350.084	0	348.356	0	0	-3.30597	
14.39	0.337	0.103	1.58959	0	1.58106	-350.128	0	-348.214	0	0	-3.30597	
14.4	0.337	0.103	-1.58933	0	-1.58132	350.084	0	348.356	0	0	-3.30597	
14.41	0.337	0.103	1.58959	0	1.58106	-350.128	0	-348.214	0	0	-3.30597	
14.42	0.337	0.103	-1.58933	0	-1.58132	350.084	0	348.356	0	0	-3.30597	
14.43	0.337	0.103	1.58959	0	1.58106	-350.128	0	-348.214	0	0	-3.30597	
14.44	0.337	0.103	-1.58933	0	-1.58132	350.084	0	348.356	0	0	-3.30597	
14.45	0.337	0.103	1.58959	0	1.58106	-350.128	0	-348.214	0	0	-3.30597	
14.46	0.337	0.103	-1.58933	0	-1.58132	350.084	0	348.356	0	0	-3.30597	
14.47	0.337	0.103	1.58959	0	1.58106	-350.128	0	-348.214	0	0	-3.30597	
14.48	0.337	0.103	-1.58933	0	-1.58132	350.084	0	348.356	0	0	-3.30597	
14.49	0.337	0.103	1.58959	0	1.58106	-350.128	0	-348.214	0	0	-3.30597	
14.5	0.337	0.103	-1.58933	0	-1.58132	350.084	0	348.356	0	0	-3.30597	
14.51	0.337	0.103	1.58959	0	1.58106	-350.128	0	-348.214	0	0	-3.30597	
14.52	0.337	0.103	-1.58933	0	-1.58132	350.084	0	348.356	0	0	-3.30597	
14.53	0.337	0.103	1.58959	0	1.58106	-350.128	0	-348.214	0	0	-3.30597	
14.54	0.337	0.103	-1.58933	0	-1.58132	350.084	0	348.356	0	0	-3.30597	
14.55	0.337	0.103	1.58959	0	1.58106	-350.128	0	-348.214	0	0	-3.30597	
14.56	0.337	0.103	-1.58933	0	-1.58132	350.084	0	348.356	0	0	-3.30597	
14.57	0.337	0.103	1.58959	0	1.58106	-350.128	0	-348.214	0	0	-3.30597	
14.58	0.337	0.103	-1.58933	0	-1.58132	350.084	0	348.356	0	0	-3.30597	
14.59	0.337	0.103	1.58959	0	1.58106	-350.128	0	-348.214	0	0	-3.30597	
14.6	0.337	0.103	-1.58933	0	-1.58132	350.084	0	348.356	0	0	-3.30597	
14.61	0.337	0.103	1.58959	0	1.58106	-350.128	0	-348.214	0	0	-3.30597	
14.62	0.337	0.103	-1.58933	0	-1.58132	350.084	0	348.356	0	0	-3.30597	
14.63	0.337	0.103	1.58959	0	1.58106	-350.128	0	-348.214	0	0	-3.30597	
14.64	0.337	0.103	-1.58933	0	-1.58132	350.084	0	348.356	0	0	-3.30597	
14.65	0.337	0.103	1.58959	0	1.58106	-350.128	0	-348.214	0	0	-3.30597	
14.66	0.337	0.103	-1.58933	0	-1.58132	350.084	0	348.356	0	0	-3.30597	
14.67	0.337	0.103	1.58959	0	1.58106	-350.128	0	-348.214	0	0	-3.30597	
14.68	0.337	0.103	-1.58933	0	-1.58132	350.084	0	348.356	0	0	-3.30597	
14.69	0.337	0.103	1.58959	0	1.58106	-350.128	0	-348.214	0	0	-3.30597	
14.7	0.337	0.103	-1.58933	0	-1.58132	350.084	0	348.356	0	0	-3.30597	
14.71	0.337	0.103	1.58959	0	1.58106	-350.128	0	-348.214	0	0	-3.30597	
14.72	0.337	0.103	-1.58933	0	-1.58132	350.084	0	348.356	0	0	-3.30597	
14.73	0.337	0.103	1.58959	0	1.58106	-350.128	0	-348.214	0	0	-3.30597	
14.74	0.337	0.103	-1.58933	0	-1.58132	350.084	0	348.356	0	0	-3.30597	
14.75	0.337	0.103	1.58959	0	1.58106	-350.128	0	-348.214	0	0	-3.30597	
14.76	0.337	0.103	-1.58933	0	-1.58132	350.084	0	348.356	0	0	-3.30597	
14.77	0.337	0.103	1.58959	0	1.58106	-350.128	0	-348.214	0	0	-3.30597	
14.78	0.337	0.103	-1.58933	0	-1.58132	350.084	0	348.356	0	0	-3.30597	
14.79	0.337	0.103	1.58959	0	1.58106	-350.128	0	-348.214	0	0	-3.30597	
14.8	0.337	0.103	-1.58933	0	-1.58132	350.084	0	348.356	0	0	-3.30597	
14.81	0.337	0.103	1.58959	0	1.58106	-350.128	0	-348.214	0	0	-3.30597	
14.82	0.337	0.103	-1.58933	0	-1.58132	350.084	0	348.356	0	0	-3.30597	
14.83	0.337	0.103	1.58959	0	1.58106	-350.128	0	-348.214	0	0	-3.30597	
14.84	0.337	0.103	-1.58933	0	-1.58132	350.084	0	348.356	0	0	-3.30597	
14.85	0.337	0.103	1.58959	0	1.58106	-350.128	0	-348.214	0	0	-3.30597	
14.86	0.337	0.103	-1.58933	0	-1.58132	350.084	0	348.356	0	0	-3.30597	
14.87	0.337	0.103	1.58959	0	1.58106	-350.128	0	-348.214	0	0	-3.30597	
14.88	0.337	0.103	-1.58933	0	-1.58132	350.084	0	348.356	0	0	-3.30597	
14.89	0.337	0.103	1.58959	0	1.58106	-350.128	0	-348.214	0	0	-3.30597	
14.9	0.337	0.103	-1.58933	0	-1.58132	350.084	0	348.356	0	0	-3.30597	
14.91	0.337	0.103	1.58959	0	1.58106	-350.128	0	-348.214	0	0	-3.30597	
14.92	0.337	0.103	-1.58933	0	-1.58132	350.084	0	348.356	0	0	-3.30597	
14.93	0.337	0.103	1.58959	0	1.58106	-350.128	0	-348.214	0	0	-3.30597	
14.94	0.337	0.103	-1.58933	0	-1.58132	350.084	0	348.356	0	0	-3.30597	
14.95	0.337	0.103	1.58959	0	1.58106	-350.128	0	-348.214	0	0	-3.30597	
14.96	0.337	0.103	-1.58933	0	-1.58132	350.084	0	348.356	0	0	-3.30597	
14.97	0.337	0.103	1.58959	0	1.58106	-350.128	0	-348.214	0	0	-3.30597	
14.98	0.337	0.103	-1.58933	0	-1.58132	350.084	0	348.356	0	0	-3.30597	
14.99	0.337	0.103	1.58959	0	1.58106	-350.128	0	-348.214	0	0	-3.30597	
15	0.337	0.103	-1.58933	0	-1.58132	350.084	0	348.356	0	0	-3.30597	
15.01	0.337	0.103	1.58959	0	1.58106	-350.128	0	-348.214	0	0	-3.30597	
15.02	0.337	0.103	-1.58933	0	-1.58132	350.084	0	348.356	0	0	-3.30597	
15.03	0.337	0.103	1.58959	0	1.58106	-350.128	0	-348.214	0	0	-3.30597	
15.04	0.337	0.103	-1.58933	0	-1.58132	350.084	0	348.356	0	0	-3.30597	
15.05	0.337	0.103	1.58959	0	1.58106	-350.128	0	-348.214	0	0	-3.30597	
15.06	0.337	0.103	-1.58933	0	-1.58132	350.084	0	348.356	0	0	-3.30597	
15.07	0.337	0.103	1.58959	0	1.58106	-350.128	0	-348.214	0	0	-3.30597	
15.08	0.337	0.103	-1.58933	0	-1.58132	350.084	0	348.356	0	0	-3.30597	
15.09	0.337	0.103	1.58959	0	1.58106	-350.128	0	-348.214	0	0	-3.30597	
15.1	0.337	0.103	-1.58933	0	-1.58132	350.084	0	348.356	0	0	-3.30597	
15.11	0.337	0.103	1.58959	0	1.58106	-350.128	0	-348.214	0	0	-3.30597	
15.12	0.337	0.103	-1.58933	0	-1.58132	350.084	0	348.356	0	0	-3.30597	
15.13	0.337	0.103	1.58959	0	1.58106	-350.128	0	-348.214	0	0	-3.30597	
15.14	0.337	0.103	-1.58933	0	-1.58132	350.084	0	348.356	0	0	-3.30597	
15.15	0.337	0.103	1.58959	0	1.58106	-350.128	0	-348.214	0	0	-3.30597	
15.16	0.337	0.103	-1.58933	0	-1.58132	350.084	0	348.356	0	0	-3.30597	
15.17	0.337	0.103	1.58959	0	1.58106	-350.128	0	-348.214	0	0	-3.30597	
15.18	0.337	0.103	-1.58933	0	-1.58132	350.084	0	348.356	0	0	-3.30597	
15.19	0.337	0.103	1.58959	0	1.58106	-350.128	0	-348.214	0	0	-3.30597	
15.2	0.337	0.103	-1.58933	0	-1.58132	350.084	0	348.356	0	0	-3.30597	
15.21	0.337	0.103	1.58959	0	1.58106	-350.128	0	-348.214	0	0	-3.30597	
15.22	0.337	0.103	-1.58933	0	-1.58132	350.084	0	348.356	0	0	-3.30597	
15.23	0.337	0.103	1.58959	0	1.58106	-350.128	0	-348.214	0	0	-3.30597	
15.24	0.337	0.103	-1.58933	0	-1.58132	350.084	0	348.356	0	0	-3.30597	
15.25	0.337	0.103	1.58959	0	1.58106	-350.128	0	-348.214	0	0	-3.30597	
15.26	0.337	0.103	-1.58933	0	-1.58132	350.084	0	348.356	0	0	-3.30597	
15.27	0.337	0.103	1.58959	0	1.58106	-350.128	0	-348.214	0	0	-3.30597	
15.28	0.337	0.103	-1.58933	0	-1.58132	350.084	0	348.356	0	0	-3.30597	
15.29	0.337	0.103	1.58959	0	1.58106	-350.128	0	-348.214	0	0	-3.30597	
15.3	0.337	0.103	-1.58933	0	-1.58132	350.084	0	348.356	0	0	-3.30597	
15.31	0.337	0.103	1.58959	0	1.58106	-350.128	0	-348.214	0	0	-3.30597	
15.32	0.337	0.103	-1.58933	0	-1.58132	350.084	0	348.356	0	0	-3.30597	
15.33	0.337	0.103	1.58959	0	1.58106	-350.128	0	-348.214	0	0	-3.30597	
15.34	0.337	0.103	-1.58933	0	-1.58132	350.084	0	348.356	0	0	-3.30597	
15.35	0.337	0.103	1.58959	0	1.58106	-350.128	0	-348.213	0	0	-3.30597	
15.36	0.337	0.103	-1.58933	0	-1.58132	350.084	0	348.356	0	0	-3.30597	
15.37	0.337	0.103	1.58959	0	1.58106	-350.128	0	-348.213	0	0	-3.30597	
15.38	0.337	0.103	-1.58933	0	-1.58132	350.084	0	348.356	0	0	-3.30597	
15.39	0.337	0.103	1.58959	0	1.58106	-350.128	0	-348.213	0	0	-3.30597	
15.4	0.337	0.103	-1.58933	0	-1.58132	350.084	0	348.356	0	0	-3.30597	
15.41	0.337	0.103	1.58959	0	1.58106	-350.128	0	-348.213	0	0	-3.30597	
15.42	0.337	0.103	-1.58933	0	-1.58132	350.084	0	348.356	0	0	-3.30597	
15.43	0.337	0.103	1.58959	0	1.58106	-350.128	0	-348.213	0	0	-3.30597	
15.44	0.337	0.103	-1.58933	0	-1.58132	350.084	0	348.356	0	0	-3.30597	
15.45	0.337	0.103	1.58959	0	1.58106	-350.128	0	-348.213	0	0	-3.30597	
15.46	0.337	0.103	-1.58933	0	-1.58132	350.084	0	348.356	0	0	-3.30597	
15.47	0.337	0.103	1.58959	0	1.58106	-350.127	0	-348.213	0	0	-3.30597	
15.48	0.337	0.103	-1.58933	0	-1.58132	350.084	0	348.356	0	0	-3.30597	
15.49	0.337	0.103	1.58959	0	1.58106	-350.127	0	-348.213	0	0	-3.30597	
15.5	0.337	0.103	-1.58933	0	-1.58132	350.084	0	348.356	0	0	-3.30597	
15.51	0.337	0.103	1.58959	0	1.58106	-350.127	0	-348.213	0	0	-3.30597	
15.52	0.337	0.103	-1.58933	0	-1.58132	350.084	0	348.356	0	0	-3.30597	
15.53	0.337	0.103	1.58959	0	1.58106	-350.127	0	-348.213	0	0	-3.30597	
15.54	0.337	0.103	-1.58933	0	-1.58132	350.084	0	348.356	0	0	-3.30597	
15.55	0.337	0.103	1.58959	0	1.58106	-350.127	0	-348.213	0	0	-3.30597	
15.56	0.337	0.103	-1.58933	0	-1.58132	350.084	0	348.356	0	0	-3.30597	
15.57	0.337	0.103	1.58959	0	1.58106	-350.127	0	-348.213	0	0	-3.30597	
15.58	0.337	0.103	-1.58933	0	-1.58132	350.084	0	348.356	0	0	-3.30597	
15.59	0.337	0.103	1.58959	0	1.58106	-350.127	0	-348.213	0	0	-3.30597	
15.6	0.337	0.103	-1.58933	0	-1.58132	350.084	0	348.356	0	0	-3.30597	
15.61	0.337	0.103	1.58959	0	1.58106	-350.127	0	-348.213	0	0	-3.30597	
15.62	0.337	0.103	-1.58933	0	-1.58132	350.084	0	348.356	0	0	-3.30597	
15.63	0.337	0.103	1.58959	0	1.58106	-350.127	0	-348.213	0	0	-3.30597	
15.64	0.337	0.103	-1.58933	0	-1.58132	350.084	0	348.356	0	0	-3.30597	
15.65	0.337	0.103	1.58959	0	1.58106	-350.127	0	-348.213	0	0	-3.30597	
15.66	0.337	0.103	-1.58933	0	-1.58132	350.084	0	348.356	0	0	-3.30597	
15.67	0.337	0.103	1.58959	0	1.58106	-350.127	0	-348.213	0	0	-3.30597	
15.68	0.337	0.103	-1.58933	0	-1.58132	350.084	0	348.356	0	0	-3.30597	
15.69	0.337	0.103	1.58959	0	1.58106	-350.127	0	-348.213	0	0	-3.30597	
15.7	0.337	0.103	-1.58933	0	-1.58132	350.084	0	348.356	0	0	-3.30597	
15.71	0.337	0.103	1.58959	0	1.58106	-350.127	0	-348.213	0	0	-3.30597	
15.72	0.337	0.103	-1.58933	0	-1.58132	350.084	0	348.356	0	0	-3.30597	
15.73	0.337	0.103	1.58959	0	1.58106	-350.127	0	-348.213	0	0	-3.30597	
15.74	0.337	0.103	-1.58933	0	-1.58132	350.084	0	348.356	0	0	-3.30597	
15.75	0.337	0.103	1.58959	0	1.58106	-350.127	0	-348.213	0	0	-3.30597	
15.76	0.337	0.103	-1.58933	0	-1.58132	350.084	0	348.356	0	0	-3.30597	
15.77	0.337	0.103	1.58959	0	1.58106	-350.127	0	-348.213	0	0	-3.30597	
15.78	0.337	0.103	-1.58933	0	-1.58132	350.084	0	348.355	0	0	-3.30597	
15.79	0.337	0.103	1.58959	0	1.58106	-350.127	0	-348.213	0	0	-3.30597	
15.8	0.337	0.103	-1.58933	0	-1.58132	350.084	0	348.355	0	0	-3.30597	
15.81	0.337	0.103	1.58959	0	1.58106	-350.127	0	-348.213	0	0	-3.30597	
15.82	0.337	0.103	-1.58933	0	-1.58132	350.084	0	348.355	0	0	-3.30597	
15.83	0.337	0.103	1.58959	0	1.58106	-350.127	0	-348.213	0	0	-3.30597	
15.84	0.337	0.103	-1.58933	0	-1.58132	350.084	0	348.355	0	0	-3.30597	
15.85	0.337	0.103	1.58959	0	1.58106	-350.127	0	-348.213	0	0	-3.30597	
15.86	0.337	0.103	-1.58933	0	-1.58132	350.084	0	348.355	0	0	-3.30597	
15.87	0.337	0.103	1.58959	0	1.58106	-350.127	0	-348.213	0	0	-3.30597	
15.88	0.337	0.103	-1.58933	0	-1.58132	350.084	0	348.355	0	0	-3.30597	
15.89	0.337	0.103	1.58959	0	1.58106	-350.127	0	-348.213	0	0	-3.30597	
15.9	0.337	0.103	-1.58933	0	-1.58132	350.084	0	348.355	0	0	-3.30597	
15.91	0.337	0.103	1.58959	0	1.58106	-350.127	0	-348.213	0	0	-3.30597	
15.92	0.337	0.103	-1.58933	0	-1.58132	350.084	0	348.355	0	0	-3.30597	
15.93	0.337	0.103	1.58959	0	1.58106	-350.127	0	-348.213	0	0	-3.30597	
15.94	0.337	0.103	-1.58933	0	-1.58132	350.084	0	348.355	0	0	-3.30597	
15.95	0.337	0.103	1.58959	0	1.58106	-350.127	0	-348.213	0	0	-3.30597	
15.96	0.337	0.103	-1.58933	0	-1.58132	350.083	0	348.355	0	0	-3.30597	
15.97	0.337	0.103	1.58959	0	1.58106	-350.127	0	-348.213	0	0	-3.30597	
15.98	0.337	0.103	-1.58933	0	-1.58132	350.083	0	348.355	0	0	-3.30597	
15.99	0.337	0.103	1.58959	0	1.58106	-350.127	0	-348.213	0	0	-3.30597	
16	0.337	0.103	-1.58933	0	-1.58132	350.083	0	348.355	0	0	-3.30597	
16.01	0.337	0.103	1.58959	0	1.58106	-350.127	0	-348.213	0	0	-3.30597	
16.02	0.337	0.103	-1.58933	0	-1.58132	350.083	0	348.355	0	0	-3.30597	
16.03	0.337	0.103	1.58959	0	1.58106	-350.127	0	-348.213	0	0	-3.30597	
16.04	0.337	0.103	-1.58933	0	-1.58132	350.083	0	348.355	0	0	-3.30597	
16.05	0.337	0.103	1.58959	0	1.58106	-350.127	0	-348.213	0	0	-3.30597	
16.06	0.337	0.103	-1.58933	0	-1.58132	350.083	0	348.355	0	0	-3.30597	
16.07	0.337	0.103	1.58959	0	1.58106	-350.127	0	-348.213	0	0	-3.30597	
16.08	0.337	0.103	-1.58933	0	-1.58132	350.083	0	348.355	0	0	-3.30597	
16.09	0.337	0.103	1.58959	0	1.58106	-350.127	0	-348.213	0	0	-3.30597	
16.1	0.337	0.103	-1.58933	0	-1.58132	350.083	0	348.355	0	0	-3.30597	
16.11	0.337	0.103	1.58959	0	1.58106	-350.127	0	-348.213	0	0	-3.30597	
16.12	0.337	0.103	-1.58933	0	-1.58132	350.083	0	348.355	0	0	-3.30597	
16.13	0.337	0.103	1.58959	0	1.58106	-350.127	0	-348.213	0	0	-3.30597	
16.14	0.337	0.103	-1.58933	0	-1.58132	350.083	0	348.355	0	0	-3.30597	
16.15	0.337	0.103	1.58959	0	1.58106	-350.127	0	-348.213	0	0	-3.30597	
16.16	0.337	0.103	-1.58933	0	-1.58132	350.083	0	348.355	0	0	-3.30597	
16.17	0.337	0.103	1.58959	0	1.58106	-350.127	0	-348.213	0	0	-3.30597	
16.18	0.337	0.103	-1.58933	0	-1.58132	350.083	0	348.355	0	0	-3.30597	
16.19	0.337	0.103	1.58959	0	1.58106	-350.127	0	-348.213	0	0	-3.30597	
16.2	0.337	0.103	-1.58933	0	-1.58132	350.083	0	348.355	0	0	-3.30597	
16.21	0.337	0.103	1.58959	0	1.58106	-350.127	0	-348.213	0	0	-3.30597	
16.22	0.337	0.103	-1.58933	0	-1.58132	350.083	0	348.355	0	0	-3.30597	
16.23	0.337	0.103	1.58959	0	1.58106	-350.127	0	-348.213	0	0	-3.30597	
16.24	0.337	0.103	-1.58933	0	-1.58132	350.083	0	348.355	0	0	-3.30597	
16.25	0.337	0.103	1.58959	0	1.58106	-350.127	0	-348.213	0	0	-3.30597	
16.26	0.337	0.103	-1.58933	0	-1.58132	350.083	0	348.355	0	0	-3.30597	
16.27	0.337	0.103	1.58959	0	1.58106	-350.127	0	-348.213	0	0	-3.30597	
16.28	0.337	0.103	-1.58933	0	-1.58132	350.083	0	348.355	0	0	-3.30597	
16.29	0.337	0.103	1.58959	0	1.58106	-350.127	0	-348.213	0	0	-3.30597	
16.3	0.337	0.103	-1.58933	0	-1.58132	350.083	0	348.355	0	0	-3.30597	
16.31	0.337	0.103	1.58959	0	1.58106	-350.127	0	-348.213	0	0	-3.30597	
16.32	0.337	0.103	-1.58933	0	-1.58132	350.083	0	348.355	0	0	-3.30597	
16.33	0.337	0.103	1.58959	0	1.58106	-350.127	0	-348.213	0	0	-3.30597	
16.34	0.337	0.103	-1.58933	0	-1.58132	350.083	0	348.355	0	0	-3.30597	
16.35	0.337	0.103	1.58959	0	1.58106	-350.127	0	-348.213	0	0	-3.30597	
16.36	0.337	0.103	-1.58933	0	-1.58132	350.083	0	348.355	0	0	-3.30597	
16.37	0.337	0.103	1.58959	0	1.58106	-350.127	0	-348.213	0	0	-3.30597	
16.38	0.337	0.103	-1.58933	0	-1.58132	350.083	0	348.355	0	0	-3.30597	
16.39	0.337	0.103	1.58959	0	1.58106	-350.127	0	-348.213	0	0	-3.30597	
16.4	0.337	0.103	-1.58933	0	-1.58132	350.083	0	348.355	0	0	-3.30597	
16.41	0.337	0.103	1.58959	0	1.58106	-350.127	0	-348.213	0	0	-3.30597	
16.42	0.337	0.103	-1.58933	0	-1.58132	350.083	0	348.355	0	0	-3.30597	
16.43	0.337	0.103	1.58959	0	1.58106	-350.127	0	-348.213	0	0	-3.30597	
16.44	0.337	0.103	-1.58933	0	-1.58132	350.083	0	348.355	0	0	-3.30597	
16.45	0.337	0.103	1.58959	0	1.58106	-350.127	0	-348.213	0	0	-3.30597	
16.46	0.337	0.103	-1.58933	0	-1.58132	350.083	0	348.355	0	0	-3.30597	
16.47	0.337	0.103	1.58959	0	1.58106	-350.127	0	-348.213	0	0	-3.30597	
16.48	0.337	0.103	-1.58933	0	-1.58132	350.083	0	348.355	0	0	-3.30597	
16.49	0.337	0.103	1.58959	0	1.58106	-350.127	0	-348.213	0	0	-3.30597	
16.5	0.337	0.103	-1.58933	0	-1.58132	350.083	0	348.355	0	0	-3.30597	
16.51	0.337	0.103	1.58959	0	1.58106	-350.127	0	-348.213	0	0	-3.30597	
16.52	0.337	0.103	-1.58933	0	-1.58132	350.083	0	348.355	0	0	-3.30597	
16.53	0.337	0.103	1.58959	0	1.58106	-350.127	0	-348.213	0	0	-3.30597	
16.54	0.337	0.103	-1.58933	0	-1.58132	350.083	0	348.355	0	0	-3.30597	
16.55	0.337	0.103	1.58959	0	1.58106	-350.127	0	-348.213	0	0	-3.30597	
16.56	0.337	0.103	-1.58933	0	-1.58132	350.083	0	348.355	0	0	-3.30597	
16.57	0.337	0.103	1.58959	0	1.58106	-350.127	0	-348.213	0	0	-3.30597	
16.58	0.337	0.103	-1.58933	0	-1.58132	350.083	0	348.355	0	0	-3.30597	
16.59	0.337	0.103	1.58959	0	1.58106	-350.127	0	-348.213	0	0	-3.30597	
16.6	0.337	0.103	-1.58933	0	-1.58132	350.083	0	348.355	0	0	-3.30597	
16.61	0.337	0.103	1.58959	0	1.58106	-350.127	0	-348.213	0	0	-3.30597	
16.62	0.337	0.103	-1.58933	0	-1.58132	350.083	0	348.355	0	0	-3.30597	
16.63	0.337	0.103	1.58959	0	1.58106	-350.127	0	-348.213	0	0	-3.30597	
16.64	0.337	0.103	-1.58933	0	-1.58132	350.083	0	348.355	0	0	-3.30597	
16.65	0.337	0.103	1.58959	0	1.58106	-350.127	0	-348.213	0	0	-3.30597	
16.66	0.337	0.103	-1.58933	0	-1.58132	350.083	0	348.355	0	0	-3.30597	
16.67	0.337	0.103	1.58959	0	1.58106	-350.127	0	-348.213	0	0	-3.30597	
16.68	0.337	0.103	-1.58933	0	-1.58132	350.083	0	348.355	0	0	-3.30597	
16.69	0.337	0.103	1.58959	0	1.58106	-350.127	0	-348.213	0	0	-3.30597	
16.7	0.337	0.103	-1.58933	0	-1.58132	350.083	0	348.355	0	0	-3.30597	
16.71	0.337	0.103	1.58959	0	1.58106	-350.127	0	-348.213	0	0	-3.30597	
16.72	0.337	0.103	-1.58933	0	-1.58132	350.083	0	348.355	0	0	-3.30597	
16.73	0.337	0.103	1.58959	0	1.58106	-350.127	0	-348.213	0	0	-3.30597	
16.74	0.337	0.103	-1.58933	0	-1.58132	350.083	0	348.355	0	0	-3.30597	
16.75	0.337	0.103	1.58959	0	1.58106	-350.127	0	-348.213	0	0	-3.30597	
16.76	0.337	0.103	-1.58933	0	-1.58132	350.083	0	348.355	0	0	-3.30597	
16.77	0.337	0.103	1.58959	0	1.58106	-350.127	0	-348.213	0	0	-3.30597	
16.78	0.337	0.103	-1.58933	0	-1.58132	350.083	0	348.355	0	0	-3.30597	
16.79	0.337	0.103	1.58959	0	1.58106	-350.127	0	-348.213	0	0	-3.30597	
16.8	0.337	0.103	-1.58933	0	-1.58132	350.083	0	348.355	0	0	-3.30597	
16.81	0.337	0.103	1.58959	0	1.58106	-350.127	0	-348.213	0	0	-3.30597	
16.82	0.337	0.103	-1.58933	0	-1.58132	350.083	0	348.355	0	0	-3.30597	
16.83	0.337	0.103	1.58959	0	1.58106	-350.127	0	-348.213	0	0	-3.30597	
16.84	0.337	0.103	-1.58933	0	-1.58132	350.083	0	348.355	0	0	-3.30597	
16.85	0.337	0.103	1.58959	0	1.58106	-350.127	0	-348.213	0	0	-3.30597	
16.86	0.337	0.103	-1.58933	0	-1.58132	350.083	0	348.355	0	0	-3.30597	
16.87	0.337	0.103	1.58959	0	1.58106	-350.127	0	-348.213	0	0	-3.30597	
16.88	0.337	0.103	-1.58933	0	-1.58132	350.083	0	348.355	0	0	-3.30597	
16.89	0.337	0.103	1.58959	0	1.58106	-350.127	0	-348.213	0	0	-3.30597	
16.9	0.337	0.103	-1.58933	0	-1.58132	350.083	0	348.355	0	0	-3.30597	
16.91	0.337	0.103	1.58959	0	1.58106	-350.127	0	-348.213	0	0	-3.30597	
16.92	0.337	0.103	-1.58933	0	-1.58132	350.083	0	348.355	0	0	-3.30597	
16.93	0.337	0.103	1.58959	0	1.58106	-350.127	0	-348.213	0	0	-3.30597	
16.94	0.337	0.103	-1.58933	0	-1.58132	350.083	0	348.355	0	0	-3.30597	
16.95	0.337	0.103	1.58959	0	1.58106	-350.127	0	-348.213	0	0	-3.30597	
16.96	0.337	0.103	-1.58933	0	-1.58132	350.083	0	348.355	0	0	-3.30597	
16.97	0.337	0.103	1.58959	0	1.58106	-350.127	0	-348.213	0	0	-3.30597	
16.98	0.337	0.103	-1.58933	0	-1.58132	350.083	0	348.355	0	0	-3.30597	
16.99	0.337	0.103	1.58959	0	1.58106	-350.127	0	-348.213	0	0	-3.30597	
17	0.337	0.103	-1.58933	0	-1.58132	350.083	0	348.355	0	0	-3.30597	
17.01	0.337	0.103	1.58959	0	1.58106	-350.127	0	-348.213	0	0	-3.30597	
17.02	0.337	0.103	-1.58933	0	-1.58132	350.083	0	348.355	0	0	-3.30597	
17.03	0.337	0.103	1.58959	0	1.58106	-350.127	0	-348.213	0	0	-3.30597	
17.04	0.337	0.103	-1.58933	0	-1.58132	350.083	0	348.355	0	0	-3.30597	
17.05	0.337	0.103	1.58959	0	1.58106	-350.127	0	-348.213	0	0	-3.30597	
17.06	0.337	0.103	-1.58933	0	-1.58132	350.083	0	348.355	0	0	-3.30597	
17.07	0.337	0.103	1.58959	0	1.58106	-350.127	0	-348.213	0	0	-3.30597	
17.08	0.337	0.103	-1.58933	0	-1.58132	350.083	0	348.355	0	0	-3.30597	
17.09	0.337	0.103	1.58959	0	1.58106	-350.127	0	-348.213	0	0	-3.30597	
17.1	0.337	0.103	-1.58933	0	-1.58132	350.083	0	348.355	0	0	-3.30597	
17.11	0.337	0.103	1.58959	0	1.58106	-350.127	0	-348.213	0	0	-3.30597	
17.12	0.337	0.103	-1.58933	0	-1.58132	350.083	0	348.355	0	0	-3.30597	
17.13	0.337	0.103	1.58959	0	1.58106	-350.127	0	-348.213	0	0	-3.30597	
17.14	0.337	0.103	-1.58933	0	-1.58132	350.083	0	348.355	0	0	-3.30597	
17.15	0.337	0.103	1.58959	0	1.58106	-350.127	0	-348.213	0	0	-3.30597	
17.16	0.337	0.103	-1.58933	0	-1.58132	350.083	0	348.355	0	0	-3.30597	
17.17	0.337	0.103	1.58959	0	1.58106	-350.127	0	-348.213	0	0	-3.30597	
17.18	0.337	0.103	-1.58933	0	-1.58132	350.083	0	348.355	0	0	-3.30597	
17.19	0.337	0.103	1.58959	0	1.58106	-350.127	0	-348.213	0	0	-3.30597	
17.2	0.337	0.103	-1.58933	0	-1.58132	350.083	0	348.355	0	0	-3.30597	
17.21	0.337	0.103	1.58959	0	1.58106	-350.127	0	-348.213	0	0	-3.30597	
17.22	0.337	0.103	-1.58933	0	-1.58132	350.083	0	348.355	0	0	-3.30597	
17.23	0.337	0.103	1.58959	0	1.58106	-350.127	0	-348.213	0	0	-3.30597	
17.24	0.337	0.103	-1.58933	0	-1.58132	350.083	0	348.355	0	0	-3.30597	
17.25	0.337	0.103	1.58959	0	1.58106	-350.127	0	-348.213	0	0	-3.30597	
17.26	0.337	0.103	-1.58933	0	-1.58132	350.083	0	348.355	0	0	-3.30597	
17.27	0.337	0.103	1.58959	0	1.58106	-350.127	0	-348.213	0	0	-3.30597	
17.28	0.337	0.103	-1.58933	0	-1.58132	350.083	0	348.355	0	0	-3.30597	
17.29	0.337	0.103	1.58959	0	1.58106	-350.127	0	-348.213	0	0	-3.30597	
17.3	0.337	0.103	-1.58933	0	-1.58132	350.083	0	348.355	0	0	-3.30597	
17.31	0.337	0.103	1.58959	0	1.58106	-350.127	0	-348.213	0	0	-3.30597	
17.32	0.337	0.103	-1.58933	0	-1.58132	350.083	0	348.355	0	0	-3.30597	
17.33	0.337	0.103	1.58959	0	1.58106	-350.127	0	-348.213	0	0	-3.30597	
17.34	0.337	0.103	-1.58933	0	-1.58132	350.083	0	348.355	0	0	-3.30597	
17.35	0.337	0.103	1.58959	0	1.58106	-350.127	0	-348.213	0	0	-3.30597	
17.36	0.337	0.103	-1.58933	0	-1.58132	350.083	0	348.355	0	0	-3.30597	
17.37	0.337	0.103	1.58959	0	1.58106	-350.127	0	-348.213	0	0	-3.30597	
17.38	0.337	0.103	-1.58933	0	-1.58132	350.083	0	348.355	0	0	-3.30597	
17.39	0.337	0.103	1.58959	0	1.58106	-350.127	0	-348.213	0	0	-3.30597	
17.4	0.337	0.103	-1.58933	0	-1.58132	350.083	0	348.355	0	0	-3.30597	
17.41	0.337	0.103	1.58959	0	1.58106	-350.127	0	-348.213	0	0	-3.30597	
17.42	0.337	0.103	-1.58933	0	-1.58132	350.083	0	348.355	0	0	-3.30597	
17.43	0.337	0.103	1.58959	0	1.58106	-350.127	0	-348.213	0	0	-3.30597	
17.44	0.337	0.103	-1.58933	0	-1.58132	350.083	0	348.355	0	0	-3.30597	
17.45	0.337	0.103	1.58959	0	1.58106	-350.127	0	-348.213	0	0	-3.30597	
17.46	0.337	0.103	-1.58933	0	-1.58132	350.083	0	348.355	0	0	-3.30597	
17.47	0.337	0.103	1.58959	0	1.58106	-350.127	0	-348.213	0	0	-3.30597	
17.48	0.337	0.103	-1.58933	0	-1.58132	350.083	0	348.355	0	0	-3.30597	
17.49	0.337	0.103	1.58959	0	1.58106	-350.127	0	-348.213	0	0	-3.30597	
17.5	0.337	0.103	-1.58933	0	-1.58132	350.083	0	348.355	0	0	-3.30597	
17.51	0.337	0.103	1.58959	0	1.58106	-350.127	0	-348.213	0	0	-3.30597	
17.52	0.337	0.103	-1.58933	0	-1.58132	350.083	0	348.355	0	0	-3.30597	
17.53	0.337	0.103	1.58959	0	1.58106	-350.127	0	-348.213	0	0	-3.30597	
17.54	0.337	0.103	-1.58933	0	-1.58132	350.083	0	348.355	0	0	-3.30597	
17.55	0.337	0.103	1.58959	0	1.58106	-350.127	0	-348.213	0	0	-3.30597	
17.56	0.337	0.103	-1.58933	0	-1.58132	350.083	0	348.355	0	0	-3.30597	
17.57	0.337	0.103	1.58959	0	1.58106	-350.127	0	-348.213	0	0	-3.30597	
17.58	0.337	0.103	-1.58933	0	-1.58132	350.083	0	348.355	0	0	-3.30597	
17.59	0.337	0.103	1.58959	0	1.58106	-350.127	0	-348.213	0	0	-3.30597	
17.6	0.337	0.103	-1.58933	0	-1.58132	350.083	0	348.355	0	0	-3.30597	
17.61	0.337	0.103	1.58959	0	1.58106	-350.127	0	-348.213	0	0	-3.30597	
17.62	0.337	0.103	-1.58933	0	-1.58132	350.083	0	348.355	0	0	-3.30597	
17.63	0.337	0.103	1.58959	0	1.58106	-350.127	0	-348.213	0	0	-3.30597	
17.64	0.337	0.103	-1.58933	0	-1.58132	350.083	0	348.355	0	0	-3.30597	
17.65	0.337	0.103	1.58959	0	1.58106	-350.127	0	-348.213	0	0	-3.30597	
17.66	0.337	0.103	-1.58933	0	-1.58132	350.083	0	348.355	0	0	-3.30597	
17.67	0.337	0.103	1.58959	0	1.58106	-350.127	0	-348.213	0	0	-3.30597	
17.68	0.337	0.103	-1.58933	0	-1.58132	350.083	0	348.355	0	0	-3.30597	
17.69	0.337	0.103	1.58959	0	1.58106	-350.127	0	-348.213	0	0	-3.30597	
17.7	0.337	0.103	-1.58933	0	-1.58132	350.083	0	348.355	0	0	-3.30597	
17.71	0.337	0.103	1.58959	0	1.58106	-350.127	0	-348.213	0	0	-3.30597	
17.72	0.337	0.103	-1.58933	0	-1.58132	350.083	0	348.355	0	0	-3.30597	
17.73	0.337	0.103	1.58959	0	1.58106	-350.127	0	-348.213	0	0	-3.30597	
17.74	0.337	0.103	-1.58933	0	-1.58132	350.083	0	348.355	0	0	-3.30597	
17.75	0.337	0.103	1.58959	0	1.58106	-350.127	0	-348.213	0	0	-3.30597	
17.76	0.337	0.103	-1.58933	0	-1.58132	350.083	0	348.355	0	0	-3.30597	
17.77	0.337	0.103	1.58959	0	1.58106	-350.127	0	-348.213	0	0	-3.30597	
17.78	0.337	0.103	-1.58933	0	-1.58132	350.083	0	348.355	0	0	-3.30597	
17.79	0.337	0.103	1.58959	0	1.58106	-350.127	0	-348.213	0	0	-3.30597	
17.8	0.337	0.103	-1.58933	0	-1.58132	350.083	0	348.355	0	0	-3.30597	
17.81	0.337	0.103	1.58959	0	1.58106	-350.127	0	-348.213	0	0	-3.30597	
17.82	0.337	0.103	-1.58933	0	-1.58132	350.083	0	348.355	0	0	-3.30597	
17.83	0.337	0.103	1.58959	0	1.58106	-350.127	0	-348.213	0	0	-3.30597	
17.84	0.337	0.103	-1.58933	0	-1.58132	350.083	0	348.355	0	0	-3.30597	
17.85	0.337	0.103	1.58959	0	1.58106	-350.127	0	-348.213	0	0	-3.30597	
17.86	0.337	0.103	-1.58933	0	-1.58132	350.083	0	348.355	0	0	-3.30597	
17.87	0.337	0.103	1.58959	0	1.58106	-350.127	0	-348.213	0	0	-3.30597	
17.88	0.337	0.103	-1.58933	0	-1.58132	350.083	0	348.355	0	0	-3.30597	
17.89	0.337	0.103	1.58959	0	1.58106	-350.127	0	-348.213	0	0	-3.30597	
17.9	0.337	0.103	-1.58933	0	-1.58132	350.083	0	348.355	0	0	-3.30597	
17.91	0.337	0.103	1.58959	0	1.58106	-350.127	0	-348.213	0	0	-3.30597	
17.92	0.337	0.103	-1.58933	0	-1.58132	350.083	0	348.355	0	0	-3.30597	
17.93	0.337	0.103	1.58959	0	1.58106	-350.127	0	-348.213	0	0	-3.30597	
17.94	0.337	0.103	-1.58933	0	-1.58132	350.083	0	348.355	0	0	-3.30597	
17.95	0.337	0.103	1.58959	0	1.58106	-350.127	0	-348.213	0	0	-3.30597	
17.96	0.337	0.103	-1.58933	0	-1.58132	350.083	0	348.355	0	0	-3.30597	
17.97	0.337	0.103	1.58959	0	1.58106	-350.127	0	-348.213	0	0	-3.30597	
17.98	0.337	0.103	-1.58933	0	-1.58132	350.083	0	348.355	0	0	-3.30597	
17.99	0.337	0.103	1.58959	0	1.58106	-350.127	0	-348.213	0	0	-3.30597	
18	0.337	0.103	-1.58933	0	-1.58132	350.083	0	348.355	0	0	-3.30597	
18.01	0.337	0.103	1.58959	0	1.58106	-350.127	0	-348.213	0	0	-3.30597	
18.02	0.337	0.103	-1.58933	0	-1.58132	350.083	0	348.355	0	0	-3.30597	
18.03	0.337	0.103	1.58959	0	1.58106	-350.127	0	-348.213	0	0	-3.30597	
18.04	0.337	0.103	-1.58933	0	-1.58132	350.083	0	348.355	0	0	-3.30597	
18.05	0.337	0.103	1.58959	0	1.58106	-350.127	0	-348.213	0	0	-3.30597	
18.06	0.337	0.103	-1.58933	0	-1.58132	350.083	0	348.355	0	0	-3.30597	
18.07	0.337	0.103	1.58959	0	1.58106	-350.127	0	-348.213	0	0	-3.30597	
18.08	0.337	0.103	-1.58933	0	-1.58132	350.083	0	348.355	0	0	-3.30597	
18.09	0.337	0.103	1.58959	0	1.58106	-350.127	0	-348.213	0	0	-3.30597	
18.1	0.337	0.103	-1.58933	0	-1.58132	350.083	0	348.355	0	0	-3.30597	
18.11	0.337	0.103	1.58959	0	1.58106	-350.127	0	-348.213	0	0	-3.30597	
18.12	0.337	0.103	-1.58933	0	-1.58132	350.083	0	348.355	0	0	-3.30597	
18.13	0.337	0.103	1.58959	0	1.58106	-350.127	0	-348.213	0	0	-3.30597	
18.14	0.337	0.103	-1.58933	0	-1.58132	350.083	0	348.355	0	0	-3.30597	
18.15	0.337	0.103	1.58959	0	1.58106	-350.127	0	-348.212	0	0	-3.30597	
18.16	0.337	0.103	-1.58933	0	-1.58132	350.083	0	348.355	0	0	-3.30597	
18.17	0.337	0.103	1.58959	0	1.58106	-350.127	0	-348.212	0	0	-3.30597	
18.18	0.337	0.103	-1.58933	0	-1.58132	350.083	0	348.355	0	0	-3.30597	
18.19	0.337	0.103	1.58959	0	1.58106	-350.127	0	-348.212	0	0	-3.30597	
18.2	0.337	0.103	-1.58933	0	-1.58132	350.083	0	348.355	0	0	-3.30597	
18.21	0.337	0.103	1.58959	0	1.58106	-350.127	0	-348.212	0	0	-3.30597	
18.22	0.337	0.103	-1.58933	0	-1.58132	350.083	0	348.355	0	0	-3.30597	
18.23	0.337	0.103	1.58959	0	1.58106	-350.127	0	-348.212	0	0	-3.30597	
18.24	0.337	0.103	-1.58933	0	-1.58132	350.083	0	348.355	0	0	-3.30597	
18.25	0.337	0.103	1.58959	0	1.58106	-350.126	0	-348.212	0	0	-3.30597	
18.26	0.337	0.103	-1.58933	0	-1.58132	350.083	0	348.355	0	0	-3.30597	
18.27	0.337	0.103	1.58959	0	1.58106	-350.126	0	-348.212	0	0	-3.30597	
18.28	0.337	0.103	-1.58933	0	-1.58132	350.083	0	348.355	0	0	-3.30597	
18.29	0.337	0.103	1.58959	0	1.58106	-350.126	0	-348.212	0	0	-3.30597	
18.3	0.337	0.103	-1.58933	0	-1.58132	350.083	0	348.355	0	0	-3.30597	
18.31	0.337	0.103	1.58959	0	1.58106	-350.126	0	-348.212	0	0	-3.30597	
18.32	0.337	0.103	-1.58933	0	-1.58132	350.083	0	348.355	0	0	-3.30597	
18.33	0.337	0.103	1.58959	0	1.58106	-350.126	0	-348.212	0	0	-3.30597	
18.34	0.337	0.103	-1.58933	0	-1.58132	350.083	0	348.355	0	0	-3.30597	
18.35	0.337	0.103	1.58959	0	1.58106	-350.126	0	-348.212	0	0	-3.30597	
18.36	0.337	0.103	-1.58933	0	-1.58132	350.083	0	348.355	0	0	-3.30597	
18.37	0.337	0.103	1.58959	0	1.58106	-350.126	0	-348.212	0	0	-3.30597	
18.38	0.337	0.103	-1.58933	0	-1.58132	350.083	0	348.355	0	0	-3.30597	
18.39	0.337	0.103	1.58959	0	1.58106	-350.126	0	-348.212	0	0	-3.30597	
18.4	0.337	0.103	-1.58933	0	-1.58132	350.083	0	348.355	0	0	-3.30597	
18.41	0.337	0.103	1.58959	0	1.58106	-350.126	0	-348.212	0	0	-3.30597	
18.42	0.337	0.103	-1.58933	0	-1.58132	350.083	0	348.355	0	0	-3.30597	
18.43	0.337	0.103	1.58959	0	1.58106	-350.126	0	-348.212	0	0	-3.30597	
18.44	0.337	0.103	-1.58933	0	-1.58132	350.083	0	348.355	0	0	-3.30597	
18.45	0.337	0.103	1.58959	0	1.58106	-350.126	0	-348.212	0	0	-3.30597	
18.46	0.337	0.103	-1.58933	0	-1.58132	350.083	0	348.355	0	0	-3.30597	
18.47	0.337	0.103	1.58959	0	1.58106	-350.126	0	-348.212	0	0	-3.30597	
18.48	0.337	0.103	-1.58933	0	-1.58132	350.083	0	348.355	0	0	-3.30597	
18.49	0.337	0.103	1.58959	0	1.58106	-350.126	0	-348.212	0	0	-3.30597	
18.5	0.337	0.103	-1.58933	0	-1.58132	350.083	0	348.355	0	0	-3.30597	
18.51	0.337	0.103	1.58959	0	1.58106	-350.126	0	-348.212	0	0	-3.30597	
18.52	0.337	0.103	-1.58933	0	-1.58132	350.083	0	348.355	0	0	-3.30597	
18.53	0.337	0.103	1.58959	0	1.58106	-350.126	0	-348.212	0	0	-3.30597	
18.54	0.337	0.103	-1.58933	0	-1.58132	350.083	0	348.355	0	0	-3.30597	
18.55	0.337	0.103	1.58959	0	1.58106	-350.126	0	-348.212	0	0	-3.30597	
18.56	0.337	0.103	-1.58933	0	-1.58132	350.083	0	348.355	0	0	-3.30597	
18.57	0.337	0.103	1.58959	0	1.58106	-350.126	0	-348.212	0	0	-3.30597	
18.58	0.337	0.103	-1.58933	0	-1.58132	350.083	0	348.354	0	0	-3.30597	
18.59	0.337	0.103	1.58959	0	1.58106	-350.126	0	-348.212	0	0	-3.30597	
18.6	0.337	0.103	-1.58933	0	-1.58132	350.083	0	348.354	0	0	-3.30597	
18.61	0.337	0.103	1.58959	0	1.58106	-350.126	0	-348.212	0	0	-3.30597	
18.62	0.337	0.103	-1.58933	0	-1.58132	350.083	0	348.354	0	0	-3.30597	
18.63	0.337	0.103	1.58959	0	1.58106	-350.126	0	-348.212	0	0	-3.30597	
18.64	0.337	0.103	-1.58933	0	-1.58132	350.083	0	348.354	0	0	-3.30597	
18.65	0.337	0.103	1.58959	0	1.58106	-350.126	0	-348.212	0	0	-3.30597	
18.66	0.337	0.103	-1.58933	0	-1.58132	350.083	0	348.354	0	0	-3.30597	
18.67	0.337	0.103	1.58959	0	1.58106	-350.126	0	-348.212	0	0	-3.30597	
18.68	0.337	0.103	-1.58933	0	-1.58132	350.083	0	348.354	0	0	-3.30597	
18.69	0.337	0.103	1.58959	0	1.58106	-350.126	0	-348.212	0	0	-3.30597	
18.7	0.337	0.103	-1.58933	0	-1.58132	350.083	0	348.354	0	0	-3.30597	
18.71	0.337	0.103	1.58959	0	1.58106	-350.126	0	-348.212	0	0	-3.30597	
18.72	0.337	0.103	-1.58933	0	-1.58132	350.083	0	348.354	0	0	-3.30597	
18.73	0.337	0.103	1.58959	0	1.58106	-350.126	0	-348.212	0	0	-3.30597	
18.74	0.337	0.103	-1.58933	0	-1.58132	350.082	0	348.354	0	0	-3.30597	
18.75	0.337	0.103	1.58959	0	1.58106	-350.126	0	-348.212	0	0	-3.30597	
18.76	0.337	0.103	-1.58933	0	-1.58132	350.082	0	348.354	0	0	-3.30597	
18.77	0.337	0.103	1.58959	0	1.58106	-350.126	0	-348.212	0	0	-3.30597	
18.78	0.337	0.103	-1.58933	0	-1.58132	350.082	0	348.354	0	0	-3.30597	
18.79	0.337	0.103	1.58959	0	1.58106	-350.126	0	-348.212	0	0	-3.30597	
18.8	0.337	0.103	-1.58933	0	-1.58132	350.082	0	348.354	0	0	-3.30597	
18.81	0.337	0.103	1.58959	0	1.58106	-350.126	0	-348.212	0	0	-3.30597	
18.82	0.337	0.103	-1.58933	0	-1.58132	350.082	0	348.354	0	0	-3.30597	
18.83	0.337	0.103	1.58959	0	1.58106	-350.126	0	-348.212	0	0	-3.30597	
18.84	0.337	0.103	-1.58933	0	-1.58132	350.082	0	348.354	0	0	-3.30597	
18.85	0.337	0.103	1.58959	0	1.58106	-350.126	0	-348.212	0	0	-3.30597	
18.86	0.337	0.103	-1.58933	0	-1.58132	350.082	0	348.354	0	0	-3.30597	
18.87	0.337	0.103	1.58959	0	1.58106	-350.126	0	-348.212	0	0	-3.30597	
18.88	0.337	0.103	-1.58933	0	-1.58132	350.082	0	348.354	0	0	-3.30597	
18.89	0.337	0.103	1.58959	0	1.58106	-350.126	0	-348.212	0	0	-3.30597	
18.9	0.337	0.103	-1.58933	0	-1.58132	350.082	0	348.354	0	0	-3.30597	
18.91	0.337	0.103	1.58959	0	1.58106	-350.126	0	-348.212	0	0	-3.30597	
18.92	0.337	0.103	-1.58933	0	-1.58132	350.082	0	348.354	0	0	-3.30597	
18.93	0.337	0.103	1.58959	0	1.58106	-350.126	0	-348.212	0	0	-3.30597	
18.94	0.337	0.103	-1.58933	0	-1.58132	350.082	0	348.354	0	0	-3.30597	
18.95	0.337	0.103	1.58959	0	1.58106	-350.126	0	-348.212	0	0	-3.30597	
18.96	0.337	0.103	-1.58933	0	-1.58132	350.082	0	348.354	0	0	-3.30597	
18.97	0.337	0.103	1.58959	0	1.58106	-350.126	0	-348.212	0	0	-3.30597	
18.98	0.337	0.103	-1.58933	0	-1.58132	350.082	0	348.354	0	0	-3.30597	
18.99	0.337	0.103	1.58959	0	1.58106	-350.126	0	-348.212	0	0	-3.30597	
19	0.337	0.103	-1.58933	0	-1.58132	350.082	0	348.354	0	0	-3.30597	
19.01	0.337	0.103	1.58959	0	1.58106	-350.126	0	-348.212	0	0	-3.30597	
19.02	0.337	0.103	-1.58933	0	-1.58132	350.082	0	348.354	0	0	-3.30597	
19.03	0.337	0.103	1.58959	0	1.58106	-350.126	0	-348.212	0	0	-3.30597	
19.04	0.337	0.103	-1.58933	0	-1.58132	350.082	0	348.354	0	0	-3.30597	
19.05	0.337	0.103	1.58959	0	1.58106	-350.126	0	-348.212	0	0	-3.30597	
19.06	0.337	0.103	-1.58933	0	-1.58132	350.082	0	348.354	0	0	-3.30597	
19.07	0.337	0.103	1.58959	0	1.58106	-350.126	0	-348.212	0	0	-3.30597	
19.08	0.337	0.103	-1.58933	0	-1.58132	350.082	0	348.354	0	0	-3.30597	
19.09	0.337	0.103	1.58959	0	1.58106	-350.126	0	-348.212	0	0	-3.30597	
19.1	0.337	0.103	-1.58933	0	-1.58132	350.082	0	348.354	0	0	-3.30597	
19.11	0.337	0.103	1.58959	0	1.58106	-350.126	0	-348.212	0	0	-3.30597	
19.12	0.337	0.103	-1.58933	0	-1.58132	350.082	0	348.354	0	0	-3.30597	
19.13	0.337	0.103	1.58959	0	1.58106	-350.126	0	-348.212	0	0	-3.30597	
19.14	0.337	0.103	-1.58933	0	-1.58132	350.082	0	348.354	0	0	-3.30597	
19.15	0.337	0.103	1.58959	0	1.58106	-350.126	0	-348.212	0	0	-3.30597	
19.16	0.337	0.103	-1.58933	0	-1.58132	350.082	0	348.354	0	0	-3.30597	
19.17	0.337	0.103	1.58959	0	1.58106	-350.126	0	-348.212	0	0	-3.30597	
19.18	0.337	0.103	-1.58933	0	-1.58132	350.082	0	348.354	0	0	-3.30597	
19.19	0.337	0.103	1.58959	0	1.58106	-350.126	0	-348.212	0	0	-3.30597	
19.2	0.337	0.103	-1.58933	0	-1.58132	350.082	0	348.354	0	0	-3.30597	
19.21	0.337	0.103	1.58959	0	1.58106	-350.126	0	-348.212	0	0	-3.30597	
19.22	0.337	0.103	-1.58933	0	-1.58132	350.082	0	348.354	0	0	-3.30597	
19.23	0.337	0.103	1.58959	0	1.58106	-350.126	0	-348.212	0	0	-3.30597	
19.24	0.337	0.103	-1.58933	0	-1.58132	350.082	0	348.354	0	0	-3.30597	
19.25	0.337	0.103	1.58959	0	1.58106	-350.126	0	-348.212	0	0	-3.30597	
19.26	0.337	0.103	-1.58933	0	-1.58132	350.082	0	348.354	0	0	-3.30597	
19.27	0.337	0.103	1.58959	0	1.58106	-350.126	0	-348.212	0	0	-3.30597	
19.28	0.337	0.103	-1.58933	0	-1.58132	350.082	0	348.354	0	0	-3.30597	
19.29	0.337	0.103	1.58959	0	1.58106	-350.126	0	-348.212	0	0	-3.30597	
19.3	0.337	0.103	-1.58933	0	-1.58132	350.082	0	348.354	0	0	-3.30597	
19.31	0.337	0.103	1.58959	0	1.58106	-350.126	0	-348.212	0	0	-3.30597	
19.32	0.337	0.103	-1.58933	0	-1.58132	350.082	0	348.354	0	0	-3.30597	
19.33	0.337	0.103	1.58959	0	1.58106	-350.126	0	-348.212	0	0	-3.30597	
19.34	0.337	0.103	-1.58933	0	-1.58132	350.082	0	348.354	0	0	-3.30597	
19.35	0.337	0.103	1.58959	0	1.58106	-350.126	0	-348.212	0	0	-3.30597	
19.36	0.337	0.103	-1.58933	0	-1.58132	350.082	0	348.354	0	0	-3.30597	
19.37	0.337	0.103	1.58959	0	1.58106	-350.126	0	-348.212	0	0	-3.30597	
19.38	0.337	0.103	-1.58933	0	-1.58132	350.082	0	348.354	0	0	-3.30597	
19.39	0.337	0.103	1.58959	0	1.58106	-350.126	0	-348.212	0	0	-3.30597	
19.4	0.337	0.103	-1.58933	0	-1.58132	350.082	0	348.354	0	0	-3.30597	
19.41	0.337	0.103	1.58959	0	1.58106	-350.126	0	-348.212	0	0	-3.30597	
19.42	0.337	0.103	-1.58933	0	-1.58132	350.082	0	348.354	0	0	-3.30597	
19.43	0.337	0.103	1.58959	0	1.58106	-350.126	0	-348.212	0	0	-3.30597	
19.44	0.337	0.103	-1.58933	0	-1.58132	350.082	0	348.354	0	0	-3.30597	
19.45	0.337	0.103	1.58959	0	1.58106	-350.126	0	-348.212	0	0	-3.30597	
19.46	0.337	0.103	-1.58933	0	-1.58132	350.082	0	348.354	0	0	-3.30597	
19.47	0.337	0.103	1.58959	0	1.58106	-350.126	0	-348.212	0	0	-3.30597	
19.48	0.337	0.103	-1.58933	0	-1.58132	350.082	0	348.354	0	0	-3.30597	
19.49	0.337	0.103	1.58959	0	1.58106	-350.126	0	-348.212	0	0	-3.30597	
19.5	0.337	0.103	-1.58933	0	-1.58132	350.082	0	348.354	0	0	-3.30597	
19.51	0.337	0.103	1.58959	0	1.58106	-350.126	0	-348.212	0	0	-3.30597	
19.52	0.337	0.103	-1.58933	0	-1.58132	350.082	0	348.354	0	0	-3.30597	
19.53	0.337	0.103	1.58959	0	1.58106	-350.126	0	-348.212	0	0	-3.30597	
19.54	0.337	0.103	-1.58933	0	-1.58132	350.082	0	348.354	0	0	-3.30597	
19.55	0.337	0.103	1.58959	0	1.58106	-350.126	0	-348.212	0	0	-3.30597	
19.56	0.337	0.103	-1.58933	0	-1.58132	350.082	0	348.354	0	0	-3.30597	
19.57	0.337	0.103	1.58959	0	1.58106	-350.126	0	-348.212	0	0	-3.30597	
19.58	0.337	0.103	-1.58933	0	-1.58132	350.082	0	348.354	0	0	-3.30597	
19.59	0.337	0.103	1.58959	0	1.58106	-350.126	0	-348.212	0	0	-3.30597	
19.6	0.337	0.103	-1.58933	0	-1.58132	350.082	0	348.354	0	0	-3.30597	
19.61	0.337	0.103	1.58959	0	1.58106	-350.126	0	-348.212	0	0	-3.30597	
19.62	0.337	0.103	-1.58933	0	-1.58132	350.082	0	348.354	0	0	-3.30597	
19.63	0.337	0.103	1.58959	0	1.58106	-350.126	0	-348.212	0	0	-3.30597	
19.64	0.337	0.103	-1.58933	0	-1.58132	350.082	0	348.354	0	0	-3.30597	
19.65	0.337	0.103	1.58959	0	1.58106	-350.126	0	-348.212	0	0	-3.30597	
19.66	0.337	0.103	-1.58933	0	-1.58132	350.082	0	348.354	0	0	-3.30597	
19.67	0.337	0.103	1.58959	0	1.58106	-350.126	0	-348.212	0	0	-3.30597	
19.68	0.337	0.103	-1.58933	0	-1.58132	350.082	0	348.354	0	0	-3.30597	
19.69	0.337	0.103	1.58959	0	1.58106	-350.126	0	-348.212	0	0	-3.30597	
19.7	0.337	0.103	-1.58933	0	-1.58132	350.082	0	348.354	0	0	-3.30597	
19.71	0.337	0.103	1.58959	0	1.58106	-350.126	0	-348.212	0	0	-3.30597	
19.72	0.337	0.103	-1.58933	0	-1.58132	350.082	0	348.354	0	0	-3.30597	
19.73	0.337	0.103	1.58959	0	1.58106	-350.126	0	-348.212	0	0	-3.30597	
19.74	0.337	0.103	-1.58933	0	-1.58132	350.082	0	348.354	0	0	-3.30597	
19.75	0.337	0.103	1.58959	0	1.58106	-350.126	0	-348.212	0	0	-3.30597	
19.76	0.337	0.103	-1.58933	0	-1.58132	350.082	0	348.354	0	0	-3.30597	
19.77	0.337	0.103	1.58959	0	1.58106	-350.126	0	-348.212	0	0	-3.30597	
19.78	0.337	0.103	-1.58933	0	-1.58132	350.082	0	348.354	0	0	-3.30597	
19.79	0.337	0.103	1.58959	0	1.58106	-350.126	0	-348.212	0	0	-3.30597	
19.8	0.337	0.103	-1.58933	0	-1.58132	350.082	0	348.354	0	0	-3.30597	
19.81	0.337	0.103	1.58959	0	1.58106	-350.126	0	-348.212	0	0	-3.30597	
19.82	0.337	0.103	-1.58933	0	-1.58132	350.082	0	348.354	0	0	-3.30597	
19.83	0.337	0.103	1.58959	0	1.58106	-350.126	0	-348.212	0	0	-3.30597	
19.84	0.337	0.103	-1.58933	0	-1.58132	350.082	0	348.354	0	0	-3.30597	
19.85	0.337	0.103	1.58959	0	1.58106	-350.126	0	-348.212	0	0	-3.30597	
19.86	0.337	0.103	-1.58933	0	-1.58132	350.082	0	348.354	0	0	-3.30597	
19.87	0.337	0.103	1.58959	0	1.58106	-350.126	0	-348.212	0	0	-3.30597	
19.88	0.337	0.103	-1.58933	0	-1.58132	350.082	0	348.354	0	0	-3.30597	
19.89	0.337	0.103	1.58959	0	1.58106	-350.126	0	-348.212	0	0	-3.30597	
19.9	0.337	0.103	-1.58933	0	-1.58132	350.082	0	348.354	0	0	-3.30597	
19.91	0.337	0.103	1.58959	0	1.58106	-350.126	0	-348.212	0	0	-3.30597	
19.92	0.337	0.103	-1.58933	0	-1.58132	350.082	0	348.354	0	0	-3.30597	
19.93	0.337	0.103	1.58959	0	1.58106	-350.126	0	-348.212	0	0	-3.30597	
19.94	0.337	0.103	-1.58933	0	-1.58132	350.082	0	348.354	0	0	-3.30597	
19.95	0.337	0.103	1.58959	0	1.58106	-350.126	0	-348.212	0	0	-3.30597	
19.96	0.337	0.103	-1.58933	0	-1.58132	350.082	0	348.354	0	0	-3.30597	
19.97	0.337	0.103	1.58959	0	1.58106	-350.126	0	-348.212	0	0	-3.30597	
19.98	0.337	0.103	-1.58933	0	-1.58132	350.082	0	348.354	0	0	-3.30597	
19.99	0.337	0.103	1.58959	0	1.58106	-350.126	0	-348.212	0	0	-3.30597	
20	0.337	0.103	-1.58933	0	-1.58132	350.082	0	348.354	0	0	-3.30597	
20.01	0.337	0.103	1.58959	0	1.58106	-350.126	0	-348.212	0	0	-3.30597	
20.02	0.337	0.103	-1.58933	0	-1.58132	350.082	0	348.354	0	0	-3.30597	
20.03	0.337	0.103	1.58959	0	1.58106	-350.126	0	-348.212	0	0	-3.30597	
20.04	0.337	0.103	-1.58933	0	-1.58132	350.082	0	348.354	0	0	-3.30597	
20.05	0.337	0.103	1.58959	0	1.58106	-350.126	0	-348.212	0	0	-3.30597	
20.06	0.337	0.103	-1.58933	0	-1.58132	350.082	0	348.354	0	0	-3.30597	
20.07	0.337	0.103	1.58959	0	1.58106	-350.126	0	-348.212	0	0	-3.30597	
20.08	0.337	0.103	-1.58933	0	-1.58132	350.082	0	348.354	0	0	-3.30597	
20.09	0.337	0.103	1.58959	0	1.58106	-350.126	0	-348.212	0	0	-3.30597	
20.1	0.337	0.103	-1.58933	0	-1.58132	350.082	0	348.354	0	0	-3.30597	
20.11	0.337	0.103	1.58959	0	1.58106	-350.126	0	-348.212	0	0	-3.30597	
20.12	0.337	0.103	-1.58933	0	-1.58132	350.082	0	348.354	0	0	-3.30597	
20.13	0.337	0.103	1.58959	0	1.58106	-350.126	0	-348.212	0	0	-3.30597	
20.14	0.337	0.103	-1.58933	0	-1.58132	350.082	0	348.354	0	0	-3.30597	
20.15	0.337	0.103	1.58959	0	1.58106	-350.126	0	-348.212	0	0	-3.30597	
20.16	0.337	0.103	-1.58933	0	-1.58132	350.082	0	348.354	0	0	-3.30597	
20.17	0.337	0.103	1.58959	0	1.58106	-350.126	0	-348.212	0	0	-3.30597	
20.18	0.337	0.103	-1.58933	0	-1.58132	350.082	0	348.354	0	0	-3.30597	
20.19	0.337	0.103	1.58959	0	1.58106	-350.126	0	-348.212	0	0	-3.30597	
20.2	0.337	0.103	-1.58933	0	-1.58132	350.082	0	348.354	0	0	-3.30597	
20.21	0.337	0.103	1.58959	0	1.58106	-350.126	0	-348.212	0	0	-3.30597	
20.22	0.337	0.103	-1.58933	0	-1.58132	350.082	0	348.354	0	0	-3.30597	
20.23	0.337	0.103	1.58959	0	1.58106	-350.126	0	-348.212	0	0	-3.30597	
20.24	0.337	0.103	-1.58933	0	-1.58132	350.082	0	348.354	0	0	-3.30597	
20.25	0.337	0.103	1.58959	0	1.58106	-350.126	0	-348.212	0	0	-3.30597	
20.26	0.337	0.103	-1.58933	0	-1.58132	350.082	0	348.354	0	0	-3.30597	
20.27	0.337	0.103	1.58959	0	1.58106	-350.126	0	-348.212	0	0	-3.30597	
20.28	0.337	0.103	-1.58933	0	-1.58132	350.082	0	348.354	0	0	-3.30597	
20.29	0.337	0.103	1.58959	0	1.58106	-350.126	0	-348.212	0	0	-3.30597	
20.3	0.337	0.103	-1.58933	0	-1.58132	350.082	0	348.354	0	0	-3.30597	
20.31	0.337	0.103	1.58959	0	1.58106	-350.126	0	-348.212	0	0	-3.30597	
20.32	0.337	0.103	-1.58933	0	-1.58132	350.082	0	348.354	0	0	-3.30597	
20.33	0.337	0.103	1.58959	0	1.58106	-350.126	0	-348.212	0	0	-3.30597	
20.34	0.337	0.103	-1.58933	0	-1.58132	350.082	0	348.354	0	0	-3.30597	
20.35	0.337	0.103	1.58959	0	1.58106	-350.126	0	-348.212	0	0	-3.30597	
20.36	0.337	0.103	-1.58933	0	-1.58132	350.082	0	348.354	0	0	-3.30597	
20.37	0.337	0.103	1.58959	0	1.58106	-350.126	0	-348.212	0	0	-3.30597	
20.38	0.337	0.103	-1.58933	0	-1.58132	350.082	0	348.354	0	0	-3.30597	
20.39	0.337	0.103	1.58959	0	1.58106	-350.126	0	-348.212	0	0	-3.30597	
20.4	0.337	0.103	-1.58933	0	-1.58132	350.082	0	348.354	0	0	-3.30597	
20.41	0.337	0.103	1.58959	0	1.58106	-350.126	0	-348.212	0	0	-3.30597	
20.42	0.337	0.103	-1.58933	0	-1.58132	350.082	0	348.354	0	0	-3.30597	
20.43	0.337	0.103	1.58959	0	1.58106	-350.126	0	-348.212	0	0	-3.30597	
20.44	0.337	0.103	-1.58933	0	-1.58132	350.082	0	348.354	0	0	-3.30597	
20.45	0.337	0.103	1.58959	0	1.58106	-350.126	0	-348.212	0	0	-3.30597	
20.46	0.337	0.103	-1.58933	0	-1.58132	350.082	0	348.354	0	0	-3.30597	
20.47	0.337	0.103	1.58959	0	1.58106	-350.126	0	-348.212	0	0	-3.30597	
20.48	0.337	0.103	-1.58933	0	-1.58132	350.082	0	348.354	0	0	-3.30597	
20.49	0.337	0.103	1.58959	0	1.58106	-350.126	0	-348.212	0	0	-3.30597	
20.5	0.337	0.103	-1.58933	0	-1.58132	350.082	0	348.354	0	0	-3.30597	
20.51	0.337	0.103	1.58959	0	1.58106	-350.126	0	-348.212	0	0	-3.30597	
20.52	0.337	0.103	-1.58933	0	-1.58132	350.082	0	348.354	0	0	-3.30597	
20.53	0.337	0.103	1.58959	0	1.58106	-350.126	0	-348.212	0	0	-3.30597	
20.54	0.337	0.103	-1.58933	0	-1.58132	350.082	0	348.354	0	0	-3.30597	
20.55	0.337	0.103	1.58959	0	1.58106	-350.126	0	-348.212	0	0	-3.30597	
20.56	0.337	0.103	-1.58933	0	-1.58132	350.082	0	348.354	0	0	-3.30597	
20.57	0.337	0.103	1.58959	0	1.58106	-350.126	0	-348.212	0	0	-3.30597	
20.58	0.337	0.103	-1.58933	0	-1.58132	350.082	0	348.354	0	0	-3.30597	
20.59	0.337	0.103	1.58959	0	1.58106	-350.126	0	-348.212	0	0	-3.30597	
20.6	0.337	0.103	-1.58933	0	-1.58132	350.082	0	348.354	0	0	-3.30597	
20.61	0.337	0.103	1.58959	0	1.58106	-350.126	0	-348.212	0	0	-3.30597	
20.62	0.337	0.103	-1.58933	0	-1.58132	350.082	0	348.354	0	0	-3.30597	
20.63	0.337	0.103	1.58959	0	1.58106	-350.126	0	-348.212	0	0	-3.30597	
20.64	0.337	0.103	-1.58933	0	-1.58132	350.082	0	348.354	0	0	-3.30597	
20.65	0.337	0.103	1.58959	0	1.58106	-350.126	0	-348.212	0	0	-3.30597	
20.66	0.337	0.103	-1.58933	0	-1.58132	350.082	0	348.354	0	0	-3.30597	
20.67	0.337	0.103	1.58959	0	1.58106	-350.126	0	-348.212	0	0	-3.30597	
20.68	0.337	0.103	-1.58933	0	-1.58132	350.082	0	348.354	0	0	-3.30597	
20.69	0.337	0.103	1.58959	0	1.58106	-350.126	0	-348.212	0	0	-3.30597	
20.7	0.337	0.103	-1.58933	0	-1.58132	350.082	0	348.354	0	0	-3.30597	
20.71	0.337	0.103	1.58959	0	1.58106	-350.126	0	-348.212	0	0	-3.30597	
20.72	0.337	0.103	-1.58933	0	-1.58132	350.082	0	348.354	0	0	-3.30597	
20.73	0.337	0.103	1.58959	0	1.58106	-350.126	0	-348.212	0	0	-3.30597	
20.74	0.337	0.103	-1.58933	0	-1.58132	350.082	0	348.354	0	0	-3.30597	
20.75	0.337	0.103	1.58959	0	1.58106	-350.126	0	-348.212	0	0	-3.30597	
20.76	0.337	0.103	-1.58933	0	-1.58132	350.082	0	348.354	0	0	-3.30597	
20.77	0.337	0.103	1.58959	0	1.58106	-350.126	0	-348.212	0	0	-3.30597	
20.78	0.337	0.103	-1.58933	0	-1.58132	350.082	0	348.354	0	0	-3.30597	
20.79	0.337	0.103	1.58959	0	1.58106	-350.126	0	-348.212	0	0	-3.30597	
20.8	0.337	0.103	-1.58933	0	-1.58132	350.082	0	348.354	0	0	-3.30597	
20.81	0.337	0.103	1.58959	0	1.58106	-350.126	0	-348.212	0	0	-3.30597	
20.82	0.337	0.103	-1.58933	0	-1.58132	350.082	0	348.354	0	0	-3.30597	
20.83	0.337	0.103	1.58959	0	1.58106	-350.126	0	-348.212	0	0	-3.30597	
20.84	0.337	0.103	-1.58933	0	-1.58132	350.082	0	348.354	0	0	-3.30597	
20.85	0.337	0.103	1.58959	0	1.58106	-350.126	0	-348.212	0	0	-3.30597	
20.86	0.337	0.103	-1.58933	0	-1.58132	350.082	0	348.354	0	0	-3.30597	
20.87	0.337	0.103	1.58959	0	1.58106	-350.126	0	-348.212	0	0	-3.30597	
20.88	0.337	0.103	-1.58933	0	-1.58132	350.082	0	348.354	0	0	-3.30597	
20.89	0.337	0.103	1.58959	0	1.58106	-350.126	0	-348.212	0	0	-3.30597	
20.9	0.337	0.103	-1.58933	0	-1.58132	350.082	0	348.354	0	0	-3.30597	
20.91	0.337	0.103	1.58959	0	1.58106	-350.126	0	-348.212	0	0	-3.30597	
20.92	0.337	0.103	-1.58933	0	-1.58132	350.082	0	348.354	0	0	-3.30597	
20.93	0.337	0.103	1.58959	0	1.58106	-350.126	0	-348.212	0	0	-3.30597	
20.94	0.337	0.103	-1.58933	0	-1.58132	350.082	0	348.354	0	0	-3.30597	
20.95	0.337	0.103	1.58959	0	1.58106	-350.126	0	-348.211	0	0	-3.30597	
20.96	0.337	0.103	-1.58933	0	-1.58132	350.082	0	348.354	0	0	-3.30597	
20.97	0.337	0.103	1.58959	0	1.58106	-350.126	0	-348.211	0	0	-3.30597	
20.98	0.337	0.103	-1.58933	0	-1.58132	350.082	0	348.354	0	0	-3.30597	
20.99	0.337	0.103	1.58959	0	1.58106	-350.126	0	-348.211	0	0	-3.30597	
21	0.337	0.103	-1.58933	0	-1.58132	350.082	0	348.354	0	0	-3.30597	
21.01	0.337	0.103	1.58959	0	1.58106	-350.126	0	-348.211	0	0	-3.30597	
21.02	0.337	0.103	-1.58933	0	-1.58132	350.082	0	348.354	0	0	-3.30597	
21.03	0.337	0.103	1.58959	0	1.58106	-350.125	0	-348.211	0	0	-3.30597	
21.04	0.337	0.103	-1.58933	0	-1.58132	350.082	0	348.354	0	0	-3.30597	
21.05	0.337	0.103	1.58959	0	1.58106	-350.125	0	-348.211	0	0	-3.30597	
21.06	0.337	0.103	-1.58933	0	-1.58132	350.082	0	348.354	0	0	-3.30597	
21.07	0.337	0.103	1.58959	0	1.58106	-350.125	0	-348.211	0	0	-3.30597	
21.08	0.337	0.103	-1.58933	0	-1.58132	350.082	0	348.354	0	0	-3.30597	
21.09	0.337	0.103	1.58959	0	1.58106	-350.125	0	-348.211	0	0	-3.30597	
21.1	0.337	0.103	-1.58933	0	-1.58132	350.082	0	348.354	0	0	-3.30597	
21.11	0.337	0.103	1.58959	0	1.58106	-350.125	0	-348.211	0	0	-3.30597	
21.12	0.337	0.103	-1.58933	0	-1.58132	350.082	0	348.354	0	0	-3.30597	
21.13	0.337	0.103	1.58959	0	1.58106	-350.125	0	-348.211	0	0	-3.30597	
21.14	0.337	0.103	-1.58933	0	-1.58132	350.082	0	348.354	0	0	-3.30597	
21.15	0.337	0.103	1.58959	0	1.58106	-350.125	0	-348.211	0	0	-3.30597	
21.16	0.337	0.103	-1.58933	0	-1.58132	350.082	0	348.354	0	0	-3.30597	
21.17	0.337	0.103	1.58959	0	1.58106	-350.125	0	-348.211	0	0	-3.30597	
21.18	0.337	0.103	-1.58933	0	-1.58132	350.082	0	348.354	0	0	-3.30597	
21.19	0.337	0.103	1.58959	0	1.58106	-350.125	0	-348.211	0	0	-3.30597	
21.2	0.337	0.103	-1.58933	0	-1.58132	350.082	0	348.354	0	0	-3.30597	
21.21	0.337	0.103	1.58959	0	1.58106	-350.125	0	-348.211	0	0	-3.30597	
21.22	0.337	0.103	-1.58933	0	-1.58132	350.082	0	348.354	0	0	-3.30597	
21.23	0.337	0.103	1.58959	0	1.58106	-350.125	0	-348.211	0	0	-3.30597	
21.24	0.337	0.103	-1.58933	0	-1.58132	350.082	0	348.354	0	0	-3.30597	
21.25	0.337	0.103	1.58959	0	1.58106	-350.125	0	-348.211	0	0	-3.30597	
21.26	0.337	0.103	-1.58933	0	-1.58132	350.082	0	348.354	0	0	-3.30597	
21.27	0.337	0.103	1.58959	0	1.58106	-350.125	0	-348.211	0	0	-3.30597	
21.28	0.337	0.103	-1.58933	0	-1.58132	350.082	0	348.354	0	0	-3.30597	
21.29	0.337	0.103	1.58959	0	1.58106	-350.125	0	-348.211	0	0	-3.30597	
21.3	0.337	0.103	-1.58933	0	-1.58132	350.082	0	348.354	0	0	-3.30597	
21.31	0.337	0.103	1.58959	0	1.58106	-350.125	0	-348.211	0	0	-3.30597	
21.32	0.337	0.103	-1.58933	0	-1.58132	350.082	0	348.354	0	0	-3.30597	
21.33	0.337	0.103	1.58959	0	1.58106	-350.125	0	-348.211	0	0	-3.30597	
21.34	0.337	0.103	-1.58933	0	-1.58132	350.082	0	348.354	0	0	-3.30597	
21.35	0.337	0.103	1.58959	0	1.58106	-350.125	0	-348.211	0	0	-3.30597	
21.36	0.337	0.103	-1.58933	0	-1.58132	350.082	0	348.354	0	0	-3.30597	
21.37	0.337	0.103	1.58959	0	1.58106	-350.125	0	-348.211	0	0	-3.30597	
21.38	0.337	0.103	-1.58933	0	-1.58132	350.082	0	348.353	0	0	-3.30597	
21.39	0.337	0.103	1.58959	0	1.58106	-350.125	0	-348.211	0	0	-3.30597	
21.4	0.337	0.103	-1.58933	0	-1.58132	350.082	0	348.353	0	0	-3.30597	
21.41	0.337	0.103	1.58959	0	1.58106	-350.125	0	-348.211	0	0	-3.30597	
21.42	0.337	0.103	-1.58933	0	-1.58132	350.082	0	348.353	0	0	-3.30597	
21.43	0.337	0.103	1.58959	0	1.58106	-350.125	0	-348.211	0	0	-3.30597	
21.44	0.337	0.103	-1.58933	0	-1.58132	350.082	0	348.353	0	0	-3.30597	
21.45	0.337	0.103	1.58959	0	1.58106	-350.125	0	-348.211	0	0	-3.30597	
21.46	0.337	0.103	-1.58933	0	-1.58132	350.082	0	348.353	0	0	-3.30597	
21.47	0.337	0.103	1.58959	0	1.58106	-350.125	0	-348.211	0	0	-3.30597	
21.48	0.337	0.103	-1.58933	0	-1.58132	350.082	0	348.353	0	0	-3.30597	
21.49	0.337	0.103	1.58959	0	1.58106	-350.125	0	-348.211	0	0	-3.30597	
21.5	0.337	0.103	-1.58933	0	-1.58132	350.082	0	348.353	0	0	-3.30597	
21.51	0.337	0.103	1.58959	0	1.58106	-350.125	0	-348.211	0	0	-3.30597	
21.52	0.337	0.103	-1.58933	0	-1.58132	350.081	0	348.353	0	0	-3.30597	
21.53	0.337	0.103	1.58959	0	1.58106	-350.125	0	-348.211	0	0	-3.30597	
21.54	0.337	0.103	-1.58933	0	-1.58132	350.081	0	348.353	0	0	-3.30597	
21.55	0.337	0.103	1.58959	0	1.58106	-350.125	0	-348.211	0	0	-3.30597	
21.56	0.337	0.103	-1.58933	0	-1.58132	350.081	0	348.353	0	0	-3.30597	
21.57	0.337	0.103	1.58959	0	1.58106	-350.125	0	-348.211	0	0	-3.30597	
21.58	0.337	0.103	-1.58933	0	-1.58132	350.081	0	348.353	0	0	-3.30597	
21.59	0.337	0.103	1.58959	0	1.58106	-350.125	0	-348.211	0	0	-3.30597	
21.6	0.337	0.103	-1.58933	0	-1.58132	350.081	0	348.353	0	0	-3.30597	
21.61	0.337	0.103	1.58959	0	1.58106	-350.125	0	-348.211	0	0	-3.30597	
21.62	0.337	0.103	-1.58933	0	-1.58132	350.081	0	348.353	0	0	-3.30597	
21.63	0.337	0.103	1.58959	0	1.58106	-350.125	0	-348.211	0	0	-3.30597	
21.64	0.337	0.103	-1.58933	0	-1.58132	350.081	0	348.353	0	0	-3.30597	
21.65	0.337	0.103	1.58959	0	1.58106	-350.125	0	-348.211	0	0	-3.30597	
21.66	0.337	0.103	-1.58933	0	-1.58132	350.081	0	348.353	0	0	-3.30597	
21.67	0.337	0.103	1.58959	0	1.58106	-350.125	0	-348.211	0	0	-3.30597	
21.68	0.337	0.103	-1.58933	0	-1.58132	350.081	0	348.353	0	0	-3.30597	
21.69	0.337	0.103	1.58959	0	1.58106	-350.125	0	-348.211	0	0	-3.30597	
21.7	0.337	0.103	-1.58933	0	-1.58132	350.081	0	348.353	0	0	-3.30597	
21.71	0.337	0.103	1.58959	0	1.58106	-350.125	0	-348.211	0	0	-3.30597	
21.72	0.337	0.103	-1.58933	0	-1.58132	350.081	0	348.353	0	0	-3.30597	
21.73	0.337	0.103	1.58959	0	1.58106	-350.125	0	-348.211	0	0	-3.30597	
21.74	0.337	0.103	-1.58933	0	-1.58132	350.081	0	348.353	0	0	-3.30597	
21.75	0.337	0.103	1.58959	0	1.58106	-350.125	0	-348.211	0	0	-3.30597	
21.76	0.337	0.103	-1.58933	0	-1.58132	350.081	0	348.353	0	0	-3.30597	
21.77	0.337	0.103	1.58959	0	1.58106	-350.125	0	-348.211	0	0	-3.30597	
21.78	0.337	0.103	-1.58933	0	-1.58132	350.081	0	348.353	0	0	-3.30597	
21.79	0.337	0.103	1.58959	0	1.58106	-350.125	0	-348.211	0	0	-3.30597	
21.8	0.337	0.103	-1.58933	0	-1.58132	350.081	0	348.353	0	0	-3.30597	
21.81	0.337	0.103	1.58959	0	1.58106	-350.125	0	-348.211	0	0	-3.30597	
21.82	0.337	0.103	-1.58933	0	-1.58132	350.081	0	348.353	0	0	-3.30597	
21.83	0.337	0.103	1.58959	0	1.58106	-350.125	0	-348.211	0	0	-3.30597	
21.84	0.337	0.103	-1.58933	0	-1.58132	350.081	0	348.353	0	0	-3.30597	
21.85	0.337	0.103	1.58959	0	1.58106	-350.125	0	-348.211	0	0	-3.30597	
21.86	0.337	0.103	-1.58933	0	-1.58132	350.081	0	348.353	0	0	-3.30597	
21.87	0.337	0.103	1.58959	0	1.58106	-350.125	0	-348.211	0	0	-3.30597	
21.88	0.337	0.103	-1.58933	0	-1.58132	350.081	0	348.353	0	0	-3.30597	
21.89	0.337	0.103	1.58959	0	1.58106	-350.125	0	-348.211	0	0	-3.30597	
21.9	0.337	0.103	-1.58933	0	-1.58132	350.081	0	348.353	0	0	-3.30597	
21.91	0.337	0.103	1.58959	0	1.58106	-350.125	0	-348.211	0	0	-3.30597	
21.92	0.337	0.103	-1.58933	0	-1.58132	350.081	0	348.353	0	0	-3.30597	
21.93	0.337	0.103	1.58959	0	1.58106	-350.125	0	-348.211	0	0	-3.30597	
21.94	0.337	0.103	-1.58933	0	-1.58132	350.081	0	348.353	0	0	-3.30597	
21.95	0.337	0.103	1.58959	0	1.58106	-350.125	0	-348.211	0	0	-3.30597	
21.96	0.337	0.103	-1.58933	0	-1.58132	350.081	0	348.353	0	0	-3.30597	
21.97	0.337	0.103	1.58959	0	1.58106	-350.125	0	-348.211	0	0	-3.30597	
21.98	0.337	0.103	-1.58933	0	-1.58132	350.081	0	348.353	0	0	-3.30597	
21.99	0.337	0.103	1.58959	0	1.58106	-350.125	0	-348.211	0	0	-3.30597	
22	0.337	0.103	-1.58933	0	-1.58132	350.081	0	348.353	0	0	-3.30597	
22.01	0.337	0.103	1.58959	0	1.58106	-350.125	0	-348.211	0	0	-3.30597	
22.02	0.337	0.103	-1.58933	0	-1.58132	350.081	0	348.353	0	0	-3.30597	
22.03	0.337	0.103	1.58959	0	1.58106	-350.125	0	-348.211	0	0	-3.30597	
22.04	0.337	0.103	-1.58933	0	-1.58132	350.081	0	348.353	0	0	-3.30597	
22.05	0.337	0.103	1.58959	0	1.58106	-350.125	0	-348.211	0	0	-3.30597	
22.06	0.337	0.103	-1.58933	0	-1.58132	350.081	0	348.353	0	0	-3.30597	
22.07	0.337	0.103	1.58959	0	1.58106	-350.125	0	-348.211	0	0	-3.30597	
22.08	0.337	0.103	-1.58933	0	-1.58132	350.081	0	348.353	0	0	-3.30597	
22.09	0.337	0.103	1.58959	0	1.58106	-350.125	0	-348.211	0	0	-3.30597	
22.1	0.337	0.103	-1.58933	0	-1.58132	350.081	0	348.353	0	0	-3.30597	
22.11	0.337	0.103	1.58959	0	1.58106	-350.125	0	-348.211	0	0	-3.30597	
22.12	0.337	0.103	-1.58933	0	-1.58132	350.081	0	348.353	0	0	-3.30597	
22.13	0.337	0.103	1.58959	0	1.58106	-350.125	0	-348.211	0	0	-3.30597	
22.14	0.337	0.103	-1.58933	0	-1.58132	350.081	0	348.353	0	0	-3.30597	
22.15	0.337	0.103	1.58959	0	1.58106	-350.125	0	-348.211	0	0	-3.30597	
22.16	0.337	0.103	-1.58933	0	-1.58132	350.081	0	348.353	0	0	-3.30597	
22.17	0.337	0.103	1.58959	0	1.58106	-350.125	0	-348.211	0	0	-3.30597	
22.18	0.337	0.103	-1.58933	0	-1.58132	350.081	0	348.353	0	0	-3.30597	
22.19	0.337	0.103	1.58959	0	1.58106	-350.125	0	-348.211	0	0	-3.30597	
22.2	0.337	0.103	-1.58933	0	-1.58132	350.081	0	348.353	0	0	-3.30597	
22.21	0.337	0.103	1.58959	0	1.58106	-350.125	0	-348.211	0	0	-3.30597	
22.22	0.337	0.103	-1.58933	0	-1.58132	350.081	0	348.353	0	0	-3.30597	
22.23	0.337	0.103	1.58959	0	1.58106	-350.125	0	-348.211	0	0	-3.30597	
22.24	0.337	0.103	-1.58933	0	-1.58132	350.081	0	348.353	0	0	-3.30597	
22.25	0.337	0.103	1.58959	0	1.58106	-350.125	0	-348.211	0	0	-3.30597	
22.26	0.337	0.103	-1.58933	0	-1.58132	350.081	0	348.353	0	0	-3.30597	
22.27	0.337	0.103	1.58959	0	1.58106	-350.125	0	-348.211	0	0	-3.30597	
22.28	0.337	0.103	-1.58933	0	-1.58132	350.081	0	348.353	0	0	-3.30597	
22.29	0.337	0.103	1.58959	0	1.58106	-350.125	0	-348.211	0	0	-3.30597	
22.3	0.337	0.103	-1.58933	0	-1.58132	350.081	0	348.353	0	0	-3.30597	
22.31	0.337	0.103	1.58959	0	1.58106	-350.125	0	-348.211	0	0	-3.30597	
22.32	0.337	0.103	-1.58933	0	-1.58132	350.081	0	348.353	0	0	-3.30597	
22.33	0.337	0.103	1.58959	0	1.58106	-350.125	0	-348.211	0	0	-3.30597	
22.34	0.337	0.103	-1.58933	0	-1.58132	350.081	0	348.353	0	0	-3.30597	
22.35	0.337	0.103	1.58959	0	1.58106	-350.125	0	-348.211	0	0	-3.30597	
22.36	0.337	0.103	-1.58933	0	-1.58132	350.081	0	348.353	0	0	-3.30597	
22.37	0.337	0.103	1.58959	0	1.58106	-350.125	0	-348.211	0	0	-3.30597	
22.38	0.337	0.103	-1.58933	0	-1.58132	350.081	0	348.353	0	0	-3.30597	
22.39	0.337	0.103	1.58959	0	1.58106	-350.125	0	-348.211	0	0	-3.30597	
22.4	0.337	0.103	-1.58933	0	-1.58132	350.081	0	348.353	0	0	-3.30597	
22.41	0.337	0.103	1.58959	0	1.58106	-350.125	0	-348.211	0	0	-3.30597	
22.42	0.337	0.103	-1.58933	0	-1.58132	350.081	0	348.353	0	0	-3.30597	
22.43	0.337	0.103	1.58959	0	1.58106	-350.125	0	-348.211	0	0	-3.30597	
22.44	0.337	0.103	-1.58933	0	-1.58132	350.081	0	348.353	0	0	-3.30597	
22.45	0.337	0.103	1.58959	0	1.58106	-350.125	0	-348.211	0	0	-3.30597	
22.46	0.337	0.103	-1.58933	0	-1.58132	350.081	0	348.353	0	0	-3.30597	
22.47	0.337	0.103	1.58959	0	1.58106	-350.125	0	-348.211	0	0	-3.30597	
22.48	0.337	0.103	-1.58933	0	-1.58132	350.081	0	348.353	0	0	-3.30597	
22.49	0.337	0.103	1.58959	0	1.58106	-350.125	0	-348.211	0	0	-3.30597	
22.5	0.337	0.103	-1.58933	0	-1.58132	350.081	0	348.353	0	0	-3.30597	
22.51	0.337	0.103	1.58959	0	1.58106	-350.125	0	-348.211	0	0	-3.30597	
22.52	0.337	0.103	-1.58933	0	-1.58132	350.081	0	348.353	0	0	-3.30597	
22.53	0.337	0.103	1.58959	0	1.58106	-350.125	0	-348.211	0	0	-3.30597	
22.54	0.337	0.103	-1.58933	0	-1.58132	350.081	0	348.353	0	0	-3.30597	
22.55	0.337	0.103	1.58959	0	1.58106	-350.125	0	-348.211	0	0	-3.30597	
22.56	0.337	0.103	-1.58933	0	-1.58132	350.081	0	348.353	0	0	-3.30597	
22.57	0.337	0.103	1.58959	0	1.58106	-350.125	0	-348.211	0	0	-3.30597	
22.58	0.337	0.103	-1.58933	0	-1.58132	350.081	0	348.353	0	0	-3.30597	
22.59	0.337	0.103	1.58959	0	1.58106	-350.125	0	-348.211	0	0	-3.30597	
22.6	0.337	0.103	-1.58933	0	-1.58132	350.081	0	348.353	0	0	-3.30597	
22.61	0.337	0.103	1.58959	0	1.58106	-350.125	0	-348.211	0	0	-3.30597	
22.62	0.337	0.103	-1.58933	0	-1.58132	350.081	0	348.353	0	0	-3.30597	
22.63	0.337	0.103	1.58959	0	1.58106	-350.125	0	-348.211	0	0	-3.30597	
22.64	0.337	0.103	-1.58933	0	-1.58132	350.081	0	348.353	0	0	-3.30597	
22.65	0.337	0.103	1.58959	0	1.58106	-350.125	0	-348.211	0	0	-3.30597	
22.66	0.337	0.103	-1.58933	0	-1.58132	350.081	0	348.353	0	0	-3.30597	
22.67	0.337	0.103	1.58959	0	1.58106	-350.125	0	-348.211	0	0	-3.30597	
22.68	0.337	0.103	-1.58933	0	-1.58132	350.081	0	348.353	0	0	-3.30597	
22.69	0.337	0.103	1.58959	0	1.58106	-350.125	0	-348.211	0	0	-3.30597	
22.7	0.337	0.103	-1.58933	0	-1.58132	350.081	0	348.353	0	0	-3.30597	
22.71	0.337	0.103	1.58959	0	1.58106	-350.125	0	-348.211	0	0	-3.30597	
22.72	0.337	0.103	-1.58933	0	-1.58132	350.081	0	348.353	0	0	-3.30597	
22.73	0.337	0.103	1.58959	0	1.58106	-350.125	0	-348.211	0	0	-3.30597	
22.74	0.337	0.103	-1.58933	0	-1.58132	350.081	0	348.353	0	0	-3.30597	
22.75	0.337	0.103	1.58959	0	1.58106	-350.125	0	-348.211	0	0	-3.30597	
22.76	0.337	0.103	-1.58933	0	-1.58132	350.081	0	348.353	0	0	-3.30597	
22.77	0.337	0.103	1.58959	0	1.58106	-350.125	0	-348.211	0	0	-3.30597	
22.78	0.337	0.103	-1.58933	0	-1.58132	350.081	0	348.353	0	0	-3.30597	
22.79	0.337	0.103	1.58959	0	1.58106	-350.125	0	-348.211	0	0	-3.30597	
22.8	0.337	0.103	-1.58933	0	-1.58132	350.081	0	348.353	0	0	-3.30597	
22.81	0.337	0.103	1.58959	0	1.58106	-350.125	0	-348.211	0	0	-3.30597	
22.82	0.337	0.103	-1.58933	0	-1.58132	350.081	0	348.353	0	0	-3.30597	
22.83	0.337	0.103	1.58959	0	1.58106	-350.125	0	-348.211	0	0	-3.30597	
22.84	0.337	0.103	-1.58933	0	-1.58132	350.081	0	348.353	0	0	-3.30597	
22.85	0.337	0.103	1.58959	0	1.58106	-350.125	0	-348.211	0	0	-3.30597	
22.86	0.337	0.103	-1.58933	0	-1.58132	350.081	0	348.353	0	0	-3.30597	
22.87	0.337	0.103	1.58959	0	1.58106	-350.125	0	-348.211	0	0	-3.30597	
22.88	0.337	0.103	-1.58933	0	-1.58132	350.081	0	348.353	0	0	-3.30597	
22.89	0.337	0.103	1.58959	0	1.58106	-350.125	0	-348.211	0	0	-3.30597	
22.9	0.337	0.103	-1.58933	0	-1.58132	350.081	0	348.353	0	0	-3.30597	
22.91	0.337	0.103	1.58959	0	1.58106	-350.125	0	-348.211	0	0	-3.30597	
22.92	0.337	0.103	-1.58933	0	-1.58132	350.081	0	348.353	0	0	-3.30597	
22.93	0.337	0.103	1.58959	0	1.58106	-350.125	0	-348.211	0	0	-3.30597	
22.94	0.337	0.103	-1.58933	0	-1.58132	350.081	0	348.353	0	0	-3.30597	
22.95	0.337	0.103	1.58959	0	1.58106	-350.125	0	-348.211	0	0	-3.30597	
22.96	0.337	0.103	-1.58933	0	-1.58132	350.081	0	348.353	0	0	-3.30597	
22.97	0.337	0.103	1.58959	0	1.58106	-350.125	0	-348.211	0	0	-3.30597	
22.98	0.337	0.103	-1.58933	0	-1.58132	350.081	0	348.353	0	0	-3.30597	
22.99	0.337	0.103	1.58959	0	1.58106	-350.125	0	-348.211	0	0	-3.30597	
23	0.337	0.103	-1.58933	0	-1.58132	350.081	0	348.353	0	0	-3.30597	
23.01	0.337	0.103	1.58959	0	1.58106	-350.125	0	-348.211	0	0	-3.30597	
23.02	0.337	0.103	-1.58933	0	-1.58132	350.081	0	348.353	0	0	-3.30597	
23.03	0.337	0.103	1.58959	0	1.58106	-350.125	0	-348.211	0	0	-3.30597	
23.04	0.337	0.103	-1.58933	0	-1.58132	350.081	0	348.353	0	0	-3.30597	
23.05	0.337	0.103	1.58959	0	1.58106	-350.125	0	-348.211	0	0	-3.30597	
23.06	0.337	0.103	-1.58933	0	-1.58132	350.081	0	348.353	0	0	-3.30597	
23.07	0.337	0.103	1.58959	0	1.58106	-350.125	0	-348.211	0	0	-3.30597	
23.08	0.337	0.103	-1.58933	0	-1.58132	350.081	0	348.353	0	0	-3.30597	
23.09	0.337	0.103	1.58959	0	1.58106	-350.125	0	-348.211	0	0	-3.30597	
23.1	0.337	0.103	-1.58933	0	-1.58132	350.081	0	348.353	0	0	-3.30597	
23.11	0.337	0.103	1.58959	0	1.58106	-350.125	0	-348.211	0	0	-3.30597	
23.12	0.337	0.103	-1.58933	0	-1.58132	350.081	0	348.353	0	0	-3.30597	
23.13	0.337	0.103	1.58959	0	1.58106	-350.125	0	-348.211	0	0	-3.30597	
23.14	0.337	0.103	-1.58933	0	-1.58132	350.081	0	348.353	0	0	-3.30597	
23.15	0.337	0.103	1.58959	0	1.58106	-350.125	0	-348.211	0	0	-3.30597	
23.16	0.337	0.103	-1.58933	0	-1.58132	350.081	0	348.353	0	0	-3.30597	
23.17	0.337	0.103	1.58959	0	1.58106	-350.125	0	-348.211	0	0	-3.30597	
23.18	0.337	0.103	-1.58933	0	-1.58132	350.081	0	348.353	0	0	-3.30597	
23.19	0.337	0.103	1.58959	0	1.58106	-350.125	0	-348.211	0	0	-3.30597	
23.2	0.337	0.103	-1.58933	0	-1.58132	350.081	0	348.353	0	0	-3.30597	
23.21	0.337	0.103	1.58959	0	1.58106	-350.125	0	-348.211	0	0	-3.30597	
23.22	0.337	0.103	-1.58933	0	-1.58132	350.081	0	348.353	0	0	-3.30597	
23.23	0.337	0.103	1.58959	0	1.58106	-350.125	0	-348.211	0	0	-3.30597	
23.24	0.337	0.103	-1.58933	0	-1.58132	350.081	0	348.353	0	0	-3.30597	
23.25	0.337	0.103	1.58959	0	1.58106	-350.125	0	-348.211	0	0	-3.30597	
23.26	0.337	0.103	-1.58933	0	-1.58132	350.081	0	348.353	0	0	-3.30597	
23.27	0.337	0.103	1.58959	0	1.58106	-350.125	0	-348.211	0	0	-3.30597	
23.28	0.337	0.103	-1.58933	0	-1.58132	350.081	0	348.353	0	0	-3.30597	
23.29	0.337	0.103	1.58959	0	1.58106	-350.125	0	-348.211	0	0	-3.30597	
23.3	0.337	0.103	-1.58933	0	-1.58132	350.081	0	348.353	0	0	-3.30597	
23.31	0.337	0.103	1.58959	0	1.58106	-350.125	0	-348.211	0	0	-3.30597	
23.32	0.337	0.103	-1.58933	0	-1.58132	350.081	0	348.353	0	0	-3.30597	
23.33	0.337	0.103	1.58959	0	1.58106	-350.125	0	-348.211	0	0	-3.30597	
23.34	0.337	0.103	-1.58933	0	-1.58132	350.081	0	348.353	0	0	-3.30597	
23.35	0.337	0.103	1.58959	0	1.58106	-350.125	0	-348.211	0	0	-3.30597	
23.36	0.337	0.103	-1.58933	0	-1.58132	350.081	0	348.353	0	0	-3.30597	
23.37	0.337	0.103	1.58959	0	1.58106	-350.125	0	-348.211	0	0	-3.30597	
23.38	0.337	0.103	-1.58933	0	-1.58132	350.081	0	348.353	0	0	-3.30597	
23.39	0.337	0.103	1.58959	0	1.58106	-350.125	0	-348.211	0	0	-3.30597	
23.4	0.337	0.103	-1.58933	0	-1.58132	350.081	0	348.353	0	0	-3.30597	
23.41	0.337	0.103	1.58959	0	1.58106	-350.125	0	-348.211	0	0	-3.30597	
23.42	0.337	0.103	-1.58933	0	-1.58132	350.081	0	348.353	0	0	-3.30597	
23.43	0.337	0.103	1.58959	0	1.58106	-350.125	0	-348.211	0	0	-3.30597	
23.44	0.337	0.103	-1.58933	0	-1.58132	350.081	0	348.353	0	0	-3.30597	
23.45	0.337	0.103	1.58959	0	1.58106	-350.125	0	-348.211	0	0	-3.30597	
23.46	0.337	0.103	-1.58933	0	-1.58132	350.081	0	348.353	0	0	-3.30597	
23.47	0.337	0.103	1.58959	0	1.58106	-350.125	0	-348.211	0	0	-3.30597	
23.48	0.337	0.103	-1.58933	0	-1.58132	350.081	0	348.353	0	0	-3.30597	
23.49	0.337	0.103	1.58959	0	1.58106	-350.125	0	-348.211	0	0	-3.30597	
23.5	0.337	0.103	-1.58933	0	-1.58132	350.081	0	348.353	0	0	-3.30597	
23.51	0.337	0.103	1.58959	0	1.58106	-350.125	0	-348.211	0	0	-3.30597	
23.52	0.337	0.103	-1.58933	0	-1.58132	350.081	0	348.353	0	0	-3.30597	
23.53	0.337	0.103	1.58959	0	1.58106	-350.125	0	-348.211	0	0	-3.30597	
23.54	0.337	0.103	-1.58933	0	-1.58132	350.081	0	348.353	0	0	-3.30597	
23.55	0.337	0.103	1.58959	0	1.58106	-350.125	0	-348.211	0	0	-3.30597	
23.56	0.337	0.103	-1.58933	0	-1.58132	350.081	0	348.353	0	0	-3.30597	
23.57	0.337	0.103	1.58959	0	1.58106	-350.125	0	-348.211	0	0	-3.30597	
23.58	0.337	0.103	-1.58933	0	-1.58132	350.081	0	348.353	0	0	-3.30597	
23.59	0.337	0.103	1.58959	0	1.58106	-350.125	0	-348.211	0	0	-3.30597	
23.6	0.337	0.103	-1.58933	0	-1.58132	350.081	0	348.353	0	0	-3.30597	
23.61	0.337	0.103	1.58959	0	1.58106	-350.125	0	-348.211	0	0	-3.30597	
23.62	0.337	0.103	-1.58933	0	-1.58132	350.081	0	348.353	0	0	-3.30597	
23.63	0.337	0.103	1.58959	0	1.58106	-350.125	0	-348.211	0	0	-3.30597	
23.64	0.337	0.103	-1.58933	0	-1.58132	350.081	0	348.353	0	0	-3.30597	
23.65	0.337	0.103	1.58959	0	1.58106	-350.125	0	-348.211	0	0	-3.30597	
23.66	0.337	0.103	-1.58933	0	-1.58132	350.081	0	348.353	0	0	-3.30597	
23.67	0.337	0.103	1.58959	0	1.58106	-350.125	0	-348.211	0	0	-3.30597	
23.68	0.337	0.103	-1.58933	0	-1.58132	350.081	0	348.353	0	0	-3.30597	
23.69	0.337	0.103	1.58959	0	1.58106	-350.125	0	-348.211	0	0	-3.30597	
23.7	0.337	0.103	-1.58933	0	-1.58132	350.081	0	348.353	0	0	-3.30597	
23.71	0.337	0.103	1.58959	0	1.58106	-350.125	0	-348.211	0	0	-3.30597	
23.72	0.337	0.103	-1.58933	0	-1.58132	350.081	0	348.353	0	0	-3.30597	
23.73	0.337	0.103	1.58959	0	1.58106	-350.125	0	-348.21	0	0	-3.30597	
23.74	0.337	0.103	-1.58933	0	-1.58132	350.081	0	348.353	0	0	-3.30597	
23.75	0.337	0.103	1.58959	0	1.58106	-350.125	0	-348.21	0	0	-3.30597	
23.76	0.337	0.103	-1.58933	0	-1.58132	350.081	0	348.353	0	0	-3.30597	
23.77	0.337	0.103	1.58959	0	1.58106	-350.125	0	-348.21	0	0	-3.30597	
23.78	0.337	0.103	-1.58933	0	-1.58132	350.081	0	348.353	0	0	-3.30597	
23.79	0.337	0.103	1.58959	0	1.58106	-350.125	0	-348.21	0	0	-3.30597	
23.8	0.337	0.103	-1.58933	0	-1.58132	350.081	0	348.353	0	0	-3.30597	
23.81	0.337	0.103	1.58959	0	1.58106	-350.125	0	-348.21	0	0	-3.30597	
23.82	0.337	0.103	-1.58933	0	-1.58132	350.081	0	348.353	0	0	-3.30597	
23.83	0.337	0.103	1.58959	0	1.58106	-350.124	0	-348.21	0	0	-3.30597	
23.84	0.337	0.103	-1.58933	0	-1.58132	350.081	0	348.353	0	0	-3.30597	
23.85	0.337	0.103	1.58959	0	1.58106	-350.124	0	-348.21	0	0	-3.30597	
23.86	0.337	0.103	-1.58933	0	-1.58132	350.081	0	348.353	0	0	-3.30597	
23.87	0.337	0.103	1.58959	0	1.58106	-350.124	0	-348.21	0	0	-3.30597	
23.88	0.337	0.103	-1.58933	0	-1.58132	350.081	0	348.353	0	0	-3.30597	
23.89	0.337	0.103	1.58959	0	1.58106	-350.124	0	-348.21	0	0	-3.30597	
23.9	0.337	0.103	-1.58933	0	-1.58132	350.081	0	348.353	0	0	-3.30597	
23.91	0.337	0.103	1.58959	0	1.58106	-350.124	0	-348.21	0	0	-3.30597	
23.92	0.337	0.103	-1.58933	0	-1.58132	350.081	0	348.353	0	0	-3.30597	
23.93	0.337	0.103	1.58959	0	1.58106	-350.124	0	-348.21	0	0	-3.30597	
23.94	0.337	0.103	-1.58933	0	-1.58132	350.081	0	348.353	0	0	-3.30597	
23.95	0.337	0.103	1.58959	0	1.58106	-350.124	0	-348.21	0	0	-3.30597	
23.96	0.337	0.103	-1.58933	0	-1.58132	350.081	0	348.353	0	0	-3.30597	
23.97	0.337	0.103	1.58959	0	1.58106	-350.124	0	-348.21	0	0	-3.30597	
23.98	0.337	0.103	-1.58933	0	-1.58132	350.081	0	348.353	0	0	-3.30597	
23.99	0.337	0.103	1.58959	0	1.58106	-350.124	0	-348.21	0	0	-3.30597	
24	0.337	0.103	-1.58933	0	-1.58132	350.081	0	348.353	0	0	-3.30597	
24.01	0.337	0.103	1.58959	0	1.58106	-350.124	0	-348.21	0	0	-3.30597	
24.02	0.337	0.103	-1.58933	0	-1.58132	350.081	0	348.353	0	0	-3.30597	
24.03	0.337	0.103	1.58959	0	1.58106	-350.124	0	-348.21	0	0	-3.30597	
24.04	0.337	0.103	-1.58933	0	-1.58132	350.081	0	348.353	0	0	-3.30597	
24.05	0.337	0.103	1.58959	0	1.58106	-350.124	0	-348.21	0	0	-3.30597	
24.06	0.337	0.103	-1.58933	0	-1.58132	350.081	0	348.353	0	0	-3.30597	
24.07	0.337	0.103	1.58959	0	1.58106	-350.124	0	-348.21	0	0	-3.30597	
24.08	0.337	0.103	-1.58933	0	-1.58132	350.081	0	348.353	0	0	-3.30597	
24.09	0.337	0.103	1.58959	0	1.58106	-350.124	0	-348.21	0	0	-3.30597	
24.1	0.337	0.103	-1.58933	0	-1.58132	350.081	0	348.353	0	0	-3.30597	
24.11	0.337	0.103	1.58959	0	1.58106	-350.124	0	-348.21	0	0	-3.30597	
24.12	0.337	0.103	-1.58933	0	-1.58132	350.081	0	348.353	0	0	-3.30597	
24.13	0.337	0.103	1.58959	0	1.58106	-350.124	0	-348.21	0	0	-3.30597	
24.14	0.337	0.103	-1.58933	0	-1.58132	350.081	0	348.353	0	0	-3.30597	
24.15	0.337	0.103	1.58959	0	1.58106	-350.124	0	-348.21	0	0	-3.30597	
24.16	0.337	0.103	-1.58933	0	-1.58132	350.081	0	348.353	0	0	-3.30597	
24.17	0.337	0.103	1.58959	0	1.58106	-350.124	0	-348.21	0	0	-3.30597	
24.18	0.337	0.103	-1.58933	0	-1.58132	350.081	0	348.352	0	0	-3.30597	
24.19	0.337	0.103	1.58959	0	1.58106	-350.124	0	-348.21	0	0	-3.30597	
24.2	0.337	0.103	-1.58933	0	-1.58132	350.081	0	348.352	0	0	-3.30597	
24.21	0.337	0.103	1.58959	0	1.58106	-350.124	0	-348.21	0	0	-3.30597	
24.22	0.337	0.103	-1.58933	0	-1.58132	350.081	0	348.352	0	0	-3.30597	
24.23	0.337	0.103	1.58959	0	1.58106	-350.124	0	-348.21	0	0	-3.30597	
24.24	0.337	0.103	-1.58933	0	-1.58132	350.081	0	348.352	0	0	-3.30597	
24.25	0.337	0.103	1.58959	0	1.58106	-350.124	0	-348.21	0	0	-3.30597	
24.26	0.337	0.103	-1.58933	0	-1.58132	350.081	0	348.352	0	0	-3.30597	
24.27	0.337	0.103	1.58959	0	1.58106	-350.124	0	-348.21	0	0	-3.30597	
24.28	0.337	0.103	-1.58933	0	-1.58132	350.081	0	348.352	0	0	-3.30597	
24.29	0.337	0.103	1.58959	0	1.58106	-350.124	0	-348.21	0	0	-3.30597	
24.3	0.337	0.103	-1.58933	0	-1.58132	350.08	0	348.352	0	0	-3.30597	
24.31	0.337	0.103	1.58959	0	1.58106	-350.124	0	-348.21	0	0	-3.30597	
24.32	0.337	0.103	-1.58933	0	-1.58132	350.08	0	348.352	0	0	-3.30597	
24.33	0.337	0.103	1.58959	0	1.58106	-350.124	0	-348.21	0	0	-3.30597	
24.34	0.337	0.103	-1.58933	0	-1.58132	350.08	0	348.352	0	0	-3.30597	
24.35	0.337	0.103	1.58959	0	1.58106	-350.124	0	-348.21	0	0	-3.30597	
24.36	0.337	0.103	-1.58933	0	-1.58132	350.08	0	348.352	0	0	-3.30597	
24.37	0.337	0.103	1.58959	0	1.58106	-350.124	0	-348.21	0	0	-3.30597	
24.38	0.337	0.103	-1.58933	0	-1.58132	350.08	0	348.352	0	0	-3.30597	
24.39	0.337	0.103	1.58959	0	1.58106	-350.124	0	-348.21	0	0	-3.30597	
24.4	0.337	0.103	-1.58933	0	-1.58132	350.08	0	348.352	0	0	-3.30597	
24.41	0.337	0.103	1.58959	0	1.58106	-350.124	0	-348.21	0	0	-3.30597	
24.42	0.337	0.103	-1.58933	0	-1.58132	350.08	0	348.352	0	0	-3.30597	
24.43	0.337	0.103	1.58959	0	1.58106	-350.124	0	-348.21	0	0	-3.30597	
24.44	0.337	0.103	-1.58933	0	-1.58132	350.08	0	348.352	0	0	-3.30597	
24.45	0.337	0.103	1.58959	0	1.58106	-350.124	0	-348.21	0	0	-3.30597	
24.46	0.337	0.103	-1.58933	0	-1.58132	350.08	0	348.352	0	0	-3.30597	
24.47	0.337	0.103	1.58959	0	1.58106	-350.124	0	-348.21	0	0	-3.30597	
24.48	0.337	0.103	-1.58933	0	-1.58132	350.08	0	348.352	0	0	-3.30597	
24.49	0.337	0.103	1.58959	0	1.58106	-350.124	0	-348.21	0	0	-3.30597	
24.5	0.337	0.103	-1.58933	0	-1.58132	350.08	0	348.352	0	0	-3.30597	
24.51	0.337	0.103	1.58959	0	1.58106	-350.124	0	-348.21	0	0	-3.30597	
24.52	0.337	0.103	-1.58933	0	-1.58132	350.08	0	348.352	0	0	-3.30597	
24.53	0.337	0.103	1.58959	0	1.58106	-350.124	0	-348.21	0	0	-3.30597	
24.54	0.337	0.103	-1.58933	0	-1.58132	350.08	0	348.352	0	0	-3.30597	
24.55	0.337	0.103	1.58959	0	1.58106	-350.124	0	-348.21	0	0	-3.30597	
24.56	0.337	0.103	-1.58933	0	-1.58132	350.08	0	348.352	0	0	-3.30597	
24.57	0.337	0.103	1.58959	0	1.58106	-350.124	0	-348.21	0	0	-3.30597	
24.58	0.337	0.103	-1.58933	0	-1.58132	350.08	0	348.352	0	0	-3.30597	
24.59	0.337	0.103	1.58959	0	1.58106	-350.124	0	-348.21	0	0	-3.30597	
24.6	0.337	0.103	-1.58933	0	-1.58132	350.08	0	348.352	0	0	-3.30597	
24.61	0.337	0.103	1.58959	0	1.58106	-350.124	0	-348.21	0	0	-3.30597	
24.62	0.337	0.103	-1.58933	0	-1.58132	350.08	0	348.352	0	0	-3.30597	
24.63	0.337	0.103	1.58959	0	1.58106	-350.124	0	-348.21	0	0	-3.30597	
24.64	0.337	0.103	-1.58933	0	-1.58132	350.08	0	348.352	0	0	-3.30597	
24.65	0.337	0.103	1.58959	0	1.58106	-350.124	0	-348.21	0	0	-3.30597	
24.66	0.337	0.103	-1.58933	0	-1.58132	350.08	0	348.352	0	0	-3.30597	
24.67	0.337	0.103	1.58959	0	1.58106	-350.124	0	-348.21	0	0	-3.30597	
24.68	0.337	0.103	-1.58933	0	-1.58132	350.08	0	348.352	0	0	-3.30597	
24.69	0.337	0.103	1.58959	0	1.58106	-350.124	0	-348.21	0	0	-3.30597	
24.7	0.337	0.103	-1.58933	0	-1.58132	350.08	0	348.352	0	0	-3.30597	
24.71	0.337	0.103	1.58959	0	1.58106	-350.124	0	-348.21	0	0	-3.30597	
24.72	0.337	0.103	-1.58933	0	-1.58132	350.08	0	348.352	0	0	-3.30597	
24.73	0.337	0.103	1.58959	0	1.58106	-350.124	0	-348.21	0	0	-3.30597	
24.74	0.337	0.103	-1.58933	0	-1.58132	350.08	0	348.352	0	0	-3.30597	
24.75	0.337	0.103	1.58959	0	1.58106	-350.124	0	-348.21	0	0	-3.30597	
24.76	0.337	0.103	-1.58933	0	-1.58132	350.08	0	348.352	0	0	-3.30597	
24.77	0.337	0.103	1.58959	0	1.58106	-350.124	0	-348.21	0	0	-3.30597	
24.78	0.337	0.103	-1.58933	0	-1.58132	350.08	0	348.352	0	0	-3.30597	
24.79	0.337	0.103	1.58959	0	1.58106	-350.124	0	-348.21	0	0	-3.30597	
24.8	0.337	0.103	-1.58933	0	-1.58132	350.08	0	348.352	0	0	-3.30597	
24.81	0.337	0.103	1.58959	0	1.58106	-350.124	0	-348.21	0	0	-3.30597	
24.82	0.337	0.103	-1.58933	0	-1.58132	350.08	0	348.352	0	0	-3.30597	
24.83	0.337	0.103	1.58959	0	1.58106	-350.124	0	-348.21	0	0	-3.30597	
24.84	0.337	0.103	-1.58933	0	-1.58132	350.08	0	348.352	0	0	-3.30597	
24.85	0.337	0.103	1.58959	0	1.58106	-350.124	0	-348.21	0	0	-3.30597	
24.86	0.337	0.103	-1.58933	0	-1.58132	350.08	0	348.352	0	0	-3.30597	
24.87	0.337	0.103	1.58959	0	1.58106	-350.124	0	-348.21	0	0	-3.30597	
24.88	0.337	0.103	-1.58933	0	-1.58132	350.08	0	348.352	0	0	-3.30597	
24.89	0.337	0.103	1.58959	0	1.58106	-350.124	0	-348.21	0	0	-3.30597	
24.9	0.337	0.103	-1.58933	0	-1.58132	350.08	0	348.352	0	0	-3.30597	
24.91	0.337	0.103	1.58959	0	1.58106	-350.124	0	-348.21	0	0	-3.30597	
24.92	0.337	0.103	-1.58933	0	-1.58132	350.08	0	348.352	0	0	-3.30597	
24.93	0.337	0.103	1.58959	0	1.58106	-350.124	0	-348.21	0	0	-3.30597	
24.94	0.337	0.103	-1.58933	0	-1.58132	350.08	0	348.352	0	0	-3.30597	
24.95	0.337	0.103	1.58959	0	1.58106	-350.124	0	-348.21	0	0	-3.30597	
24.96	0.337	0.103	-1.58933	0	-1.58132	350.08	0	348.352	0	0	-3.30597	
24.97	0.337	0.103	1.58959	0	1.58106	-350.124	0	-348.21	0	0	-3.30597	
24.98	0.337	0.103	-1.58933	0	-1.58132	350.08	0	348.352	0	0	-3.30597	
24.99	0.337	0.103	1.58959	0	1.58106	-350.124	0	-348.21	0	0	-3.30597	
25	0.337	0.103	-1.58933	0	-1.58132	350.08	0	348.352	0	0	-3.30597	
25.01	0.337	0.103	1.58959	0	1.58106	-350.124	0	-348.21	0	0	-3.30597	
25.02	0.337	0.103	-1.58933	0	-1.58132	350.08	0	348.352	0	0	-3.30597	
25.03	0.337	0.103	1.58959	0	1.58106	-350.124	0	-348.21	0	0	-3.30597	
25.04	0.337	0.103	-1.58933	0	-1.58132	350.08	0	348.352	0	0	-3.30597	
25.05	0.337	0.103	1.58959	0	1.58106	-350.124	0	-348.21	0	0	-3.30597	
25.06	0.337	0.103	-1.58933	0	-1.58132	350.08	0	348.352	0	0	-3.30597	
25.07	0.337	0.103	1.58959	0	1.58106	-350.124	0	-348.21	0	0	-3.30597	
25.08	0.337	0.103	-1.58933	0	-1.58132	350.08	0	348.352	0	0	-3.30597	
25.09	0.337	0.103	1.58959	0	1.58106	-350.124	0	-348.21	0	0	-3.30597	
25.1	0.337	0.103	-1.58933	0	-1.58132	350.08	0	348.352	0	0	-3.30597	
25.11	0.337	0.103	1.58959	0	1.58106	-350.124	0	-348.21	0	0	-3.30597	
25.12	0.337	0.103	-1.58933	0	-1.58132	350.08	0	348.352	0	0	-3.30597	
25.13	0.337	0.103	1.58959	0	1.58106	-350.124	0	-348.21	0	0	-3.30597	
25.14	0.337	0.103	-1.58933	0	-1.58132	350.08	0	348.352	0	0	-3.30597	
25.15	0.337	0.103	1.58959	0	1.58106	-350.124	0	-348.21	0	0	-3.30597	
25.16	0.337	0.103	-1.58933	0	-1.58132	350.08	0	348.352	0	0	-3.30597	
25.17	0.337	0.103	1.58959	0	1.58106	-350.124	0	-348.21	0	0	-3.30597	
25.18	0.337	0.103	-1.58933	0	-1.58132	350.08	0	348.352	0	0	-3.30597	
25.19	0.337	0.103	1.58959	0	1.58106	-350.124	0	-348.21	0	0	-3.30597	
25.2	0.337	0.103	-1.58933	0	-1.58132	350.08	0	348.352	0	0	-3.30597	
25.21	0.337	0.103	1.58959	0	1.58106	-350.124	0	-348.21	0	0	-3.30597	
25.22	0.337	0.103	-1.58933	0	-1.58132	350.08	0	348.352	0	0	-3.30597	
25.23	0.337	0.103	1.58959	0	1.58106	-350.124	0	-348.21	0	0	-3.30597	
25.24	0.337	0.103	-1.58933	0	-1.58132	350.08	0	348.352	0	0	-3.30597	
25.25	0.337	0.103	1.58959	0	1.58106	-350.124	0	-348.21	0	0	-3.30597	
25.26	0.337	0.103	-1.58933	0	-1.58132	350.08	0	348.352	0	0	-3.30597	
25.27	0.337	0.103	1.58959	0	1.58106	-350.124	0	-348.21	0	0	-3.30597	
25.28	0.337	0.103	-1.58933	0	-1.58132	350.08	0	348.352	0	0	-3.30597	
25.29	0.337	0.103	1.58959	0	1.58106	-350.124	0	-348.21	0	0	-3.30597	
25.3	0.337	0.103	-1.58933	0	-1.58132	350.08	0	348.352	0	0	-3.30597	
25.31	0.337	0.103	1.58959	0	1.58106	-350.124	0	-348.21	0	0	-3.30597	
25.32	0.337	0.103	-1.58933	0	-1.58132	350.08	0	348.352	0	0	-3.30597	
25.33	0.337	0.103	1.58959	0	1.58106	-350.124	0	-348.21	0	0	-3.30597	
25.34	0.337	0.103	-1.58933	0	-1.58132	350.08	0	348.352	0	0	-3.30597	
25.35	0.337	0.103	1.58959	0	1.58106	-350.124	0	-348.21	0	0	-3.30597	
25.36	0.337	0.103	-1.58933	0	-1.58132	350.08	0	348.352	0	0	-3.30597	
25.37	0.337	0.103	1.58959	0	1.58106	-350.124	0	-348.21	0	0	-3.30597	
25.38	0.337	0.103	-1.58933	0	-1.58132	350.08	0	348.352	0	0	-3.30597	
25.39	0.337	0.103	1.58959	0	1.58106	-350.124	0	-348.21	0	0	-3.30597	
25.4	0.337	0.103	-1.58933	0	-1.58132	350.08	0	348.352	0	0	-3.30597	
25.41	0.337	0.103	1.58959	0	1.58106	-350.124	0	-348.21	0	0	-3.30597	
25.42	0.337	0.103	-1.58933	0	-1.58132	350.08	0	348.352	0	0	-3.30597	
25.43	0.337	0.103	1.58959	0	1.58106	-350.124	0	-348.21	0	0	-3.30597	
25.44	0.337	0.103	-1.58933	0	-1.58132	350.08	0	348.352	0	0	-3.30597	
25.45	0.337	0.103	1.58959	0	1.58106	-350.124	0	-348.21	0	0	-3.30597	
25.46	0.337	0.103	-1.58933	0	-1.58132	350.08	0	348.352	0	0	-3.30597	
25.47	0.337	0.103	1.58959	0	1.58106	-350.124	0	-348.21	0	0	-3.30597	
25.48	0.337	0.103	-1.58933	0	-1.58132	350.08	0	348.352	0	0	-3.30597	
25.49	0.337	0.103	1.58959	0	1.58106	-350.124	0	-348.21	0	0	-3.30597	
25.5	0.337	0.103	-1.58933	0	-1.58132	350.08	0	348.352	0	0	-3.30597	
25.51	0.337	0.103	1.58959	0	1.58106	-350.124	0	-348.21	0	0	-3.30597	
25.52	0.337	0.103	-1.58933	0	-1.58132	350.08	0	348.352	0	0	-3.30597	
25.53	0.337	0.103	1.58959	0	1.58106	-350.124	0	-348.21	0	0	-3.30597	
25.54	0.337	0.103	-1.58933	0	-1.58132	350.08	0	348.352	0	0	-3.30597	
25.55	0.337	0.103	1.58959	0	1.58106	-350.124	0	-348.21	0	0	-3.30597	
25.56	0.337	0.103	-1.58933	0	-1.58132	350.08	0	348.352	0	0	-3.30597	
25.57	0.337	0.103	1.58959	0	1.58106	-350.124	0	-348.21	0	0	-3.30597	
25.58	0.337	0.103	-1.58933	0	-1.58132	350.08	0	348.352	0	0	-3.30597	
25.59	0.337	0.103	1.58959	0	1.58106	-350.124	0	-348.21	0	0	-3.30597	
25.6	0.337	0.103	-1.58933	0	-1.58132	350.08	0	348.352	0	0	-3.30597	
25.61	0.337	0.103	1.58959	0	1.58106	-350.124	0	-348.21	0	0	-3.30597	
25.62	0.337	0.103	-1.58933	0	-1.58132	350.08	0	348.352	0	0	-3.30597	
25.63	0.337	0.103	1.58959	0	1.58106	-350.124	0	-348.21	0	0	-3.30597	
25.64	0.337	0.103	-1.58933	0	-1.58132	350.08	0	348.352	0	0	-3.30597	
25.65	0.337	0.103	1.58959	0	1.58106	-350.124	0	-348.21	0	0	-3.30597	
25.66	0.337	0.103	-1.58933	0	-1.58132	350.08	0	348.352	0	0	-3.30597	
25.67	0.337	0.103	1.58959	0	1.58106	-350.124	0	-348.21	0	0	-3.30597	
25.68	0.337	0.103	-1.58933	0	-1.58132	350.08	0	348.352	0	0	-3.30597	
25.69	0.337	0.103	1.58959	0	1.58106	-350.124	0	-348.21	0	0	-3.30597	
25.7	0.337	0.103	-1.58933	0	-1.58132	350.08	0	348.352	0	0	-3.30597	
25.71	0.337	0.103	1.58959	0	1.58106	-350.124	0	-348.21	0	0	-3.30597	
25.72	0.337	0.103	-1.58933	0	-1.58132	350.08	0	348.352	0	0	-3.30597	
25.73	0.337	0.103	1.58959	0	1.58106	-350.124	0	-348.21	0	0	-3.30597	
25.74	0.337	0.103	-1.58933	0	-1.58132	350.08	0	348.352	0	0	-3.30597	
25.75	0.337	0.103	1.58959	0	1.58106	-350.124	0	-348.21	0	0	-3.30597	
25.76	0.337	0.103	-1.58933	0	-1.58132	350.08	0	348.352	0	0	-3.30597	
25.77	0.337	0.103	1.58959	0	1.58106	-350.124	0	-348.21	0	0	-3.30597	
25.78	0.337	0.103	-1.58933	0	-1.58132	350.08	0	348.352	0	0	-3.30597	
25.79	0.337	0.103	1.58959	0	1.58106	-350.124	0	-348.21	0	0	-3.30597	
25.8	0.337	0.103	-1.58933	0	-1.58132	350.08	0	348.352	0	0	-3.30597	
25.81	0.337	0.103	1.58959	0	1.58106	-350.124	0	-348.21	0	0	-3.30597	
25.82	0.337	0.103	-1.58933	0	-1.58132	350.08	0	348.352	0	0	-3.30597	
25.83	0.337	0.103	1.58959	0	1.58106	-350.124	0	-348.21	0	0	-3.30597	
25.84	0.337	0.103	-1.58933	0	-1.58132	350.08	0	348.352	0	0	-3.30597	
25.85	0.337	0.103	1.58959	0	1.58106	-350.124	0	-348.21	0	0	-3.30597	
25.86	0.337	0.103	-1.58933	0	-1.58132	350.08	0	348.352	0	0	-3.30597	
25.87	0.337	0.103	1.58959	0	1.58106	-350.124	0	-348.21	0	0	-3.30597	
25.88	0.337	0.103	-1.58933	0	-1.58132	350.08	0	348.352	0	0	-3.30597	
25.89	0.337	0.103	1.58959	0	1.58106	-350.124	0	-348.21	0	0	-3.30597	
25.9	0.337	0.103	-1.58933	0	-1.58132	350.08	0	348.352	0	0	-3.30597	
25.91	0.337	0.103	1.58959	0	1.58106	-350.124	0	-348.21	0	0	-3.30597	
25.92	0.337	0.103	-1.58933	0	-1.58132	350.08	0	348.352	0	0	-3.30597	
25.93	0.337	0.103	1.58959	0	1.58106	-350.124	0	-348.21	0	0	-3.30597	
25.94	0.337	0.103	-1.58933	0	-1.58132	350.08	0	348.352	0	0	-3.30597	
25.95	0.337	0.103	1.58959	0	1.58106	-350.124	0	-348.21	0	0	-3.30597	
25.96	0.337	0.103	-1.58933	0	-1.58132	350.08	0	348.352	0	0	-3.30597	
25.97	0.337	0.103	1.58959	0	1.58106	-350.124	0	-348.21	0	0	-3.30597	
25.98	0.337	0.103	-1.58933	0	-1.58132	350.08	0	348.352	0	0	-3.30597	
25.99	0.337	0.103	1.58959	0	1.58106	-350.124	0	-348.21	0	0	-3.30597	
26	0.337	0.103	-1.58933	0	-1.58132	350.08	0	348.352	0	0	-3.30597	
26.01	0.337	0.103	1.58959	0	1.58106	-350.124	0	-348.21	0	0	-3.30597	
26.02	0.337	0.103	-1.58933	0	-1.58132	350.08	0	348.352	0	0	-3.30597	
26.03	0.337	0.103	1.58959	0	1.58106	-350.124	0	-348.21	0	0	-3.30597	
26.04	0.337	0.103	-1.58933	0	-1.58132	350.08	0	348.352	0	0	-3.30597	
26.05	0.337	0.103	1.58959	0	1.58106	-350.124	0	-348.21	0	0	-3.30597	
26.06	0.337	0.103	-1.58933	0	-1.58132	350.08	0	348.352	0	0	-3.30597	
26.07	0.337	0.103	1.58959	0	1.58106	-350.124	0	-348.21	0	0	-3.30597	
26.08	0.337	0.103	-1.58933	0	-1.58132	350.08	0	348.352	0	0	-3.30597	
26.09	0.337	0.103	1.58959	0	1.58106	-350.124	0	-348.21	0	0	-3.30597	
26.1	0.337	0.103	-1.58933	0	-1.58132	350.08	0	348.352	0	0	-3.30597	
26.11	0.337	0.103	1.58959	0	1.58106	-350.124	0	-348.21	0	0	-3.30597	
26.12	0.337	0.103	-1.58933	0	-1.58132	350.08	0	348.352	0	0	-3.30597	
26.13	0.337	0.103	1.58959	0	1.58106	-350.124	0	-348.21	0	0	-3.30597	
26.14	0.337	0.103	-1.58933	0	-1.58132	350.08	0	348.352	0	0	-3.30597	
26.15	0.337	0.103	1.58959	0	1.58106	-350.124	0	-348.21	0	0	-3.30597	
26.16	0.337	0.103	-1.58933	0	-1.58132	350.08	0	348.352	0	0	-3.30597	
26.17	0.337	0.103	1.58959	0	1.58106	-350.124	0	-348.21	0	0	-3.30597	
26.18	0.337	0.103	-1.58933	0	-1.58132	350.08	0	348.352	0	0	-3.30597	
26.19	0.337	0.103	1.58959	0	1.58106	-350.124	0	-348.21	0	0	-3.30597	
26.2	0.337	0.103	-1.58933	0	-1.58132	350.08	0	348.352	0	0	-3.30597	
26.21	0.337	0.103	1.58959	0	1.58106	-350.124	0	-348.21	0	0	-3.30597	
26.22	0.337	0.103	-1.58933	0	-1.58132	350.08	0	348.352	0	0	-3.30597	
26.23	0.337	0.103	1.58959	0	1.58106	-350.124	0	-348.21	0	0	-3.30597	
26.24	0.337	0.103	-1.58933	0	-1.58132	350.08	0	348.352	0	0	-3.30597	
26.25	0.337	0.103	1.58959	0	1.58106	-350.124	0	-348.21	0	0	-3.30597	
26.26	0.337	0.103	-1.58933	0	-1.58132	350.08	0	348.352	0	0	-3.30597	
26.27	0.337	0.103	1.58959	0	1.58106	-350.124	0	-348.21	0	0	-3.30597	
26.28	0.337	0.103	-1.58933	0	-1.58132	350.08	0	348.352	0	0	-3.30597	
26.29	0.337	0.103	1.58959	0	1.58106	-350.124	0	-348.21	0	0	-3.30597	
26.3	0.337	0.103	-1.58933	0	-1.58132	350.08	0	348.352	0	0	-3.30597	
26.31	0.337	0.103	1.58959	0	1.58106	-350.124	0	-348.21	0	0	-3.30597	
26.32	0.337	0.103	-1.58933	0	-1.58132	350.08	0	348.352	0	0	-3.30597	
26.33	0.337	0.103	1.58959	0	1.58106	-350.124	0	-348.21	0	0	-3.30597	
26.34	0.337	0.103	-1.58933	0	-1.58132	350.08	0	348.352	0	0	-3.30597	
26.35	0.337	0.103	1.58959	0	1.58106	-350.124	0	-348.21	0	0	-3.30597	
26.36	0.337	0.103	-1.58933	0	-1.58132	350.08	0	348.352	0	0	-3.30597	
26.37	0.337	0.103	1.58959	0	1.58106	-350.124	0	-348.21	0	0	-3.30597	
26.38	0.337	0.103	-1.58933	0	-1.58132	350.08	0	348.352	0	0	-3.30597	
26.39	0.337	0.103	1.58959	0	1.58106	-350.124	0	-348.21	0	0	-3.30597	
26.4	0.337	0.103	-1.58933	0	-1.58132	350.08	0	348.352	0	0	-3.30597	
26.41	0.337	0.103	1.58959	0	1.58106	-350.124	0	-348.21	0	0	-3.30597	
26.42	0.337	0.103	-1.58933	0	-1.58132	350.08	0	348.352	0	0	-3.30597	
26.43	0.337	0.103	1.58959	0	1.58106	-350.124	0	-348.21	0	0	-3.30597	
26.44	0.337	0.103	-1.58933	0	-1.58132	350.08	0	348.352	0	0	-3.30597	
26.45	0.337	0.103	1.58959	0	1.58106	-350.124	0	-348.21	0	0	-3.30597	
26.46	0.337	0.103	-1.58933	0	-1.58132	350.08	0	348.352	0	0	-3.30597	
26.47	0.337	0.103	1.58959	0	1.58106	-350.124	0	-348.21	0	0	-3.30597	
26.48	0.337	0.103	-1.58933	0	-1.58132	350.08	0	348.352	0	0	-3.30597	
26.49	0.337	0.103	1.58959	0	1.58106	-350.124	0	-348.21	0	0	-3.30597	
26.5	0.337	0.103	-1.58933	0	-1.58132	350.08	0	348.352	0	0	-3.30597	
26.51	0.337	0.103	1.58959	0	1.58106	-350.124	0	-348.21	0	0	-3.30597	
26.52	0.337	0.103	-1.58933	0	-1.58132	350.08	0	348.352	0	0	-3.30597	
26.53	0.337	0.103	1.58959	0	1.58106	-350.124	0	-348.209	0	0	-3.30597	
26.54	0.337	0.103	-1.58933	0	-1.58132	350.08	0	348.352	0	0	-3.30597	
26.55	0.337	0.103	1.58959	0	1.58106	-350.124	0	-348.209	0	0	-3.30597	
26.56	0.337	0.103	-1.58933	0	-1.58132	350.08	0	348.352	0	0	-3.30597	
26.57	0.337	0.103	1.58959	0	1.58106	-350.124	0	-348.209	0	0	-3.30597	
26.58	0.337	0.103	-1.58933	0	-1.58132	350.08	0	348.352	0	0	-3.30597	
26.59	0.337	0.103	1.58959	0	1.58106	-350.124	0	-348.209	0	0	-3.30597	
26.6	0.337	0.103	-1.58933	0	-1.58132	350.08	0	348.352	0	0	-3.30597	
26.61	0.337	0.103	1.58959	0	1.58106	-350.123	0	-348.209	0	0	-3.30597	
26.62	0.337	0.103	-1.58933	0	-1.58132	350.08	0	348.352	0	0	-3.30597	
26.63	0.337	0.103	1.58959	0	1.58106	-350.123	0	-348.209	0	0	-3.30597	
26.64	0.337	0.103	-1.58933	0	-1.58132	350.08	0	348.352	0	0	-3.30597	
26.65	0.337	0.103	1.58959	0	1.58106	-350.123	0	-348.209	0	0	-3.30597	
26.66	0.337	0.103	-1.58933	0	-1.58132	350.08	0	348.352	0	0	-3.30597	
26.67	0.337	0.103	1.58959	0	1.58106	-350.123	0	-348.209	0	0	-3.30597	
26.68	0.337	0.103	-1.58933	0	-1.58132	350.08	0	348.352	0	0	-3.30597	
26.69	0.337	0.103	1.58959	0	1.58106	-350.123	0	-348.209	0	0	-3.30597	
26.7	0.337	0.103	-1.58933	0	-1.58132	350.08	0	348.352	0	0	-3.30597	
26.71	0.337	0.103	1.58959	0	1.58106	-350.123	0	-348.209	0	0	-3.30597	
26.72	0.337	0.103	-1.58933	0	-1.58132	350.08	0	348.352	0	0	-3.30597	
26.73	0.337	0.103	1.58959	0	1.58106	-350.123	0	-348.209	0	0	-3.30597	
26.74	0.337	0.103	-1.58933	0	-1.58132	350.08	0	348.352	0	0	-3.30597	
26.75	0.337	0.103	1.58959	0	1.58106	-350.123	0	-348.209	0	0	-3.30597	
26.76	0.337	0.103	-1.58933	0	-1.58132	350.08	0	348.352	0	0	-3.30597	
26.77	0.337	0.103	1.58959	0	1.58106	-350.123	0	-348.209	0	0	-3.30597	
26.78	0.337	0.103	-1.58933	0	-1.58132	350.08	0	348.352	0	0	-3.30597	
26.79	0.337	0.103	1.58959	0	1.58106	-350.123	0	-348.209	0	0	-3.30597	
26.8	0.337	0.103	-1.58933	0	-1.58132	350.08	0	348.352	0	0	-3.30597	
26.81	0.337	0.103	1.58959	0	1.58106	-350.123	0	-348.209	0	0	-3.30597	
26.82	0.337	0.103	-1.58933	0	-1.58132	350.08	0	348.352	0	0	-3.30597	
26.83	0.337	0.103	1.58959	0	1.58106	-350.123	0	-348.209	0	0	-3.30597	
26.84	0.337	0.103	-1.58933	0	-1.58132	350.08	0	348.352	0	0	-3.30597	
26.85	0.337	0.103	1.58959	0	1.58106	-350.123	0	-348.209	0	0	-3.30597	
26.86	0.337	0.103	-1.58933	0	-1.58132	350.08	0	348.352	0	0	-3.30597	
26.87	0.337	0.103	1.58959	0	1.58106	-350.123	0	-348.209	0	0	-3.30597	
26.88	0.337	0.103	-1.58933	0	-1.58132	350.08	0	348.352	0	0	-3.30597	
26.89	0.337	0.103	1.58959	0	1.58106	-350.123	0	-348.209	0	0	-3.30597	
26.9	0.337	0.103	-1.58933	0	-1.58132	350.08	0	348.352	0	0	-3.30597	
26.91	0.337	0.103	1.58959	0	1.58106	-350.123	0	-348.209	0	0	-3.30597	
26.92	0.337	0.103	-1.58933	0	-1.58132	350.08	0	348.352	0	0	-3.30597	
26.93	0.337	0.103	1.58959	0	1.58106	-350.123	0	-348.209	0	0	-3.30597	
26.94	0.337	0.103	-1.58933	0	-1.58132	350.08	0	348.352	0	0	-3.30597	
26.95	0.337	0.103	1.58959	0	1.58106	-350.123	0	-348.209	0	0	-3.30597	
26.96	0.337	0.103	-1.58933	0	-1.58132	350.08	0	348.352	0	0	-3.30597	
26.97	0.337	0.103	1.58959	0	1.58106	-350.123	0	-348.209	0	0	-3.30597	
26.98	0.337	0.103	-1.58933	0	-1.58132	350.08	0	348.351	0	0	-3.30597	
26.99	0.337	0.103	1.58959	0	1.58106	-350.123	0	-348.209	0	0	-3.30597	
27	0.337	0.103	-1.58933	0	-1.58132	350.08	0	348.351	0	0	-3.30597	
27.01	0.337	0.103	1.58959	0	1.58106	-350.123	0	-348.209	0	0	-3.30597	
27.02	0.337	0.103	-1.58933	0	-1.58132	350.08	0	348.351	0	0	-3.30597	
27.03	0.337	0.103	1.58959	0	1.58106	-350.123	0	-348.209	0	0	-3.30597	
27.04	0.337	0.103	-1.58933	0	-1.58132	350.08	0	348.351	0	0	-3.30597	
27.05	0.337	0.103	1.58959	0	1.58106	-350.123	0	-348.209	0	0	-3.30597	
27.06	0.337	0.103	-1.58933	0	-1.58132	350.08	0	348.351	0	0	-3.30597	
27.07	0.337	0.103	1.58959	0	1.58106	-350.123	0	-348.209	0	0	-3.30597	
27.08	0.337	0.103	-1.58933	0	-1.58132	350.08	0	348.351	0	0	-3.30597	
27.09	0.337	0.103	1.58959	0	1.58106	-350.123	0	-348.209	0	0	-3.30597	
27.1	0.337	0.103	-1.58933	0	-1.58132	350.079	0	348.351	0	0	-3.30597	
27.11	0.337	0.103	1.58959	0	1.58106	-350.123	0	-348.209	0	0	-3.30597	
27.12	0.337	0.103	-1.58933	0	-1.58132	350.079	0	348.351	0	0	-3.30597	
27.13	0.337	0.103	1.58959	0	1.58106	-350.123	0	-348.209	0	0	-3.30597	
27.14	0.337	0.103	-1.58933	0	-1.58132	350.079	0	348.351	0	0	-3.30597	
27.15	0.337	0.103	1.58959	0	1.58106	-350.123	0	-348.209	0	0	-3.30597	
27.16	0.337	0.103	-1.58933	0	-1.58132	350.079	0	348.351	0	0	-3.30597	
27.17	0.337	0.103	1.58959	0	1.58106	-350.123	0	-348.209	0	0	-3.30597	
27.18	0.337	0.103	-1.58933	0	-1.58132	350.079	0	348.351	0	0	-3.30597	
27.19	0.337	0.103	1.58959	0	1.58106	-350.123	0	-348.209	0	0	-3.30597	
27.2	0.337	0.103	-1.58933	0	-1.58132	350.079	0	348.351	0	0	-3.30597	
27.21	0.337	0.103	1.58959	0	1.58106	-350.123	0	-348.209	0	0	-3.30597	
27.22	0.337	0.103	-1.58933	0	-1.58132	350.079	0	348.351	0	0	-3.30597	
27.23	0.337	0.103	1.58959	0	1.58106	-350.123	0	-348.209	0	0	-3.30597	
27.24	0.337	0.103	-1.58933	0	-1.58132	350.079	0	348.351	0	0	-3.30597	
27.25	0.337	0.103	1.58959	0	1.58106	-350.123	0	-348.209	0	0	-3.30597	
27.26	0.337	0.103	-1.58933	0	-1.58132	350.079	0	348.351	0	0	-3.30597	
27.27	0.337	0.103	1.58959	0	1.58106	-350.123	0	-348.209	0	0	-3.30597	
27.28	0.337	0.103	-1.58933	0	-1.58132	350.079	0	348.351	0	0	-3.30597	
27.29	0.337	0.103	1.58959	0	1.58106	-350.123	0	-348.209	0	0	-3.30597	
27.3	0.337	0.103	-1.58933	0	-1.58132	350.079	0	348.351	0	0	-3.30597	
27.31	0.337	0.103	1.58959	0	1.58106	-350.123	0	-348.209	0	0	-3.30597	
27.32	0.337	0.103	-1.58933	0	-1.58132	350.079	0	348.351	0	0	-3.30597	
27.33	0.337	0.103	1.58959	0	1.58106	-350.123	0	-348.209	0	0	-3.30597	
27.34	0.337	0.103	-1.58933	0	-1.58132	350.079	0	348.351	0	0	-3.30597	
27.35	0.337	0.103	1.58959	0	1.58106	-350.123	0	-348.209	0	0	-3.30597	
27.36	0.337	0.103	-1.58933	0	-1.58132	350.079	0	348.351	0	0	-3.30597	
27.37	0.337	0.103	1.58959	0	1.58106	-350.123	0	-348.209	0	0	-3.30597	
27.38	0.337	0.103	-1.58933	0	-1.58132	350.079	0	348.351	0	0	-3.30597	
27.39	0.337	0.103	1.58959	0	1.58106	-350.123	0	-348.209	0	0	-3.30597	
27.4	0.337	0.103	-1.58933	0	-1.58132	350.079	0	348.351	0	0	-3.30597	
27.41	0.337	0.103	1.58959	0	1.58106	-350.123	0	-348.209	0	0	-3.30597	
27.42	0.337	0.103	-1.58933	0	-1.58132	350.079	0	348.351	0	0	-3.30597	
27.43	0.337	0.103	1.58959	0	1.58106	-350.123	0	-348.209	0	0	-3.30597	
27.44	0.337	0.103	-1.58933	0	-1.58132	350.079	0	348.351	0	0	-3.30597	
27.45	0.337	0.103	1.58959	0	1.58106	-350.123	0	-348.209	0	0	-3.30597	
27.46	0.337	0.103	-1.58933	0	-1.58132	350.079	0	348.351	0	0	-3.30597	
27.47	0.337	0.103	1.58959	0	1.58106	-350.123	0	-348.209	0	0	-3.30597	
27.48	0.337	0.103	-1.58933	0	-1.58132	350.079	0	348.351	0	0	-3.30597	
27.49	0.337	0.103	1.58959	0	1.58106	-350.123	0	-348.209	0	0	-3.30597	
27.5	0.337	0.103	-1.58933	0	-1.58132	350.079	0	348.351	0	0	-3.30597	
27.51	0.337	0.103	1.58959	0	1.58106	-350.123	0	-348.209	0	0	-3.30597	
27.52	0.337	0.103	-1.58933	0	-1.58132	350.079	0	348.351	0	0	-3.30597	
27.53	0.337	0.103	1.58959	0	1.58106	-350.123	0	-348.209	0	0	-3.30597	
27.54	0.337	0.103	-1.58933	0	-1.58132	350.079	0	348.351	0	0	-3.30597	
27.55	0.337	0.103	1.58959	0	1.58106	-350.123	0	-348.209	0	0	-3.30597	
27.56	0.337	0.103	-1.58933	0	-1.58132	350.079	0	348.351	0	0	-3.30597	
27.57	0.337	0.103	1.58959	0	1.58106	-350.123	0	-348.209	0	0	-3.30597	
27.58	0.337	0.103	-1.58933	0	-1.58132	350.079	0	348.351	0	0	-3.30597	
27.59	0.337	0.103	1.58959	0	1.58106	-350.123	0	-348.209	0	0	-3.30597	
27.6	0.337	0.103	-1.58933	0	-1.58132	350.079	0	348.351	0	0	-3.30597	
27.61	0.337	0.103	1.58959	0	1.58106	-350.123	0	-348.209	0	0	-3.30597	
27.62	0.337	0.103	-1.58933	0	-1.58132	350.079	0	348.351	0	0	-3.30597	
27.63	0.337	0.103	1.58959	0	1.58106	-350.123	0	-348.209	0	0	-3.30597	
27.64	0.337	0.103	-1.58933	0	-1.58132	350.079	0	348.351	0	0	-3.30597	
27.65	0.337	0.103	1.58959	0	1.58106	-350.123	0	-348.209	0	0	-3.30597	
27.66	0.337	0.103	-1.58933	0	-1.58132	350.079	0	348.351	0	0	-3.30597	
27.67	0.337	0.103	1.58959	0	1.58106	-350.123	0	-348.209	0	0	-3.30597	
27.68	0.337	0.103	-1.58933	0	-1.58132	350.079	0	348.351	0	0	-3.30597	
27.69	0.337	0.103	1.58959	0	1.58106	-350.123	0	-348.209	0	0	-3.30597	
27.7	0.337	0.103	-1.58933	0	-1.58132	350.079	0	348.351	0	0	-3.30597	
27.71	0.337	0.103	1.58959	0	1.58106	-350.123	0	-348.209	0	0	-3.30597	
27.72	0.337	0.103	-1.58933	0	-1.58132	350.079	0	348.351	0	0	-3.30597	
27.73	0.337	0.103	1.58959	0	1.58106	-350.123	0	-348.209	0	0	-3.30597	
27.74	0.337	0.103	-1.58933	0	-1.58132	350.079	0	348.351	0	0	-3.30597	
27.75	0.337	0.103	1.58959	0	1.58106	-350.123	0	-348.209	0	0	-3.30597	
27.76	0.337	0.103	-1.58933	0	-1.58132	350.079	0	348.351	0	0	-3.30597	
27.77	0.337	0.103	1.58959	0	1.58106	-350.123	0	-348.209	0	0	-3.30597	
27.78	0.337	0.103	-1.58933	0	-1.58132	350.079	0	348.351	0	0	-3.30597	
27.79	0.337	0.103	1.58959	0	1.58106	-350.123	0	-348.209	0	0	-3.30597	
27.8	0.337	0.103	-1.58933	0	-1.58132	350.079	0	348.351	0	0	-3.30597	
27.81	0.337	0.103	1.58959	0	1.58106	-350.123	0	-348.209	0	0	-3.30597	
27.82	0.337	0.103	-1.58933	0	-1.58132	350.079	0	348.351	0	0	-3.30597	
27.83	0.337	0.103	1.58959	0	1.58106	-350.123	0	-348.209	0	0	-3.30597	
27.84	0.337	0.103	-1.58933	0	-1.58132	350.079	0	348.351	0	0	-3.30597	
27.85	0.337	0.103	1.58959	0	1.58106	-350.123	0	-348.209	0	0	-3.30597	
27.86	0.337	0.103	-1.58933	0	-1.58132	350.079	0	348.351	0	0	-3.30597	
27.87	0.337	0.103	1.58959	0	1.58106	-350.123	0	-348.209	0	0	-3.30597	
27.88	0.337	0.103	-1.58933	0	-1.58132	350.079	0	348.351	0	0	-3.30597	
27.89	0.337	0.103	1.58959	0	1.58106	-350.123	0	-348.209	0	0	-3.30597	
27.9	0.337	0.103	-1.58933	0	-1.58132	350.079	0	348.351	0	0	-3.30597	
27.91	0.337	0.103	1.58959	0	1.58106	-350.123	0	-348.209	0	0	-3.30597	
27.92	0.337	0.103	-1.58933	0	-1.58132	350.079	0	348.351	0	0	-3.30597	
27.93	0.337	0.103	1.58959	0	1.58106	-350.123	0	-348.209	0	0	-3.30597	
27.94	0.337	0.103	-1.58933	0	-1.58132	350.079	0	348.351	0	0	-3.30597	
27.95	0.337	0.103	1.58959	0	1.58106	-350.123	0	-348.209	0	0	-3.30597	
27.96	0.337	0.103	-1.58933	0	-1.58132	350.079	0	348.351	0	0	-3.30597	
27.97	0.337	0.103	1.58959	0	1.58106	-350.123	0	-348.209	0	0	-3.30597	
27.98	0.337	0.103	-1.58933	0	-1.58132	350.079	0	348.351	0	0	-3.30597	
27.99	0.337	0.103	1.58959	0	1.58106	-350.123	0	-348.209	0	0	-3.30597	
28	0.337	0.103	-1.58933	0	-1.58132	350.079	0	348.351	0	0	-3.30597	
28.01	0.337	0.103	1.58959	0	1.58106	-350.123	0	-348.209	0	0	-3.30597	
28.02	0.337	0.103	-1.58933	0	-1.58132	350.079	0	348.351	0	0	-3.30597	
28.03	0.337	0.103	1.58959	0	1.58106	-350.123	0	-348.209	0	0	-3.30597	
28.04	0.337	0.103	-1.58933	0	-1.58132	350.079	0	348.351	0	0	-3.30597	
28.05	0.337	0.103	1.58959	0	1.58106	-350.123	0	-348.209	0	0	-3.30597	
28.06	0.337	0.103	-1.58933	0	-1.58132	350.079	0	348.351	0	0	-3.30597	
28.07	0.337	0.103	1.58959	0	1.58106	-350.123	0	-348.209	0	0	-3.30597	
28.08	0.337	0.103	-1.58933	0	-1.58132	350.079	0	348.351	0	0	-3.30597	
28.09	0.337	0.103	1.58959	0	1.58106	-350.123	0	-348.209	0	0	-3.30597	
28.1	0.337	0.103	-1.58933	0	-1.58132	350.079	0	348.351	0	0	-3.30597	
28.11	0.337	0.103	1.58959	0	1.58106	-350.123	0	-348.209	0	0	-3.30597	
28.12	0.337	0.103	-1.58933	0	-1.58132	350.079	0	348.351	0	0	-3.30597	
28.13	0.337	0.103	1.58959	0	1.58106	-350.123	0	-348.209	0	0	-3.30597	
28.14	0.337	0.103	-1.58933	0	-1.58132	350.079	0	348.351	0	0	-3.30597	
28.15	0.337	0.103	1.58959	0	1.58106	-350.123	0	-348.209	0	0	-3.30597	
28.16	0.337	0.103	-1.58933	0	-1.58132	350.079	0	348.351	0	0	-3.30597	
28.17	0.337	0.103	1.58959	0	1.58106	-350.123	0	-348.209	0	0	-3.30597	
28.18	0.337	0.103	-1.58933	0	-1.58132	350.079	0	348.351	0	0	-3.30597	
28.19	0.337	0.103	1.58959	0	1.58106	-350.123	0	-348.209	0	0	-3.30597	
28.2	0.337	0.103	-1.58933	0	-1.58132	350.079	0	348.351	0	0	-3.30597	
28.21	0.337	0.103	1.58959	0	1.58106	-350.123	0	-348.209	0	0	-3.30597	
28.22	0.337	0.103	-1.58933	0	-1.58132	350.079	0	348.351	0	0	-3.30597	
28.23	0.337	0.103	1.58959	0	1.58106	-350.123	0	-348.209	0	0	-3.30597	
28.24	0.337	0.103	-1.58933	0	-1.58132	350.079	0	348.351	0	0	-3.30597	
28.25	0.337	0.103	1.58959	0	1.58106	-350.123	0	-348.209	0	0	-3.30597	
28.26	0.337	0.103	-1.58933	0	-1.58132	350.079	0	348.351	0	0	-3.30597	
28.27	0.337	0.103	1.58959	0	1.58106	-350.123	0	-348.209	0	0	-3.30597	
28.28	0.337	0.103	-1.58933	0	-1.58132	350.079	0	348.351	0	0	-3.30597	
28.29	0.337	0.103	1.58959	0	1.58106	-350.123	0	-348.209	0	0	-3.30597	
28.3	0.337	0.103	-1.58933	0	-1.58132	350.079	0	348.351	0	0	-3.30597	
28.31	0.337	0.103	1.58959	0	1.58106	-350.123	0	-348.209	0	0	-3.30597	
28.32	0.337	0.103	-1.58933	0	-1.58132	350.079	0	348.351	0	0	-3.30597	
28.33	0.337	0.103	1.58959	0	1.58106	-350.123	0	-348.209	0	0	-3.30597	
28.34	0.337	0.103	-1.58933	0	-1.58132	350.079	0	348.351	0	0	-3.30597	
28.35	0.337	0.103	1.58959	0	1.58106	-350.123	0	-348.209	0	0	-3.30597	
28.36	0.337	0.103	-1.58933	0	-1.58132	350.079	0	348.351	0	0	-3.30597	
28.37	0.337	0.103	1.58959	0	1.58106	-350.123	0	-348.209	0	0	-3.30597	
28.38	0.337	0.103	-1.58933	0	-1.58132	350.079	0	348.351	0	0	-3.30597	
28.39	0.337	0.103	1.58959	0	1.58106	-350.123	0	-348.209	0	0	-3.30597	
28.4	0.337	0.103	-1.58933	0	-1.58132	350.079	0	348.351	0	0	-3.30597	
28.41	0.337	0.103	1.58959	0	1.58106	-350.123	0	-348.209	0	0	-3.30597	
28.42	0.337	0.103	-1.58933	0	-1.58132	350.079	0	348.351	0	0	-3.30597	
28.43	0.337	0.103	1.58959	0	1.58106	-350.123	0	-348.209	0	0	-3.30597	
28.44	0.337	0.103	-1.58933	0	-1.58132	350.079	0	348.351	0	0	-3.30597	
28.45	0.337	0.103	1.58959	0	1.58106	-350.123	0	-348.209	0	0	-3.30597	
28.46	0.337	0.103	-1.58933	0	-1.58132	350.079	0	348.351	0	0	-3.30597	
28.47	0.337	0.103	1.58959	0	1.58106	-350.123	0	-348.209	0	0	-3.30597	
28.48	0.337	0.103	-1.58933	0	-1.58132	350.079	0	348.351	0	0	-3.30597	
28.49	0.337	0.103	1.58959	0	1.58106	-350.123	0	-348.209	0	0	-3.30597	
28.5	0.337	0.103	-1.58933	0	-1.58132	350.079	0	348.351	0	0	-3.30597	
28.51	0.337	0.103	1.58959	0	1.58106	-350.123	0	-348.209	0	0	-3.30597	
28.52	0.337	0.103	-1.58933	0	-1.58132	350.079	0	348.351	0	0	-3.30597	
28.53	0.337	0.103	1.58959	0	1.58106	-350.123	0	-348.209	0	0	-3.30597	
28.54	0.337	0.103	-1.58933	0	-1.58132	350.079	0	348.351	0	0	-3.30597	
28.55	0.337	0.103	1.58959	0	1.58106	-350.123	0	-348.209	0	0	-3.30597	
28.56	0.337	0.103	-1.58933	0	-1.58132	350.079	0	348.351	0	0	-3.30597	
28.57	0.337	0.103	1.58959	0	1.58106	-350.123	0	-348.209	0	0	-3.30597	
28.58	0.337	0.103	-1.58933	0	-1.58132	350.079	0	348.351	0	0	-3.30597	
28.59	0.337	0.103	1.58959	0	1.58106	-350.123	0	-348.209	0	0	-3.30597	
28.6	0.337	0.103	-1.58933	0	-1.58132	350.079	0	348.351	0	0	-3.30597	
28.61	0.337	0.103	1.58959	0	1.58106	-350.123	0	-348.209	0	0	-3.30597	
28.62	0.337	0.103	-1.58933	0	-1.58132	350.079	0	348.351	0	0	-3.30597	
28.63	0.337	0.103	1.58959	0	1.58106	-350.123	0	-348.209	0	0	-3.30597	
28.64	0.337	0.103	-1.58933	0	-1.58132	350.079	0	348.351	0	0	-3.30597	
28.65	0.337	0.103	1.58959	0	1.58106	-350.123	0	-348.209	0	0	-3.30597	
28.66	0.337	0.103	-1.58933	0	-1.58132	350.079	0	348.351	0	0	-3.30597	
28.67	0.337	0.103	1.58959	0	1.58106	-350.123	0	-348.209	0	0	-3.30597	
28.68	0.337	0.103	-1.58933	0	-1.58132	350.079	0	348.351	0	0	-3.30597	
28.69	0.337	0.103	1.58959	0	1.58106	-350.123	0	-348.209	0	0	-3.30597	
28.7	0.337	0.103	-1.58933	0	-1.58132	350.079	0	348.351	0	0	-3.30597	
28.71	0.337	0.103	1.58959	0	1.58106	-350.123	0	-348.209	0	0	-3.30597	
28.72	0.337	0.103	-1.58933	0	-1.58132	350.079	0	348.351	0	0	-3.30597	
28.73	0.337	0.103	1.58959	0	1.58106	-350.123	0	-348.209	0	0	-3.30597	
28.74	0.337	0.103	-1.58933	0	-1.58132	350.079	0	348.351	0	0	-3.30597	
28.75	0.337	0.103	1.58959	0	1.58106	-350.123	0	-348.209	0	0	-3.30597	
28.76	0.337	0.103	-1.58933	0	-1.58132	350.079	0	348.351	0	0	-3.30597	
28.77	0.337	0.103	1.58959	0	1.58106	-350.123	0	-348.209	0	0	-3.30597	
28.78	0.337	0.103	-1.58933	0	-1.58132	350.079	0	348.351	0	0	-3.30597	
28.79	0.337	0.103	1.58959	0	1.58106	-350.123	0	-348.209	0	0	-3.30597	
28.8	0.337	0.103	-1.58933	0	-1.58132	350.079	0	348.351	0	0	-3.30597	
28.81	0.337	0.103	1.58959	0	1.58106	-350.123	0	-348.209	0	0	-3.30597	
28.82	0.337	0.103	-1.58933	0	-1.58132	350.079	0	348.351	0	0	-3.30597	
28.83	0.337	0.103	1.58959	0	1.58106	-350.123	0	-348.209	0	0	-3.30597	
28.84	0.337	0.103	-1.58933	0	-1.58132	350.079	0	348.351	0	0	-3.30597	
28.85	0.337	0.103	1.58959	0	1.58106	-350.123	0	-348.209	0	0	-3.30597	
28.86	0.337	0.103	-1.58933	0	-1.58132	350.079	0	348.351	0	0	-3.30597	
28.87	0.337	0.103	1.58959	0	1.58106	-350.123	0	-348.209	0	0	-3.30597	
28.88	0.337	0.103	-1.58933	0	-1.58132	350.079	0	348.351	0	0	-3.30597	
28.89	0.337	0.103	1.58959	0	1.58106	-350.123	0	-348.209	0	0	-3.30597	
28.9	0.337	0.103	-1.58933	0	-1.58132	350.079	0	348.351	0	0	-3.30597	
28.91	0.337	0.103	1.58959	0	1.58106	-350.123	0	-348.209	0	0	-3.30597	
28.92	0.337	0.103	-1.58933	0	-1.58132	350.079	0	348.351	0	0	-3.30597	
28.93	0.337	0.103	1.58959	0	1.58106	-350.123	0	-348.209	0	0	-3.30597	
28.94	0.337	0.103	-1.58933	0	-1.58132	350.079	0	348.351	0	0	-3.30597	
28.95	0.337	0.103	1.58959	0	1.58106	-350.123	0	-348.209	0	0	-3.30597	
28.96	0.337	0.103	-1.58933	0	-1.58132	350.079	0	348.351	0	0	-3.30597	
28.97	0.337	0.103	1.58959	0	1.58106	-350.123	0	-348.209	0	0	-3.30597	
28.98	0.337	0.103	-1.58933	0	-1.58132	350.079	0	348.351	0	0	-3.30597	
28.99	0.337	0.103	1.58959	0	1.58106	-350.123	0	-348.209	0	0	-3.30597	
29	0.337	0.103	-1.58933	0	-1.58132	350.079	0	348.351	0	0	-3.30597	
29.01	0.337	0.103	1.58959	0	1.58106	-350.123	0	-348.209	0	0	-3.30597	
29.02	0.337	0.103	-1.58933	0	-1.58132	350.079	0	348.351	0	0	-3.30597	
29.03	0.337	0.103	1.58959	0	1.58106	-350.123	0	-348.209	0	0	-3.30597	
29.04	0.337	0.103	-1.58933	0	-1.58132	350.079	0	348.351	0	0	-3.30597	
29.05	0.337	0.103	1.58959	0	1.58106	-350.123	0	-348.209	0	0	-3.30597	
29.06	0.337	0.103	-1.58933	0	-1.58132	350.079	0	348.351	0	0	-3.30597	
29.07	0.337	0.103	1.58959	0	1.58106	-350.123	0	-348.209	0	0	-3.30597	
29.08	0.337	0.103	-1.58933	0	-1.58132	350.079	0	348.351	0	0	-3.30597	
29.09	0.337	0.103	1.58959	0	1.58106	-350.123	0	-348.209	0	0	-3.30597	
29.1	0.337	0.103	-1.58933	0	-1.58132	350.079	0	348.351	0	0	-3.30597	
29.11	0.337	0.103	1.58959	0	1.58106	-350.123	0	-348.209	0	0	-3.30597	
29.12	0.337	0.103	-1.58933	0	-1.58132	350.079	0	348.351	0	0	-3.30597	
29.13	0.337	0.103	1.58959	0	1.58106	-350.123	0	-348.209	0	0	-3.30597	
29.14	0.337	0.103	-1.58933	0	-1.58132	350.079	0	348.351	0	0	-3.30597	
29.15	0.337	0.103	1.58959	0	1.58106	-350.123	0	-348.209	0	0	-3.30597	
29.16	0.337	0.103	-1.58933	0	-1.58132	350.079	0	348.351	0	0	-3.30597	
29.17	0.337	0.103	1.58959	0	1.58106	-350.123	0	-348.209	0	0	-3.30597	
29.18	0.337	0.103	-1.58933	0	-1.58132	350.079	0	348.351	0	0	-3.30597	
29.19	0.337	0.103	1.58959	0	1.58106	-350.123	0	-348.209	0	0	-3.30597	
29.2	0.337	0.103	-1.58933	0	-1.58132	350.079	0	348.351	0	0	-3.30597	
29.21	0.337	0.103	1.58959	0	1.58106	-350.123	0	-348.209	0	0	-3.30597	
29.22	0.337	0.103	-1.58933	0	-1.58132	350.079	0	348.351	0	0	-3.30597	
29.23	0.337	0.103	1.58959	0	1.58106	-350.123	0	-348.209	0	0	-3.30597	
29.24	0.337	0.103	-1.58933	0	-1.58132	350.079	0	348.351	0	0	-3.30597	
29.25	0.337	0.103	1.58959	0	1.58106	-350.123	0	-348.209	0	0	-3.30597	
29.26	0.337	0.103	-1.58933	0	-1.58132	350.079	0	348.351	0	0	-3.30597	
29.27	0.337	0.103	1.58959	0	1.58106	-350.123	0	-348.209	0	0	-3.30597	
29.28	0.337	0.103	-1.58933	0	-1.58132	350.079	0	348.351	0	0	-3.30597	
29.29	0.337	0.103	1.58959	0	1.58106	-350.123	0	-348.209	0	0	-3.30597	
29.3	0.337	0.103	-1.58933	0	-1.58132	350.079	0	348.351	0	0	-3.30597	
29.31	0.337	0.103	1.58959	0	1.58106	-350.123	0	-348.209	0	0	-3.30597	
29.32	0.337	0.103	-1.58933	0	-1.58132	350.079	0	348.351	0	0	-3.30597	
29.33	0.337	0.103	1.58959	0	1.58106	-350.123	0	-348.208	0	0	-3.30597	
29.34	0.337	0.103	-1.58933	0	-1.58132	350.079	0	348.351	0	0	-3.30597	
29.35	0.337	0.103	1.58959	0	1.58106	-350.123	0	-348.208	0	0	-3.30597	
29.36	0.337	0.103	-1.58933	0	-1.58132	350.079	0	348.351	0	0	-3.30597	
29.37	0.337	0.103	1.58959	0	1.58106	-350.123	0	-348.208	0	0	-3.30597	
29.38	0.337	0.103	-1.58933	0	-1.58132	350.079	0	348.351	0	0	-3.30597	
29.39	0.337	0.103	1.58959	0	1.58106	-350.122	0	-348.208	0	0	-3.30597	
29.4	0.337	0.103	-1.58933	0	-1.58132	350.079	0	348.351	0	0	-3.30597	
29.41	0.337	0.103	1.58959	0	1.58106	-350.122	0	-348.208	0	0	-3.30597	
29.42	0.337	0.103	-1.58933	0	-1.58132	350.079	0	348.351	0	0	-3.30597	
29.43	0.337	0.103	1.58959	0	1.58106	-350.122	0	-348.208	0	0	-3.30597	
29.44	0.337	0.103	-1.58933	0	-1.58132	350.079	0	348.351	0	0	-3.30597	
29.45	0.337	0.103	1.58959	0	1.58106	-350.122	0	-348.208	0	0	-3.30597	
29.46	0.337	0.103	-1.58933	0	-1.58132	350.079	0	348.351	0	0	-3.30597	
29.47	0.337	0.103	1.58959	0	1.58106	-350.122	0	-348.208	0	0	-3.30597	
29.48	0.337	0.103	-1.58933	0	-1.58132	350.079	0	348.351	0	0	-3.30597	
29.49	0.337	0.103	1.58959	0	1.58106	-350.122	0	-348.208	0	0	-3.30597	
29.5	0.337	0.103	-1.58933	0	-1.58132	350.079	0	348.351	0	0	-3.30597	
29.51	0.337	0.103	1.58959	0	1.58106	-350.122	0	-348.208	0	0	-3.30597	
29.52	0.337	0.103	-1.58933	0	-1.58132	350.079	0	348.351	0	0	-3.30597	
29.53	0.337	0.103	1.58959	0	1.58106	-350.122	0	-348.208	0	0	-3.30597	
29.54	0.337	0.103	-1.58933	0	-1.58132	350.079	0	348.351	0	0	-3.30597	
29.55	0.337	0.103	1.58959	0	1.58106	-350.122	0	-348.208	0	0	-3.30597	
29.56	0.337	0.103	-1.58933	0	-1.58132	350.079	0	348.351	0	0	-3.30597	
29.57	0.337	0.103	1.58959	0	1.58106	-350.122	0	-348.208	0	0	-3.30597	
29.58	0.337	0.103	-1.58933	0	-1.58132	350.079	0	348.351	0	0	-3.30597	
29.59	0.337	0.103	1.58959	0	1.58106	-350.122	0	-348.208	0	0	-3.30597	
29.6	0.337	0.103	-1.58933	0	-1.58132	350.079	0	348.351	0	0	-3.30597	
29.61	0.337	0.103	1.58959	0	1.58106	-350.122	0	-348.208	0	0	-3.30597	
29.62	0.337	0.103	-1.58933	0	-1.58132	350.079	0	348.351	0	0	-3.30597	
29.63	0.337	0.103	1.58959	0	1.58106	-350.122	0	-348.208	0	0	-3.30597	
29.64	0.337	0.103	-1.58933	0	-1.58132	350.079	0	348.351	0	0	-3.30597	
29.65	0.337	0.103	1.58959	0	1.58106	-350.122	0	-348.208	0	0	-3.30597	
29.66	0.337	0.103	-1.58933	0	-1.58132	350.079	0	348.351	0	0	-3.30597	
29.67	0.337	0.103	1.58959	0	1.58106	-350.122	0	-348.208	0	0	-3.30597	
29.68	0.337	0.103	-1.58933	0	-1.58132	350.079	0	348.351	0	0	-3.30597	
29.69	0.337	0.103	1.58959	0	1.58106	-350.122	0	-348.208	0	0	-3.30597	
29.7	0.337	0.103	-1.58933	0	-1.58132	350.079	0	348.351	0	0	-3.30597	
29.71	0.337	0.103	1.58959	0	1.58106	-350.122	0	-348.208	0	0	-3.30597	
29.72	0.337	0.103	-1.58933	0	-1.58132	350.079	0	348.351	0	0	-3.30597	
29.73	0.337	0.103	1.58959	0	1.58106	-350.122	0	-348.208	0	0	-3.30597	
29.74	0.337	0.103	-1.58933	0	-1.58132	350.079	0	348.351	0	0	-3.30597	
29.75	0.337	0.103	1.58959	0	1.58106	-350.122	0	-348.208	0	0	-3.30597	
29.76	0.337	0.103	-1.58933	0	-1.58132	350.079	0	348.351	0	0	-3.30597	
29.77	0.337	0.103	1.58959	0	1.58106	-350.122	0	-348.208	0	0	-3.30597	
29.78	0.337	0.103	-1.58933	0	-1.58132	350.079	0	348.35	0	0	-3.30597	
29.79	0.337	0.103	1.58959	0	1.58106	-350.122	0	-348.208	0	0	-3.30597	
29.8	0.337	0.103	-1.58933	0	-1.58132	350.079	0	348.35	0	0	-3.30597	
29.81	0.337	0.103	1.58959	0	1.58106	-350.122	0	-348.208	0	0	-3.30597	
29.82	0.337	0.103	-1.58933	0	-1.58132	350.079	0	348.35	0	0	-3.30597	
29.83	0.337	0.103	1.58959	0	1.58106	-350.122	0	-348.208	0	0	-3.30597	
29.84	0.337	0.103	-1.58933	0	-1.58132	350.079	0	348.35	0	0	-3.30597	
29.85	0.337	0.103	1.58959	0	1.58106	-350.122	0	-348.208	0	0	-3.30597	
29.86	0.337	0.103	-1.58933	0	-1.58132	350.079	0	348.35	0	0	-3.30597	
29.87	0.337	0.103	1.58959	0	1.58106	-350.122	0	-348.208	0	0	-3.30597	
29.88	0.337	0.103	-1.58933	0	-1.58132	350.078	0	348.35	0	0	-3.30597	
29.89	0.337	0.103	1.58959	0	1.58106	-350.122	0	-348.208	0	0	-3.30597	
29.9	0.337	0.103	-1.58933	0	-1.58132	350.078	0	348.35	0	0	-3.30597	
29.91	0.337	0.103	1.58959	0	1.58106	-350.122	0	-348.208	0	0	-3.30597	
29.92	0.337	0.103	-1.58933	0	-1.58132	350.078	0	348.35	0	0	-3.30597	
29.93	0.337	0.103	1.58959	0	1.58106	-350.122	0	-348.208	0	0	-3.30597	
29.94	0.337	0.103	-1.58933	0	-1.58132	350.078	0	348.35	0	0	-3.30597	
29.95	0.337	0.103	1.58959	0	1.58106	-350.122	0	-348.208	0	0	-3.30597	
29.96	0.337	0.103	-1.58933	0	-1.58132	350.078	0	348.35	0	0	-3.30597	
29.97	0.337	0.103	1.58959	0	1.58106	-350.122	0	-348.208	0	0	-3.30597	
29.98	0.337	0.103	-1.58933	0	-1.58132	350.078	0	348.35	0	0	-3.30597	
29.99	0.337	0.103	1.58959	0	1.58106	-350.122	0	-348.208	0	0	-3.30597	
30	0.337	0.103	-1.58933	0	-1.58132	350.078	0	348.35	0	0	-3.30597	
30.01	0.337	0.103	1.58959	0	1.58106	-350.122	0	-348.208	0	0	-3.30597	
30.02	0.337	0.103	-1.58933	0	-1.58132	350.078	0	348.35	0	0	-3.30597	
30.03	0.337	0.103	1.58959	0	1.58106	-350.122	0	-348.208	0	0	-3.30597	
30.04	0.337	0.103	-1.58933	0	-1.58132	350.078	0	348.35	0	0	-3.30597	
30.05	0.337	0.103	1.58959	0	1.58106	-350.122	0	-348.208	0	0	-3.30597	
30.06	0.337	0.103	-1.58933	0	-1.58132	350.078	0	348.35	0	0	-3.30597	
30.07	0.337	0.103	1.58959	0	1.58106	-350.122	0	-348.208	0	0	-3.30597	
30.08	0.337	0.103	-1.58933	0	-1.58132	350.078	0	348.35	0	0	-3.30597	
30.09	0.337	0.103	1.58959	0	1.58106	-350.122	0	-348.208	0	0	-3.30597	
30.1	0.337	0.103	-1.58933	0	-1.58132	350.078	0	348.35	0	0	-3.30597	
30.11	0.337	0.103	1.58959	0	1.58106	-350.122	0	-348.208	0	0	-3.30597	
30.12	0.337	0.103	-1.58933	0	-1.58132	350.078	0	348.35	0	0	-3.30597	
30.13	0.337	0.103	1.58959	0	1.58106	-350.122	0	-348.208	0	0	-3.30597	
30.14	0.337	0.103	-1.58933	0	-1.58132	350.078	0	348.35	0	0	-3.30597	
30.15	0.337	0.103	1.58959	0	1.58106	-350.122	0	-348.208	0	0	-3.30597	
30.16	0.337	0.103	-1.58933	0	-1.58132	350.078	0	348.35	0	0	-3.30597	
30.17	0.337	0.103	1.58959	0	1.58106	-350.122	0	-348.208	0	0	-3.30597	
30.18	0.337	0.103	-1.58933	0	-1.58132	350.078	0	348.35	0	0	-3.30597	
30.19	0.337	0.103	1.58959	0	1.58106	-350.122	0	-348.208	0	0	-3.30597	
30.2	0.337	0.103	-1.58933	0	-1.58132	350.078	0	348.35	0	0	-3.30597	
30.21	0.337	0.103	1.58959	0	1.58106	-350.122	0	-348.208	0	0	-3.30597	
30.22	0.337	0.103	-1.58933	0	-1.58132	350.078	0	348.35	0	0	-3.30597	
30.23	0.337	0.103	1.58959	0	1.58106	-350.122	0	-348.208	0	0	-3.30597	
30.24	0.337	0.103	-1.58933	0	-1.58132	350.078	0	348.35	0	0	-3.30597	
30.25	0.337	0.103	1.58959	0	1.58106	-350.122	0	-348.208	0	0	-3.30597	
30.26	0.337	0.103	-1.58933	0	-1.58132	350.078	0	348.35	0	0	-3.30597	
30.27	0.337	0.103	1.58959	0	1.58106	-350.122	0	-348.208	0	0	-3.30597	
30.28	0.337	0.103	-1.58933	0	-1.58132	350.078	0	348.35	0	0	-3.30597	
30.29	0.337	0.103	1.58959	0	1.58106	-350.122	0	-348.208	0	0	-3.30597	
30.3	0.337	0.103	-1.58933	0	-1.58132	350.078	0	348.35	0	0	-3.30597	
30.31	0.337	0.103	1.58959	0	1.58106	-350.122	0	-348.208	0	0	-3.30597	
30.32	0.337	0.103	-1.58933	0	-1.58132	350.078	0	348.35	0	0	-3.30597	
30.33	0.337	0.103	1.58959	0	1.58106	-350.122	0	-348.208	0	0	-3.30597	
30.34	0.337	0.103	-1.58933	0	-1.58132	350.078	0	348.35	0	0	-3.30597	
30.35	0.337	0.103	1.58959	0	1.58106	-350.122	0	-348.208	0	0	-3.30597	
30.36	0.337	0.103	-1.58933	0	-1.58132	350.078	0	348.35	0	0	-3.30597	
30.37	0.337	0.103	1.58959	0	1.58106	-350.122	0	-348.208	0	0	-3.30597	
30.38	0.337	0.103	-1.58933	0	-1.58132	350.078	0	348.35	0	0	-3.30597	
30.39	0.337	0.103	1.58959	0	1.58106	-350.122	0	-348.208	0	0	-3.30597	
30.4	0.337	0.103	-1.58933	0	-1.58132	350.078	0	348.35	0	0	-3.30597	
30.41	0.337	0.103	1.58959	0	1.58106	-350.122	0	-348.208	0	0	-3.30597	
30.42	0.337	0.103	-1.58933	0	-1.58132	350.078	0	348.35	0	0	-3.30597	
30.43	0.337	0.103	1.58959	0	1.58106	-350.122	0	-348.208	0	0	-3.30597	
30.44	0.337	0.103	-1.58933	0	-1.58132	350.078	0	348.35	0	0	-3.30597	
30.45	0.337	0.103	1.58959	0	1.58106	-350.122	0	-348.208	0	0	-3.30597	
30.46	0.337	0.103	-1.58933	0	-1.58132	350.078	0	348.35	0	0	-3.30597	
30.47	0.337	0.103	1.58959	0	1.58106	-350.122	0	-348.208	0	0	-3.30597	
30.48	0.337	0.103	-1.58933	0	-1.58132	350.078	0	348.35	0	0	-3.30597	
30.49	0.337	0.103	1.58959	0	1.58106	-350.122	0	-348.208	0	0	-3.30597	
30.5	0.337	0.103	-1.58933	0	-1.58132	350.078	0	348.35	0	0	-3.30597	
30.51	0.337	0.103	1.58959	0	1.58106	-350.122	0	-348.208	0	0	-3.30597	
30.52	0.337	0.103	-1.58933	0	-1.58132	350.078	0	348.35	0	0	-3.30597	
30.53	0.337	0.103	1.58959	0	1.58106	-350.122	0	-348.208	0	0	-3.30597	
30.54	0.337	0.103	-1.58933	0	-1.58132	350.078	0	348.35	0	0	-3.30597	
30.55	0.337	0.103	1.58959	0	1.58106	-350.122	0	-348.208	0	0	-3.30597	
30.56	0.337	0.103	-1.58933	0	-1.58132	350.078	0	348.35	0	0	-3.30597	
30.57	0.337	0.103	1.58959	0	1.58106	-350.122	0	-348.208	0	0	-3.30597	
30.58	0.337	0.103	-1.58933	0	-1.58132	350.078	0	348.35	0	0	-3.30597	
30.59	0.337	0.103	1.58959	0	1.58106	-350.122	0	-348.208	0	0	-3.30597	
30.6	0.337	0.103	-1.58933	0	-1.58132	350.078	0	348.35	0	0	-3.30597	
30.61	0.337	0.103	1.58959	0	1.58106	-350.122	0	-348.208	0	0	-3.30597	
30.62	0.337	0.103	-1.58933	0	-1.58132	350.078	0	348.35	0	0	-3.30597	
30.63	0.337	0.103	1.58959	0	1.58106	-350.122	0	-348.208	0	0	-3.30597	
30.64	0.337	0.103	-1.58933	0	-1.58132	350.078	0	348.35	0	0	-3.30597	
30.65	0.337	0.103	1.58959	0	1.58106	-350.122	0	-348.208	0	0	-3.30597	
30.66	0.337	0.103	-1.58933	0	-1.58132	350.078	0	348.35	0	0	-3.30597	
30.67	0.337	0.103	1.58959	0	1.58106	-350.122	0	-348.208	0	0	-3.30597	
30.68	0.337	0.103	-1.58933	0	-1.58132	350.078	0	348.35	0	0	-3.30597	
30.69	0.337	0.103	1.58959	0	1.58106	-350.122	0	-348.208	0	0	-3.30597	
30.7	0.337	0.103	-1.58933	0	-1.58132	350.078	0	348.35	0	0	-3.30597	
30.71	0.337	0.103	1.58959	0	1.58106	-350.122	0	-348.208	0	0	-3.30597	
30.72	0.337	0.103	-1.58933	0	-1.58132	350.078	0	348.35	0	0	-3.30597	
30.73	0.337	0.103	1.58959	0	1.58106	-350.122	0	-348.208	0	0	-3.30597	
30.74	0.337	0.103	-1.58933	0	-1.58132	350.078	0	348.35	0	0	-3.30597	
30.75	0.337	0.103	1.58959	0	1.58106	-350.122	0	-348.208	0	0	-3.30597	
30.76	0.337	0.103	-1.58933	0	-1.58132	350.078	0	348.35	0	0	-3.30597	
30.77	0.337	0.103	1.58959	0	1.58106	-350.122	0	-348.208	0	0	-3.30597	
30.78	0.337	0.103	-1.58933	0	-1.58132	350.078	0	348.35	0	0	-3.30597	
30.79	0.337	0.103	1.58959	0	1.58106	-350.122	0	-348.208	0	0	-3.30597	
30.8	0.337	0.103	-1.58933	0	-1.58132	350.078	0	348.35	0	0	-3.30597	
30.81	0.337	0.103	1.58959	0	1.58106	-350.122	0	-348.208	0	0	-3.30597	
30.82	0.337	0.103	-1.58933	0	-1.58132	350.078	0	348.35	0	0	-3.30597	
30.83	0.337	0.103	1.58959	0	1.58106	-350.122	0	-348.208	0	0	-3.30597	
30.84	0.337	0.103	-1.58933	0	-1.58132	350.078	0	348.35	0	0	-3.30597	
30.85	0.337	0.103	1.58959	0	1.58106	-350.122	0	-348.208	0	0	-3.30597	
30.86	0.337	0.103	-1.58933	0	-1.58132	350.078	0	348.35	0	0	-3.30597	
30.87	0.337	0.103	1.58959	0	1.58106	-350.122	0	-348.208	0	0	-3.30597	
30.88	0.337	0.103	-1.58933	0	-1.58132	350.078	0	348.35	0	0	-3.30597	
30.89	0.337	0.103	1.58959	0	1.58106	-350.122	0	-348.208	0	0	-3.30597	
30.9	0.337	0.103	-1.58933	0	-1.58132	350.078	0	348.35	0	0	-3.30597	
30.91	0.337	0.103	1.58959	0	1.58106	-350.122	0	-348.208	0	0	-3.30597	
30.92	0.337	0.103	-1.58933	0	-1.58132	350.078	0	348.35	0	0	-3.30597	
30.93	0.337	0.103	1.58959	0	1.58106	-350.122	0	-348.208	0	0	-3.30597	
30.94	0.337	0.103	-1.58933	0	-1.58132	350.078	0	348.35	0	0	-3.30597	
30.95	0.337	0.103	1.58959	0	1.58106	-350.122	0	-348.208	0	0	-3.30597	
30.96	0.337	0.103	-1.58933	0	-1.58132	350.078	0	348.35	0	0	-3.30597	
30.97	0.337	0.103	1.58959	0	1.58106	-350.122	0	-348.208	0	0	-3.30597	
30.98	0.337	0.103	-1.58933	0	-1.58132	350.078	0	348.35	0	0	-3.30597	
30.99	0.337	0.103	1.58959	0	1.58106	-350.122	0	-348.208	0	0	-3.30597	
31	0.337	0.103	-1.58933	0	-1.58132	350.078	0	348.35	0	0	-3.30597	
31.01	0.337	0.103	1.58959	0	1.58106	-350.122	0	-348.208	0	0	-3.30597	
31.02	0.337	0.103	-1.58933	0	-1.58132	350.078	0	348.35	0	0	-3.30597	
31.03	0.337	0.103	1.58959	0	1.58106	-350.122	0	-348.208	0	0	-3.30597	
31.04	0.337	0.103	-1.58933	0	-1.58132	350.078	0	348.35	0	0	-3.30597	
31.05	0.337	0.103	1.58959	0	1.58106	-350.122	0	-348.208	0	0	-3.30597	
31.06	0.337	0.103	-1.58933	0	-1.58132	350.078	0	348.35	0	0	-3.30597	
31.07	0.337	0.103	1.58959	0	1.58106	-350.122	0	-348.208	0	0	-3.30597	
31.08	0.337	0.103	-1.58933	0	-1.58132	350.078	0	348.35	0	0	-3.30597	
31.09	0.337	0.103	1.58959	0	1.58106	-350.122	0	-348.208	0	0	-3.30597	
31.1	0.337	0.103	-1.58933	0	-1.58132	350.078	0	348.35	0	0	-3.30597	
31.11	0.337	0.103	1.58959	0	1.58106	-350.122	0	-348.208	0	0	-3.30597	
31.12	0.337	0.103	-1.58933	0	-1.58132	350.078	0	348.35	0	0	-3.30597	
31.13	0.337	0.103	1.58959	0	1.58106	-350.122	0	-348.208	0	0	-3.30597	
31.14	0.337	0.103	-1.58933	0	-1.58132	350.078	0	348.35	0	0	-3.30597	
31.15	0.337	0.103	1.58959	0	1.58106	-350.122	0	-348.208	0	0	-3.30597	
31.16	0.337	0.103	-1.58933	0	-1.58132	350.078	0	348.35	0	0	-3.30597	
31.17	0.337	0.103	1.58959	0	1.58106	-350.122	0	-348.208	0	0	-3.30597	
31.18	0.337	0.103	-1.58933	0	-1.58132	350.078	0	348.35	0	0	-3.30597	
31.19	0.337	0.103	1.58959	0	1.58106	-350.122	0	-348.208	0	0	-3.30597	
31.2	0.337	0.103	-1.58933	0	-1.58132	350.078	0	348.35	0	0	-3.30597	
31.21	0.337	0.103	1.58959	0	1.58106	-350.122	0	-348.208	0	0	-3.30597	
31.22	0.337	0.103	-1.58933	0	-1.58132	350.078	0	348.35	0	0	-3.30597	
31.23	0.337	0.103	1.58959	0	1.58106	-350.122	0	-348.208	0	0	-3.30597	
31.24	0.337	0.103	-1.58933	0	-1.58132	350.078	0	348.35	0	0	-3.30597	
31.25	0.337	0.103	1.58959	0	1.58106	-350.122	0	-348.208	0	0	-3.30597	
31.26	0.337	0.103	-1.58933	0	-1.58132	350.078	0	348.35	0	0	-3.30597	
31.27	0.337	0.103	1.58959	0	1.58106	-350.122	0	-348.208	0	0	-3.30597	
31.28	0.337	0.103	-1.58933	0	-1.58132	350.078	0	348.35	0	0	-3.30597	
31.29	0.337	0.103	1.58959	0	1.58106	-350.122	0	-348.208	0	0	-3.30597	
31.3	0.337	0.103	-1.58933	0	-1.58132	350.078	0	348.35	0	0	-3.30597	
31.31	0.337	0.103	1.58959	0	1.58106	-350.122	0	-348.208	0	0	-3.30597	
31.32	0.337	0.103	-1.58933	0	-1.58132	350.078	0	348.35	0	0	-3.30597	
31.33	0.337	0.103	1.58959	0	1.58106	-350.122	0	-348.208	0	0	-3.30597	
31.34	0.337	0.103	-1.58933	0	-1.58132	350.078	0	348.35	0	0	-3.30597	
31.35	0.337	0.103	1.58959	0	1.58106	-350.122	0	-348.208	0	0	-3.30597	
31.36	0.337	0.103	-1.58933	0	-1.58132	350.078	0	348.35	0	0	-3.30597	
31.37	0.337	0.103	1.58959	0	1.58106	-350.122	0	-348.208	0	0	-3.30597	
31.38	0.337	0.103	-1.58933	0	-1.58132	350.078	0	348.35	0	0	-3.30597	
31.39	0.337	0.103	1.58959	0	1.58106	-350.122	0	-348.208	0	0	-3.30597	
31.4	0.337	0.103	-1.58933	0	-1.58132	350.078	0	348.35	0	0	-3.30597	
31.41	0.337	0.103	1.58959	0	1.58106	-350.122	0	-348.208	0	0	-3.30597	
31.42	0.337	0.103	-1.58933	0	-1.58132	350.078	0	348.35	0	0	-3.30597	
31.43	0.337	0.103	1.58959	0	1.58106	-350.122	0	-348.208	0	0	-3.30597	
31.44	0.337	0.103	-1.58933	0	-1.58132	350.078	0	348.35	0	0	-3.30597	
31.45	0.337	0.103	1.58959	0	1.58106	-350.122	0	-348.208	0	0	-3.30597	
31.46	0.337	0.103	-1.58933	0	-1.58132	350.078	0	348.35	0	0	-3.30597	
31.47	0.337	0.103	1.58959	0	1.58106	-350.122	0	-348.208	0	0	-3.30597	
31.48	0.337	0.103	-1.58933	0	-1.58132	350.078	0	348.35	0	0	-3.30597	
31.49	0.337	0.103	1.58959	0	1.58106	-350.122	0	-348.208	0	0	-3.30597	
31.5	0.337	0.103	-1.58933	0	-1.58132	350.078	0	348.35	0	0	-3.30597	
31.51	0.337	0.103	1.58959	0	1.58106	-350.122	0	-348.208	0	0	-3.30597	
31.52	0.337	0.103	-1.58933	0	-1.58132	350.078	0	348.35	0	0	-3.30597	
31.53	0.337	0.103	1.58959	0	1.58106	-350.122	0	-348.208	0	0	-3.30597	
31.54	0.337	0.103	-1.58933	0	-1.58132	350.078	0	348.35	0	0	-3.30597	
31.55	0.337	0.103	1.58959	0	1.58106	-350.122	0	-348.208	0	0	-3.30597	
31.56	0.337	0.103	-1.58933	0	-1.58132	350.078	0	348.35	0	0	-3.30597	
31.57	0.337	0.103	1.58959	0	1.58106	-350.122	0	-348.208	0	0	-3.30597	
31.58	0.337	0.103	-1.58933	0	-1.58132	350.078	0	348.35	0	0	-3.30597	
31.59	0.337	0.103	1.58959	0	1.58106	-350.122	0	-348.208	0	0	-3.30597	
31.6	0.337	0.103	-1.58933	0	-1.58132	350.078	0	348.35	0	0	-3.30597	
31.61	0.337	0.103	1.58959	0	1.58106	-350.122	0	-348.208	0	0	-3.30597	
31.62	0.337	0.103	-1.58933	0	-1.58132	350.078	0	348.35	0	0	-3.30597	
31.63	0.337	0.103	1.58959	0	1.58106	-350.122	0	-348.208	0	0	-3.30597	
31.64	0.337	0.103	-1.58933	0	-1.58132	350.078	0	348.35	0	0	-3.30597	
31.65	0.337	0.103	1.58959	0	1.58106	-350.122	0	-348.208	0	0	-3.30597	
31.66	0.337	0.103	-1.58933	0	-1.58132	350.078	0	348.35	0	0	-3.30597	
31.67	0.337	0.103	1.58959	0	1.58106	-350.122	0	-348.208	0	0	-3.30597	
31.68	0.337	0.103	-1.58933	0	-1.58132	350.078	0	348.35	0	0	-3.30597	
31.69	0.337	0.103	1.58959	0	1.58106	-350.122	0	-348.208	0	0	-3.30597	
31.7	0.337	0.103	-1.58933	0	-1.58132	350.078	0	348.35	0	0	-3.30597	
31.71	0.337	0.103	1.58959	0	1.58106	-350.122	0	-348.208	0	0	-3.30597	
31.72	0.337	0.103	-1.58933	0	-1.58132	350.078	0	348.35	0	0	-3.30597	
31.73	0.337	0.103	1.58959	0	1.58106	-350.122	0	-348.208	0	0	-3.30597	
31.74	0.337	0.103	-1.58933	0	-1.58132	350.078	0	348.35	0	0	-3.30597	
31.75	0.337	0.103	1.58959	0	1.58106	-350.122	0	-348.208	0	0	-3.30597	
31.76	0.337	0.103	-1.58933	0	-1.58132	350.078	0	348.35	0	0	-3.30597	
31.77	0.337	0.103	1.58959	0	1.58106	-350.122	0	-348.208	0	0	-3.30597	
31.78	0.337	0.103	-1.58933	0	-1.58132	350.078	0	348.35	0	0	-3.30597	
31.79	0.337	0.103	1.58959	0	1.58106	-350.122	0	-348.208	0	0	-3.30597	
31.8	0.337	0.103	-1.58933	0	-1.58132	350.078	0	348.35	0	0	-3.30597	
31.81	0.337	0.103	1.58959	0	1.58106	-350.122	0	-348.208	0	0	-3.30597	
31.82	0.337	0.103	-1.58933	0	-1.58132	350.078	0	348.35	0	0	-3.30597	
31.83	0.337	0.103	1.58959	0	1.58106	-350.122	0	-348.208	0	0	-3.30597	
31.84	0.337	0.103	-1.58933	0	-1.58132	350.078	0	348.35	0	0	-3.30597	
31.85	0.337	0.103	1.58959	0	1.58106	-350.122	0	-348.208	0	0	-3.30597	
31.86	0.337	0.103	-1.58933	0	-1.58132	350.078	0	348.35	0	0	-3.30597	
31.87	0.337	0.103	1.58959	0	1.58106	-350.122	0	-348.208	0	0	-3.30597	
31.88	0.337	0.103	-1.58933	0	-1.58132	350.078	0	348.35	0	0	-3.30597	
31.89	0.337	0.103	1.58959	0	1.58106	-350.122	0	-348.208	0	0	-3.30597	
31.9	0.337	0.103	-1.58933	0	-1.58132	350.078	0	348.35	0	0	-3.30597	
31.91	0.337	0.103	1.58959	0	1.58106	-350.122	0	-348.208	0	0	-3.30597	
31.92	0.337	0.103	-1.58933	0	-1.58132	350.078	0	348.35	0	0	-3.30597	
31.93	0.337	0.103	1.58959	0	1.58106	-350.122	0	-348.208	0	0	-3.30597	
31.94	0.337	0.103	-1.58933	0	-1.58132	350.078	0	348.35	0	0	-3.30597	
31.95	0.337	0.103	1.58959	0	1.58106	-350.122	0	-348.208	0	0	-3.30597	
31.96	0.337	0.103	-1.58933	0	-1.58132	350.078	0	348.35	0	0	-3.30597	
31.97	0.337	0.103	1.58959	0	1.58106	-350.122	0	-348.208	0	0	-3.30597	
31.98	0.337	0.103	-1.58933	0	-1.58132	350.078	0	348.35	0	0	-3.30597	
31.99	0.337	0.103	1.58959	0	1.58106	-350.122	0	-348.208	0	0	-3.30597	
32	0.337	0.103	-1.58933	0	-1.58132	350.078	0	348.35	0	0	-3.30597	
32.01	0.337	0.103	1.58959	0	1.58106	-350.122	0	-348.208	0	0	-3.30597	
32.02	0.337	0.103	-1.58933	0	-1.58132	350.078	0	348.35	0	0	-3.30597	
32.03	0.337	0.103	1.58959	0	1.58106	-350.122	0	-348.208	0	0	-3.30597	
32.04	0.337	0.103	-1.58933	0	-1.58132	350.078	0	348.35	0	0	-3.30597	
32.05	0.337	0.103	1.58959	0	1.58106	-350.122	0	-348.208	0	0	-3.30597	
32.06	0.337	0.103	-1.58933	0	-1.58132	350.078	0	348.35	0	0	-3.30597	
32.07	0.337	0.103	1.58959	0	1.58106	-350.122	0	-348.208	0	0	-3.30597	
32.08	0.337	0.103	-1.58933	0	-1.58132	350.078	0	348.35	0	0	-3.30597	
32.09	0.337	0.103	1.58959	0	1.58106	-350.122	0	-348.208	0	0	-3.30597	
32.1	0.337	0.103	-1.58933	0	-1.58132	350.078	0	348.35	0	0	-3.30597	
32.11	0.337	0.103	1.58959	0	1.58106	-350.122	0	-348.208	0	0	-3.30597	
32.12	0.337	0.103	-1.58933	0	-1.58132	350.078	0	348.35	0	0	-3.30597	
32.13	0.337	0.103	1.58959	0	1.58106	-350.122	0	-348.207	0	0	-3.30597	
32.14	0.337	0.103	-1.58933	0	-1.58132	350.078	0	348.35	0	0	-3.30597	
32.15	0.337	0.103	1.58959	0	1.58106	-350.122	0	-348.207	0	0	-3.30597	
32.16	0.337	0.103	-1.58933	0	-1.58132	350.078	0	348.35	0	0	-3.30597	
32.17	0.337	0.103	1.58959	0	1.58106	-350.121	0	-348.207	0	0	-3.30597	
32.18	0.337	0.103	-1.58933	0	-1.58132	350.078	0	348.35	0	0	-3.30597	
32.19	0.337	0.103	1.58959	0	1.58106	-350.121	0	-348.207	0	0	-3.30597	
32.2	0.337	0.103	-1.58933	0	-1.58132	350.078	0	348.35	0	0	-3.30597	
32.21	0.337	0.103	1.58959	0	1.58106	-350.121	0	-348.207	0	0	-3.30597	
32.22	0.337	0.103	-1.58933	0	-1.58132	350.078	0	348.35	0	0	-3.30597	
32.23	0.337	0.103	1.58959	0	1.58106	-350.121	0	-348.207	0	0	-3.30597	
32.24	0.337	0.103	-1.58933	0	-1.58132	350.078	0	348.35	0	0	-3.30597	
32.25	0.337	0.103	1.58959	0	1.58106	-350.121	0	-348.207	0	0	-3.30597	
32.26	0.337	0.103	-1.58933	0	-1.58132	350.078	0	348.35	0	0	-3.30597	
32.27	0.337	0.103	1.58959	0	1.58106	-350.121	0	-348.207	0	0	-3.30597	
32.28	0.337	0.103	-1.58933	0	-1.58132	350.078	0	348.35	0	0	-3.30597	
32.29	0.337	0.103	1.58959	0	1.58106	-350.121	0	-348.207	0	0	-3.30597	
32.3	0.337	0.103	-1.58933	0	-1.58132	350.078	0	348.35	0	0	-3.30597	
32.31	0.337	0.103	1.58959	0	1.58106	-350.121	0	-348.207	0	0	-3.30597	
32.32	0.337	0.103	-1.58933	0	-1.58132	350.078	0	348.35	0	0	-3.30597	
32.33	0.337	0.103	1.58959	0	1.58106	-350.121	0	-348.207	0	0	-3.30597	
32.34	0.337	0.103	-1.58933	0	-1.58132	350.078	0	348.35	0	0	-3.30597	
32.35	0.337	0.103	1.58959	0	1.58106	-350.121	0	-348.207	0	0	-3.30597	
32.36	0.337	0.103	-1.58933	0	-1.58132	350.078	0	348.35	0	0	-3.30597	
32.37	0.337	0.103	1.58959	0	1.58106	-350.121	0	-348.207	0	0	-3.30597	
32.38	0.337	0.103	-1.58933	0	-1.58132	350.078	0	348.35	0	0	-3.30597	
32.39	0.337	0.103	1.58959	0	1.58106	-350.121	0	-348.207	0	0	-3.30597	
32.4	0.337	0.103	-1.58933	0	-1.58132	350.078	0	348.35	0	0	-3.30597	
32.41	0.337	0.103	1.58959	0	1.58106	-350.121	0	-348.207	0	0	-3.30597	
32.42	0.337	0.103	-1.58933	0	-1.58132	350.078	0	348.35	0	0	-3.30597	
32.43	0.337	0.103	1.58959	0	1.58106	-350.121	0	-348.207	0	0	-3.30597	
32.44	0.337	0.103	-1.58933	0	-1.58132	350.078	0	348.35	0	0	-3.30597	
32.45	0.337	0.103	1.58959	0	1.58106	-350.121	0	-348.207	0	0	-3.30597	
32.46	0.337	0.103	-1.58933	0	-1.58132	350.078	0	348.35	0	0	-3.30597	
32.47	0.337	0.103	1.58959	0	1.58106	-350.121	0	-348.207	0	0	-3.30597	
32.48	0.337	0.103	-1.58933	0	-1.58132	350.078	0	348.35	0	0	-3.30597	
32.49	0.337	0.103	1.58959	0	1.58106	-350.121	0	-348.207	0	0	-3.30597	
32.5	0.337	0.103	-1.58933	0	-1.58132	350.078	0	348.35	0	0	-3.30597	
32.51	0.337	0.103	1.58959	0	1.58106	-350.121	0	-348.207	0	0	-3.30597	
32.52	0.337	0.103	-1.58933	0	-1.58132	350.078	0	348.35	0	0	-3.30597	
32.53	0.337	0.103	1.58959	0	1.58106	-350.121	0	-348.207	0	0	-3.30597	
32.54	0.337	0.103	-1.58933	0	-1.58132	350.078	0	348.35	0	0	-3.30597	
32.55	0.337	0.103	1.58959	0	1.58106	-350.121	0	-348.207	0	0	-3.30597	
32.56	0.337	0.103	-1.58933	0	-1.58132	350.078	0	348.349	0	0	-3.30597	
32.57	0.337	0.103	1.58959	0	1.58106	-350.121	0	-348.207	0	0	-3.30597	
32.58	0.337	0.103	-1.58933	0	-1.58132	350.078	0	348.349	0	0	-3.30597	
32.59	0.337	0.103	1.58959	0	1.58106	-350.121	0	-348.207	0	0	-3.30597	
32.6	0.337	0.103	-1.58933	0	-1.58132	350.078	0	348.349	0	0	-3.30597	
32.61	0.337	0.103	1.58959	0	1.58106	-350.121	0	-348.207	0	0	-3.30597	
32.62	0.337	0.103	-1.58933	0	-1.58132	350.078	0	348.349	0	0	-3.30597	
32.63	0.337	0.103	1.58959	0	1.58106	-350.121	0	-348.207	0	0	-3.30597	
32.64	0.337	0.103	-1.58933	0	-1.58132	350.078	0	348.349	0	0	-3.30597	
32.65	0.337	0.103	1.58959	0	1.58106	-350.121	0	-348.207	0	0	-3.30597	
32.66	0.337	0.103	-1.58933	0	-1.58132	350.077	0	348.349	0	0	-3.30597	
32.67	0.337	0.103	1.58959	0	1.58106	-350.121	0	-348.207	0	0	-3.30597	
32.68	0.337	0.103	-1.58933	0	-1.58132	350.077	0	348.349	0	0	-3.30597	
32.69	0.337	0.103	1.58959	0	1.58106	-350.121	0	-348.207	0	0	-3.30597	
32.7	0.337	0.103	-1.58933	0	-1.58132	350.077	0	348.349	0	0	-3.30597	
32.71	0.337	0.103	1.58959	0	1.58106	-350.121	0	-348.207	0	0	-3.30597	
32.72	0.337	0.103	-1.58933	0	-1.58132	350.077	0	348.349	0	0	-3.30597	
32.73	0.337	0.103	1.58959	0	1.58106	-350.121	0	-348.207	0	0	-3.30597	
32.74	0.337	0.103	-1.58933	0	-1.58132	350.077	0	348.349	0	0	-3.30597	
32.75	0.337	0.103	1.58959	0	1.58106	-350.121	0	-348.207	0	0	-3.30597	
32.76	0.337	0.103	-1.58933	0	-1.58132	350.077	0	348.349	0	0	-3.30597	
32.77	0.337	0.103	1.58959	0	1.58106	-350.121	0	-348.207	0	0	-3.30597	
32.78	0.337	0.103	-1.58933	0	-1.58132	350.077	0	348.349	0	0	-3.30597	
32.79	0.337	0.103	1.58959	0	1.58106	-350.121	0	-348.207	0	0	-3.30597	
32.8	0.337	0.103	-1.58933	0	-1.58132	350.077	0	348.349	0	0	-3.30597	
32.81	0.337	0.103	1.58959	0	1.58106	-350.121	0	-348.207	0	0	-3.30597	
32.82	0.337	0.103	-1.58933	0	-1.58132	350.077	0	348.349	0	0	-3.30597	
32.83	0.337	0.103	1.58959	0	1.58106	-350.121	0	-348.207	0	0	-3.30597	
32.84	0.337	0.103	-1.58933	0	-1.58132	350.077	0	348.349	0	0	-3.30597	
32.85	0.337	0.103	1.58959	0	1.58106	-350.121	0	-348.207	0	0	-3.30597	
32.86	0.337	0.103	-1.58933	0	-1.58132	350.077	0	348.349	0	0	-3.30597	
32.87	0.337	0.103	1.58959	0	1.58106	-350.121	0	-348.207	0	0	-3.30597	
32.88	0.337	0.103	-1.58933	0	-1.58132	350.077	0	348.349	0	0	-3.30597	
32.89	0.337	0.103	1.58959	0	1.58106	-350.121	0	-348.207	0	0	-3.30597	
32.9	0.337	0.103	-1.58933	0	-1.58132	350.077	0	348.349	0	0	-3.30597	
32.91	0.337	0.103	1.58959	0	1.58106	-350.121	0	-348.207	0	0	-3.30597	
32.92	0.337	0.103	-1.58933	0	-1.58132	350.077	0	348.349	0	0	-3.30597	
32.93	0.337	0.103	1.58959	0	1.58106	-350.121	0	-348.207	0	0	-3.30597	
32.94	0.337	0.103	-1.58933	0	-1.58132	350.077	0	348.349	0	0	-3.30597	
32.95	0.337	0.103	1.58959	0	1.58106	-350.121	0	-348.207	0	0	-3.30597	
32.96	0.337	0.103	-1.58933	0	-1.58132	350.077	0	348.349	0	0	-3.30597	
32.97	0.337	0.103	1.58959	0	1.58106	-350.121	0	-348.207	0	0	-3.30597	
32.98	0.337	0.103	-1.58933	0	-1.58132	350.077	0	348.349	0	0	-3.30597	
32.99	0.337	0.103	1.58959	0	1.58106	-350.121	0	-348.207	0	0	-3.30597	
33	0.337	0.103	-1.58933	0	-1.58132	350.077	0	348.349	0	0	-3.30597	
33.01	0.337	0.103	1.58959	0	1.58106	-350.121	0	-348.207	0	0	-3.30597	
33.02	0.337	0.103	-1.58933	0	-1.58132	350.077	0	348.349	0	0	-3.30597	
33.03	0.337	0.103	1.58959	0	1.58106	-350.121	0	-348.207	0	0	-3.30597	
33.04	0.337	0.103	-1.58933	0	-1.58132	350.077	0	348.349	0	0	-3.30597	
33.05	0.337	0.103	1.58959	0	1.58106	-350.121	0	-348.207	0	0	-3.30597	
33.06	0.337	0.103	-1.58933	0	-1.58132	350.077	0	348.349	0	0	-3.30597	
33.07	0.337	0.103	1.58959	0	1.58106	-350.121	0	-348.207	0	0	-3.30597	
33.08	0.337	0.103	-1.58933	0	-1.58132	350.077	0	348.349	0	0	-3.30597	
33.09	0.337	0.103	1.58959	0	1.58106	-350.121	0	-348.207	0	0	-3.30597	
33.1	0.337	0.103	-1.58933	0	-1.58132	350.077	0	348.349	0	0	-3.30597	
33.11	0.337	0.103	1.58959	0	1.58106	-350.121	0	-348.207	0	0	-3.30597	
33.12	0.337	0.103	-1.58933	0	-1.58132	350.077	0	348.349	0	0	-3.30597	
33.13	0.337	0.103	1.58959	0	1.58106	-350.121	0	-348.207	0	0	-3.30597	
33.14	0.337	0.103	-1.58933	0	-1.58132	350.077	0	348.349	0	0	-3.30597	
33.15	0.337	0.103	1.58959	0	1.58106	-350.121	0	-348.207	0	0	-3.30597	
33.16	0.337	0.103	-1.58933	0	-1.58132	350.077	0	348.349	0	0	-3.30597	
33.17	0.337	0.103	1.58959	0	1.58106	-350.121	0	-348.207	0	0	-3.30597	
33.18	0.337	0.103	-1.58933	0	-1.58132	350.077	0	348.349	0	0	-3.30597	
33.19	0.337	0.103	1.58959	0	1.58106	-350.121	0	-348.207	0	0	-3.30597	
33.2	0.337	0.103	-1.58933	0	-1.58132	350.077	0	348.349	0	0	-3.30597	
33.21	0.337	0.103	1.58959	0	1.58106	-350.121	0	-348.207	0	0	-3.30597	
33.22	0.337	0.103	-1.58933	0	-1.58132	350.077	0	348.349	0	0	-3.30597	
33.23	0.337	0.103	1.58959	0	1.58106	-350.121	0	-348.207	0	0	-3.30597	
33.24	0.337	0.103	-1.58933	0	-1.58132	350.077	0	348.349	0	0	-3.30597	
33.25	0.337	0.103	1.58959	0	1.58106	-350.121	0	-348.207	0	0	-3.30597	
33.26	0.337	0.103	-1.58933	0	-1.58132	350.077	0	348.349	0	0	-3.30597	
33.27	0.337	0.103	1.58959	0	1.58106	-350.121	0	-348.207	0	0	-3.30597	
33.28	0.337	0.103	-1.58933	0	-1.58132	350.077	0	348.349	0	0	-3.30597	
33.29	0.337	0.103	1.58959	0	1.58106	-350.121	0	-348.207	0	0	-3.30597	
33.3	0.337	0.103	-1.58933	0	-1.58132	350.077	0	348.349	0	0	-3.30597	
33.31	0.337	0.103	1.58959	0	1.58106	-350.121	0	-348.207	0	0	-3.30597	
33.32	0.337	0.103	-1.58933	0	-1.58132	350.077	0	348.349	0	0	-3.30597	
33.33	0.337	0.103	1.58959	0	1.58106	-350.121	0	-348.207	0	0	-3.30597	
33.34	0.337	0.103	-1.58933	0	-1.58132	350.077	0	348.349	0	0	-3.30597	
33.35	0.337	0.103	1.58959	0	1.58106	-350.121	0	-348.207	0	0	-3.30597	
33.36	0.337	0.103	-1.58933	0	-1.58132	350.077	0	348.349	0	0	-3.30597	
33.37	0.337	0.103	1.58959	0	1.58106	-350.121	0	-348.207	0	0	-3.30597	
33.38	0.337	0.103	-1.58933	0	-1.58132	350.077	0	348.349	0	0	-3.30597	
33.39	0.337	0.103	1.58959	0	1.58106	-350.121	0	-348.207	0	0	-3.30597	
33.4	0.337	0.103	-1.58933	0	-1.58132	350.077	0	348.349	0	0	-3.30597	
33.41	0.337	0.103	1.58959	0	1.58106	-350.121	0	-348.207	0	0	-3.30597	
33.42	0.337	0.103	-1.58933	0	-1.58132	350.077	0	348.349	0	0	-3.30597	
33.43	0.337	0.103	1.58959	0	1.58106	-350.121	0	-348.207	0	0	-3.30597	
33.44	0.337	0.103	-1.58933	0	-1.58132	350.077	0	348.349	0	0	-3.30597	
33.45	0.337	0.103	1.58959	0	1.58106	-350.121	0	-348.207	0	0	-3.30597	
33.46	0.337	0.103	-1.58933	0	-1.58132	350.077	0	348.349	0	0	-3.30597	
33.47	0.337	0.103	1.58959	0	1.58106	-350.121	0	-348.207	0	0	-3.30597	
33.48	0.337	0.103	-1.58933	0	-1.58132	350.077	0	348.349	0	0	-3.30597	
33.49	0.337	0.103	1.58959	0	1.58106	-350.121	0	-348.207	0	0	-3.30597	
33.5	0.337	0.103	-1.58933	0	-1.58132	350.077	0	348.349	0	0	-3.30597	
33.51	0.337	0.103	1.58959	0	1.58106	-350.121	0	-348.207	0	0	-3.30597	
33.52	0.337	0.103	-1.58933	0	-1.58132	350.077	0	348.349	0	0	-3.30597	
33.53	0.337	0.103	1.58959	0	1.58106	-350.121	0	-348.207	0	0	-3.30597	
33.54	0.337	0.103	-1.58933	0	-1.58132	350.077	0	348.349	0	0	-3.30597	
33.55	0.337	0.103	1.58959	0	1.58106	-350.121	0	-348.207	0	0	-3.30597	
33.56	0.337	0.103	-1.58933	0	-1.58132	350.077	0	348.349	0	0	-3.30597	
33.57	0.337	0.103	1.58959	0	1.58106	-350.121	0	-348.207	0	0	-3.30597	
33.58	0.337	0.103	-1.58933	0	-1.58132	350.077	0	348.349	0	0	-3.30597	
33.59	0.337	0.103	1.58959	0	1.58106	-350.121	0	-348.207	0	0	-3.30597	
33.6	0.337	0.103	-1.58933	0	-1.58132	350.077	0	348.349	0	0	-3.30597	
33.61	0.337	0.103	1.58959	0	1.58106	-350.121	0	-348.207	0	0	-3.30597	
33.62	0.337	0.103	-1.58933	0	-1.58132	350.077	0	348.349	0	0	-3.30597	
33.63	0.337	0.103	1.58959	0	1.58106	-350.121	0	-348.207	0	0	-3.30597	
33.64	0.337	0.103	-1.58933	0	-1.58132	350.077	0	348.349	0	0	-3.30597	
33.65	0.337	0.103	1.58959	0	1.58106	-350.121	0	-348.207	0	0	-3.30597	
33.66	0.337	0.103	-1.58933	0	-1.58132	350.077	0	348.349	0	0	-3.30597	
33.67	0.337	0.103	1.58959	0	1.58106	-350.121	0	-348.207	0	0	-3.30597	
33.68	0.337	0.103	-1.58933	0	-1.58132	350.077	0	348.349	0	0	-3.30597	
33.69	0.337	0.103	1.58959	0	1.58106	-350.121	0	-348.207	0	0	-3.30597	
33.7	0.337	0.103	-1.58933	0	-1.58132	350.077	0	348.349	0	0	-3.30597	
33.71	0.337	0.103	1.58959	0	1.58106	-350.121	0	-348.207	0	0	-3.30597	
33.72	0.337	0.103	-1.58933	0	-1.58132	350.077	0	348.349	0	0	-3.30597	
33.73	0.337	0.103	1.58959	0	1.58106	-350.121	0	-348.207	0	0	-3.30597	
33.74	0.337	0.103	-1.58933	0	-1.58132	350.077	0	348.349	0	0	-3.30597	
33.75	0.337	0.103	1.58959	0	1.58106	-350.121	0	-348.207	0	0	-3.30597	
33.76	0.337	0.103	-1.58933	0	-1.58132	350.077	0	348.349	0	0	-3.30597	
33.77	0.337	0.103	1.58959	0	1.58106	-350.121	0	-348.207	0	0	-3.30597	
33.78	0.337	0.103	-1.58933	0	-1.58132	350.077	0	348.349	0	0	-3.30597	
33.79	0.337	0.103	1.58959	0	1.58106	-350.121	0	-348.207	0	0	-3.30597	
33.8	0.337	0.103	-1.58933	0	-1.58132	350.077	0	348.349	0	0	-3.30597	
33.81	0.337	0.103	1.58959	0	1.58106	-350.121	0	-348.207	0	0	-3.30597	
33.82	0.337	0.103	-1.58933	0	-1.58132	350.077	0	348.349	0	0	-3.30597	
33.83	0.337	0.103	1.58959	0	1.58106	-350.121	0	-348.207	0	0	-3.30597	
33.84	0.337	0.103	-1.58933	0	-1.58132	350.077	0	348.349	0	0	-3.30597	
33.85	0.337	0.103	1.58959	0	1.58106	-350.121	0	-348.207	0	0	-3.30597	
33.86	0.337	0.103	-1.58933	0	-1.58132	350.077	0	348.349	0	0	-3.30597	
33.87	0.337	0.103	1.58959	0	1.58106	-350.121	0	-348.207	0	0	-3.30597	
33.88	0.337	0.103	-1.58933	0	-1.58132	350.077	0	348.349	0	0	-3.30597	
33.89	0.337	0.103	1.58959	0	1.58106	-350.121	0	-348.207	0	0	-3.30597	
33.9	0.337	0.103	-1.58933	0	-1.58132	350.077	0	348.349	0	0	-3.30597	
33.91	0.337	0.103	1.58959	0	1.58106	-350.121	0	-348.207	0	0	-3.30597	
33.92	0.337	0.103	-1.58933	0	-1.58132	350.077	0	348.349	0	0	-3.30597	
33.93	0.337	0.103	1.58959	0	1.58106	-350.121	0	-348.207	0	0	-3.30597	
33.94	0.337	0.103	-1.58933	0	-1.58132	350.077	0	348.349	0	0	-3.30597	
33.95	0.337	0.103	1.58959	0	1.58106	-350.121	0	-348.207	0	0	-3.30597	
33.96	0.337	0.103	-1.58933	0	-1.58132	350.077	0	348.349	0	0	-3.30597	
33.97	0.337	0.103	1.58959	0	1.58106	-350.121	0	-348.207	0	0	-3.30597	
33.98	0.337	0.103	-1.58933	0	-1.58132	350.077	0	348.349	0	0	-3.30597	
33.99	0.337	0.103	1.58959	0	1.58106	-350.121	0	-348.207	0	0	-3.30597	
34	0.337	0.103	-1.58933	0	-1.58132	350.077	0	348.349	0	0	-3.30597	
34.01	0.337	0.103	1.58959	0	1.58106	-350.121	0	-348.207	0	0	-3.30597	
34.02	0.337	0.103	-1.58933	0	-1.58132	350.077	0	348.349	0	0	-3.30597	
34.03	0.337	0.103	1.58959	0	1.58106	-350.121	0	-348.207	0	0	-3.30597	
34.04	0.337	0.103	-1.58933	0	-1.58132	350.077	0	348.349	0	0	-3.30597	
34.05	0.337	0.103	1.58959	0	1.58106	-350.121	0	-348.207	0	0	-3.30597	
34.06	0.337	0.103	-1.58933	0	-1.58132	350.077	0	348.349	0	0	-3.30597	
34.07	0.337	0.103	1.58959	0	1.58106	-350.121	0	-348.207	0	0	-3.30597	
34.08	0.337	0.103	-1.58933	0	-1.58132	350.077	0	348.349	0	0	-3.30597	
34.09	0.337	0.103	1.58959	0	1.58106	-350.121	0	-348.207	0	0	-3.30597	
34.1	0.337	0.103	-1.58933	0	-1.58132	350.077	0	348.349	0	0	-3.30597	
34.11	0.337	0.103	1.58959	0	1.58106	-350.121	0	-348.207	0	0	-3.30597	
34.12	0.337	0.103	-1.58933	0	-1.58132	350.077	0	348.349	0	0	-3.30597	
34.13	0.337	0.103	1.58959	0	1.58106	-350.121	0	-348.207	0	0	-3.30597	
34.14	0.337	0.103	-1.58933	0	-1.58132	350.077	0	348.349	0	0	-3.30597	
34.15	0.337	0.103	1.58959	0	1.58106	-350.121	0	-348.207	0	0	-3.30597	
34.16	0.337	0.103	-1.58933	0	-1.58132	350.077	0	348.349	0	0	-3.30597	
34.17	0.337	0.103	1.58959	0	1.58106	-350.121	0	-348.207	0	0	-3.30597	
34.18	0.337	0.103	-1.58933	0	-1.58132	350.077	0	348.349	0	0	-3.30597	
34.19	0.337	0.103	1.58959	0	1.58106	-350.121	0	-348.207	0	0	-3.30597	
34.2	0.337	0.103	-1.58933	0	-1.58132	350.077	0	348.349	0	0	-3.30597	
34.21	0.337	0.103	1.58959	0	1.58106	-350.121	0	-348.207	0	0	-3.30597	
34.22	0.337	0.103	-1.58933	0	-1.58132	350.077	0	348.349	0	0	-3.30597	
34.23	0.337	0.103	1.58959	0	1.58106	-350.121	0	-348.207	0	0	-3.30597	
34.24	0.337	0.103	-1.58933	0	-1.58132	350.077	0	348.349	0	0	-3.30597	
34.25	0.337	0.103	1.58959	0	1.58106	-350.121	0	-348.207	0	0	-3.30597	
34.26	0.337	0.103	-1.58933	0	-1.58132	350.077	0	348.349	0	0	-3.30597	
34.27	0.337	0.103	1.58959	0	1.58106	-350.121	0	-348.207	0	0	-3.30597	
34.28	0.337	0.103	-1.58933	0	-1.58132	350.077	0	348.349	0	0	-3.30597	
34.29	0.337	0.103	1.58959	0	1.58106	-350.121	0	-348.207	0	0	-3.30597	
34.3	0.337	0.103	-1.58933	0	-1.58132	350.077	0	348.349	0	0	-3.30597	
34.31	0.337	0.103	1.58959	0	1.58106	-350.121	0	-348.207	0	0	-3.30597	
34.32	0.337	0.103	-1.58933	0	-1.58132	350.077	0	348.349	0	0	-3.30597	
34.33	0.337	0.103	1.58959	0	1.58106	-350.121	0	-348.207	0	0	-3.30597	
34.34	0.337	0.103	-1.58933	0	-1.58132	350.077	0	348.349	0	0	-3.30597	
34.35	0.337	0.103	1.58959	0	1.58106	-350.121	0	-348.207	0	0	-3.30597	
34.36	0.337	0.103	-1.58933	0	-1.58132	350.077	0	348.349	0	0	-3.30597	
34.37	0.337	0.103	1.58959	0	1.58106	-350.121	0	-348.207	0	0	-3.30597	
34.38	0.337	0.103	-1.58933	0	-1.58132	350.077	0	348.349	0	0	-3.30597	
34.39	0.337	0.103	1.58959	0	1.58106	-350.121	0	-348.207	0	0	-3.30597	
34.4	0.337	0.103	-1.58933	0	-1.58132	350.077	0	348.349	0	0	-3.30597	
34.41	0.337	0.103	1.58959	0	1.58106	-350.121	0	-348.207	0	0	-3.30597	
34.42	0.337	0.103	-1.58933	0	-1.58132	350.077	0	348.349	0	0	-3.30597	
34.43	0.337	0.103	1.58959	0	1.58106	-350.121	0	-348.207	0	0	-3.30597	
34.44	0.337	0.103	-1.58933	0	-1.58132	350.077	0	348.349	0	0	-3.30597	
34.45	0.337	0.103	1.58959	0	1.58106	-350.121	0	-348.207	0	0	-3.30597	
34.46	0.337	0.103	-1.58933	0	-1.58132	350.077	0	348.349	0	0	-3.30597	
34.47	0.337	0.103	1.58959	0	1.58106	-350.121	0	-348.207	0	0	-3.30597	
34.48	0.337	0.103	-1.58933	0	-1.58132	350.077	0	348.349	0	0	-3.30597	
34.49	0.337	0.103	1.58959	0	1.58106	-350.121	0	-348.207	0	0	-3.30597	
34.5	0.337	0.103	-1.58933	0	-1.58132	350.077	0	348.349	0	0	-3.30597	
34.51	0.337	0.103	1.58959	0	1.58106	-350.121	0	-348.207	0	0	-3.30597	
34.52	0.337	0.103	-1.58933	0	-1.58132	350.077	0	348.349	0	0	-3.30597	
34.53	0.337	0.103	1.58959	0	1.58106	-350.121	0	-348.207	0	0	-3.30597	
34.54	0.337	0.103	-1.58933	0	-1.58132	350.077	0	348.349	0	0	-3.30597	
34.55	0.337	0.103	1.58959	0	1.58106	-350.121	0	-348.207	0	0	-3.30597	
34.56	0.337	0.103	-1.58933	0	-1.58132	350.077	0	348.349	0	0	-3.30597	
34.57	0.337	0.103	1.58959	0	1.58106	-350.121	0	-348.207	0	0	-3.30597	
34.58	0.337	0.103	-1.58933	0	-1.58132	350.077	0	348.349	0	0	-3.30597	
34.59	0.337	0.103	1.58959	0	1.58106	-350.121	0	-348.207	0	0	-3.30597	
34.6	0.337	0.103	-1.58933	0	-1.58132	350.077	0	348.349	0	0	-3.30597	
34.61	0.337	0.103	1.58959	0	1.58106	-350.121	0	-348.207	0	0	-3.30597	
34.62	0.337	0.103	-1.58933	0	-1.58132	350.077	0	348.349	0	0	-3.30597	
34.63	0.337	0.103	1.58959	0	1.58106	-350.121	0	-348.207	0	0	-3.30597	
34.64	0.337	0.103	-1.58933	0	-1.58132	350.077	0	348.349	0	0	-3.30597	
34.65	0.337	0.103	1.58959	0	1.58106	-350.121	0	-348.207	0	0	-3.30597	
34.66	0.337	0.103	-1.58933	0	-1.58132	350.077	0	348.349	0	0	-3.30597	
34.67	0.337	0.103	1.58959	0	1.58106	-350.121	0	-348.207	0	0	-3.30597	
34.68	0.337	0.103	-1.58933	0	-1.58132	350.077	0	348.349	0	0	-3.30597	
34.69	0.337	0.103	1.58959	0	1.58106	-350.121	0	-348.207	0	0	-3.30597	
34.7	0.337	0.103	-1.58933	0	-1.58132	350.077	0	348.349	0	0	-3.30597	
34.71	0.337	0.103	1.58959	0	1.58106	-350.121	0	-348.207	0	0	-3.30597	
34.72	0.337	0.103	-1.58933	0	-1.58132	350.077	0	348.349	0	0	-3.30597	
34.73	0.337	0.103	1.58959	0	1.58106	-350.121	0	-348.207	0	0	-3.30597	
34.74	0.337	0.103	-1.58933	0	-1.58132	350.077	0	348.349	0	0	-3.30597	
34.75	0.337	0.103	1.58959	0	1.58106	-350.121	0	-348.207	0	0	-3.30597	
34.76	0.337	0.103	-1.58933	0	-1.58132	350.077	0	348.349	0	0	-3.30597	
34.77	0.337	0.103	1.58959	0	1.58106	-350.121	0	-348.207	0	0	-3.30597	
34.78	0.337	0.103	-1.58933	0	-1.58132	350.077	0	348.349	0	0	-3.30597	
34.79	0.337	0.103	1.58959	0	1.58106	-350.121	0	-348.207	0	0	-3.30597	
34.8	0.337	0.103	-1.58933	0	-1.58132	350.077	0	348.349	0	0	-3.30597	
34.81	0.337	0.103	1.58959	0	1.58106	-350.121	0	-348.207	0	0	-3.30597	
34.82	0.337	0.103	-1.58933	0	-1.58132	350.077	0	348.349	0	0	-3.30597	
34.83	0.337	0.103	1.58959	0	1.58106	-350.121	0	-348.207	0	0	-3.30597	
34.84	0.337	0.103	-1.58933	0	-1.58132	350.077	0	348.349	0	0	-3.30597	
34.85	0.337	0.103	1.58959	0	1.58106	-350.121	0	-348.207	0	0	-3.30597	
34.86	0.337	0.103	-1.58933	0	-1.58132	350.077	0	348.349	0	0	-3.30597	
34.87	0.337	0.103	1.58959	0	1.58106	-350.121	0	-348.207	0	0	-3.30597	
34.88	0.337	0.103	-1.58933	0	-1.58132	350.077	0	348.349	0	0	-3.30597	
34.89	0.337	0.103	1.58959	0	1.58106	-350.121	0	-348.207	0	0	-3.30597	
34.9	0.337	0.103	-1.58933	0	-1.58132	350.077	0	348.349	0	0	-3.30597	
34.91	0.337	0.103	1.58959	0	1.58106	-350.121	0	-348.207	0	0	-3.30597	
34.92	0.337	0.103	-1.58933	0	-1.58132	350.077	0	348.349	0	0	-3.30597	
34.93	0.337	0.103	1.58959	0	1.58106	-350.121	0	-348.206	0	0	-3.30597	
34.94	0.337	0.103	-1.58933	0	-1.58132	350.077	0	348.349	0	0	-3.30597	
34.95	0.337	0.103	1.58959	0	1.58106	-350.12	0	-348.206	0	0	-3.30597	
34.96	0.337	0.103	-1.58933	0	-1.58132	350.077	0	348.349	0	0	-3.30597	
34.97	0.337	0.103	1.58959	0	1.58106	-350.12	0	-348.206	0	0	-3.30597	
34.98	0.337	0.103	-1.58933	0	-1.58132	350.077	0	348.349	0	0	-3.30597	
34.99	0.337	0.103	1.58959	0	1.58106	-350.12	0	-348.206	0	0	-3.30597	
35	0.337	0.103	-1.58933	0	-1.58132	350.077	0	348.349	0	0	-3.30597	
35.01	0.337	0.103	1.58959	0	1.58106	-350.12	0	-348.206	0	0	-3.30597	
35.02	0.337	0.103	-1.58933	0	-1.58132	350.077	0	348.349	0	0	-3.30597	
35.03	0.337	0.103	1.58959	0	1.58106	-350.12	0	-348.206	0	0	-3.30597	
35.04	0.337	0.103	-1.58933	0	-1.58132	350.077	0	348.349	0	0	-3.30597	
35.05	0.337	0.103	1.58959	0	1.58106	-350.12	0	-348.206	0	0	-3.30597	
35.06	0.337	0.103	-1.58933	0	-1.58132	350.077	0	348.349	0	0	-3.30597	
35.07	0.337	0.103	1.58959	0	1.58106	-350.12	0	-348.206	0	0	-3.30597	
35.08	0.337	0.103	-1.58933	0	-1.58132	350.077	0	348.349	0	0	-3.30597	
35.09	0.337	0.103	1.58959	0	1.58106	-350.12	0	-348.206	0	0	-3.30597	
35.1	0.337	0.103	-1.58933	0	-1.58132	350.077	0	348.349	0	0	-3.30597	
35.11	0.337	0.103	1.58959	0	1.58106	-350.12	0	-348.206	0	0	-3.30597	
35.12	0.337	0.103	-1.58933	0	-1.58132	350.077	0	348.349	0	0	-3.30597	
35.13	0.337	0.103	1.58959	0	1.58106	-350.12	0	-348.206	0	0	-3.30597	
35.14	0.337	0.103	-1.58933	0	-1.58132	350.077	0	348.349	0	0	-3.30597	
35.15	0.337	0.103	1.58959	0	1.58106	-350.12	0	-348.206	0	0	-3.30597	
35.16	0.337	0.103	-1.58933	0	-1.58132	350.077	0	348.349	0	0	-3.30597	
35.17	0.337	0.103	1.58959	0	1.58106	-350.12	0	-348.206	0	0	-3.30597	
35.18	0.337	0.103	-1.58933	0	-1.58132	350.077	0	348.349	0	0	-3.30597	
35.19	0.337	0.103	1.58959	0	1.58106	-350.12	0	-348.206	0	0	-3.30597	
35.2	0.337	0.103	-1.58933	0	-1.58132	350.077	0	348.349	0	0	-3.30597	
35.21	0.337	0.103	1.58959	0	1.58106	-350.12	0	-348.206	0	0	-3.30597	
35.22	0.337	0.103	-1.58933	0	-1.58132	350.077	0	348.349	0	0	-3.30597	
35.23	0.337	0.103	1.58959	0	1.58106	-350.12	0	-348.206	0	0	-3.30597	
35.24	0.337	0.103	-1.58933	0	-1.58132	350.077	0	348.349	0	0	-3.30597	
35.25	0.337	0.103	1.58959	0	1.58106	-350.12	0	-348.206	0	0	-3.30597	
35.26	0.337	0.103	-1.58933	0	-1.58132	350.077	0	348.349	0	0	-3.30597	
35.27	0.337	0.103	1.58959	0	1.58106	-350.12	0	-348.206	0	0	-3.30597	
35.28	0.337	0.103	-1.58933	0	-1.58132	350.077	0	348.349	0	0	-3.30597	
35.29	0.337	0.103	1.58959	0	1.58106	-350.12	0	-348.206	0	0	-3.30597	
35.3	0.337	0.103	-1.58933	0	-1.58132	350.077	0	348.349	0	0	-3.30597	
35.31	0.337	0.103	1.58959	0	1.58106	-350.12	0	-348.206	0	0	-3.30597	
35.32	0.337	0.103	-1.58933	0	-1.58132	350.077	0	348.349	0	0	-3.30597	
35.33	0.337	0.103	1.58959	0	1.58106	-350.12	0	-348.206	0	0	-3.30597	
35.34	0.337	0.103	-1.58933	0	-1.58132	350.077	0	348.349	0	0	-3.30597	
35.35	0.337	0.103	1.58959	0	1.58106	-350.12	0	-348.206	0	0	-3.30597	
35.36	0.337	0.103	-1.58933	0	-1.58132	350.077	0	348.348	0	0	-3.30597	
35.37	0.337	0.103	1.58959	0	1.58106	-350.12	0	-348.206	0	0	-3.30597	
35.38	0.337	0.103	-1.58933	0	-1.58132	350.077	0	348.348	0	0	-3.30597	
35.39	0.337	0.103	1.58959	0	1.58106	-350.12	0	-348.206	0	0	-3.30597	
35.4	0.337	0.103	-1.58933	0	-1.58132	350.077	0	348.348	0	0	-3.30597	
35.41	0.337	0.103	1.58959	0	1.58106	-350.12	0	-348.206	0	0	-3.30597	
35.42	0.337	0.103	-1.58933	0	-1.58132	350.077	0	348.348	0	0	-3.30597	
35.43	0.337	0.103	1.58959	0	1.58106	-350.12	0	-348.206	0	0	-3.30597	
35.44	0.337	0.103	-1.58933	0	-1.58132	350.076	0	348.348	0	0	-3.30597	
35.45	0.337	0.103	1.58959	0	1.58106	-350.12	0	-348.206	0	0	-3.30597	
35.46	0.337	0.103	-1.58933	0	-1.58132	350.076	0	348.348	0	0	-3.30597	
35.47	0.337	0.103	1.58959	0	1.58106	-350.12	0	-348.206	0	0	-3.30597	
35.48	0.337	0.103	-1.58933	0	-1.58132	350.076	0	348.348	0	0	-3.30597	
35.49	0.337	0.103	1.58959	0	1.58106	-350.12	0	-348.206	0	0	-3.30597	
35.5	0.337	0.103	-1.58933	0	-1.58132	350.076	0	348.348	0	0	-3.30597	
35.51	0.337	0.103	1.58959	0	1.58106	-350.12	0	-348.206	0	0	-3.30597	
35.52	0.337	0.103	-1.58933	0	-1.58132	350.076	0	348.348	0	0	-3.30597	
35.53	0.337	0.103	1.58959	0	1.58106	-350.12	0	-348.206	0	0	-3.30597	
35.54	0.337	0.103	-1.58933	0	-1.58132	350.076	0	348.348	0	0	-3.30597	
35.55	0.337	0.103	1.58959	0	1.58106	-350.12	0	-348.206	0	0	-3.30597	
35.56	0.337	0.103	-1.58933	0	-1.58132	350.076	0	348.348	0	0	-3.30597	
35.57	0.337	0.103	1.58959	0	1.58106	-350.12	0	-348.206	0	0	-3.30597	
35.58	0.337	0.103	-1.58933	0	-1.58132	350.076	0	348.348	0	0	-3.30597	
35.59	0.337	0.103	1.58959	0	1.58106	-350.12	0	-348.206	0	0	-3.30597	
35.6	0.337	0.103	-1.58933	0	-1.58132	350.076	0	348.348	0	0	-3.30597	
35.61	0.337	0.103	1.58959	0	1.58106	-350.12	0	-348.206	0	0	-3.30597	
35.62	0.337	0.103	-1.58933	0	-1.58132	350.076	0	348.348	0	0	-3.30597	
35.63	0.337	0.103	1.58959	0	1.58106	-350.12	0	-348.206	0	0	-3.30597	
35.64	0.337	0.103	-1.58933	0	-1.58132	350.076	0	348.348	0	0	-3.30597	
35.65	0.337	0.103	1.58959	0	1.58106	-350.12	0	-348.206	0	0	-3.30597	
35.66	0.337	0.103	-1.58933	0	-1.58132	350.076	0	348.348	0	0	-3.30597	
35.67	0.337	0.103	1.58959	0	1.58106	-350.12	0	-348.206	0	0	-3.30597	
35.68	0.337	0.103	-1.58933	0	-1.58132	350.076	0	348.348	0	0	-3.30597	
35.69	0.337	0.103	1.58959	0	1.58106	-350.12	0	-348.206	0	0	-3.30597	
35.7	0.337	0.103	-1.58933	0	-1.58132	350.076	0	348.348	0	0	-3.30597	
35.71	0.337	0.103	1.58959	0	1.58106	-350.12	0	-348.206	0	0	-3.30597	
35.72	0.337	0.103	-1.58933	0	-1.58132	350.076	0	348.348	0	0	-3.30597	
35.73	0.337	0.103	1.58959	0	1.58106	-350.12	0	-348.206	0	0	-3.30597	
35.74	0.337	0.103	-1.58933	0	-1.58132	350.076	0	348.348	0	0	-3.30597	
35.75	0.337	0.103	1.58959	0	1.58106	-350.12	0	-348.206	0	0	-3.30597	
35.76	0.337	0.103	-1.58933	0	-1.58132	350.076	0	348.348	0	0	-3.30597	
35.77	0.337	0.103	1.58959	0	1.58106	-350.12	0	-348.206	0	0	-3.30597	
35.78	0.337	0.103	-1.58933	0	-1.58132	350.076	0	348.348	0	0	-3.30597	
35.79	0.337	0.103	1.58959	0	1.58106	-350.12	0	-348.206	0	0	-3.30597	
35.8	0.337	0.103	-1.58933	0	-1.58132	350.076	0	348.348	0	0	-3.30597	
35.81	0.337	0.103	1.58959	0	1.58106	-350.12	0	-348.206	0	0	-3.30597	
35.82	0.337	0.103	-1.58933	0	-1.58132	350.076	0	348.348	0	0	-3.30597	
35.83	0.337	0.103	1.58959	0	1.58106	-350.12	0	-348.206	0	0	-3.30597	
35.84	0.337	0.103	-1.58933	0	-1.58132	350.076	0	348.348	0	0	-3.30597	
35.85	0.337	0.103	1.58959	0	1.58106	-350.12	0	-348.206	0	0	-3.30597	
35.86	0.337	0.103	-1.58933	0	-1.58132	350.076	0	348.348	0	0	-3.30597	
35.87	0.337	0.103	1.58959	0	1.58106	-350.12	0	-348.206	0	0	-3.30597	
35.88	0.337	0.103	-1.58933	0	-1.58132	350.076	0	348.348	0	0	-3.30597	
35.89	0.337	0.103	1.58959	0	1.58106	-350.12	0	-348.206	0	0	-3.30597	
35.9	0.337	0.103	-1.58933	0	-1.58132	350.076	0	348.348	0	0	-3.30597	
35.91	0.337	0.103	1.58959	0	1.58106	-350.12	0	-348.206	0	0	-3.30597	
35.92	0.337	0.103	-1.58933	0	-1.58132	350.076	0	348.348	0	0	-3.30597	
35.93	0.337	0.103	1.58959	0	1.58106	-350.12	0	-348.206	0	0	-3.30597	
35.94	0.337	0.103	-1.58933	0	-1.58132	350.076	0	348.348	0	0	-3.30597	
35.95	0.337	0.103	1.58959	0	1.58106	-350.12	0	-348.206	0	0	-3.30597	
35.96	0.337	0.103	-1.58933	0	-1.58132	350.076	0	348.348	0	0	-3.30597	
35.97	0.337	0.103	1.58959	0	1.58106	-350.12	0	-348.206	0	0	-3.30597	
35.98	0.337	0.103	-1.58933	0	-1.58132	350.076	0	348.348	0	0	-3.30597	
35.99	0.337	0.103	1.58959	0	1.58106	-350.12	0	-348.206	0	0	-3.30597	
36	0.337	0.103	-1.58933	0	-1.58132	350.076	0	348.348	0	0	-3.30597	
36.01	0.337	0.103	1.58959	0	1.58106	-350.12	0	-348.206	0	0	-3.30597	
36.02	0.337	0.103	-1.58933	0	-1.58132	350.076	0	348.348	0	0	-3.30597	
36.03	0.337	0.103	1.58959	0	1.58106	-350.12	0	-348.206	0	0	-3.30597	
36.04	0.337	0.103	-1.58933	0	-1.58132	350.076	0	348.348	0	0	-3.30597	
36.05	0.337	0.103	1.58959	0	1.58106	-350.12	0	-348.206	0	0	-3.30597	
36.06	0.337	0.103	-1.58933	0	-1.58132	350.076	0	348.348	0	0	-3.30597	
36.07	0.337	0.103	1.58959	0	1.58106	-350.12	0	-348.206	0	0	-3.30597	
36.08	0.337	0.103	-1.58933	0	-1.58132	350.076	0	348.348	0	0	-3.30597	
36.09	0.337	0.103	1.58959	0	1.58106	-350.12	0	-348.206	0	0	-3.30597	
36.1	0.337	0.103	-1.58933	0	-1.58132	350.076	0	348.348	0	0	-3.30597	
36.11	0.337	0.103	1.58959	0	1.58106	-350.12	0	-348.206	0	0	-3.30597	
36.12	0.337	0.103	-1.58933	0	-1.58132	350.076	0	348.348	0	0	-3.30597	
36.13	0.337	0.103	1.58959	0	1.58106	-350.12	0	-348.206	0	0	-3.30597	
36.14	0.337	0.103	-1.58933	0	-1.58132	350.076	0	348.348	0	0	-3.30597	
36.15	0.337	0.103	1.58959	0	1.58106	-350.12	0	-348.206	0	0	-3.30597	
36.16	0.337	0.103	-1.58933	0	-1.58132	350.076	0	348.348	0	0	-3.30597	
36.17	0.337	0.103	1.58959	0	1.58106	-350.12	0	-348.206	0	0	-3.30597	
36.18	0.337	0.103	-1.58933	0	-1.58132	350.076	0	348.348	0	0	-3.30597	
36.19	0.337	0.103	1.58959	0	1.58106	-350.12	0	-348.206	0	0	-3.30597	
36.2	0.337	0.103	-1.58933	0	-1.58132	350.076	0	348.348	0	0	-3.30597	
36.21	0.337	0.103	1.58959	0	1.58106	-350.12	0	-348.206	0	0	-3.30597	
36.22	0.337	0.103	-1.58933	0	-1.58132	350.076	0	348.348	0	0	-3.30597	
36.23	0.337	0.103	1.58959	0	1.58106	-350.12	0	-348.206	0	0	-3.30597	
36.24	0.337	0.103	-1.58933	0	-1.58132	350.076	0	348.348	0	0	-3.30597	
36.25	0.337	0.103	1.58959	0	1.58106	-350.12	0	-348.206	0	0	-3.30597	
36.26	0.337	0.103	-1.58933	0	-1.58132	350.076	0	348.348	0	0	-3.30597	
36.27	0.337	0.103	1.58959	0	1.58106	-350.12	0	-348.206	0	0	-3.30597	
36.28	0.337	0.103	-1.58933	0	-1.58132	350.076	0	348.348	0	0	-3.30597	
36.29	0.337	0.103	1.58959	0	1.58106	-350.12	0	-348.206	0	0	-3.30597	
36.3	0.337	0.103	-1.58933	0	-1.58132	350.076	0	348.348	0	0	-3.30597	
36.31	0.337	0.103	1.58959	0	1.58106	-350.12	0	-348.206	0	0	-3.30597	
36.32	0.337	0.103	-1.58933	0	-1.58132	350.076	0	348.348	0	0	-3.30597	
36.33	0.337	0.103	1.58959	0	1.58106	-350.12	0	-348.206	0	0	-3.30597	
36.34	0.337	0.103	-1.58933	0	-1.58132	350.076	0	348.348	0	0	-3.30597	
36.35	0.337	0.103	1.58959	0	1.58106	-350.12	0	-348.206	0	0	-3.30597	
36.36	0.337	0.103	-1.58933	0	-1.58132	350.076	0	348.348	0	0	-3.30597	
36.37	0.337	0.103	1.58959	0	1.58106	-350.12	0	-348.206	0	0	-3.30597	
36.38	0.337	0.103	-1.58933	0	-1.58132	350.076	0	348.348	0	0	-3.30597	
36.39	0.337	0.103	1.58959	0	1.58106	-350.12	0	-348.206	0	0	-3.30597	
36.4	0.337	0.103	-1.58933	0	-1.58132	350.076	0	348.348	0	0	-3.30597	
36.41	0.337	0.103	1.58959	0	1.58106	-350.12	0	-348.206	0	0	-3.30597	
36.42	0.337	0.103	-1.58933	0	-1.58132	350.076	0	348.348	0	0	-3.30597	
36.43	0.337	0.103	1.58959	0	1.58106	-350.12	0	-348.206	0	0	-3.30597	
36.44	0.337	0.103	-1.58933	0	-1.58132	350.076	0	348.348	0	0	-3.30597	
36.45	0.337	0.103	1.58959	0	1.58106	-350.12	0	-348.206	0	0	-3.30597	
36.46	0.337	0.103	-1.58933	0	-1.58132	350.076	0	348.348	0	0	-3.30597	
36.47	0.337	0.103	1.58959	0	1.58106	-350.12	0	-348.206	0	0	-3.30597	
36.48	0.337	0.103	-1.58933	0	-1.58132	350.076	0	348.348	0	0	-3.30597	
36.49	0.337	0.103	1.58959	0	1.58106	-350.12	0	-348.206	0	0	-3.30597	
36.5	0.337	0.103	-1.58933	0	-1.58132	350.076	0	348.348	0	0	-3.30597	
36.51	0.337	0.103	1.58959	0	1.58106	-350.12	0	-348.206	0	0	-3.30597	
36.52	0.337	0.103	-1.58933	0	-1.58132	350.076	0	348.348	0	0	-3.30597	
36.53	0.337	0.103	1.58959	0	1.58106	-350.12	0	-348.206	0	0	-3.30597	
36.54	0.337	0.103	-1.58933	0	-1.58132	350.076	0	348.348	0	0	-3.30597	
36.55	0.337	0.103	1.58959	0	1.58106	-350.12	0	-348.206	0	0	-3.30597	
36.56	0.337	0.103	-1.58933	0	-1.58132	350.076	0	348.348	0	0	-3.30597	
36.57	0.337	0.103	1.58959	0	1.58106	-350.12	0	-348.206	0	0	-3.30597	
36.58	0.337	0.103	-1.58933	0	-1.58132	350.076	0	348.348	0	0	-3.30597	
36.59	0.337	0.103	1.58959	0	1.58106	-350.12	0	-348.206	0	0	-3.30597	
36.6	0.337	0.103	-1.58933	0	-1.58132	350.076	0	348.348	0	0	-3.30597	
36.61	0.337	0.103	1.58959	0	1.58106	-350.12	0	-348.206	0	0	-3.30597	
36.62	0.337	0.103	-1.58933	0	-1.58132	350.076	0	348.348	0	0	-3.30597	
36.63	0.337	0.103	1.58959	0	1.58106	-350.12	0	-348.206	0	0	-3.30597	
36.64	0.337	0.103	-1.58933	0	-1.58132	350.076	0	348.348	0	0	-3.30597	
36.65	0.337	0.103	1.58959	0	1.58106	-350.12	0	-348.206	0	0	-3.30597	
36.66	0.337	0.103	-1.58933	0	-1.58132	350.076	0	348.348	0	0	-3.30597	
36.67	0.337	0.103	1.58959	0	1.58106	-350.12	0	-348.206	0	0	-3.30597	
36.68	0.337	0.103	-1.58933	0	-1.58132	350.076	0	348.348	0	0	-3.30597	
36.69	0.337	0.103	1.58959	0	1.58106	-350.12	0	-348.206	0	0	-3.30597	
36.7	0.337	0.103	-1.58933	0	-1.58132	350.076	0	348.348	0	0	-3.30597	
36.71	0.337	0.103	1.58959	0	1.58106	-350.12	0	-348.206	0	0	-3.30597	
36.72	0.337	0.103	-1.58933	0	-1.58132	350.076	0	348.348	0	0	-3.30597	
36.73	0.337	0.103	1.58959	0	1.58106	-350.12	0	-348.206	0	0	-3.30597	
36.74	0.337	0.103	-1.58933	0	-1.58132	350.076	0	348.348	0	0	-3.30597	
36.75	0.337	0.103	1.58959	0	1.58106	-350.12	0	-348.206	0	0	-3.30597	
36.76	0.337	0.103	-1.58933	0	-1.58132	350.076	0	348.348	0	0	-3.30597	
36.77	0.337	0.103	1.58959	0	1.58106	-350.12	0	-348.206	0	0	-3.30597	
36.78	0.337	0.103	-1.58933	0	-1.58132	350.076	0	348.348	0	0	-3.30597	
36.79	0.337	0.103	1.58959	0	1.58106	-350.12	0	-348.206	0	0	-3.30597	
36.8	0.337	0.103	-1.58933	0	-1.58132	350.076	0	348.348	0	0	-3.30597	
36.81	0.337	0.103	1.58959	0	1.58106	-350.12	0	-348.206	0	0	-3.30597	
36.82	0.337	0.103	-1.58933	0	-1.58132	350.076	0	348.348	0	0	-3.30597	
36.83	0.337	0.103	1.58959	0	1.58106	-350.12	0	-348.206	0	0	-3.30597	
36.84	0.337	0.103	-1.58933	0	-1.58132	350.076	0	348.348	0	0	-3.30597	
36.85	0.337	0.103	1.58959	0	1.58106	-350.12	0	-348.206	0	0	-3.30597	
36.86	0.337	0.103	-1.58933	0	-1.58132	350.076	0	348.348	0	0	-3.30597	
36.87	0.337	0.103	1.58959	0	1.58106	-350.12	0	-348.206	0	0	-3.30597	
36.88	0.337	0.103	-1.58933	0	-1.58132	350.076	0	348.348	0	0	-3.30597	
36.89	0.337	0.103	1.58959	0	1.58106	-350.12	0	-348.206	0	0	-3.30597	
36.9	0.337	0.103	-1.58933	0	-1.58132	350.076	0	348.348	0	0	-3.30597	
36.91	0.337	0.103	1.58959	0	1.58106	-350.12	0	-348.206	0	0	-3.30597	
36.92	0.337	0.103	-1.58933	0	-1.58132	350.076	0	348.348	0	0	-3.30597	
36.93	0.337	0.103	1.58959	0	1.58106	-350.12	0	-348.206	0	0	-3.30597	
36.94	0.337	0.103	-1.58933	0	-1.58132	350.076	0	348.348	0	0	-3.30597	
36.95	0.337	0.103	1.58959	0	1.58106	-350.12	0	-348.206	0	0	-3.30597	
36.96	0.337	0.103	-1.58933	0	-1.58132	350.076	0	348.348	0	0	-3.30597	
36.97	0.337	0.103	1.58959	0	1.58106	-350.12	0	-348.206	0	0	-3.30597	
36.98	0.337	0.103	-1.58933	0	-1.58132	350.076	0	348.348	0	0	-3.30597	
36.99	0.337	0.103	1.58959	0	1.58106	-350.12	0	-348.206	0	0	-3.30597	
37	0.337	0.103	-1.58933	0	-1.58132	350.076	0	348.348	0	0	-3.30597	
37.01	0.337	0.103	1.58959	0	1.58106	-350.12	0	-348.206	0	0	-3.30597	
37.02	0.337	0.103	-1.58933	0	-1.58132	350.076	0	348.348	0	0	-3.30597	
37.03	0.337	0.103	1.58959	0	1.58106	-350.12	0	-348.206	0	0	-3.30597	
37.04	0.337	0.103	-1.58933	0	-1.58132	350.076	0	348.348	0	0	-3.30597	
37.05	0.337	0.103	1.58959	0	1.58106	-350.12	0	-348.206	0	0	-3.30597	
37.06	0.337	0.103	-1.58933	0	-1.58132	350.076	0	348.348	0	0	-3.30597	
37.07	0.337	0.103	1.58959	0	1.58106	-350.12	0	-348.206	0	0	-3.30597	
37.08	0.337	0.103	-1.58933	0	-1.58132	350.076	0	348.348	0	0	-3.30597	
37.09	0.337	0.103	1.58959	0	1.58106	-350.12	0	-348.206	0	0	-3.30597	
37.1	0.337	0.103	-1.58933	0	-1.58132	350.076	0	348.348	0	0	-3.30597	
37.11	0.337	0.103	1.58959	0	1.58106	-350.12	0	-348.206	0	0	-3.30597	
37.12	0.337	0.103	-1.58933	0	-1.58132	350.076	0	348.348	0	0	-3.30597	
37.13	0.337	0.103	1.58959	0	1.58106	-350.12	0	-348.206	0	0	-3.30597	
37.14	0.337	0.103	-1.58933	0	-1.58132	350.076	0	348.348	0	0	-3.30597	
37.15	0.337	0.103	1.58959	0	1.58106	-350.12	0	-348.206	0	0	-3.30597	
37.16	0.337	0.103	-1.58933	0	-1.58132	350.076	0	348.348	0	0	-3.30597	
37.17	0.337	0.103	1.58959	0	1.58106	-350.12	0	-348.206	0	0	-3.30597	
37.18	0.337	0.103	-1.58933	0	-1.58132	350.076	0	348.348	0	0	-3.30597	
37.19	0.337	0.103	1.58959	0	1.58106	-350.12	0	-348.206	0	0	-3.30597	
37.2	0.337	0.103	-1.58933	0	-1.58132	350.076	0	348.348	0	0	-3.30597	
37.21	0.337	0.103	1.58959	0	1.58106	-350.12	0	-348.206	0	0	-3.30597	
37.22	0.337	0.103	-1.58933	0	-1.58132	350.076	0	348.348	0	0	-3.30597	
37.23	0.337	0.103	1.58959	0	1.58106	-350.12	0	-348.206	0	0	-3.30597	
37.24	0.337	0.103	-1.58933	0	-1.58132	350.076	0	348.348	0	0	-3.30597	
37.25	0.337	0.103	1.58959	0	1.58106	-350.12	0	-348.206	0	0	-3.30597	
37.26	0.337	0.103	-1.58933	0	-1.58132	350.076	0	348.348	0	0	-3.30597	
37.27	0.337	0.103	1.58959	0	1.58106	-350.12	0	-348.206	0	0	-3.30597	
37.28	0.337	0.103	-1.58933	0	-1.58132	350.076	0	348.348	0	0	-3.30597	
37.29	0.337	0.103	1.58959	0	1.58106	-350.12	0	-348.206	0	0	-3.30597	
37.3	0.337	0.103	-1.58933	0	-1.58132	350.076	0	348.348	0	0	-3.30597	
37.31	0.337	0.103	1.58959	0	1.58106	-350.12	0	-348.206	0	0	-3.30597	
37.32	0.337	0.103	-1.58933	0	-1.58132	350.076	0	348.348	0	0	-3.30597	
37.33	0.337	0.103	1.58959	0	1.58106	-350.12	0	-348.206	0	0	-3.30597	
37.34	0.337	0.103	-1.58933	0	-1.58132	350.076	0	348.348	0	0	-3.30597	
37.35	0.337	0.103	1.58959	0	1.58106	-350.12	0	-348.206	0	0	-3.30597	
37.36	0.337	0.103	-1.58933	0	-1.58132	350.076	0	348.348	0	0	-3.30597	
37.37	0.337	0.103	1.58959	0	1.58106	-350.12	0	-348.206	0	0	-3.30597	
37.38	0.337	0.103	-1.58933	0	-1.58132	350.076	0	348.348	0	0	-3.30597	
37.39	0.337	0.103	1.58959	0	1.58106	-350.12	0	-348.206	0	0	-3.30597	
37.4	0.337	0.103	-1.58933	0	-1.58132	350.076	0	348.348	0	0	-3.30597	
37.41	0.337	0.103	1.58959	0	1.58106	-350.12	0	-348.206	0	0	-3.30597	
37.42	0.337	0.103	-1.58933	0	-1.58132	350.076	0	348.348	0	0	-3.30597	
37.43	0.337	0.103	1.58959	0	1.58106	-350.12	0	-348.206	0	0	-3.30597	
37.44	0.337	0.103	-1.58933	0	-1.58132	350.076	0	348.348	0	0	-3.30597	
37.45	0.337	0.103	1.58959	0	1.58106	-350.12	0	-348.206	0	0	-3.30597	
37.46	0.337	0.103	-1.58933	0	-1.58132	350.076	0	348.348	0	0	-3.30597	
37.47	0.337	0.103	1.58959	0	1.58106	-350.12	0	-348.206	0	0	-3.30597	
37.48	0.337	0.103	-1.58933	0	-1.58132	350.076	0	348.348	0	0	-3.30597	
37.49	0.337	0.103	1.58959	0	1.58106	-350.12	0	-348.206	0	0	-3.30597	
37.5	0.337	0.103	-1.58933	0	-1.58132	350.076	0	348.348	0	0	-3.30597	
37.51	0.337	0.103	1.58959	0	1.58106	-350.12	0	-348.206	0	0	-3.30597	
37.52	0.337	0.103	-1.58933	0	-1.58132	350.076	0	348.348	0	0	-3.30597	
37.53	0.337	0.103	1.58959	0	1.58106	-350.12	0	-348.206	0	0	-3.30597	
37.54	0.337	0.103	-1.58933	0	-1.58132	350.076	0	348.348	0	0	-3.30597	
37.55	0.337	0.103	1.58959	0	1.58106	-350.12	0	-348.206	0	0	-3.30597	
37.56	0.337	0.103	-1.58933	0	-1.58132	350.076	0	348.348	0	0	-3.30597	
37.57	0.337	0.103	1.58959	0	1.58106	-350.12	0	-348.206	0	0	-3.30597	
37.58	0.337	0.103	-1.58933	0	-1.58132	350.076	0	348.348	0	0	-3.30597	
37.59	0.337	0.103	1.58959	0	1.58106	-350.12	0	-348.206	0	0	-3.30597	
37.6	0.337	0.103	-1.58933	0	-1.58132	350.076	0	348.348	0	0	-3.30597	
37.61	0.337	0.103	1.58959	0	1.58106	-350.12	0	-348.206	0	0	-3.30597	
37.62	0.337	0.103	-1.58933	0	-1.58132	350.076	0	348.348	0	0	-3.30597	
37.63	0.337	0.103	1.58959	0	1.58106	-350.12	0	-348.206	0	0	-3.30597	
37.64	0.337	0.103	-1.58933	0	-1.58132	350.076	0	348.348	0	0	-3.30597	
37.65	0.337	0.103	1.58959	0	1.58106	-350.12	0	-348.206	0	0	-3.30597	
37.66	0.337	0.103	-1.58933	0	-1.58132	350.076	0	348.348	0	0	-3.30597	
37.67	0.337	0.103	1.58959	0	1.58106	-350.12	0	-348.206	0	0	-3.30597	
37.68	0.337	0.103	-1.58933	0	-1.58132	350.076	0	348.348	0	0	-3.30597	
37.69	0.337	0.103	1.58959	0	1.58106	-350.12	0	-348.206	0	0	-3.30597	
37.7	0.337	0.103	-1.58933	0	-1.58132	350.076	0	348.348	0	0	-3.30597	
37.71	0.337	0.103	1.58959	0	1.58106	-350.12	0	-348.206	0	0	-3.30597	
37.72	0.337	0.103	-1.58933	0	-1.58132	350.076	0	348.348	0	0	-3.30597	
37.73	0.337	0.103	1.58959	0	1.58106	-350.12	0	-348.205	0	0	-3.30597	
37.74	0.337	0.103	-1.58933	0	-1.58132	350.076	0	348.348	0	0	-3.30597	
37.75	0.337	0.103	1.58959	0	1.58106	-350.119	0	-348.205	0	0	-3.30597	
37.76	0.337	0.103	-1.58933	0	-1.58132	350.076	0	348.348	0	0	-3.30597	
37.77	0.337	0.103	1.58959	0	1.58106	-350.119	0	-348.205	0	0	-3.30597	
37.78	0.337	0.103	-1.58933	0	-1.58132	350.076	0	348.348	0	0	-3.30597	
37.79	0.337	0.103	1.58959	0	1.58106	-350.119	0	-348.205	0	0	-3.30597	
37.8	0.337	0.103	-1.58933	0	-1.58132	350.076	0	348.348	0	0	-3.30597	
37.81	0.337	0.103	1.58959	0	1.58106	-350.119	0	-348.205	0	0	-3.30597	
37.82	0.337	0.103	-1.58933	0	-1.58132	350.076	0	348.348	0	0	-3.30597	
37.83	0.337	0.103	1.58959	0	1.58106	-350.119	0	-348.205	0	0	-3.30597	
37.84	0.337	0.103	-1.58933	0	-1.58132	350.076	0	348.348	0	0	-3.30597	
37.85	0.337	0.103	1.58959	0	1.58106	-350.119	0	-348.205	0	0	-3.30597	
37.86	0.337	0.103	-1.58933	0	-1.58132	350.076	0	348.348	0	0	-3.30597	
37.87	0.337	0.103	1.58959	0	1.58106	-350.119	0	-348.205	0	0	-3.30597	
37.88	0.337	0.103	-1.58933	0	-1.58132	350.076	0	348.348	0	0	-3.30597	
37.89	0.337	0.103	1.58959	0	1.58106	-350.119	0	-348.205	0	0	-3.30597	
37.9	0.337	0.103	-1.58933	0	-1.58132	350.076	0	348.348	0	0	-3.30597	
37.91	0.337	0.103	1.58959	0	1.58106	-350.119	0	-348.205	0	0	-3.30597	
37.92	0.337	0.103	-1.58933	0	-1.58132	350.076	0	348.348	0	0	-3.30597	
37.93	0.337	0.103	1.58959	0	1.58106	-350.119	0	-348.205	0	0	-3.30597	
37.94	0.337	0.103	-1.58933	0	-1.58132	350.076	0	348.348	0	0	-3.30597	
37.95	0.337	0.103	1.58959	0	1.58106	-350.119	0	-348.205	0	0	-3.30597	
37.96	0.337	0.103	-1.58933	0	-1.58132	350.076	0	348.348	0	0	-3.30597	
37.97	0.337	0.103	1.58959	0	1.58106	-350.119	0	-348.205	0	0	-3.30597	
37.98	0.337	0.103	-1.58933	0	-1.58132	350.076	0	348.348	0	0	-3.30597	
37.99	0.337	0.103	1.58959	0	1.58106	-350.119	0	-348.205	0	0	-3.30597	
38	0.337	0.103	-1.58933	0	-1.58132	350.076	0	348.348	0	0	-3.30597	
38.01	0.337	0.103	1.58959	0	1.58106	-350.119	0	-348.205	0	0	-3.30597	
38.02	0.337	0.103	-1.58933	0	-1.58132	350.076	0	348.348	0	0	-3.30597	
38.03	0.337	0.103	1.58959	0	1.58106	-350.119	0	-348.205	0	0	-3.30597	
38.04	0.337	0.103	-1.58933	0	-1.58132	350.076	0	348.348	0	0	-3.30597	
38.05	0.337	0.103	1.58959	0	1.58106	-350.119	0	-348.205	0	0	-3.30597	
38.06	0.337	0.103	-1.58933	0	-1.58132	350.076	0	348.348	0	0	-3.30597	
38.07	0.337	0.103	1.58959	0	1.58106	-350.119	0	-348.205	0	0	-3.30597	
38.08	0.337	0.103	-1.58933	0	-1.58132	350.076	0	348.348	0	0	-3.30597	
38.09	0.337	0.103	1.58959	0	1.58106	-350.119	0	-348.205	0	0	-3.30597	
38.1	0.337	0.103	-1.58933	0	-1.58132	350.076	0	348.348	0	0	-3.30597	
38.11	0.337	0.103	1.58959	0	1.58106	-350.119	0	-348.205	0	0	-3.30597	
38.12	0.337	0.103	-1.58933	0	-1.58132	350.076	0	348.348	0	0	-3.30597	
38.13	0.337	0.103	1.58959	0	1.58106	-350.119	0	-348.205	0	0	-3.30597	
38.14	0.337	0.103	-1.58933	0	-1.58132	350.076	0	348.348	0	0	-3.30597	
38.15	0.337	0.103	1.58959	0	1.58106	-350.119	0	-348.205	0	0	-3.30597	
38.16	0.337	0.103	-1.58933	0	-1.58132	350.076	0	348.347	0	0	-3.30597	
38.17	0.337	0.103	1.58959	0	1.58106	-350.119	0	-348.205	0	0	-3.30597	
38.18	0.337	0.103	-1.58933	0	-1.58132	350.076	0	348.347	0	0	-3.30597	
38.19	0.337	0.103	1.58959	0	1.58106	-350.119	0	-348.205	0	0	-3.30597	
38.2	0.337	0.103	-1.58933	0	-1.58132	350.076	0	348.347	0	0	-3.30597	
38.21	0.337	0.103	1.58959	0	1.58106	-350.119	0	-348.205	0	0	-3.30597	
38.22	0.337	0.103	-1.58933	0	-1.58132	350.075	0	348.347	0	0	-3.30597	
38.23	0.337	0.103	1.58959	0	1.58106	-350.119	0	-348.205	0	0	-3.30597	
38.24	0.337	0.103	-1.58933	0	-1.58132	350.075	0	348.347	0	0	-3.30597	
38.25	0.337	0.103	1.58959	0	1.58106	-350.119	0	-348.205	0	0	-3.30597	
38.26	0.337	0.103	-1.58933	0	-1.58132	350.075	0	348.347	0	0	-3.30597	
38.27	0.337	0.103	1.58959	0	1.58106	-350.119	0	-348.205	0	0	-3.30597	
38.28	0.337	0.103	-1.58933	0	-1.58132	350.075	0	348.347	0	0	-3.30597	
38.29	0.337	0.103	1.58959	0	1.58106	-350.119	0	-348.205	0	0	-3.30597	
38.3	0.337	0.103	-1.58933	0	-1.58132	350.075	0	348.347	0	0	-3.30597	
38.31	0.337	0.103	1.58959	0	1.58106	-350.119	0	-348.205	0	0	-3.30597	
38.32	0.337	0.103	-1.58933	0	-1.58132	350.075	0	348.347	0	0	-3.30597	
38.33	0.337	0.103	1.58959	0	1.58106	-350.119	0	-348.205	0	0	-3.30597	
38.34	0.337	0.103	-1.58933	0	-1.58132	350.075	0	348.347	0	0	-3.30597	
38.35	0.337	0.103	1.58959	0	1.58106	-350.119	0	-348.205	0	0	-3.30597	
38.36	0.337	0.103	-1.58933	0	-1.58132	350.075	0	348.347	0	0	-3.30597	
38.37	0.337	0.103	1.58959	0	1.58106	-350.119	0	-348.205	0	0	-3.30597	
38.38	0.337	0.103	-1.58933	0	-1.58132	350.075	0	348.347	0	0	-3.30597	
38.39	0.337	0.103	1.58959	0	1.58106	-350.119	0	-348.205	0	0	-3.30597	
38.4	0.337	0.103	-1.58933	0	-1.58132	350.075	0	348.347	0	0	-3.30597	
38.41	0.337	0.103	1.58959	0	1.58106	-350.119	0	-348.205	0	0	-3.30597	
38.42	0.337	0.103	-1.58933	0	-1.58132	350.075	0	348.347	0	0	-3.30597	
38.43	0.337	0.103	1.58959	0	1.58106	-350.119	0	-348.205	0	0	-3.30597	
38.44	0.337	0.103	-1.58933	0	-1.58132	350.075	0	348.347	0	0	-3.30597	
38.45	0.337	0.103	1.58959	0	1.58106	-350.119	0	-348.205	0	0	-3.30597	
38.46	0.337	0.103	-1.58933	0	-1.58132	350.075	0	348.347	0	0	-3.30597	
38.47	0.337	0.103	1.58959	0	1.58106	-350.119	0	-348.205	0	0	-3.30597	
38.48	0.337	0.103	-1.58933	0	-1.58132	350.075	0	348.347	0	0	-3.30597	
38.49	0.337	0.103	1.58959	0	1.58106	-350.119	0	-348.205	0	0	-3.30597	
38.5	0.337	0.103	-1.58933	0	-1.58132	350.075	0	348.347	0	0	-3.30597	
38.51	0.337	0.103	1.58959	0	1.58106	-350.119	0	-348.205	0	0	-3.30597	
38.52	0.337	0.103	-1.58933	0	-1.58132	350.075	0	348.347	0	0	-3.30597	
38.53	0.337	0.103	1.58959	0	1.58106	-350.119	0	-348.205	0	0	-3.30597	
38.54	0.337	0.103	-1.58933	0	-1.58132	350.075	0	348.347	0	0	-3.30597	
38.55	0.337	0.103	1.58959	0	1.58106	-350.119	0	-348.205	0	0	-3.30597	
38.56	0.337	0.103	-1.58933	0	-1.58132	350.075	0	348.347	0	0	-3.30597	
38.57	0.337	0.103	1.58959	0	1.58106	-350.119	0	-348.205	0	0	-3.30597	
38.58	0.337	0.103	-1.58933	0	-1.58132	350.075	0	348.347	0	0	-3.30597	
38.59	0.337	0.103	1.58959	0	1.58106	-350.119	0	-348.205	0	0	-3.30597	
38.6	0.337	0.103	-1.58933	0	-1.58132	350.075	0	348.347	0	0	-3.30597	
38.61	0.337	0.103	1.58959	0	1.58106	-350.119	0	-348.205	0	0	-3.30597	
38.62	0.337	0.103	-1.58933	0	-1.58132	350.075	0	348.347	0	0	-3.30597	
38.63	0.337	0.103	1.58959	0	1.58106	-350.119	0	-348.205	0	0	-3.30597	
38.64	0.337	0.103	-1.58933	0	-1.58132	350.075	0	348.347	0	0	-3.30597	
38.65	0.337	0.103	1.58959	0	1.58106	-350.119	0	-348.205	0	0	-3.30597	
38.66	0.337	0.103	-1.58933	0	-1.58132	350.075	0	348.347	0	0	-3.30597	
38.67	0.337	0.103	1.58959	0	1.58106	-350.119	0	-348.205	0	0	-3.30597	
38.68	0.337	0.103	-1.58933	0	-1.58132	350.075	0	348.347	0	0	-3.30597	
38.69	0.337	0.103	1.58959	0	1.58106	-350.119	0	-348.205	0	0	-3.30597	
38.7	0.337	0.103	-1.58933	0	-1.58132	350.075	0	348.347	0	0	-3.30597	
38.71	0.337	0.103	1.58959	0	1.58106	-350.119	0	-348.205	0	0	-3.30597	
38.72	0.337	0.103	-1.58933	0	-1.58132	350.075	0	348.347	0	0	-3.30597	
38.73	0.337	0.103	1.58959	0	1.58106	-350.119	0	-348.205	0	0	-3.30597	
38.74	0.337	0.103	-1.58933	0	-1.58132	350.075	0	348.347	0	0	-3.30597	
38.75	0.337	0.103	1.58959	0	1.58106	-350.119	0	-348.205	0	0	-3.30597	
38.76	0.337	0.103	-1.58933	0	-1.58132	350.075	0	348.347	0	0	-3.30597	
38.77	0.337	0.103	1.58959	0	1.58106	-350.119	0	-348.205	0	0	-3.30597	
38.78	0.337	0.103	-1.58933	0	-1.58132	350.075	0	348.347	0	0	-3.30597	
38.79	0.337	0.103	1.58959	0	1.58106	-350.119	0	-348.205	0	0	-3.30597	
38.8	0.337	0.103	-1.58933	0	-1.58132	350.075	0	348.347	0	0	-3.30597	
38.81	0.337	0.103	1.58959	0	1.58106	-350.119	0	-348.205	0	0	-3.30597	
38.82	0.337	0.103	-1.58933	0	-1.58132	350.075	0	348.347	0	0	-3.30597	
38.83	0.337	0.103	1.58959	0	1.58106	-350.119	0	-348.205	0	0	-3.30597	
38.84	0.337	0.103	-1.58933	0	-1.58132	350.075	0	348.347	0	0	-3.30597	
38.85	0.337	0.103	1.58959	0	1.58106	-350.119	0	-348.205	0	0	-3.30597	
38.86	0.337	0.103	-1.58933	0	-1.58132	350.075	0	348.347	0	0	-3.30597	
38.87	0.337	0.103	1.58959	0	1.58106	-350.119	0	-348.205	0	0	-3.30597	
38.88	0.337	0.103	-1.58933	0	-1.58132	350.075	0	348.347	0	0	-3.30597	
38.89	0.337	0.103	1.58959	0	1.58106	-350.119	0	-348.205	0	0	-3.30597	
38.9	0.337	0.103	-1.58933	0	-1.58132	350.075	0	348.347	0	0	-3.30597	
38.91	0.337	0.103	1.58959	0	1.58106	-350.119	0	-348.205	0	0	-3.30597	
38.92	0.337	0.103	-1.58933	0	-1.58132	350.075	0	348.347	0	0	-3.30597	
38.93	0.337	0.103	1.58959	0	1.58106	-350.119	0	-348.205	0	0	-3.30597	
38.94	0.337	0.103	-1.58933	0	-1.58132	350.075	0	348.347	0	0	-3.30597	
38.95	0.337	0.103	1.58959	0	1.58106	-350.119	0	-348.205	0	0	-3.30597	
38.96	0.337	0.103	-1.58933	0	-1.58132	350.075	0	348.347	0	0	-3.30597	
38.97	0.337	0.103	1.58959	0	1.58106	-350.119	0	-348.205	0	0	-3.30597	
38.98	0.337	0.103	-1.58933	0	-1.58132	350.075	0	348.347	0	0	-3.30597	
38.99	0.337	0.103	1.58959	0	1.58106	-350.119	0	-348.205	0	0	-3.30597	
39	0.337	0.103	-1.58933	0	-1.58132	350.075	0	348.347	0	0	-3.30597	
39.01	0.337	0.103	1.58959	0	1.58106	-350.119	0	-348.205	0	0	-3.30597	
39.02	0.337	0.103	-1.58933	0	-1.58132	350.075	0	348.347	0	0	-3.30597	
39.03	0.337	0.103	1.58959	0	1.58106	-350.119	0	-348.205	0	0	-3.30597	
39.04	0.337	0.103	-1.58933	0	-1.58132	350.075	0	348.347	0	0	-3.30597	
39.05	0.337	0.103	1.58959	0	1.58106	-350.119	0	-348.205	0	0	-3.30597	
39.06	0.337	0.103	-1.58933	0	-1.58132	350.075	0	348.347	0	0	-3.30597	
39.07	0.337	0.103	1.58959	0	1.58106	-350.119	0	-348.205	0	0	-3.30597	
39.08	0.337	0.103	-1.58933	0	-1.58132	350.075	0	348.347	0	0	-3.30597	
39.09	0.337	0.103	1.58959	0	1.58106	-350.119	0	-348.205	0	0	-3.30597	
39.1	0.337	0.103	-1.58933	0	-1.58132	350.075	0	348.347	0	0	-3.30597	
39.11	0.337	0.103	1.58959	0	1.58106	-350.119	0	-348.205	0	0	-3.30597	
39.12	0.337	0.103	-1.58933	0	-1.58132	350.075	0	348.347	0	0	-3.30597	
39.13	0.337	0.103	1.58959	0	1.58106	-350.119	0	-348.205	0	0	-3.30597	
39.14	0.337	0.103	-1.58933	0	-1.58132	350.075	0	348.347	0	0	-3.30597	
39.15	0.337	0.103	1.58959	0	1.58106	-350.119	0	-348.205	0	0	-3.30597	
39.16	0.337	0.103	-1.58933	0	-1.58132	350.075	0	348.347	0	0	-3.30597	
39.17	0.337	0.103	1.58959	0	1.58106	-350.119	0	-348.205	0	0	-3.30597	
39.18	0.337	0.103	-1.58933	0	-1.58132	350.075	0	348.347	0	0	-3.30597	
39.19	0.337	0.103	1.58959	0	1.58106	-350.119	0	-348.205	0	0	-3.30597	
39.2	0.337	0.103	-1.58933	0	-1.58132	350.075	0	348.347	0	0	-3.30597	
39.21	0.337	0.103	1.58959	0	1.58106	-350.119	0	-348.205	0	0	-3.30597	
39.22	0.337	0.103	-1.58933	0	-1.58132	350.075	0	348.347	0	0	-3.30597	
39.23	0.337	0.103	1.58959	0	1.58106	-350.119	0	-348.205	0	0	-3.30597	
39.24	0.337	0.103	-1.58933	0	-1.58132	350.075	0	348.347	0	0	-3.30597	
39.25	0.337	0.103	1.58959	0	1.58106	-350.119	0	-348.205	0	0	-3.30597	
39.26	0.337	0.103	-1.58933	0	-1.58132	350.075	0	348.347	0	0	-3.30597	
39.27	0.337	0.103	1.58959	0	1.58106	-350.119	0	-348.205	0	0	-3.30597	
39.28	0.337	0.103	-1.58933	0	-1.58132	350.075	0	348.347	0	0	-3.30597	
39.29	0.337	0.103	1.58959	0	1.58106	-350.119	0	-348.205	0	0	-3.30597	
39.3	0.337	0.103	-1.58933	0	-1.58132	350.075	0	348.347	0	0	-3.30597	
39.31	0.337	0.103	1.58959	0	1.58106	-350.119	0	-348.205	0	0	-3.30597	
39.32	0.337	0.103	-1.58933	0	-1.58132	350.075	0	348.347	0	0	-3.30597	
39.33	0.337	0.103	1.58959	0	1.58106	-350.119	0	-348.205	0	0	-3.30597	
39.34	0.337	0.103	-1.58933	0	-1.58132	350.075	0	348.347	0	0	-3.30597	
39.35	0.337	0.103	1.58959	0	1.58106	-350.119	0	-348.205	0	0	-3.30597	
39.36	0.337	0.103	-1.58933	0	-1.58132	350.075	0	348.347	0	0	-3.30597	
39.37	0.337	0.103	1.58959	0	1.58106	-350.119	0	-348.205	0	0	-3.30597	
39.38	0.337	0.103	-1.58933	0	-1.58132	350.075	0	348.347	0	0	-3.30597	
39.39	0.337	0.103	1.58959	0	1.58106	-350.119	0	-348.205	0	0	-3.30597	
39.4	0.337	0.103	-1.58933	0	-1.58132	350.075	0	348.347	0	0	-3.30597	
39.41	0.337	0.103	1.58959	0	1.58106	-350.119	0	-348.205	0	0	-3.30597	
39.42	0.337	0.103	-1.58933	0	-1.58132	350.075	0	348.347	0	0	-3.30597	
39.43	0.337	0.103	1.58959	0	1.58106	-350.119	0	-348.205	0	0	-3.30597	
39.44	0.337	0.103	-1.58933	0	-1.58132	350.075	0	348.347	0	0	-3.30597	
39.45	0.337	0.103	1.58959	0	1.58106	-350.119	0	-348.205	0	0	-3.30597	
39.46	0.337	0.103	-1.58933	0	-1.58132	350.075	0	348.347	0	0	-3.30597	
39.47	0.337	0.103	1.58959	0	1.58106	-350.119	0	-348.205	0	0	-3.30597	
39.48	0.337	0.103	-1.58933	0	-1.58132	350.075	0	348.347	0	0	-3.30597	
39.49	0.337	0.103	1.58959	0	1.58106	-350.119	0	-348.205	0	0	-3.30597	
39.5	0.337	0.103	-1.58933	0	-1.58132	350.075	0	348.347	0	0	-3.30597	
39.51	0.337	0.103	1.58959	0	1.58106	-350.119	0	-348.205	0	0	-3.30597	
39.52	0.337	0.103	-1.58933	0	-1.58132	350.075	0	348.347	0	0	-3.30597	
39.53	0.337	0.103	1.58959	0	1.58106	-350.119	0	-348.205	0	0	-3.30597	
39.54	0.337	0.103	-1.58933	0	-1.58132	350.075	0	348.347	0	0	-3.30597	
39.55	0.337	0.103	1.58959	0	1.58106	-350.119	0	-348.205	0	0	-3.30597	
39.56	0.337	0.103	-1.58933	0	-1.58132	350.075	0	348.347	0	0	-3.30597	
39.57	0.337	0.103	1.58959	0	1.58106	-350.119	0	-348.205	0	0	-3.30597	
39.58	0.337	0.103	-1.58933	0	-1.58132	350.075	0	348.347	0	0	-3.30597	
39.59	0.337	0.103	1.58959	0	1.58106	-350.119	0	-348.205	0	0	-3.30597	
39.6	0.337	0.103	-1.58933	0	-1.58132	350.075	0	348.347	0	0	-3.30597	
39.61	0.337	0.103	1.58959	0	1.58106	-350.119	0	-348.205	0	0	-3.30597	
39.62	0.337	0.103	-1.58933	0	-1.58132	350.075	0	348.347	0	0	-3.30597	
39.63	0.337	0.103	1.58959	0	1.58106	-350.119	0	-348.205	0	0	-3.30597	
39.64	0.337	0.103	-1.58933	0	-1.58132	350.075	0	348.347	0	0	-3.30597	
39.65	0.337	0.103	1.58959	0	1.58106	-350.119	0	-348.205	0	0	-3.30597	
39.66	0.337	0.103	-1.58933	0	-1.58132	350.075	0	348.347	0	0	-3.30597	
39.67	0.337	0.103	1.58959	0	1.58106	-350.119	0	-348.205	0	0	-3.30597	
39.68	0.337	0.103	-1.58933	0	-1.58132	350.075	0	348.347	0	0	-3.30597	
39.69	0.337	0.103	1.58959	0	1.58106	-350.119	0	-348.205	0	0	-3.30597	
39.7	0.337	0.103	-1.58933	0	-1.58132	350.075	0	348.347	0	0	-3.30597	
39.71	0.337	0.103	1.58959	0	1.58106	-350.119	0	-348.205	0	0	-3.30597	
39.72	0.337	0.103	-1.58933	0	-1.58132	350.075	0	348.347	0	0	-3.30597	
39.73	0.337	0.103	1.58959	0	1.58106	-350.119	0	-348.205	0	0	-3.30597	
39.74	0.337	0.103	-1.58933	0	-1.58132	350.075	0	348.347	0	0	-3.30597	
39.75	0.337	0.103	1.58959	0	1.58106	-350.119	0	-348.205	0	0	-3.30597	
39.76	0.337	0.103	-1.58933	0	-1.58132	350.075	0	348.347	0	0	-3.30597	
39.77	0.337	0.103	1.58959	0	1.58106	-350.119	0	-348.205	0	0	-3.30597	
39.78	0.337	0.103	-1.58933	0	-1.58132	350.075	0	348.347	0	0	-3.30597	
39.79	0.337	0.103	1.58959	0	1.58106	-350.119	0	-348.205	0	0	-3.30597	
39.8	0.337	0.103	-1.58933	0	-1.58132	350.075	0	348.347	0	0	-3.30597	
39.81	0.337	0.103	1.58959	0	1.58106	-350.119	0	-348.205	0	0	-3.30597	
39.82	0.337	0.103	-1.58933	0	-1.58132	350.075	0	348.347	0	0	-3.30597	
39.83	0.337	0.103	1.58959	0	1.58106	-350.119	0	-348.205	0	0	-3.30597	
39.84	0.337	0.103	-1.58933	0	-1.58132	350.075	0	348.347	0	0	-3.30597	
39.85	0.337	0.103	1.58959	0	1.58106	-350.119	0	-348.205	0	0	-3.30597	
39.86	0.337	0.103	-1.58933	0	-1.58132	350.075	0	348.347	0	0	-3.30597	
39.87	0.337	0.103	1.58959	0	1.58106	-350.119	0	-348.205	0	0	-3.30597	
39.88	0.337	0.103	-1.58933	0	-1.58132	350.075	0	348.347	0	0	-3.30597	
39.89	0.337	0.103	1.58959	0	1.58106	-350.119	0	-348.205	0	0	-3.30597	
39.9	0.337	0.103	-1.58933	0	-1.58132	350.075	0	348.347	0	0	-3.30597	
39.91	0.337	0.103	1.58959	0	1.58106	-350.119	0	-348.205	0	0	-3.30597	
39.92	0.337	0.103	-1.58933	0	-1.58132	350.075	0	348.347	0	0	-3.30597	
39.93	0.337	0.103	1.58959	0	1.58106	-350.119	0	-348.205	0	0	-3.30597	
39.94	0.337	0.103	-1.58933	0	-1.58132	350.075	0	348.347	0	0	-3.30597	
39.95	0.337	0.103	1.58959	0	1.58106	-350.119	0	-348.205	0	0	-3.30597	
39.96	0.337	0.103	-1.58933	0	-1.58132	350.075	0	348.347	0	0	-3.30597	
39.97	0.337	0.103	1.58959	0	1.58106	-350.119	0	-348.205	0	0	-3.30597	
39.98	0.337	0.103	-1.58933	0	-1.58132	350.075	0	348.347	0	0	-3.30597	
39.99	0.337	0.103	1.58959	0	1.58106	-350.119	0	-348.205	0	0	-3.30597	
40	0.337	0.103	-1.58933	0	-1.58132	350.075	0	348.347	0	0	-3.30597	
40.01	0.337	0.103	1.58959	0	1.58106	-350.119	0	-348.205	0	0	-3.30597	
40.02	0.337	0.103	-1.58933	0	-1.58132	350.075	0	348.347	0	0	-3.30597	
40.03	0.337	0.103	1.58959	0	1.58106	-350.119	0	-348.205	0	0	-3.30597	
40.04	0.337	0.103	-1.58933	0	-1.58132	350.075	0	348.347	0	0	-3.30597	
40.05	0.337	0.103	1.58959	0	1.58106	-350.119	0	-348.205	0	0	-3.30597	
40.06	0.337	0.103	-1.58933	0	-1.58132	350.075	0	348.347	0	0	-3.30597	
40.07	0.337	0.103	1.58959	0	1.58106	-350.119	0	-348.205	0	0	-3.30597	
40.08	0.337	0.103	-1.58933	0	-1.58132	350.075	0	348.347	0	0	-3.30597	
40.09	0.337	0.103	1.58959	0	1.58106	-350.119	0	-348.205	0	0	-3.30597	
40.1	0.337	0.103	-1.58933	0	-1.58132	350.075	0	348.347	0	0	-3.30597	
40.11	0.337	0.103	1.58959	0	1.58106	-350.119	0	-348.205	0	0	-3.30597	
40.12	0.337	0.103	-1.58933	0	-1.58132	350.075	0	348.347	0	0	-3.30597	
40.13	0.337	0.103	1.58959	0	1.58106	-350.119	0	-348.205	0	0	-3.30597	
40.14	0.337	0.103	-1.58933	0	-1.58132	350.075	0	348.347	0	0	-3.30597	
40.15	0.337	0.103	1.58959	0	1.58106	-350.119	0	-348.205	0	0	-3.30597	
40.16	0.337	0.103	-1.58933	0	-1.58132	350.075	0	348.347	0	0	-3.30597	
40.17	0.337	0.103	1.58959	0	1.58106	-350.119	0	-348.205	0	0	-3.30597	
40.18	0.337	0.103	-1.58933	0	-1.58132	350.075	0	348.347	0	0	-3.30597	
40.19	0.337	0.103	1.58959	0	1.58106	-350.119	0	-348.205	0	0	-3.30597	
40.2	0.337	0.103	-1.58933	0	-1.58132	350.075	0	348.347	0	0	-3.30597	
40.21	0.337	0.103	1.58959	0	1.58106	-350.119	0	-348.205	0	0	-3.30597	
40.22	0.337	0.103	-1.58933	0	-1.58132	350.075	0	348.347	0	0	-3.30597	
40.23	0.337	0.103	1.58959	0	1.58106	-350.119	0	-348.205	0	0	-3.30597	
40.24	0.337	0.103	-1.58933	0	-1.58132	350.075	0	348.347	0	0	-3.30597	
40.25	0.337	0.103	1.58959	0	1.58106	-350.119	0	-348.205	0	0	-3.30597	
40.26	0.337	0.103	-1.58933	0	-1.58132	350.075	0	348.347	0	0	-3.30597	
40.27	0.337	0.103	1.58959	0	1.58106	-350.119	0	-348.205	0	0	-3.30597	
40.28	0.337	0.103	-1.58933	0	-1.58132	350.075	0	348.347	0	0	-3.30597	
40.29	0.337	0.103	1.58959	0	1.58106	-350.119	0	-348.205	0	0	-3.30597	
40.3	0.337	0.103	-1.58933	0	-1.58132	350.075	0	348.347	0	0	-3.30597	
40.31	0.337	0.103	1.58959	0	1.58106	-350.119	0	-348.205	0	0	-3.30597	
40.32	0.337	0.103	-1.58933	0	-1.58132	350.075	0	348.347	0	0	-3.30597	
40.33	0.337	0.103	1.58959	0	1.58106	-350.119	0	-348.205	0	0	-3.30597	
40.34	0.337	0.103	-1.58933	0	-1.58132	350.075	0	348.347	0	0	-3.30597	
40.35	0.337	0.103	1.58959	0	1.58106	-350.119	0	-348.205	0	0	-3.30597	
40.36	0.337	0.103	-1.58933	0	-1.58132	350.075	0	348.347	0	0	-3.30597	
40.37	0.337	0.103	1.58959	0	1.58106	-350.119	0	-348.205	0	0	-3.30597	
40.38	0.337	0.103	-1.58933	0	-1.58132	350.075	0	348.347	0	0	-3.30597	
40.39	0.337	0.103	1.58959	0	1.58106	-350.119	0	-348.205	0	0	-3.30597	
40.4	0.337	0.103	-1.58933	0	-1.58132	350.075	0	348.347	0	0	-3.30597	
40.41	0.337	0.103	1.58959	0	1.58106	-350.119	0	-348.205	0	0	-3.30597	
40.42	0.337	0.103	-1.58933	0	-1.58132	350.075	0	348.347	0	0	-3.30597	
40.43	0.337	0.103	1.58959	0	1.58106	-350.119	0	-348.205	0	0	-3.30597	
40.44	0.337	0.103	-1.58933	0	-1.58132	350.075	0	348.347	0	0	-3.30597	
40.45	0.337	0.103	1.58959	0	1.58106	-350.119	0	-348.205	0	0	-3.30597	
40.46	0.337	0.103	-1.58933	0	-1.58132	350.075	0	348.347	0	0	-3.30597	
40.47	0.337	0.103	1.58959	0	1.58106	-350.119	0	-348.205	0	0	-3.30597	
40.48	0.337	0.103	-1.58933	0	-1.58132	350.075	0	348.347	0	0	-3.30597	
40.49	0.337	0.103	1.58959	0	1.58106	-350.119	0	-348.205	0	0	-3.30597	
40.5	0.337	0.103	-1.58933	0	-1.58132	350.075	0	348.347	0	0	-3.30597	
40.51	0.337	0.103	1.58959	0	1.58106	-350.119	0	-348.205	0	0	-3.30597	
40.52	0.337	0.103	-1.58933	0	-1.58132	350.075	0	348.347	0	0	-3.30597	
40.53	0.337	0.103	1.58959	0	1.58106	-350.118	0	-348.204	0	0	-3.30597	
40.54	0.337	0.103	-1.58933	0	-1.58132	350.075	0	348.347	0	0	-3.30597	
40.55	0.337	0.103	1.58959	0	1.58106	-350.118	0	-348.204	0	0	-3.30597	
40.56	0.337	0.103	-1.58933	0	-1.58132	350.075	0	348.347	0	0	-3.30597	
40.57	0.337	0.103	1.58959	0	1.58106	-350.118	0	-348.204	0	0	-3.30597	
40.58	0.337	0.103	-1.58933	0	-1.58132	350.075	0	348.347	0	0	-3.30597	
40.59	0.337	0.103	1.58959	0	1.58106	-350.118	0	-348.204	0	0	-3.30597	
40.6	0.337	0.103	-1.58933	0	-1.58132	350.075	0	348.347	0	0	-3.30597	
40.61	0.337	0.103	1.58959	0	1.58106	-350.118	0	-348.204	0	0	-3.30597	
40.62	0.337	0.103	-1.58933	0	-1.58132	350.075	0	348.347	0	0	-3.30597	
40.63	0.337	0.103	1.58959	0	1.58106	-350.118	0	-348.204	0	0	-3.30597	
40.64	0.337	0.103	-1.58933	0	-1.58132	350.075	0	348.347	0	0	-3.30597	
40.65	0.337	0.103	1.58959	0	1.58106	-350.118	0	-348.204	0	0	-3.30597	
40.66	0.337	0.103	-1.58933	0	-1.58132	350.075	0	348.347	0	0	-3.30597	
40.67	0.337	0.103	1.58959	0	1.58106	-350.118	0	-348.204	0	0	-3.30597	
40.68	0.337	0.103	-1.58933	0	-1.58132	350.075	0	348.347	0	0	-3.30597	
40.69	0.337	0.103	1.58959	0	1.58106	-350.118	0	-348.204	0	0	-3.30597	
40.7	0.337	0.103	-1.58933	0	-1.58132	350.075	0	348.347	0	0	-3.30597	
40.71	0.337	0.103	1.58959	0	1.58106	-350.118	0	-348.204	0	0	-3.30597	
40.72	0.337	0.103	-1.58933	0	-1.58132	350.075	0	348.347	0	0	-3.30597	
40.73	0.337	0.103	1.58959	0	1.58106	-350.118	0	-348.204	0	0	-3.30597	
40.74	0.337	0.103	-1.58933	0	-1.58132	350.075	0	348.347	0	0	-3.30597	
40.75	0.337	0.103	1.58959	0	1.58106	-350.118	0	-348.204	0	0	-3.30597	
40.76	0.337	0.103	-1.58933	0	-1.58132	350.075	0	348.347	0	0	-3.30597	
40.77	0.337	0.103	1.58959	0	1.58106	-350.118	0	-348.204	0	0	-3.30597	
40.78	0.337	0.103	-1.58933	0	-1.58132	350.075	0	348.347	0	0	-3.30597	
40.79	0.337	0.103	1.58959	0	1.58106	-350.118	0	-348.204	0	0	-3.30597	
40.8	0.337	0.103	-1.58933	0	-1.58132	350.075	0	348.347	0	0	-3.30597	
40.81	0.337	0.103	1.58959	0	1.58106	-350.118	0	-348.204	0	0	-3.30597	
40.82	0.337	0.103	-1.58933	0	-1.58132	350.075	0	348.347	0	0	-3.30597	
40.83	0.337	0.103	1.58959	0	1.58106	-350.118	0	-348.204	0	0	-3.30597	
40.84	0.337	0.103	-1.58933	0	-1.58132	350.075	0	348.347	0	0	-3.30597	
40.85	0.337	0.103	1.58959	0	1.58106	-350.118	0	-348.204	0	0	-3.30597	
40.86	0.337	0.103	-1.58933	0	-1.58132	350.075	0	348.347	0	0	-3.30597	
40.87	0.337	0.103	1.58959	0	1.58106	-350.118	0	-348.204	0	0	-3.30597	
40.88	0.337	0.103	-1.58933	0	-1.58132	350.075	0	348.347	0	0	-3.30597	
40.89	0.337	0.103	1.58959	0	1.58106	-350.118	0	-348.204	0	0	-3.30597	
40.9	0.337	0.103	-1.58933	0	-1.58132	350.075	0	348.347	0	0	-3.30597	
40.91	0.337	0.103	1.58959	0	1.58106	-350.118	0	-348.204	0	0	-3.30597	
40.92	0.337	0.103	-1.58933	0	-1.58132	350.075	0	348.347	0	0	-3.30597	
40.93	0.337	0.103	1.58959	0	1.58106	-350.118	0	-348.204	0	0	-3.30597	
40.94	0.337	0.103	-1.58933	0	-1.58132	350.075	0	348.347	0	0	-3.30597	
40.95	0.337	0.103	1.58959	0	1.58106	-350.118	0	-348.204	0	0	-3.30597	
40.96	0.337	0.103	-1.58933	0	-1.58132	350.075	0	348.346	0	0	-3.30597	
40.97	0.337	0.103	1.58959	0	1.58106	-350.118	0	-348.204	0	0	-3.30597	
40.98	0.337	0.103	-1.58933	0	-1.58132	350.075	0	348.346	0	0	-3.30597	
40.99	0.337	0.103	1.58959	0	1.58106	-350.118	0	-348.204	0	0	-3.30597	
41	0.337	0.103	-1.58933	0	-1.58132	350.075	0	348.346	0	0	-3.30597	
41.01	0.337	0.103	1.58959	0	1.58106	-350.118	0	-348.204	0	0	-3.30597	
41.02	0.337	0.103	-1.58933	0	-1.58132	350.074	0	348.346	0	0	-3.30597	
41.03	0.337	0.103	1.58959	0	1.58106	-350.118	0	-348.204	0	0	-3.30597	
41.04	0.337	0.103	-1.58933	0	-1.58132	350.074	0	348.346	0	0	-3.30597	
41.05	0.337	0.103	1.58959	0	1.58106	-350.118	0	-348.204	0	0	-3.30597	
41.06	0.337	0.103	-1.58933	0	-1.58132	350.074	0	348.346	0	0	-3.30597	
41.07	0.337	0.103	1.58959	0	1.58106	-350.118	0	-348.204	0	0	-3.30597	
41.08	0.337	0.103	-1.58933	0	-1.58132	350.074	0	348.346	0	0	-3.30597	
41.09	0.337	0.103	1.58959	0	1.58106	-350.118	0	-348.204	0	0	-3.30597	
41.1	0.337	0.103	-1.58933	0	-1.58132	350.074	0	348.346	0	0	-3.30597	
41.11	0.337	0.103	1.58959	0	1.58106	-350.118	0	-348.204	0	0	-3.30597	
41.12	0.337	0.103	-1.58933	0	-1.58132	350.074	0	348.346	0	0	-3.30597	
41.13	0.337	0.103	1.58959	0	1.58106	-350.118	0	-348.204	0	0	-3.30597	
41.14	0.337	0.103	-1.58933	0	-1.58132	350.074	0	348.346	0	0	-3.30597	
41.15	0.337	0.103	1.58959	0	1.58106	-350.118	0	-348.204	0	0	-3.30597	
41.16	0.337	0.103	-1.58933	0	-1.58132	350.074	0	348.346	0	0	-3.30597	
41.17	0.337	0.103	1.58959	0	1.58106	-350.118	0	-348.204	0	0	-3.30597	
41.18	0.337	0.103	-1.58933	0	-1.58132	350.074	0	348.346	0	0	-3.30597	
41.19	0.337	0.103	1.58959	0	1.58106	-350.118	0	-348.204	0	0	-3.30597	
41.2	0.337	0.103	-1.58933	0	-1.58132	350.074	0	348.346	0	0	-3.30597	
41.21	0.337	0.103	1.58959	0	1.58106	-350.118	0	-348.204	0	0	-3.30597	
41.22	0.337	0.103	-1.58933	0	-1.58132	350.074	0	348.346	0	0	-3.30597	
41.23	0.337	0.103	1.58959	0	1.58106	-350.118	0	-348.204	0	0	-3.30597	
41.24	0.337	0.103	-1.58933	0	-1.58132	350.074	0	348.346	0	0	-3.30597	
41.25	0.337	0.103	1.58959	0	1.58106	-350.118	0	-348.204	0	0	-3.30597	
41.26	0.337	0.103	-1.58933	0	-1.58132	350.074	0	348.346	0	0	-3.30597	
41.27	0.337	0.103	1.58959	0	1.58106	-350.118	0	-348.204	0	0	-3.30597	
41.28	0.337	0.103	-1.58933	0	-1.58132	350.074	0	348.346	0	0	-3.30597	
41.29	0.337	0.103	1.58959	0	1.58106	-350.118	0	-348.204	0	0	-3.30597	
41.3	0.337	0.103	-1.58933	0	-1.58132	350.074	0	348.346	0	0	-3.30597	
41.31	0.337	0.103	1.58959	0	1.58106	-350.118	0	-348.204	0	0	-3.30597	
41.32	0.337	0.103	-1.58933	0	-1.58132	350.074	0	348.346	0	0	-3.30597	
41.33	0.337	0.103	1.58959	0	1.58106	-350.118	0	-348.204	0	0	-3.30597	
41.34	0.337	0.103	-1.58933	0	-1.58132	350.074	0	348.346	0	0	-3.30597	
41.35	0.337	0.103	1.58959	0	1.58106	-350.118	0	-348.204	0	0	-3.30597	
41.36	0.337	0.103	-1.58933	0	-1.58132	350.074	0	348.346	0	0	-3.30597	
41.37	0.337	0.103	1.58959	0	1.58106	-350.118	0	-348.204	0	0	-3.30597	
41.38	0.337	0.103	-1.58933	0	-1.58132	350.074	0	348.346	0	0	-3.30597	
41.39	0.337	0.103	1.58959	0	1.58106	-350.118	0	-348.204	0	0	-3.30597	
41.4	0.337	0.103	-1.58933	0	-1.58132	350.074	0	348.346	0	0	-3.30597	
41.41	0.337	0.103	1.58959	0	1.58106	-350.118	0	-348.204	0	0	-3.30597	
41.42	0.337	0.103	-1.58933	0	-1.58132	350.074	0	348.346	0	0	-3.30597	
41.43	0.337	0.103	1.58959	0	1.58106	-350.118	0	-348.204	0	0	-3.30597	
41.44	0.337	0.103	-1.58933	0	-1.58132	350.074	0	348.346	0	0	-3.30597	
41.45	0.337	0.103	1.58959	0	1.58106	-350.118	0	-348.204	0	0	-3.30597	
41.46	0.337	0.103	-1.58933	0	-1.58132	350.074	0	348.346	0	0	-3.30597	
41.47	0.337	0.103	1.58959	0	1.58106	-350.118	0	-348.204	0	0	-3.30597	
41.48	0.337	0.103	-1.58933	0	-1.58132	350.074	0	348.346	0	0	-3.30597	
41.49	0.337	0.103	1.58959	0	1.58106	-350.118	0	-348.204	0	0	-3.30597	
41.5	0.337	0.103	-1.58933	0	-1.58132	350.074	0	348.346	0	0	-3.30597	
41.51	0.337	0.103	1.58959	0	1.58106	-350.118	0	-348.204	0	0	-3.30597	
41.52	0.337	0.103	-1.58933	0	-1.58132	350.074	0	348.346	0	0	-3.30597	
41.53	0.337	0.103	1.58959	0	1.58106	-350.118	0	-348.204	0	0	-3.30597	
41.54	0.337	0.103	-1.58933	0	-1.58132	350.074	0	348.346	0	0	-3.30597	
41.55	0.337	0.103	1.58959	0	1.58106	-350.118	0	-348.204	0	0	-3.30597	
41.56	0.337	0.103	-1.58933	0	-1.58132	350.074	0	348.346	0	0	-3.30597	
41.57	0.337	0.103	1.58959	0	1.58106	-350.118	0	-348.204	0	0	-3.30597	
41.58	0.337	0.103	-1.58933	0	-1.58132	350.074	0	348.346	0	0	-3.30597	
41.59	0.337	0.103	1.58959	0	1.58106	-350.118	0	-348.204	0	0	-3.30597	
41.6	0.337	0.103	-1.58933	0	-1.58132	350.074	0	348.346	0	0	-3.30597	
41.61	0.337	0.103	1.58959	0	1.58106	-350.118	0	-348.204	0	0	-3.30597	
41.62	0.337	0.103	-1.58933	0	-1.58132	350.074	0	348.346	0	0	-3.30597	
41.63	0.337	0.103	1.58959	0	1.58106	-350.118	0	-348.204	0	0	-3.30597	
41.64	0.337	0.103	-1.58933	0	-1.58132	350.074	0	348.346	0	0	-3.30597	
41.65	0.337	0.103	1.58959	0	1.58106	-350.118	0	-348.204	0	0	-3.30597	
41.66	0.337	0.103	-1.58933	0	-1.58132	350.074	0	348.346	0	0	-3.30597	
41.67	0.337	0.103	1.58959	0	1.58106	-350.118	0	-348.204	0	0	-3.30597	
41.68	0.337	0.103	-1.58933	0	-1.58132	350.074	0	348.346	0	0	-3.30597	
41.69	0.337	0.103	1.58959	0	1.58106	-350.118	0	-348.204	0	0	-3.30597	
41.7	0.337	0.103	-1.58933	0	-1.58132	350.074	0	348.346	0	0	-3.30597	
41.71	0.337	0.103	1.58959	0	1.58106	-350.118	0	-348.204	0	0	-3.30597	
41.72	0.337	0.103	-1.58933	0	-1.58132	350.074	0	348.346	0	0	-3.30597	
41.73	0.337	0.103	1.58959	0	1.58106	-350.118	0	-348.204	0	0	-3.30597	
41.74	0.337	0.103	-1.58933	0	-1.58132	350.074	0	348.346	0	0	-3.30597	
41.75	0.337	0.103	1.58959	0	1.58106	-350.118	0	-348.204	0	0	-3.30597	
41.76	0.337	0.103	-1.58933	0	-1.58132	350.074	0	348.346	0	0	-3.30597	
41.77	0.337	0.103	1.58959	0	1.58106	-350.118	0	-348.204	0	0	-3.30597	
41.78	0.337	0.103	-1.58933	0	-1.58132	350.074	0	348.346	0	0	-3.30597	
41.79	0.337	0.103	1.58959	0	1.58106	-350.118	0	-348.204	0	0	-3.30597	
41.8	0.337	0.103	-1.58933	0	-1.58132	350.074	0	348.346	0	0	-3.30597	
41.81	0.337	0.103	1.58959	0	1.58106	-350.118	0	-348.204	0	0	-3.30597	
41.82	0.337	0.103	-1.58933	0	-1.58132	350.074	0	348.346	0	0	-3.30597	
41.83	0.337	0.103	1.58959	0	1.58106	-350.118	0	-348.204	0	0	-3.30597	
41.84	0.337	0.103	-1.58933	0	-1.58132	350.074	0	348.346	0	0	-3.30597	
41.85	0.337	0.103	1.58959	0	1.58106	-350.118	0	-348.204	0	0	-3.30597	
41.86	0.337	0.103	-1.58933	0	-1.58132	350.074	0	348.346	0	0	-3.30597	
41.87	0.337	0.103	1.58959	0	1.58106	-350.118	0	-348.204	0	0	-3.30597	
41.88	0.337	0.103	-1.58933	0	-1.58132	350.074	0	348.346	0	0	-3.30597	
41.89	0.337	0.103	1.58959	0	1.58106	-350.118	0	-348.204	0	0	-3.30597	
41.9	0.337	0.103	-1.58933	0	-1.58132	350.074	0	348.346	0	0	-3.30597	
41.91	0.337	0.103	1.58959	0	1.58106	-350.118	0	-348.204	0	0	-3.30597	
41.92	0.337	0.103	-1.58933	0	-1.58132	350.074	0	348.346	0	0	-3.30597	
41.93	0.337	0.103	1.58959	0	1.58106	-350.118	0	-348.204	0	0	-3.30597	
41.94	0.337	0.103	-1.58933	0	-1.58132	350.074	0	348.346	0	0	-3.30597	
41.95	0.337	0.103	1.58959	0	1.58106	-350.118	0	-348.204	0	0	-3.30597	
41.96	0.337	0.103	-1.58933	0	-1.58132	350.074	0	348.346	0	0	-3.30597	
41.97	0.337	0.103	1.58959	0	1.58106	-350.118	0	-348.204	0	0	-3.30597	
41.98	0.337	0.103	-1.58933	0	-1.58132	350.074	0	348.346	0	0	-3.30597	
41.99	0.337	0.103	1.58959	0	1.58106	-350.118	0	-348.204	0	0	-3.30597	
42	0.337	0.103	-1.58933	0	-1.58132	350.074	0	348.346	0	0	-3.30597	
42.01	0.337	0.103	1.58959	0	1.58106	-350.118	0	-348.204	0	0	-3.30597	
42.02	0.337	0.103	-1.58933	0	-1.58132	350.074	0	348.346	0	0	-3.30597	
42.03	0.337	0.103	1.58959	0	1.58106	-350.118	0	-348.204	0	0	-3.30597	
42.04	0.337	0.103	-1.58933	0	-1.58132	350.074	0	348.346	0	0	-3.30597	
42.05	0.337	0.103	1.58959	0	1.58106	-350.118	0	-348.204	0	0	-3.30597	
42.06	0.337	0.103	-1.58933	0	-1.58132	350.074	0	348.346	0	0	-3.30597	
42.07	0.337	0.103	1.58959	0	1.58106	-350.118	0	-348.204	0	0	-3.30597	
42.08	0.337	0.103	-1.58933	0	-1.58132	350.074	0	348.346	0	0	-3.30597	
42.09	0.337	0.103	1.58959	0	1.58106	-350.118	0	-348.204	0	0	-3.30597	
42.1	0.337	0.103	-1.58933	0	-1.58132	350.074	0	348.346	0	0	-3.30597	
42.11	0.337	0.103	1.58959	0	1.58106	-350.118	0	-348.204	0	0	-3.30597	
42.12	0.337	0.103	-1.58933	0	-1.58132	350.074	0	348.346	0	0	-3.30597	
42.13	0.337	0.103	1.58959	0	1.58106	-350.118	0	-348.204	0	0	-3.30597	
42.14	0.337	0.103	-1.58933	0	-1.58132	350.074	0	348.346	0	0	-3.30597	
42.15	0.337	0.103	1.58959	0	1.58106	-350.118	0	-348.204	0	0	-3.30597	
42.16	0.337	0.103	-1.58933	0	-1.58132	350.074	0	348.346	0	0	-3.30597	
42.17	0.337	0.103	1.58959	0	1.58106	-350.118	0	-348.204	0	0	-3.30597	
42.18	0.337	0.103	-1.58933	0	-1.58132	350.074	0	348.346	0	0	-3.30597	
42.19	0.337	0.103	1.58959	0	1.58106	-350.118	0	-348.204	0	0	-3.30597	
42.2	0.337	0.103	-1.58933	0	-1.58132	350.074	0	348.346	0	0	-3.30597	
42.21	0.337	0.103	1.58959	0	1.58106	-350.118	0	-348.204	0	0	-3.30597	
42.22	0.337	0.103	-1.58933	0	-1.58132	350.074	0	348.346	0	0	-3.30597	
42.23	0.337	0.103	1.58959	0	1.58106	-350.118	0	-348.204	0	0	-3.30597	
42.24	0.337	0.103	-1.58933	0	-1.58132	350.074	0	348.346	0	0	-3.30597	
42.25	0.337	0.103	1.58959	0	1.58106	-350.118	0	-348.204	0	0	-3.30597	
42.26	0.337	0.103	-1.58933	0	-1.58132	350.074	0	348.346	0	0	-3.30597	
42.27	0.337	0.103	1.58959	0	1.58106	-350.118	0	-348.204	0	0	-3.30597	
42.28	0.337	0.103	-1.58933	0	-1.58132	350.074	0	348.346	0	0	-3.30597	
42.29	0.337	0.103	1.58959	0	1.58106	-350.118	0	-348.204	0	0	-3.30597	
42.3	0.337	0.103	-1.58933	0	-1.58132	350.074	0	348.346	0	0	-3.30597	
42.31	0.337	0.103	1.58959	0	1.58106	-350.118	0	-348.204	0	0	-3.30597	
42.32	0.337	0.103	-1.58933	0	-1.58132	350.074	0	348.346	0	0	-3.30597	
42.33	0.337	0.103	1.58959	0	1.58106	-350.118	0	-348.204	0	0	-3.30597	
42.34	0.337	0.103	-1.58933	0	-1.58132	350.074	0	348.346	0	0	-3.30597	
42.35	0.337	0.103	1.58959	0	1.58106	-350.118	0	-348.204	0	0	-3.30597	
42.36	0.337	0.103	-1.58933	0	-1.58132	350.074	0	348.346	0	0	-3.30597	
42.37	0.337	0.103	1.58959	0	1.58106	-350.118	0	-348.204	0	0	-3.30597	
42.38	0.337	0.103	-1.58933	0	-1.58132	350.074	0	348.346	0	0	-3.30597	
42.39	0.337	0.103	1.58959	0	1.58106	-350.118	0	-348.204	0	0	-3.30597	
42.4	0.337	0.103	-1.58933	0	-1.58132	350.074	0	348.346	0	0	-3.30597	
42.41	0.337	0.103	1.58959	0	1.58106	-350.118	0	-348.204	0	0	-3.30597	
42.42	0.337	0.103	-1.58933	0	-1.58132	350.074	0	348.346	0	0	-3.30597	
42.43	0.337	0.103	1.58959	0	1.58106	-350.118	0	-348.204	0	0	-3.30597	
42.44	0.337	0.103	-1.58933	0	-1.58132	350.074	0	348.346	0	0	-3.30597	
42.45	0.337	0.103	1.58959	0	1.58106	-350.118	0	-348.204	0	0	-3.30597	
42.46	0.337	0.103	-1.58933	0	-1.58132	350.074	0	348.346	0	0	-3.30597	
42.47	0.337	0.103	1.58959	0	1.58106	-350.118	0	-348.204	0	0	-3.30597	
42.48	0.337	0.103	-1.58933	0	-1.58132	350.074	0	348.346	0	0	-3.30597	
42.49	0.337	0.103	1.58959	0	1.58106	-350.118	0	-348.204	0	0	-3.30597	
42.5	0.337	0.103	-1.58933	0	-1.58132	350.074	0	348.346	0	0	-3.30597	
42.51	0.337	0.103	1.58959	0	1.58106	-350.118	0	-348.204	0	0	-3.30597	
42.52	0.337	0.103	-1.58933	0	-1.58132	350.074	0	348.346	0	0	-3.30597	
42.53	0.337	0.103	1.58959	0	1.58106	-350.118	0	-348.204	0	0	-3.30597	
42.54	0.337	0.103	-1.58933	0	-1.58132	350.074	0	348.346	0	0	-3.30597	
42.55	0.337	0.103	1.58959	0	1.58106	-350.118	0	-348.204	0	0	-3.30597	
42.56	0.337	0.103	-1.58933	0	-1.58132	350.074	0	348.346	0	0	-3.30597	
42.57	0.337	0.103	1.58959	0	1.58106	-350.118	0	-348.204	0	0	-3.30597	
42.58	0.337	0.103	-1.58933	0	-1.58132	350.074	0	348.346	0	0	-3.30597	
42.59	0.337	0.103	1.58959	0	1.58106	-350.118	0	-348.204	0	0	-3.30597	
42.6	0.337	0.103	-1.58933	0	-1.58132	350.074	0	348.346	0	0	-3.30597	
42.61	0.337	0.103	1.58959	0	1.58106	-350.118	0	-348.204	0	0	-3.30597	
42.62	0.337	0.103	-1.58933	0	-1.58132	350.074	0	348.346	0	0	-3.30597	
42.63	0.337	0.103	1.58959	0	1.58106	-350.118	0	-348.204	0	0	-3.30597	
42.64	0.337	0.103	-1.58933	0	-1.58132	350.074	0	348.346	0	0	-3.30597	
42.65	0.337	0.103	1.58959	0	1.58106	-350.118	0	-348.204	0	0	-3.30597	
42.66	0.337	0.103	-1.58933	0	-1.58132	350.074	0	348.346	0	0	-3.30597	
42.67	0.337	0.103	1.58959	0	1.58106	-350.118	0	-348.204	0	0	-3.30597	
42.68	0.337	0.103	-1.58933	0	-1.58132	350.074	0	348.346	0	0	-3.30597	
42.69	0.337	0.103	1.58959	0	1.58106	-350.118	0	-348.204	0	0	-3.30597	
42.7	0.337	0.103	-1.58933	0	-1.58132	350.074	0	348.346	0	0	-3.30597	
42.71	0.337	0.103	1.58959	0	1.58106	-350.118	0	-348.204	0	0	-3.30597	
42.72	0.337	0.103	-1.58933	0	-1.58132	350.074	0	348.346	0	0	-3.30597	
42.73	0.337	0.103	1.58959	0	1.58106	-350.118	0	-348.204	0	0	-3.30597	
42.74	0.337	0.103	-1.58933	0	-1.58132	350.074	0	348.346	0	0	-3.30597	
42.75	0.337	0.103	1.58959	0	1.58106	-350.118	0	-348.204	0	0	-3.30597	
42.76	0.337	0.103	-1.58933	0	-1.58132	350.074	0	348.346	0	0	-3.30597	
42.77	0.337	0.103	1.58959	0	1.58106	-350.118	0	-348.204	0	0	-3.30597	
42.78	0.337	0.103	-1.58933	0	-1.58132	350.074	0	348.346	0	0	-3.30597	
42.79	0.337	0.103	1.58959	0	1.58106	-350.118	0	-348.204	0	0	-3.30597	
42.8	0.337	0.103	-1.58933	0	-1.58132	350.074	0	348.346	0	0	-3.30597	
42.81	0.337	0.103	1.58959	0	1.58106	-350.118	0	-348.204	0	0	-3.30597	
42.82	0.337	0.103	-1.58933	0	-1.58132	350.074	0	348.346	0	0	-3.30597	
42.83	0.337	0.103	1.58959	0	1.58106	-350.118	0	-348.204	0	0	-3.30597	
42.84	0.337	0.103	-1.58933	0	-1.58132	350.074	0	348.346	0	0	-3.30597	
42.85	0.337	0.103	1.58959	0	1.58106	-350.118	0	-348.204	0	0	-3.30597	
42.86	0.337	0.103	-1.58933	0	-1.58132	350.074	0	348.346	0	0	-3.30597	
42.87	0.337	0.103	1.58959	0	1.58106	-350.118	0	-348.204	0	0	-3.30597	
42.88	0.337	0.103	-1.58933	0	-1.58132	350.074	0	348.346	0	0	-3.30597	
42.89	0.337	0.103	1.58959	0	1.58106	-350.118	0	-348.204	0	0	-3.30597	
42.9	0.337	0.103	-1.58933	0	-1.58132	350.074	0	348.346	0	0	-3.30597	
42.91	0.337	0.103	1.58959	0	1.58106	-350.118	0	-348.204	0	0	-3.30597	
42.92	0.337	0.103	-1.58933	0	-1.58132	350.074	0	348.346	0	0	-3.30597	
42.93	0.337	0.103	1.58959	0	1.58106	-350.118	0	-348.204	0	0	-3.30597	
42.94	0.337	0.103	-1.58933	0	-1.58132	350.074	0	348.346	0	0	-3.30597	
42.95	0.337	0.103	1.58959	0	1.58106	-350.118	0	-348.204	0	0	-3.30597	
42.96	0.337	0.103	-1.58933	0	-1.58132	350.074	0	348.346	0	0	-3.30597	
42.97	0.337	0.103	1.58959	0	1.58106	-350.118	0	-348.204	0	0	-3.30597	
42.98	0.337	0.103	-1.58933	0	-1.58132	350.074	0	348.346	0	0	-3.30597	
42.99	0.337	0.103	1.58959	0	1.58106	-350.118	0	-348.204	0	0	-3.30597	
43	0.337	0.103	-1.58933	0	-1.58132	350.074	0	348.346	0	0	-3.30597	
43.01	0.337	0.103	1.58959	0	1.58106	-350.118	0	-348.204	0	0	-3.30597	
43.02	0.337	0.103	-1.58933	0	-1.58132	350.074	0	348.346	0	0	-3.30597	
43.03	0.337	0.103	1.58959	0	1.58106	-350.118	0	-348.204	0	0	-3.30597	
43.04	0.337	0.103	-1.58933	0	-1.58132	350.074	0	348.346	0	0	-3.30597	
43.05	0.337	0.103	1.58959	0	1.58106	-350.118	0	-348.204	0	0	-3.30597	
43.06	0.337	0.103	-1.58933	0	-1.58132	350.074	0	348.346	0	0	-3.30597	
43.07	0.337	0.103	1.58959	0	1.58106	-350.118	0	-348.204	0	0	-3.30597	
43.08	0.337	0.103	-1.58933	0	-1.58132	350.074	0	348.346	0	0	-3.30597	
43.09	0.337	0.103	1.58959	0	1.58106	-350.118	0	-348.204	0	0	-3.30597	
43.1	0.337	0.103	-1.58933	0	-1.58132	350.074	0	348.346	0	0	-3.30597	
43.11	0.337	0.103	1.58959	0	1.58106	-350.118	0	-348.204	0	0	-3.30597	
43.12	0.337	0.103	-1.58933	0	-1.58132	350.074	0	348.346	0	0	-3.30597	
43.13	0.337	0.103	1.58959	0	1.58106	-350.118	0	-348.204	0	0	-3.30597	
43.14	0.337	0.103	-1.58933	0	-1.58132	350.074	0	348.346	0	0	-3.30597	
43.15	0.337	0.103	1.58959	0	1.58106	-350.118	0	-348.204	0	0	-3.30597	
43.16	0.337	0.103	-1.58933	0	-1.58132	350.074	0	348.346	0	0	-3.30597	
43.17	0.337	0.103	1.58959	0	1.58106	-350.118	0	-348.204	0	0	-3.30597	
43.18	0.337	0.103	-1.58933	0	-1.58132	350.074	0	348.346	0	0	-3.30597	
43.19	0.337	0.103	1.58959	0	1.58106	-350.118	0	-348.204	0	0	-3.30597	
43.2	0.337	0.103	-1.58933	0	-1.58132	350.074	0	348.346	0	0	-3.30597	
43.21	0.337	0.103	1.58959	0	1.58106	-350.118	0	-348.204	0	0	-3.30597	
43.22	0.337	0.103	-1.58933	0	-1.58132	350.074	0	348.346	0	0	-3.30597	
43.23	0.337	0.103	1.58959	0	1.58106	-350.118	0	-348.204	0	0	-3.30597	
43.24	0.337	0.103	-1.58933	0	-1.58132	350.074	0	348.346	0	0	-3.30597	
43.25	0.337	0.103	1.58959	0	1.58106	-350.118	0	-348.204	0	0	-3.30597	
43.26	0.337	0.103	-1.58933	0	-1.58132	350.074	0	348.346	0	0	-3.30597	
43.27	0.337	0.103	1.58959	0	1.58106	-350.118	0	-348.204	0	0	-3.30597	
43.28	0.337	0.103	-1.58933	0	-1.58132	350.074	0	348.346	0	0	-3.30597	
43.29	0.337	0.103	1.58959	0	1.58106	-350.118	0	-348.204	0	0	-3.30597	
43.3	0.337	0.103	-1.58933	0	-1.58132	350.074	0	348.346	0	0	-3.30597	
43.31	0.337	0.103	1.58959	0	1.58106	-350.117	0	-348.204	0	0	-3.30597	
43.32	0.337	0.103	-1.58933	0	-1.58132	350.074	0	348.346	0	0	-3.30597	
43.33	0.337	0.103	1.58959	0	1.58106	-350.117	0	-348.203	0	0	-3.30597	
43.34	0.337	0.103	-1.58933	0	-1.58132	350.074	0	348.346	0	0	-3.30597	
43.35	0.337	0.103	1.58959	0	1.58106	-350.117	0	-348.203	0	0	-3.30597	
43.36	0.337	0.103	-1.58933	0	-1.58132	350.074	0	348.346	0	0	-3.30597	
43.37	0.337	0.103	1.58959	0	1.58106	-350.117	0	-348.203	0	0	-3.30597	
43.38	0.337	0.103	-1.58933	0	-1.58132	350.074	0	348.346	0	0	-3.30597	
43.39	0.337	0.103	1.58959	0	1.58106	-350.117	0	-348.203	0	0	-3.30597	
43.4	0.337	0.103	-1.58933	0	-1.58132	350.074	0	348.346	0	0	-3.30597	
43.41	0.337	0.103	1.58959	0	1.58106	-350.117	0	-348.203	0	0	-3.30597	
43.42	0.337	0.103	-1.58933	0	-1.58132	350.074	0	348.346	0	0	-3.30597	
43.43	0.337	0.103	1.58959	0	1.58106	-350.117	0	-348.203	0	0	-3.30597	
43.44	0.337	0.103	-1.58933	0	-1.58132	350.074	0	348.346	0	0	-3.30597	
43.45	0.337	0.103	1.58959	0	1.58106	-350.117	0	-348.203	0	0	-3.30597	
43.46	0.337	0.103	-1.58933	0	-1.58132	350.074	0	348.346	0	0	-3.30597	
43.47	0.337	0.103	1.58959	0	1.58106	-350.117	0	-348.203	0	0	-3.30597	
43.48	0.337	0.103	-1.58933	0	-1.58132	350.074	0	348.346	0	0	-3.30597	
43.49	0.337	0.103	1.58959	0	1.58106	-350.117	0	-348.203	0	0	-3.30597	
43.5	0.337	0.103	-1.58933	0	-1.58132	350.074	0	348.346	0	0	-3.30597	
43.51	0.337	0.103	1.58959	0	1.58106	-350.117	0	-348.203	0	0	-3.30597	
43.52	0.337	0.103	-1.58933	0	-1.58132	350.074	0	348.346	0	0	-3.30597	
43.53	0.337	0.103	1.58959	0	1.58106	-350.117	0	-348.203	0	0	-3.30597	
43.54	0.337	0.103	-1.58933	0	-1.58132	350.074	0	348.346	0	0	-3.30597	
43.55	0.337	0.103	1.58959	0	1.58106	-350.117	0	-348.203	0	0	-3.30597	
43.56	0.337	0.103	-1.58933	0	-1.58132	350.074	0	348.346	0	0	-3.30597	
43.57	0.337	0.103	1.58959	0	1.58106	-350.117	0	-348.203	0	0	-3.30597	
43.58	0.337	0.103	-1.58933	0	-1.58132	350.074	0	348.346	0	0	-3.30597	
43.59	0.337	0.103	1.58959	0	1.58106	-350.117	0	-348.203	0	0	-3.30597	
43.6	0.337	0.103	-1.58933	0	-1.58132	350.074	0	348.346	0	0	-3.30597	
43.61	0.337	0.103	1.58959	0	1.58106	-350.117	0	-348.203	0	0	-3.30597	
43.62	0.337	0.103	-1.58933	0	-1.58132	350.074	0	348.346	0	0	-3.30597	
43.63	0.337	0.103	1.58959	0	1.58106	-350.117	0	-348.203	0	0	-3.30597	
43.64	0.337	0.103	-1.58933	0	-1.58132	350.074	0	348.346	0	0	-3.30597	
43.65	0.337	0.103	1.58959	0	1.58106	-350.117	0	-348.203	0	0	-3.30597	
43.66	0.337	0.103	-1.58933	0	-1.58132	350.074	0	348.346	0	0	-3.30597	
43.67	0.337	0.103	1.58959	0	1.58106	-350.117	0	-348.203	0	0	-3.30597	
43.68	0.337	0.103	-1.58933	0	-1.58132	350.074	0	348.346	0	0	-3.30597	
43.69	0.337	0.103	1.58959	0	1.58106	-350.117	0	-348.203	0	0	-3.30597	
43.7	0.337	0.103	-1.58933	0	-1.58132	350.074	0	348.346	0	0	-3.30597	
43.71	0.337	0.103	1.58959	0	1.58106	-350.117	0	-348.203	0	0	-3.30597	
43.72	0.337	0.103	-1.58933	0	-1.58132	350.074	0	348.346	0	0	-3.30597	
43.73	0.337	0.103	1.58959	0	1.58106	-350.117	0	-348.203	0	0	-3.30597	
43.74	0.337	0.103	-1.58933	0	-1.58132	350.074	0	348.346	0	0	-3.30597	
43.75	0.337	0.103	1.58959	0	1.58106	-350.117	0	-348.203	0	0	-3.30597	
43.76	0.337	0.103	-1.58933	0	-1.58132	350.074	0	348.345	0	0	-3.30597	
43.77	0.337	0.103	1.58959	0	1.58106	-350.117	0	-348.203	0	0	-3.30597	
43.78	0.337	0.103	-1.58933	0	-1.58132	350.074	0	348.345	0	0	-3.30597	
43.79	0.337	0.103	1.58959	0	1.58106	-350.117	0	-348.203	0	0	-3.30597	
43.8	0.337	0.103	-1.58933	0	-1.58132	350.073	0	348.345	0	0	-3.30597	
43.81	0.337	0.103	1.58959	0	1.58106	-350.117	0	-348.203	0	0	-3.30597	
43.82	0.337	0.103	-1.58933	0	-1.58132	350.073	0	348.345	0	0	-3.30597	
43.83	0.337	0.103	1.58959	0	1.58106	-350.117	0	-348.203	0	0	-3.30597	
43.84	0.337	0.103	-1.58933	0	-1.58132	350.073	0	348.345	0	0	-3.30597	
43.85	0.337	0.103	1.58959	0	1.58106	-350.117	0	-348.203	0	0	-3.30597	
43.86	0.337	0.103	-1.58933	0	-1.58132	350.073	0	348.345	0	0	-3.30597	
43.87	0.337	0.103	1.58959	0	1.58106	-350.117	0	-348.203	0	0	-3.30597	
43.88	0.337	0.103	-1.58933	0	-1.58132	350.073	0	348.345	0	0	-3.30597	
43.89	0.337	0.103	1.58959	0	1.58106	-350.117	0	-348.203	0	0	-3.30597	
43.9	0.337	0.103	-1.58933	0	-1.58132	350.073	0	348.345	0	0	-3.30597	
43.91	0.337	0.103	1.58959	0	1.58106	-350.117	0	-348.203	0	0	-3.30597	
43.92	0.337	0.103	-1.58933	0	-1.58132	350.073	0	348.345	0	0	-3.30597	
43.93	0.337	0.103	1.58959	0	1.58106	-350.117	0	-348.203	0	0	-3.30597	
43.94	0.337	0.103	-1.58933	0	-1.58132	350.073	0	348.345	0	0	-3.30597	
43.95	0.337	0.103	1.58959	0	1.58106	-350.117	0	-348.203	0	0	-3.30597	
43.96	0.337	0.103	-1.58933	0	-1.58132	350.073	0	348.345	0	0	-3.30597	
43.97	0.337	0.103	1.58959	0	1.58106	-350.117	0	-348.203	0	0	-3.30597	
43.98	0.337	0.103	-1.58933	0	-1.58132	350.073	0	348.345	0	0	-3.30597	
43.99	0.337	0.103	1.58959	0	1.58106	-350.117	0	-348.203	0	0	-3.30597	
44	0.337	0.103	-1.58933	0	-1.58132	350.073	0	348.345	0	0	-3.30597	
44.01	0.337	0.103	1.58959	0	1.58106	-350.117	0	-348.203	0	0	-3.30597	
44.02	0.337	0.103	-1.58933	0	-1.58132	350.073	0	348.345	0	0	-3.30597	
44.03	0.337	0.103	1.58959	0	1.58106	-350.117	0	-348.203	0	0	-3.30597	
44.04	0.337	0.103	-1.58933	0	-1.58132	350.073	0	348.345	0	0	-3.30597	
44.05	0.337	0.103	1.58959	0	1.58106	-350.117	0	-348.203	0	0	-3.30597	
44.06	0.337	0.103	-1.58933	0	-1.58132	350.073	0	348.345	0	0	-3.30597	
44.07	0.337	0.103	1.58959	0	1.58106	-350.117	0	-348.203	0	0	-3.30597	
44.08	0.337	0.103	-1.58933	0	-1.58132	350.073	0	348.345	0	0	-3.30597	
44.09	0.337	0.103	1.58959	0	1.58106	-350.117	0	-348.203	0	0	-3.30597	
44.1	0.337	0.103	-1.58933	0	-1.58132	350.073	0	348.345	0	0	-3.30597	
44.11	0.337	0.103	1.58959	0	1.58106	-350.117	0	-348.203	0	0	-3.30597	
44.12	0.337	0.103	-1.58933	0	-1.58132	350.073	0	348.345	0	0	-3.30597	
44.13	0.337	0.103	1.58959	0	1.58106	-350.117	0	-348.203	0	0	-3.30597	
44.14	0.337	0.103	-1.58933	0	-1.58132	350.073	0	348.345	0	0	-3.30597	
44.15	0.337	0.103	1.58959	0	1.58106	-350.117	0	-348.203	0	0	-3.30597	
44.16	0.337	0.103	-1.58933	0	-1.58132	350.073	0	348.345	0	0	-3.30597	
44.17	0.337	0.103	1.58959	0	1.58106	-350.117	0	-348.203	0	0	-3.30597	
44.18	0.337	0.103	-1.58933	0	-1.58132	350.073	0	348.345	0	0	-3.30597	
44.19	0.337	0.103	1.58959	0	1.58106	-350.117	0	-348.203	0	0	-3.30597	
44.2	0.337	0.103	-1.58933	0	-1.58132	350.073	0	348.345	0	0	-3.30597	
44.21	0.337	0.103	1.58959	0	1.58106	-350.117	0	-348.203	0	0	-3.30597	
44.22	0.337	0.103	-1.58933	0	-1.58132	350.073	0	348.345	0	0	-3.30597	
44.23	0.337	0.103	1.58959	0	1.58106	-350.117	0	-348.203	0	0	-3.30597	
44.24	0.337	0.103	-1.58933	0	-1.58132	350.073	0	348.345	0	0	-3.30597	
44.25	0.337	0.103	1.58959	0	1.58106	-350.117	0	-348.203	0	0	-3.30597	
44.26	0.337	0.103	-1.58933	0	-1.58132	350.073	0	348.345	0	0	-3.30597	
44.27	0.337	0.103	1.58959	0	1.58106	-350.117	0	-348.203	0	0	-3.30597	
44.28	0.337	0.103	-1.58933	0	-1.58132	350.073	0	348.345	0	0	-3.30597	
44.29	0.337	0.103	1.58959	0	1.58106	-350.117	0	-348.203	0	0	-3.30597	
44.3	0.337	0.103	-1.58933	0	-1.58132	350.073	0	348.345	0	0	-3.30597	
44.31	0.337	0.103	1.58959	0	1.58106	-350.117	0	-348.203	0	0	-3.30597	
44.32	0.337	0.103	-1.58933	0	-1.58132	350.073	0	348.345	0	0	-3.30597	
44.33	0.337	0.103	1.58959	0	1.58106	-350.117	0	-348.203	0	0	-3.30597	
44.34	0.337	0.103	-1.58933	0	-1.58132	350.073	0	348.345	0	0	-3.30597	
44.35	0.337	0.103	1.58959	0	1.58106	-350.117	0	-348.203	0	0	-3.30597	
44.36	0.337	0.103	-1.58933	0	-1.58132	350.073	0	348.345	0	0	-3.30597	
44.37	0.337	0.103	1.58959	0	1.58106	-350.117	0	-348.203	0	0	-3.30597	
44.38	0.337	0.103	-1.58933	0	-1.58132	350.073	0	348.345	0	0	-3.30597	
44.39	0.337	0.103	1.58959	0	1.58106	-350.117	0	-348.203	0	0	-3.30597	
44.4	0.337	0.103	-1.58933	0	-1.58132	350.073	0	348.345	0	0	-3.30597	
44.41	0.337	0.103	1.58959	0	1.58106	-350.117	0	-348.203	0	0	-3.30597	
44.42	0.337	0.103	-1.58933	0	-1.58132	350.073	0	348.345	0	0	-3.30597	
44.43	0.337	0.103	1.58959	0	1.58106	-350.117	0	-348.203	0	0	-3.30597	
44.44	0.337	0.103	-1.58933	0	-1.58132	350.073	0	348.345	0	0	-3.30597	
44.45	0.337	0.103	1.58959	0	1.58106	-350.117	0	-348.203	0	0	-3.30597	
44.46	0.337	0.103	-1.58933	0	-1.58132	350.073	0	348.345	0	0	-3.30597	
44.47	0.337	0.103	1.58959	0	1.58106	-350.117	0	-348.203	0	0	-3.30597	
44.48	0.337	0.103	-1.58933	0	-1.58132	350.073	0	348.345	0	0	-3.30597	
44.49	0.337	0.103	1.58959	0	1.58106	-350.117	0	-348.203	0	0	-3.30597	
44.5	0.337	0.103	-1.58933	0	-1.58132	350.073	0	348.345	0	0	-3.30597	
44.51	0.337	0.103	1.58959	0	1.58106	-350.117	0	-348.203	0	0	-3.30597	
44.52	0.337	0.103	-1.58933	0	-1.58132	350.073	0	348.345	0	0	-3.30597	
44.53	0.337	0.103	1.58959	0	1.58106	-350.117	0	-348.203	0	0	-3.30597	
44.54	0.337	0.103	-1.58933	0	-1.58132	350.073	0	348.345	0	0	-3.30597	
44.55	0.337	0.103	1.58959	0	1.58106	-350.117	0	-348.203	0	0	-3.30597	
44.56	0.337	0.103	-1.58933	0	-1.58132	350.073	0	348.345	0	0	-3.30597	
44.57	0.337	0.103	1.58959	0	1.58106	-350.117	0	-348.203	0	0	-3.30597	
44.58	0.337	0.103	-1.58933	0	-1.58132	350.073	0	348.345	0	0	-3.30597	
44.59	0.337	0.103	1.58959	0	1.58106	-350.117	0	-348.203	0	0	-3.30597	
44.6	0.337	0.103	-1.58933	0	-1.58132	350.073	0	348.345	0	0	-3.30597	
44.61	0.337	0.103	1.58959	0	1.58106	-350.117	0	-348.203	0	0	-3.30597	
44.62	0.337	0.103	-1.58933	0	-1.58132	350.073	0	348.345	0	0	-3.30597	
44.63	0.337	0.103	1.58959	0	1.58106	-350.117	0	-348.203	0	0	-3.30597	
44.64	0.337	0.103	-1.58933	0	-1.58132	350.073	0	348.345	0	0	-3.30597	
44.65	0.337	0.103	1.58959	0	1.58106	-350.117	0	-348.203	0	0	-3.30597	
44.66	0.337	0.103	-1.58933	0	-1.58132	350.073	0	348.345	0	0	-3.30597	
44.67	0.337	0.103	1.58959	0	1.58106	-350.117	0	-348.203	0	0	-3.30597	
44.68	0.337	0.103	-1.58933	0	-1.58132	350.073	0	348.345	0	0	-3.30597	
44.69	0.337	0.103	1.58959	0	1.58106	-350.117	0	-348.203	0	0	-3.30597	
44.7	0.337	0.103	-1.58933	0	-1.58132	350.073	0	348.345	0	0	-3.30597	
44.71	0.337	0.103	1.58959	0	1.58106	-350.117	0	-348.203	0	0	-3.30597	
44.72	0.337	0.103	-1.58933	0	-1.58132	350.073	0	348.345	0	0	-3.30597	
44.73	0.337	0.103	1.58959	0	1.58106	-350.117	0	-348.203	0	0	-3.30597	
44.74	0.337	0.103	-1.58933	0	-1.58132	350.073	0	348.345	0	0	-3.30597	
44.75	0.337	0.103	1.58959	0	1.58106	-350.117	0	-348.203	0	0	-3.30597	
44.76	0.337	0.103	-1.58933	0	-1.58132	350.073	0	348.345	0	0	-3.30597	
44.77	0.337	0.103	1.58959	0	1.58106	-350.117	0	-348.203	0	0	-3.30597	
44.78	0.337	0.103	-1.58933	0	-1.58132	350.073	0	348.345	0	0	-3.30597	
44.79	0.337	0.103	1.58959	0	1.58106	-350.117	0	-348.203	0	0	-3.30597	
44.8	0.337	0.103	-1.58933	0	-1.58132	350.073	0	348.345	0	0	-3.30597	
44.81	0.337	0.103	1.58959	0	1.58106	-350.117	0	-348.203	0	0	-3.30597	
44.82	0.337	0.103	-1.58933	0	-1.58132	350.073	0	348.345	0	0	-3.30597	
44.83	0.337	0.103	1.58959	0	1.58106	-350.117	0	-348.203	0	0	-3.30597	
44.84	0.337	0.103	-1.58933	0	-1.58132	350.073	0	348.345	0	0	-3.30597	
44.85	0.337	0.103	1.58959	0	1.58106	-350.117	0	-348.203	0	0	-3.30597	
44.86	0.337	0.103	-1.58933	0	-1.58132	350.073	0	348.345	0	0	-3.30597	
44.87	0.337	0.103	1.58959	0	1.58106	-350.117	0	-348.203	0	0	-3.30597	
44.88	0.337	0.103	-1.58933	0	-1.58132	350.073	0	348.345	0	0	-3.30597	
44.89	0.337	0.103	1.58959	0	1.58106	-350.117	0	-348.203	0	0	-3.30597	
44.9	0.337	0.103	-1.58933	0	-1.58132	350.073	0	348.345	0	0	-3.30597	
44.91	0.337	0.103	1.58959	0	1.58106	-350.117	0	-348.203	0	0	-3.30597	
44.92	0.337	0.103	-1.58933	0	-1.58132	350.073	0	348.345	0	0	-3.30597	
44.93	0.337	0.103	1.58959	0	1.58106	-350.117	0	-348.203	0	0	-3.30597	
44.94	0.337	0.103	-1.58933	0	-1.58132	350.073	0	348.345	0	0	-3.30597	
44.95	0.337	0.103	1.58959	0	1.58106	-350.117	0	-348.203	0	0	-3.30597	
44.96	0.337	0.103	-1.58933	0	-1.58132	350.073	0	348.345	0	0	-3.30597	
44.97	0.337	0.103	1.58959	0	1.58106	-350.117	0	-348.203	0	0	-3.30597	
44.98	0.337	0.103	-1.58933	0	-1.58132	350.073	0	348.345	0	0	-3.30597	
44.99	0.337	0.103	1.58959	0	1.58106	-350.117	0	-348.203	0	0	-3.30597	
45	0.337	0.103	-1.58933	0	-1.58132	350.073	0	348.345	0	0	-3.30597	
45.01	0.337	0.103	1.58959	0	1.58106	-350.117	0	-348.203	0	0	-3.30597	
45.02	0.337	0.103	-1.58933	0	-1.58132	350.073	0	348.345	0	0	-3.30597	
45.03	0.337	0.103	1.58959	0	1.58106	-350.117	0	-348.203	0	0	-3.30597	
45.04	0.337	0.103	-1.58933	0	-1.58132	350.073	0	348.345	0	0	-3.30597	
45.05	0.337	0.103	1.58959	0	1.58106	-350.117	0	-348.203	0	0	-3.30597	
45.06	0.337	0.103	-1.58933	0	-1.58132	350.073	0	348.345	0	0	-3.30597	
45.07	0.337	0.103	1.58959	0	1.58106	-350.117	0	-348.203	0	0	-3.30597	
45.08	0.337	0.103	-1.58933	0	-1.58132	350.073	0	348.345	0	0	-3.30597	
45.09	0.337	0.103	1.58959	0	1.58106	-350.117	0	-348.203	0	0	-3.30597	
45.1	0.337	0.103	-1.58933	0	-1.58132	350.073	0	348.345	0	0	-3.30597	
45.11	0.337	0.103	1.58959	0	1.58106	-350.117	0	-348.203	0	0	-3.30597	
45.12	0.337	0.103	-1.58933	0	-1.58132	350.073	0	348.345	0	0	-3.30597	
45.13	0.337	0.103	1.58959	0	1.58106	-350.117	0	-348.203	0	0	-3.30597	
45.14	0.337	0.103	-1.58933	0	-1.58132	350.073	0	348.345	0	0	-3.30597	
45.15	0.337	0.103	1.58959	0	1.58106	-350.117	0	-348.203	0	0	-3.30597	
45.16	0.337	0.103	-1.58933	0	-1.58132	350.073	0	348.345	0	0	-3.30597	
45.17	0.337	0.103	1.58959	0	1.58106	-350.117	0	-348.203	0	0	-3.30597	
45.18	0.337	0.103	-1.58933	0	-1.58132	350.073	0	348.345	0	0	-3.30597	
45.19	0.337	0.103	1.58959	0	1.58106	-350.117	0	-348.203	0	0	-3.30597	
45.2	0.337	0.103	-1.58933	0	-1.58132	350.073	0	348.345	0	0	-3.30597	
45.21	0.337	0.103	1.58959	0	1.58106	-350.117	0	-348.203	0	0	-3.30597	
45.22	0.337	0.103	-1.58933	0	-1.58132	350.073	0	348.345	0	0	-3.30597	
45.23	0.337	0.103	1.58959	0	1.58106	-350.117	0	-348.203	0	0	-3.30597	
45.24	0.337	0.103	-1.58933	0	-1.58132	350.073	0	348.345	0	0	-3.30597	
45.25	0.337	0.103	1.58959	0	1.58106	-350.117	0	-348.203	0	0	-3.30597	
45.26	0.337	0.103	-1.58933	0	-1.58132	350.073	0	348.345	0	0	-3.30597	
45.27	0.337	0.103	1.58959	0	1.58106	-350.117	0	-348.203	0	0	-3.30597	
45.28	0.337	0.103	-1.58933	0	-1.58132	350.073	0	348.345	0	0	-3.30597	
45.29	0.337	0.103	1.58959	0	1.58106	-350.117	0	-348.203	0	0	-3.30597	
45.3	0.337	0.103	-1.58933	0	-1.58132	350.073	0	348.345	0	0	-3.30597	
45.31	0.337	0.103	1.58959	0	1.58106	-350.117	0	-348.203	0	0	-3.30597	
45.32	0.337	0.103	-1.58933	0	-1.58132	350.073	0	348.345	0	0	-3.30597	
45.33	0.337	0.103	1.58959	0	1.58106	-350.117	0	-348.203	0	0	-3.30597	
45.34	0.337	0.103	-1.58933	0	-1.58132	350.073	0	348.345	0	0	-3.30597	
45.35	0.337	0.103	1.58959	0	1.58106	-350.117	0	-348.203	0	0	-3.30597	
45.36	0.337	0.103	-1.58933	0	-1.58132	350.073	0	348.345	0	0	-3.30597	
45.37	0.337	0.103	1.58959	0	1.58106	-350.117	0	-348.203	0	0	-3.30597	
45.38	0.337	0.103	-1.58933	0	-1.58132	350.073	0	348.345	0	0	-3.30597	
45.39	0.337	0.103	1.58959	0	1.58106	-350.117	0	-348.203	0	0	-3.30597	
45.4	0.337	0.103	-1.58933	0	-1.58132	350.073	0	348.345	0	0	-3.30597	
45.41	0.337	0.103	1.58959	0	1.58106	-350.117	0	-348.203	0	0	-3.30597	
45.42	0.337	0.103	-1.58933	0	-1.58132	350.073	0	348.345	0	0	-3.30597	
45.43	0.337	0.103	1.58959	0	1.58106	-350.117	0	-348.203	0	0	-3.30597	
45.44	0.337	0.103	-1.58933	0	-1.58132	350.073	0	348.345	0	0	-3.30597	
45.45	0.337	0.103	1.58959	0	1.58106	-350.117	0	-348.203	0	0	-3.30597	
45.46	0.337	0.103	-1.58933	0	-1.58132	350.073	0	348.345	0	0	-3.30597	
45.47	0.337	0.103	1.58959	0	1.58106	-350.117	0	-348.203	0	0	-3.30597	
45.48	0.337	0.103	-1.58933	0	-1.58132	350.073	0	348.345	0	0	-3.30597	
45.49	0.337	0.103	1.58959	0	1.58106	-350.117	0	-348.203	0	0	-3.30597	
45.5	0.337	0.103	-1.58933	0	-1.58132	350.073	0	348.345	0	0	-3.30597	
45.51	0.337	0.103	1.58959	0	1.58106	-350.117	0	-348.203	0	0	-3.30597	
45.52	0.337	0.103	-1.58933	0	-1.58132	350.073	0	348.345	0	0	-3.30597	
45.53	0.337	0.103	1.58959	0	1.58106	-350.117	0	-348.203	0	0	-3.30597	
45.54	0.337	0.103	-1.58933	0	-1.58132	350.073	0	348.345	0	0	-3.30597	
45.55	0.337	0.103	1.58959	0	1.58106	-350.117	0	-348.203	0	0	-3.30597	
45.56	0.337	0.103	-1.58933	0	-1.58132	350.073	0	348.345	0	0	-3.30597	
45.57	0.337	0.103	1.58959	0	1.58106	-350.117	0	-348.203	0	0	-3.30597	
45.58	0.337	0.103	-1.58933	0	-1.58132	350.073	0	348.345	0	0	-3.30597	
45.59	0.337	0.103	1.58959	0	1.58106	-350.117	0	-348.203	0	0	-3.30597	
45.6	0.337	0.103	-1.58933	0	-1.58132	350.073	0	348.345	0	0	-3.30597	
45.61	0.337	0.103	1.58959	0	1.58106	-350.117	0	-348.203	0	0	-3.30597	
45.62	0.337	0.103	-1.58933	0	-1.58132	350.073	0	348.345	0	0	-3.30597	
45.63	0.337	0.103	1.58959	0	1.58106	-350.117	0	-348.203	0	0	-3.30597	
45.64	0.337	0.103	-1.58933	0	-1.58132	350.073	0	348.345	0	0	-3.30597	
45.65	0.337	0.103	1.58959	0	1.58106	-350.117	0	-348.203	0	0	-3.30597	
45.66	0.337	0.103	-1.58933	0	-1.58132	350.073	0	348.345	0	0	-3.30597	
45.67	0.337	0.103	1.58959	0	1.58106	-350.117	0	-348.203	0	0	-3.30597	
45.68	0.337	0.103	-1.58933	0	-1.58132	350.073	0	348.345	0	0	-3.30597	
45.69	0.337	0.103	1.58959	0	1.58106	-350.117	0	-348.203	0	0	-3.30597	
45.7	0.337	0.103	-1.58933	0	-1.58132	350.073	0	348.345	0	0	-3.30597	
45.71	0.337	0.103	1.58959	0	1.58106	-350.117	0	-348.203	0	0	-3.30597	
45.72	0.337	0.103	-1.58933	0	-1.58132	350.073	0	348.345	0	0	-3.30597	
45.73	0.337	0.103	1.58959	0	1.58106	-350.117	0	-348.203	0	0	-3.30597	
45.74	0.337	0.103	-1.58933	0	-1.58132	350.073	0	348.345	0	0	-3.30597	
45.75	0.337	0.103	1.58959	0	1.58106	-350.117	0	-348.203	0	0	-3.30597	
45.76	0.337	0.103	-1.58933	0	-1.58132	350.073	0	348.345	0	0	-3.30597	
45.77	0.337	0.103	1.58959	0	1.58106	-350.117	0	-348.203	0	0	-3.30597	
45.78	0.337	0.103	-1.58933	0	-1.58132	350.073	0	348.345	0	0	-3.30597	
45.79	0.337	0.103	1.58959	0	1.58106	-350.117	0	-348.203	0	0	-3.30597	
45.8	0.337	0.103	-1.58933	0	-1.58132	350.073	0	348.345	0	0	-3.30597	
45.81	0.337	0.103	1.58959	0	1.58106	-350.117	0	-348.203	0	0	-3.30597	
45.82	0.337	0.103	-1.58933	0	-1.58132	350.073	0	348.345	0	0	-3.30597	
45.83	0.337	0.103	1.58959	0	1.58106	-350.117	0	-348.203	0	0	-3.30597	
45.84	0.337	0.103	-1.58933	0	-1.58132	350.073	0	348.345	0	0	-3.30597	
45.85	0.337	0.103	1.58959	0	1.58106	-350.117	0	-348.203	0	0	-3.30597	
45.86	0.337	0.103	-1.58933	0	-1.58132	350.073	0	348.345	0	0	-3.30597	
45.87	0.337	0.103	1.58959	0	1.58106	-350.117	0	-348.203	0	0	-3.30597	
45.88	0.337	0.103	-1.58933	0	-1.58132	350.073	0	348.345	0	0	-3.30597	
45.89	0.337	0.103	1.58959	0	1.58106	-350.117	0	-348.203	0	0	-3.30597	
45.9	0.337	0.103	-1.58933	0	-1.58132	350.073	0	348.345	0	0	-3.30597	
45.91	0.337	0.103	1.58959	0	1.58106	-350.117	0	-348.203	0	0	-3.30597	
45.92	0.337	0.103	-1.58933	0	-1.58132	350.073	0	348.345	0	0	-3.30597	
45.93	0.337	0.103	1.58959	0	1.58106	-350.117	0	-348.203	0	0	-3.30597	
45.94	0.337	0.103	-1.58933	0	-1.58132	350.073	0	348.345	0	0	-3.30597	
45.95	0.337	0.103	1.58959	0	1.58106	-350.117	0	-348.203	0	0	-3.30597	
45.96	0.337	0.103	-1.58933	0	-1.58132	350.073	0	348.345	0	0	-3.30597	
45.97	0.337	0.103	1.58959	0	1.58106	-350.117	0	-348.203	0	0	-3.30597	
45.98	0.337	0.103	-1.58933	0	-1.58132	350.073	0	348.345	0	0	-3.30597	
45.99	0.337	0.103	1.58959	0	1.58106	-350.117	0	-348.203	0	0	-3.30597	
46	0.337	0.103	-1.58933	0	-1.58132	350.073	0	348.345	0	0	-3.30597	
46.01	0.337	0.103	1.58959	0	1.58106	-350.117	0	-348.203	0	0	-3.30597	
46.02	0.337	0.103	-1.58933	0	-1.58132	350.073	0	348.345	0	0	-3.30597	
46.03	0.337	0.103	1.58959	0	1.58106	-350.117	0	-348.203	0	0	-3.30597	
46.04	0.337	0.103	-1.58933	0	-1.58132	350.073	0	348.345	0	0	-3.30597	
46.05	0.337	0.103	1.58959	0	1.58106	-350.117	0	-348.203	0	0	-3.30597	
46.06	0.337	0.103	-1.58933	0	-1.58132	350.073	0	348.345	0	0	-3.30597	
46.07	0.337	0.103	1.58959	0	1.58106	-350.117	0	-348.203	0	0	-3.30597	
46.08	0.337	0.103	-1.58933	0	-1.58132	350.073	0	348.345	0	0	-3.30597	
46.09	0.337	0.103	1.58959	0	1.58106	-350.116	0	-348.203	0	0	-3.30597	
46.1	0.337	0.103	-1.58933	0	-1.58132	350.073	0	348.345	0	0	-3.30597	
46.11	0.337	0.103	1.58959	0	1.58106	-350.116	0	-348.203	0	0	-3.30597	
46.12	0.337	0.103	-1.58933	0	-1.58132	350.073	0	348.345	0	0	-3.30597	
46.13	0.337	0.103	1.58959	0	1.58106	-350.116	0	-348.202	0	0	-3.30597	
46.14	0.337	0.103	-1.58933	0	-1.58132	350.073	0	348.345	0	0	-3.30597	
46.15	0.337	0.103	1.58959	0	1.58106	-350.116	0	-348.202	0	0	-3.30597	
46.16	0.337	0.103	-1.58933	0	-1.58132	350.073	0	348.345	0	0	-3.30597	
46.17	0.337	0.103	1.58959	0	1.58106	-350.116	0	-348.202	0	0	-3.30597	
46.18	0.337	0.103	-1.58933	0	-1.58132	350.073	0	348.345	0	0	-3.30597	
46.19	0.337	0.103	1.58959	0	1.58106	-350.116	0	-348.202	0	0	-3.30597	
46.2	0.337	0.103	-1.58933	0	-1.58132	350.073	0	348.345	0	0	-3.30597	
46.21	0.337	0.103	1.58959	0	1.58106	-350.116	0	-348.202	0	0	-3.30597	
46.22	0.337	0.103	-1.58933	0	-1.58132	350.073	0	348.345	0	0	-3.30597	
46.23	0.337	0.103	1.58959	0	1.58106	-350.116	0	-348.202	0	0	-3.30597	
46.24	0.337	0.103	-1.58933	0	-1.58132	350.073	0	348.345	0	0	-3.30597	
46.25	0.337	0.103	1.58959	0	1.58106	-350.116	0	-348.202	0	0	-3.30597	
46.26	0.337	0.103	-1.58933	0	-1.58132	350.073	0	348.345	0	0	-3.30597	
46.27	0.337	0.103	1.58959	0	1.58106	-350.116	0	-348.202	0	0	-3.30597	
46.28	0.337	0.103	-1.58933	0	-1.58132	350.073	0	348.345	0	0	-3.30597	
46.29	0.337	0.103	1.58959	0	1.58106	-350.116	0	-348.202	0	0	-3.30597	
46.3	0.337	0.103	-1.58933	0	-1.58132	350.073	0	348.345	0	0	-3.30597	
46.31	0.337	0.103	1.58959	0	1.58106	-350.116	0	-348.202	0	0	-3.30597	
46.32	0.337	0.103	-1.58933	0	-1.58132	350.073	0	348.345	0	0	-3.30597	
46.33	0.337	0.103	1.58959	0	1.58106	-350.116	0	-348.202	0	0	-3.30597	
46.34	0.337	0.103	-1.58933	0	-1.58132	350.073	0	348.345	0	0	-3.30597	
46.35	0.337	0.103	1.58959	0	1.58106	-350.116	0	-348.202	0	0	-3.30597	
46.36	0.337	0.103	-1.58933	0	-1.58132	350.073	0	348.345	0	0	-3.30597	
46.37	0.337	0.103	1.58959	0	1.58106	-350.116	0	-348.202	0	0	-3.30597	
46.38	0.337	0.103	-1.58933	0	-1.58132	350.073	0	348.345	0	0	-3.30597	
46.39	0.337	0.103	1.58959	0	1.58106	-350.116	0	-348.202	0	0	-3.30597	
46.4	0.337	0.103	-1.58933	0	-1.58132	350.073	0	348.345	0	0	-3.30597	
46.41	0.337	0.103	1.58959	0	1.58106	-350.116	0	-348.202	0	0	-3.30597	
46.42	0.337	0.103	-1.58933	0	-1.58132	350.073	0	348.345	0	0	-3.30597	
46.43	0.337	0.103	1.58959	0	1.58106	-350.116	0	-348.202	0	0	-3.30597	
46.44	0.337	0.103	-1.58933	0	-1.58132	350.073	0	348.345	0	0	-3.30597	
46.45	0.337	0.103	1.58959	0	1.58106	-350.116	0	-348.202	0	0	-3.30597	
46.46	0.337	0.103	-1.58933	0	-1.58132	350.073	0	348.345	0	0	-3.30597	
46.47	0.337	0.103	1.58959	0	1.58106	-350.116	0	-348.202	0	0	-3.30597	
46.48	0.337	0.103	-1.58933	0	-1.58132	350.073	0	348.345	0	0	-3.30597	
46.49	0.337	0.103	1.58959	0	1.58106	-350.116	0	-348.202	0	0	-3.30597	
46.5	0.337	0.103	-1.58933	0	-1.58132	350.073	0	348.345	0	0	-3.30597	
46.51	0.337	0.103	1.58959	0	1.58106	-350.116	0	-348.202	0	0	-3.30597	
46.52	0.337	0.103	-1.58933	0	-1.58132	350.073	0	348.345	0	0	-3.30597	
46.53	0.337	0.103	1.58959	0	1.58106	-350.116	0	-348.202	0	0	-3.30597	
46.54	0.337	0.103	-1.58933	0	-1.58132	350.073	0	348.345	0	0	-3.30597	
46.55	0.337	0.103	1.58959	0	1.58106	-350.116	0	-348.202	0	0	-3.30597	
46.56	0.337	0.103	-1.58933	0	-1.58132	350.073	0	348.344	0	0	-3.30597	
46.57	0.337	0.103	1.58959	0	1.58106	-350.116	0	-348.202	0	0	-3.30597	
46.58	0.337	0.103	-1.58933	0	-1.58132	350.072	0	348.344	0	0	-3.30597	
46.59	0.337	0.103	1.58959	0	1.58106	-350.116	0	-348.202	0	0	-3.30597	
46.6	0.337	0.103	-1.58933	0	-1.58132	350.072	0	348.344	0	0	-3.30597	
46.61	0.337	0.103	1.58959	0	1.58106	-350.116	0	-348.202	0	0	-3.30597	
46.62	0.337	0.103	-1.58933	0	-1.58132	350.072	0	348.344	0	0	-3.30597	
46.63	0.337	0.103	1.58959	0	1.58106	-350.116	0	-348.202	0	0	-3.30597	
46.64	0.337	0.103	-1.58933	0	-1.58132	350.072	0	348.344	0	0	-3.30597	
46.65	0.337	0.103	1.58959	0	1.58106	-350.116	0	-348.202	0	0	-3.30597	
46.66	0.337	0.103	-1.58933	0	-1.58132	350.072	0	348.344	0	0	-3.30597	
46.67	0.337	0.103	1.58959	0	1.58106	-350.116	0	-348.202	0	0	-3.30597	
46.68	0.337	0.103	-1.58933	0	-1.58132	350.072	0	348.344	0	0	-3.30597	
46.69	0.337	0.103	1.58959	0	1.58106	-350.116	0	-348.202	0	0	-3.30597	
46.7	0.337	0.103	-1.58933	0	-1.58132	350.072	0	348.344	0	0	-3.30597	
46.71	0.337	0.103	1.58959	0	1.58106	-350.116	0	-348.202	0	0	-3.30597	
46.72	0.337	0.103	-1.58933	0	-1.58132	350.072	0	348.344	0	0	-3.30597	
46.73	0.337	0.103	1.58959	0	1.58106	-350.116	0	-348.202	0	0	-3.30597	
46.74	0.337	0.103	-1.58933	0	-1.58132	350.072	0	348.344	0	0	-3.30597	
46.75	0.337	0.103	1.58959	0	1.58106	-350.116	0	-348.202	0	0	-3.30597	
46.76	0.337	0.103	-1.58933	0	-1.58132	350.072	0	348.344	0	0	-3.30597	
46.77	0.337	0.103	1.58959	0	1.58106	-350.116	0	-348.202	0	0	-3.30597	
46.78	0.337	0.103	-1.58933	0	-1.58132	350.072	0	348.344	0	0	-3.30597	
46.79	0.337	0.103	1.58959	0	1.58106	-350.116	0	-348.202	0	0	-3.30597	
46.8	0.337	0.103	-1.58933	0	-1.58132	350.072	0	348.344	0	0	-3.30597	
46.81	0.337	0.103	1.58959	0	1.58106	-350.116	0	-348.202	0	0	-3.30597	
46.82	0.337	0.103	-1.58933	0	-1.58132	350.072	0	348.344	0	0	-3.30597	
46.83	0.337	0.103	1.58959	0	1.58106	-350.116	0	-348.202	0	0	-3.30597	
46.84	0.337	0.103	-1.58933	0	-1.58132	350.072	0	348.344	0	0	-3.30597	
46.85	0.337	0.103	1.58959	0	1.58106	-350.116	0	-348.202	0	0	-3.30597	
46.86	0.337	0.103	-1.58933	0	-1.58132	350.072	0	348.344	0	0	-3.30597	
46.87	0.337	0.103	1.58959	0	1.58106	-350.116	0	-348.202	0	0	-3.30597	
46.88	0.337	0.103	-1.58933	0	-1.58132	350.072	0	348.344	0	0	-3.30597	
46.89	0.337	0.103	1.58959	0	1.58106	-350.116	0	-348.202	0	0	-3.30597	
46.9	0.337	0.103	-1.58933	0	-1.58132	350.072	0	348.344	0	0	-3.30597	
46.91	0.337	0.103	1.58959	0	1.58106	-350.116	0	-348.202	0	0	-3.30597	
46.92	0.337	0.103	-1.58933	0	-1.58132	350.072	0	348.344	0	0	-3.30597	
46.93	0.337	0.103	1.58959	0	1.58106	-350.116	0	-348.202	0	0	-3.30597	
46.94	0.337	0.103	-1.58933	0	-1.58132	350.072	0	348.344	0	0	-3.30597	
46.95	0.337	0.103	1.58959	0	1.58106	-350.116	0	-348.202	0	0	-3.30597	
46.96	0.337	0.103	-1.58933	0	-1.58132	350.072	0	348.344	0	0	-3.30597	
46.97	0.337	0.103	1.58959	0	1.58106	-350.116	0	-348.202	0	0	-3.30597	
46.98	0.337	0.103	-1.58933	0	-1.58132	350.072	0	348.344	0	0	-3.30597	
46.99	0.337	0.103	1.58959	0	1.58106	-350.116	0	-348.202	0	0	-3.30597	
47	0.337	0.103	-1.58933	0	-1.58132	350.072	0	348.344	0	0	-3.30597	
47.01	0.337	0.103	1.58959	0	1.58106	-350.116	0	-348.202	0	0	-3.30597	
47.02	0.337	0.103	-1.58933	0	-1.58132	350.072	0	348.344	0	0	-3.30597	
47.03	0.337	0.103	1.58959	0	1.58106	-350.116	0	-348.202	0	0	-3.30597	
47.04	0.337	0.103	-1.58933	0	-1.58132	350.072	0	348.344	0	0	-3.30597	
47.05	0.337	0.103	1.58959	0	1.58106	-350.116	0	-348.202	0	0	-3.30597	
47.06	0.337	0.103	-1.58933	0	-1.58132	350.072	0	348.344	0	0	-3.30597	
47.07	0.337	0.103	1.58959	0	1.58106	-350.116	0	-348.202	0	0	-3.30597	
47.08	0.337	0.103	-1.58933	0	-1.58132	350.072	0	348.344	0	0	-3.30597	
47.09	0.337	0.103	1.58959	0	1.58106	-350.116	0	-348.202	0	0	-3.30597	
47.1	0.337	0.103	-1.58933	0	-1.58132	350.072	0	348.344	0	0	-3.30597	
47.11	0.337	0.103	1.58959	0	1.58106	-350.116	0	-348.202	0	0	-3.30597	
47.12	0.337	0.103	-1.58933	0	-1.58132	350.072	0	348.344	0	0	-3.30597	
47.13	0.337	0.103	1.58959	0	1.58106	-350.116	0	-348.202	0	0	-3.30597	
47.14	0.337	0.103	-1.58933	0	-1.58132	350.072	0	348.344	0	0	-3.30597	
47.15	0.337	0.103	1.58959	0	1.58106	-350.116	0	-348.202	0	0	-3.30597	
47.16	0.337	0.103	-1.58933	0	-1.58132	350.072	0	348.344	0	0	-3.30597	
47.17	0.337	0.103	1.58959	0	1.58106	-350.116	0	-348.202	0	0	-3.30597	
47.18	0.337	0.103	-1.58933	0	-1.58132	350.072	0	348.344	0	0	-3.30597	
47.19	0.337	0.103	1.58959	0	1.58106	-350.116	0	-348.202	0	0	-3.30597	
47.2	0.337	0.103	-1.58933	0	-1.58132	350.072	0	348.344	0	0	-3.30597	
47.21	0.337	0.103	1.58959	0	1.58106	-350.116	0	-348.202	0	0	-3.30597	
47.22	0.337	0.103	-1.58933	0	-1.58132	350.072	0	348.344	0	0	-3.30597	
47.23	0.337	0.103	1.58959	0	1.58106	-350.116	0	-348.202	0	0	-3.30597	
47.24	0.337	0.103	-1.58933	0	-1.58132	350.072	0	348.344	0	0	-3.30597	
47.25	0.337	0.103	1.58959	0	1.58106	-350.116	0	-348.202	0	0	-3.30597	
47.26	0.337	0.103	-1.58933	0	-1.58132	350.072	0	348.344	0	0	-3.30597	
47.27	0.337	0.103	1.58959	0	1.58106	-350.116	0	-348.202	0	0	-3.30597	
47.28	0.337	0.103	-1.58933	0	-1.58132	350.072	0	348.344	0	0	-3.30597	
47.29	0.337	0.103	1.58959	0	1.58106	-350.116	0	-348.202	0	0	-3.30597	
47.3	0.337	0.103	-1.58933	0	-1.58132	350.072	0	348.344	0	0	-3.30597	
47.31	0.337	0.103	1.58959	0	1.58106	-350.116	0	-348.202	0	0	-3.30597	
47.32	0.337	0.103	-1.58933	0	-1.58132	350.072	0	348.344	0	0	-3.30597	
47.33	0.337	0.103	1.58959	0	1.58106	-350.116	0	-348.202	0	0	-3.30597	
47.34	0.337	0.103	-1.58933	0	-1.58132	350.072	0	348.344	0	0	-3.30597	
47.35	0.337	0.103	1.58959	0	1.58106	-350.116	0	-348.202	0	0	-3.30597	
47.36	0.337	0.103	-1.58933	0	-1.58132	350.072	0	348.344	0	0	-3.30597	
47.37	0.337	0.103	1.58959	0	1.58106	-350.116	0	-348.202	0	0	-3.30597	
47.38	0.337	0.103	-1.58933	0	-1.58132	350.072	0	348.344	0	0	-3.30597	
47.39	0.337	0.103	1.58959	0	1.58106	-350.116	0	-348.202	0	0	-3.30597	
47.4	0.337	0.103	-1.58933	0	-1.58132	350.072	0	348.344	0	0	-3.30597	
47.41	0.337	0.103	1.58959	0	1.58106	-350.116	0	-348.202	0	0	-3.30597	
47.42	0.337	0.103	-1.58933	0	-1.58132	350.072	0	348.344	0	0	-3.30597	
47.43	0.337	0.103	1.58959	0	1.58106	-350.116	0	-348.202	0	0	-3.30597	
47.44	0.337	0.103	-1.58933	0	-1.58132	350.072	0	348.344	0	0	-3.30597	
47.45	0.337	0.103	1.58959	0	1.58106	-350.116	0	-348.202	0	0	-3.30597	
47.46	0.337	0.103	-1.58933	0	-1.58132	350.072	0	348.344	0	0	-3.30597	
47.47	0.337	0.103	1.58959	0	1.58106	-350.116	0	-348.202	0	0	-3.30597	
47.48	0.337	0.103	-1.58933	0	-1.58132	350.072	0	348.344	0	0	-3.30597	
47.49	0.337	0.103	1.58959	0	1.58106	-350.116	0	-348.202	0	0	-3.30597	
47.5	0.337	0.103	-1.58933	0	-1.58132	350.072	0	348.344	0	0	-3.30597	
47.51	0.337	0.103	1.58959	0	1.58106	-350.116	0	-348.202	0	0	-3.30597	
47.52	0.337	0.103	-1.58933	0	-1.58132	350.072	0	348.344	0	0	-3.30597	
47.53	0.337	0.103	1.58959	0	1.58106	-350.116	0	-348.202	0	0	-3.30597	
47.54	0.337	0.103	-1.58933	0	-1.58132	350.072	0	348.344	0	0	-3.30597	
47.55	0.337	0.103	1.58959	0	1.58106	-350.116	0	-348.202	0	0	-3.30597	
47.56	0.337	0.103	-1.58933	0	-1.58132	350.072	0	348.344	0	0	-3.30597	
47.57	0.337	0.103	1.58959	0	1.58106	-350.116	0	-348.202	0	0	-3.30597	
47.58	0.337	0.103	-1.58933	0	-1.58132	350.072	0	348.344	0	0	-3.30597	
47.59	0.337	0.103	1.58959	0	1.58106	-350.116	0	-348.202	0	0	-3.30597	
47.6	0.337	0.103	-1.58933	0	-1.58132	350.072	0	348.344	0	0	-3.30597	
47.61	0.337	0.103	1.58959	0	1.58106	-350.116	0	-348.202	0	0	-3.30597	
47.62	0.337	0.103	-1.58933	0	-1.58132	350.072	0	348.344	0	0	-3.30597	
47.63	0.337	0.103	1.58959	0	1.58106	-350.116	0	-348.202	0	0	-3.30597	
47.64	0.337	0.103	-1.58933	0	-1.58132	350.072	0	348.344	0	0	-3.30597	
47.65	0.337	0.103	1.58959	0	1.58106	-350.116	0	-348.202	0	0	-3.30597	
47.66	0.337	0.103	-1.58933	0	-1.58132	350.072	0	348.344	0	0	-3.30597	
47.67	0.337	0.103	1.58959	0	1.58106	-350.116	0	-348.202	0	0	-3.30597	
47.68	0.337	0.103	-1.58933	0	-1.58132	350.072	0	348.344	0	0	-3.30597	
47.69	0.337	0.103	1.58959	0	1.58106	-350.116	0	-348.202	0	0	-3.30597	
47.7	0.337	0.103	-1.58933	0	-1.58132	350.072	0	348.344	0	0	-3.30597	
47.71	0.337	0.103	1.58959	0	1.58106	-350.116	0	-348.202	0	0	-3.30597	
47.72	0.337	0.103	-1.58933	0	-1.58132	350.072	0	348.344	0	0	-3.30597	
47.73	0.337	0.103	1.58959	0	1.58106	-350.116	0	-348.202	0	0	-3.30597	
47.74	0.337	0.103	-1.58933	0	-1.58132	350.072	0	348.344	0	0	-3.30597	
47.75	0.337	0.103	1.58959	0	1.58106	-350.116	0	-348.202	0	0	-3.30597	
47.76	0.337	0.103	-1.58933	0	-1.58132	350.072	0	348.344	0	0	-3.30597	
47.77	0.337	0.103	1.58959	0	1.58106	-350.116	0	-348.202	0	0	-3.30597	
47.78	0.337	0.103	-1.58933	0	-1.58132	350.072	0	348.344	0	0	-3.30597	
47.79	0.337	0.103	1.58959	0	1.58106	-350.116	0	-348.202	0	0	-3.30597	
47.8	0.337	0.103	-1.58933	0	-1.58132	350.072	0	348.344	0	0	-3.30597	
47.81	0.337	0.103	1.58959	0	1.58106	-350.116	0	-348.202	0	0	-3.30597	
47.82	0.337	0.103	-1.58933	0	-1.58132	350.072	0	348.344	0	0	-3.30597	
47.83	0.337	0.103	1.58959	0	1.58106	-350.116	0	-348.202	0	0	-3.30597	
47.84	0.337	0.103	-1.58933	0	-1.58132	350.072	0	348.344	0	0	-3.30597	
47.85	0.337	0.103	1.58959	0	1.58106	-350.116	0	-348.202	0	0	-3.30597	
47.86	0.337	0.103	-1.58933	0	-1.58132	350.072	0	348.344	0	0	-3.30597	
47.87	0.337	0.103	1.58959	0	1.58106	-350.116	0	-348.202	0	0	-3.30597	
47.88	0.337	0.103	-1.58933	0	-1.58132	350.072	0	348.344	0	0	-3.30597	
47.89	0.337	0.103	1.58959	0	1.58106	-350.116	0	-348.202	0	0	-3.30597	
47.9	0.337	0.103	-1.58933	0	-1.58132	350.072	0	348.344	0	0	-3.30597	
47.91	0.337	0.103	1.58959	0	1.58106	-350.116	0	-348.202	0	0	-3.30597	
47.92	0.337	0.103	-1.58933	0	-1.58132	350.072	0	348.344	0	0	-3.30597	
47.93	0.337	0.103	1.58959	0	1.58106	-350.116	0	-348.202	0	0	-3.30597	
47.94	0.337	0.103	-1.58933	0	-1.58132	350.072	0	348.344	0	0	-3.30597	
47.95	0.337	0.103	1.58959	0	1.58106	-350.116	0	-348.202	0	0	-3.30597	
47.96	0.337	0.103	-1.58933	0	-1.58132	350.072	0	348.344	0	0	-3.30597	
47.97	0.337	0.103	1.58959	0	1.58106	-350.116	0	-348.202	0	0	-3.30597	
47.98	0.337	0.103	-1.58933	0	-1.58132	350.072	0	348.344	0	0	-3.30597	
47.99	0.337	0.103	1.58959	0	1.58106	-350.116	0	-348.202	0	0	-3.30597	
48	0.337	0.103	-1.58933	0	-1.58132	350.072	0	348.344	0	0	-3.30597	
48.01	0.337	0.103	1.58959	0	1.58106	-350.116	0	-348.202	0	0	-3.30597	
48.02	0.337	0.103	-1.58933	0	-1.58132	350.072	0	348.344	0	0	-3.30597	
48.03	0.337	0.103	1.58959	0	1.58106	-350.116	0	-348.202	0	0	-3.30597	
48.04	0.337	0.103	-1.58933	0	-1.58132	350.072	0	348.344	0	0	-3.30597	
48.05	0.337	0.103	1.58959	0	1.58106	-350.116	0	-348.202	0	0	-3.30597	
48.06	0.337	0.103	-1.58933	0	-1.58132	350.072	0	348.344	0	0	-3.30597	
48.07	0.337	0.103	1.58959	0	1.58106	-350.116	0	-348.202	0	0	-3.30597	
48.08	0.337	0.103	-1.58933	0	-1.58132	350.072	0	348.344	0	0	-3.30597	
48.09	0.337	0.103	1.58959	0	1.58106	-350.116	0	-348.202	0	0	-3.30597	
48.1	0.337	0.103	-1.58933	0	-1.58132	350.072	0	348.344	0	0	-3.30597	
48.11	0.337	0.103	1.58959	0	1.58106	-350.116	0	-348.202	0	0	-3.30597	
48.12	0.337	0.103	-1.58933	0	-1.58132	350.072	0	348.344	0	0	-3.30597	
48.13	0.337	0.103	1.58959	0	1.58106	-350.116	0	-348.202	0	0	-3.30597	
48.14	0.337	0.103	-1.58933	0	-1.58132	350.072	0	348.344	0	0	-3.30597	
48.15	0.337	0.103	1.58959	0	1.58106	-350.116	0	-348.202	0	0	-3.30597	
48.16	0.337	0.103	-1.58933	0	-1.58132	350.072	0	348.344	0	0	-3.30597	
48.17	0.337	0.103	1.58959	0	1.58106	-350.116	0	-348.202	0	0	-3.30597	
48.18	0.337	0.103	-1.58933	0	-1.58132	350.072	0	348.344	0	0	-3.30597	
48.19	0.337	0.103	1.58959	0	1.58106	-350.116	0	-348.202	0	0	-3.30597	
48.2	0.337	0.103	-1.58933	0	-1.58132	350.072	0	348.344	0	0	-3.30597	
48.21	0.337	0.103	1.58959	0	1.58106	-350.116	0	-348.202	0	0	-3.30597	
48.22	0.337	0.103	-1.58933	0	-1.58132	350.072	0	348.344	0	0	-3.30597	
48.23	0.337	0.103	1.58959	0	1.58106	-350.116	0	-348.202	0	0	-3.30597	
48.24	0.337	0.103	-1.58933	0	-1.58132	350.072	0	348.344	0	0	-3.30597	
48.25	0.337	0.103	1.58959	0	1.58106	-350.116	0	-348.202	0	0	-3.30597	
48.26	0.337	0.103	-1.58933	0	-1.58132	350.072	0	348.344	0	0	-3.30597	
48.27	0.337	0.103	1.58959	0	1.58106	-350.116	0	-348.202	0	0	-3.30597	
48.28	0.337	0.103	-1.58933	0	-1.58132	350.072	0	348.344	0	0	-3.30597	
48.29	0.337	0.103	1.58959	0	1.58106	-350.116	0	-348.202	0	0	-3.30597	
48.3	0.337	0.103	-1.58933	0	-1.58132	350.072	0	348.344	0	0	-3.30597	
48.31	0.337	0.103	1.58959	0	1.58106	-350.116	0	-348.202	0	0	-3.30597	
48.32	0.337	0.103	-1.58933	0	-1.58132	350.072	0	348.344	0	0	-3.30597	
48.33	0.337	0.103	1.58959	0	1.58106	-350.116	0	-348.202	0	0	-3.30597	
48.34	0.337	0.103	-1.58933	0	-1.58132	350.072	0	348.344	0	0	-3.30597	
48.35	0.337	0.103	1.58959	0	1.58106	-350.116	0	-348.202	0	0	-3.30597	
48.36	0.337	0.103	-1.58933	0	-1.58132	350.072	0	348.344	0	0	-3.30597	
48.37	0.337	0.103	1.58959	0	1.58106	-350.116	0	-348.202	0	0	-3.30597	
48.38	0.337	0.103	-1.58933	0	-1.58132	350.072	0	348.344	0	0	-3.30597	
48.39	0.337	0.103	1.58959	0	1.58106	-350.116	0	-348.202	0	0	-3.30597	
48.4	0.337	0.103	-1.58933	0	-1.58132	350.072	0	348.344	0	0	-3.30597	
48.41	0.337	0.103	1.58959	0	1.58106	-350.116	0	-348.202	0	0	-3.30597	
48.42	0.337	0.103	-1.58933	0	-1.58132	350.072	0	348.344	0	0	-3.30597	
48.43	0.337	0.103	1.58959	0	1.58106	-350.116	0	-348.202	0	0	-3.30597	
48.44	0.337	0.103	-1.58933	0	-1.58132	350.072	0	348.344	0	0	-3.30597	
48.45	0.337	0.103	1.58959	0	1.58106	-350.116	0	-348.202	0	0	-3.30597	
48.46	0.337	0.103	-1.58933	0	-1.58132	350.072	0	348.344	0	0	-3.30597	
48.47	0.337	0.103	1.58959	0	1.58106	-350.116	0	-348.202	0	0	-3.30597	
48.48	0.337	0.103	-1.58933	0	-1.58132	350.072	0	348.344	0	0	-3.30597	
48.49	0.337	0.103	1.58959	0	1.58106	-350.116	0	-348.202	0	0	-3.30597	
48.5	0.337	0.103	-1.58933	0	-1.58132	350.072	0	348.344	0	0	-3.30597	
48.51	0.337	0.103	1.58959	0	1.58106	-350.116	0	-348.202	0	0	-3.30597	
48.52	0.337	0.103	-1.58933	0	-1.58132	350.072	0	348.344	0	0	-3.30597	
48.53	0.337	0.103	1.58959	0	1.58106	-350.116	0	-348.202	0	0	-3.30597	
48.54	0.337	0.103	-1.58933	0	-1.58132	350.072	0	348.344	0	0	-3.30597	
48.55	0.337	0.103	1.58959	0	1.58106	-350.116	0	-348.202	0	0	-3.30597	
48.56	0.337	0.103	-1.58933	0	-1.58132	350.072	0	348.344	0	0	-3.30597	
48.57	0.337	0.103	1.58959	0	1.58106	-350.116	0	-348.202	0	0	-3.30597	
48.58	0.337	0.103	-1.58933	0	-1.58132	350.072	0	348.344	0	0	-3.30597	
48.59	0.337	0.103	1.58959	0	1.58106	-350.116	0	-348.202	0	0	-3.30597	
48.6	0.337	0.103	-1.58933	0	-1.58132	350.072	0	348.344	0	0	-3.30597	
48.61	0.337	0.103	1.58959	0	1.58106	-350.116	0	-348.202	0	0	-3.30597	
48.62	0.337	0.103	-1.58933	0	-1.58132	350.072	0	348.344	0	0	-3.30597	
48.63	0.337	0.103	1.58959	0	1.58106	-350.116	0	-348.202	0	0	-3.30597	
48.64	0.337	0.103	-1.58933	0	-1.58132	350.072	0	348.344	0	0	-3.30597	
48.65	0.337	0.103	1.58959	0	1.58106	-350.116	0	-348.202	0	0	-3.30597	
48.66	0.337	0.103	-1.58933	0	-1.58132	350.072	0	348.344	0	0	-3.30597	
48.67	0.337	0.103	1.58959	0	1.58106	-350.116	0	-348.202	0	0	-3.30597	
48.68	0.337	0.103	-1.58933	0	-1.58132	350.072	0	348.344	0	0	-3.30597	
48.69	0.337	0.103	1.58959	0	1.58106	-350.116	0	-348.202	0	0	-3.30597	
48.7	0.337	0.103	-1.58933	0	-1.58132	350.072	0	348.344	0	0	-3.30597	
48.71	0.337	0.103	1.58959	0	1.58106	-350.116	0	-348.202	0	0	-3.30597	
48.72	0.337	0.103	-1.58933	0	-1.58132	350.072	0	348.344	0	0	-3.30597	
48.73	0.337	0.103	1.58959	0	1.58106	-350.116	0	-348.202	0	0	-3.30597	
48.74	0.337	0.103	-1.58933	0	-1.58132	350.072	0	348.344	0	0	-3.30597	
48.75	0.337	0.103	1.58959	0	1.58106	-350.116	0	-348.202	0	0	-3.30597	
48.76	0.337	0.103	-1.58933	0	-1.58132	350.072	0	348.344	0	0	-3.30597	
48.77	0.337	0.103	1.58959	0	1.58106	-350.116	0	-348.202	0	0	-3.30597	
48.78	0.337	0.103	-1.58933	0	-1.58132	350.072	0	348.344	0	0	-3.30597	
48.79	0.337	0.103	1.58959	0	1.58106	-350.116	0	-348.202	0	0	-3.30597	
48.8	0.337	0.103	-1.58933	0	-1.58132	350.072	0	348.344	0	0	-3.30597	
48.81	0.337	0.103	1.58959	0	1.58106	-350.116	0	-348.202	0	0	-3.30597	
48.82	0.337	0.103	-1.58933	0	-1.58132	350.072	0	348.344	0	0	-3.30597	
48.83	0.337	0.103	1.58959	0	1.58106	-350.116	0	-348.202	0	0	-3.30597	
48.84	0.337	0.103	-1.58933	0	-1.58132	350.072	0	348.344	0	0	-3.30597	
48.85	0.337	0.103	1.58959	0	1.58106	-350.116	0	-348.202	0	0	-3.30597	
48.86	0.337	0.103	-1.58933	0	-1.58132	350.072	0	348.344	0	0	-3.30597	
48.87	0.337	0.103	1.58959	0	1.58106	-350.116	0	-348.202	0	0	-3.30597	
48.88	0.337	0.103	-1.58933	0	-1.58132	350.072	0	348.344	0	0	-3.30597	
48.89	0.337	0.103	1.58959	0	1.58106	-350.115	0	-348.202	0	0	-3.30597	
48.9	0.337	0.103	-1.58933	0	-1.58132	350.072	0	348.344	0	0	-3.30597	
48.91	0.337	0.103	1.58959	0	1.58106	-350.115	0	-348.202	0	0	-3.30597	
48.92	0.337	0.103	-1.58933	0	-1.58132	350.072	0	348.344	0	0	-3.30597	
48.93	0.337	0.103	1.58959	0	1.58106	-350.115	0	-348.201	0	0	-3.30597	
48.94	0.337	0.103	-1.58933	0	-1.58132	350.072	0	348.344	0	0	-3.30597	
48.95	0.337	0.103	1.58959	0	1.58106	-350.115	0	-348.201	0	0	-3.30597	
48.96	0.337	0.103	-1.58933	0	-1.58132	350.072	0	348.344	0	0	-3.30597	
48.97	0.337	0.103	1.58959	0	1.58106	-350.115	0	-348.201	0	0	-3.30597	
48.98	0.337	0.103	-1.58933	0	-1.58132	350.072	0	348.344	0	0	-3.30597	
48.99	0.337	0.103	1.58959	0	1.58106	-350.115	0	-348.201	0	0	-3.30597	
49	0.337	0.103	-1.58933	0	-1.58132	350.072	0	348.344	0	0	-3.30597	
49.01	0.337	0.103	1.58959	0	1.58106	-350.115	0	-348.201	0	0	-3.30597	
49.02	0.337	0.103	-1.58933	0	-1.58132	350.072	0	348.344	0	0	-3.30597	
49.03	0.337	0.103	1.58959	0	1.58106	-350.115	0	-348.201	0	0	-3.30597	
49.04	0.337	0.103	-1.58933	0	-1.58132	350.072	0	348.344	0	0	-3.30597	
49.05	0.337	0.103	1.58959	0	1.58106	-350.115	0	-348.201	0	0	-3.30597	
49.06	0.337	0.103	-1.58933	0	-1.58132	350.072	0	348.344	0	0	-3.30597	
49.07	0.337	0.103	1.58959	0	1.58106	-350.115	0	-348.201	0	0	-3.30597	
49.08	0.337	0.103	-1.58933	0	-1.58132	350.072	0	348.344	0	0	-3.30597	
49.09	0.337	0.103	1.58959	0	1.58106	-350.115	0	-348.201	0	0	-3.30597	
49.1	0.337	0.103	-1.58933	0	-1.58132	350.072	0	348.344	0	0	-3.30597	
49.11	0.337	0.103	1.58959	0	1.58106	-350.115	0	-348.201	0	0	-3.30597	
49.12	0.337	0.103	-1.58933	0	-1.58132	350.072	0	348.344	0	0	-3.30597	
49.13	0.337	0.103	1.58959	0	1.58106	-350.115	0	-348.201	0	0	-3.30597	
49.14	0.337	0.103	-1.58933	0	-1.58132	350.072	0	348.344	0	0	-3.30597	
49.15	0.337	0.103	1.58959	0	1.58106	-350.115	0	-348.201	0	0	-3.30597	
49.16	0.337	0.103	-1.58933	0	-1.58132	350.072	0	348.344	0	0	-3.30597	
49.17	0.337	0.103	1.58959	0	1.58106	-350.115	0	-348.201	0	0	-3.30597	
49.18	0.337	0.103	-1.58933	0	-1.58132	350.072	0	348.344	0	0	-3.30597	
49.19	0.337	0.103	1.58959	0	1.58106	-350.115	0	-348.201	0	0	-3.30597	
49.2	0.337	0.103	-1.58933	0	-1.58132	350.072	0	348.344	0	0	-3.30597	
49.21	0.337	0.103	1.58959	0	1.58106	-350.115	0	-348.201	0	0	-3.30597	
49.22	0.337	0.103	-1.58933	0	-1.58132	350.072	0	348.344	0	0	-3.30597	
49.23	0.337	0.103	1.58959	0	1.58106	-350.115	0	-348.201	0	0	-3.30597	
49.24	0.337	0.103	-1.58933	0	-1.58132	350.072	0	348.344	0	0	-3.30597	
49.25	0.337	0.103	1.58959	0	1.58106	-350.115	0	-348.201	0	0	-3.30597	
49.26	0.337	0.103	-1.58933	0	-1.58132	350.072	0	348.344	0	0	-3.30597	
49.27	0.337	0.103	1.58959	0	1.58106	-350.115	0	-348.201	0	0	-3.30597	
49.28	0.337	0.103	-1.58933	0	-1.58132	350.072	0	348.344	0	0	-3.30597	
49.29	0.337	0.103	1.58959	0	1.58106	-350.115	0	-348.201	0	0	-3.30597	
49.3	0.337	0.103	-1.58933	0	-1.58132	350.072	0	348.344	0	0	-3.30597	
49.31	0.337	0.103	1.58959	0	1.58106	-350.115	0	-348.201	0	0	-3.30597	
49.32	0.337	0.103	-1.58933	0	-1.58132	350.072	0	348.344	0	0	-3.30597	
49.33	0.337	0.103	1.58959	0	1.58106	-350.115	0	-348.201	0	0	-3.30597	
49.34	0.337	0.103	-1.58933	0	-1.58132	350.072	0	348.344	0	0	-3.30597	
49.35	0.337	0.103	1.58959	0	1.58106	-350.115	0	-348.201	0	0	-3.30597	
49.36	0.337	0.103	-1.58933	0	-1.58132	350.071	0	348.343	0	0	-3.30597	
49.37	0.337	0.103	1.58959	0	1.58106	-350.115	0	-348.201	0	0	-3.30597	
49.38	0.337	0.103	-1.58933	0	-1.58132	350.071	0	348.343	0	0	-3.30597	
49.39	0.337	0.103	1.58959	0	1.58106	-350.115	0	-348.201	0	0	-3.30597	
49.4	0.337	0.103	-1.58933	0	-1.58132	350.071	0	348.343	0	0	-3.30597	
49.41	0.337	0.103	1.58959	0	1.58106	-350.115	0	-348.201	0	0	-3.30597	
49.42	0.337	0.103	-1.58933	0	-1.58132	350.071	0	348.343	0	0	-3.30597	
49.43	0.337	0.103	1.58959	0	1.58106	-350.115	0	-348.201	0	0	-3.30597	
49.44	0.337	0.103	-1.58933	0	-1.58132	350.071	0	348.343	0	0	-3.30597	
49.45	0.337	0.103	1.58959	0	1.58106	-350.115	0	-348.201	0	0	-3.30597	
49.46	0.337	0.103	-1.58933	0	-1.58132	350.071	0	348.343	0	0	-3.30597	
49.47	0.337	0.103	1.58959	0	1.58106	-350.115	0	-348.201	0	0	-3.30597	
49.48	0.337	0.103	-1.58933	0	-1.58132	350.071	0	348.343	0	0	-3.30597	
49.49	0.337	0.103	1.58959	0	1.58106	-350.115	0	-348.201	0	0	-3.30597	
49.5	0.337	0.103	-1.58933	0	-1.58132	350.071	0	348.343	0	0	-3.30597	
49.51	0.337	0.103	1.58959	0	1.58106	-350.115	0	-348.201	0	0	-3.30597	
49.52	0.337	0.103	-1.58933	0	-1.58132	350.071	0	348.343	0	0	-3.30597	
49.53	0.337	0.103	1.58959	0	1.58106	-350.115	0	-348.201	0	0	-3.30597	
49.54	0.337	0.103	-1.58933	0	-1.58132	350.071	0	348.343	0	0	-3.30597	
49.55	0.337	0.103	1.58959	0	1.58106	-350.115	0	-348.201	0	0	-3.30597	
49.56	0.337	0.103	-1.58933	0	-1.58132	350.071	0	348.343	0	0	-3.30597	
49.57	0.337	0.103	1.58959	0	1.58106	-350.115	0	-348.201	0	0	-3.30597	
49.58	0.337	0.103	-1.58933	0	-1.58132	350.071	0	348.343	0	0	-3.30597	
49.59	0.337	0.103	1.58959	0	1.58106	-350.115	0	-348.201	0	0	-3.30597	
49.6	0.337	0.103	-1.58933	0	-1.58132	350.071	0	348.343	0	0	-3.30597	
49.61	0.337	0.103	1.58959	0	1.58106	-350.115	0	-348.201	0	0	-3.30597	
49.62	0.337	0.103	-1.58933	0	-1.58132	350.071	0	348.343	0	0	-3.30597	
49.63	0.337	0.103	1.58959	0	1.58106	-350.115	0	-348.201	0	0	-3.30597	
49.64	0.337	0.103	-1.58933	0	-1.58132	350.071	0	348.343	0	0	-3.30597	
49.65	0.337	0.103	1.58959	0	1.58106	-350.115	0	-348.201	0	0	-3.30597	
49.66	0.337	0.103	-1.58933	0	-1.58132	350.071	0	348.343	0	0	-3.30597	
49.67	0.337	0.103	1.58959	0	1.58106	-350.115	0	-348.201	0	0	-3.30597	
49.68	0.337	0.103	-1.58933	0	-1.58132	350.071	0	348.343	0	0	-3.30597	
49.69	0.337	0.103	1.58959	0	1.58106	-350.115	0	-348.201	0	0	-3.30597	
49.7	0.337	0.103	-1.58933	0	-1.58132	350.071	0	348.343	0	0	-3.30597	
49.71	0.337	0.103	1.58959	0	1.58106	-350.115	0	-348.201	0	0	-3.30597	
49.72	0.337	0.103	-1.58933	0	-1.58132	350.071	0	348.343	0	0	-3.30597	
49.73	0.337	0.103	1.58959	0	1.58106	-350.115	0	-348.201	0	0	-3.30597	
49.74	0.337	0.103	-1.58933	0	-1.58132	350.071	0	348.343	0	0	-3.30597	
49.75	0.337	0.103	1.58959	0	1.58106	-350.115	0	-348.201	0	0	-3.30597	
49.76	0.337	0.103	-1.58933	0	-1.58132	350.071	0	348.343	0	0	-3.30597	
49.77	0.337	0.103	1.58959	0	1.58106	-350.115	0	-348.201	0	0	-3.30597	
49.78	0.337	0.103	-1.58933	0	-1.58132	350.071	0	348.343	0	0	-3.30597	
49.79	0.337	0.103	1.58959	0	1.58106	-350.115	0	-348.201	0	0	-3.30597	
49.8	0.337	0.103	-1.58933	0	-1.58132	350.071	0	348.343	0	0	-3.30597	
49.81	0.337	0.103	1.58959	0	1.58106	-350.115	0	-348.201	0	0	-3.30597	
49.82	0.337	0.103	-1.58933	0	-1.58132	350.071	0	348.343	0	0	-3.30597	
49.83	0.337	0.103	1.58959	0	1.58106	-350.115	0	-348.201	0	0	-3.30597	
49.84	0.337	0.103	-1.58933	0	-1.58132	350.071	0	348.343	0	0	-3.30597	
49.85	0.337	0.103	1.58959	0	1.58106	-350.115	0	-348.201	0	0	-3.30597	
49.86	0.337	0.103	-1.58933	0	-1.58132	350.071	0	348.343	0	0	-3.30597	
49.87	0.337	0.103	1.58959	0	1.58106	-350.115	0	-348.201	0	0	-3.30597	
49.88	0.337	0.103	-1.58933	0	-1.58132	350.071	0	348.343	0	0	-3.30597	
49.89	0.337	0.103	1.58959	0	1.58106	-350.115	0	-348.201	0	0	-3.30597	
49.9	0.337	0.103	-1.58933	0	-1.58132	350.071	0	348.343	0	0	-3.30597	
49.91	0.337	0.103	1.58959	0	1.58106	-350.115	0	-348.201	0	0	-3.30597	
49.92	0.337	0.103	-1.58933	0	-1.58132	350.071	0	348.343	0	0	-3.30597	
49.93	0.337	0.103	1.58959	0	1.58106	-350.115	0	-348.201	0	0	-3.30597	
49.94	0.337	0.103	-1.58933	0	-1.58132	350.071	0	348.343	0	0	-3.30597	
49.95	0.337	0.103	1.58959	0	1.58106	-350.115	0	-348.201	0	0	-3.30597	
49.96	0.337	0.103	-1.58933	0	-1.58132	350.071	0	348.343	0	0	-3.30597	
49.97	0.337	0.103	1.58959	0	1.58106	-350.115	0	-348.201	0	0	-3.30597	
49.98	0.337	0.103	-1.58933	0	-1.58132	350.071	0	348.343	0	0	-3.30597	
49.99	0.337	0.103	1.58959	0	1.58106	-350.115	0	-348.201	0	0	-3.30597	
50	0.337	0.103	-1.58933	0	-1.58132	350.071	0	348.343	0	0	-3.30597	
50.01	0.337	0.103	1.58959	0	1.58106	-350.115	0	-348.201	0	0	-3.30597	
50.02	0.337	0.103	-1.58933	0	-1.58132	350.071	0	348.343	0	0	-3.30597	
50.03	0.337	0.103	1.58959	0	1.58106	-350.115	0	-348.201	0	0	-3.30597	
50.04	0.337	0.103	-1.58933	0	-1.58132	350.071	0	348.343	0	0	-3.30597	
50.05	0.337	0.103	1.58959	0	1.58106	-350.115	0	-348.201	0	0	-3.30597	
50.06	0.337	0.103	-1.58933	0	-1.58132	350.071	0	348.343	0	0	-3.30597	
50.07	0.337	0.103	1.58959	0	1.58106	-350.115	0	-348.201	0	0	-3.30597	
50.08	0.337	0.103	-1.58933	0	-1.58132	350.071	0	348.343	0	0	-3.30597	
50.09	0.337	0.103	1.58959	0	1.58106	-350.115	0	-348.201	0	0	-3.30597	
50.1	0.337	0.103	-1.58933	0	-1.58132	350.071	0	348.343	0	0	-3.30597	
50.11	0.337	0.103	1.58959	0	1.58106	-350.115	0	-348.201	0	0	-3.30597	
50.12	0.337	0.103	-1.58933	0	-1.58132	350.071	0	348.343	0	0	-3.30597	
50.13	0.337	0.103	1.58959	0	1.58106	-350.115	0	-348.201	0	0	-3.30597	
50.14	0.337	0.103	-1.58933	0	-1.58132	350.071	0	348.343	0	0	-3.30597	
50.15	0.337	0.103	1.58959	0	1.58106	-350.115	0	-348.201	0	0	-3.30597	
50.16	0.337	0.103	-1.58933	0	-1.58132	350.071	0	348.343	0	0	-3.30597	
50.17	0.337	0.103	1.58959	0	1.58106	-350.115	0	-348.201	0	0	-3.30597	
50.18	0.337	0.103	-1.58933	0	-1.58132	350.071	0	348.343	0	0	-3.30597	
50.19	0.337	0.103	1.58959	0	1.58106	-350.115	0	-348.201	0	0	-3.30597	
50.2	0.337	0.103	-1.58933	0	-1.58132	350.071	0	348.343	0	0	-3.30597	
50.21	0.337	0.103	1.58959	0	1.58106	-350.115	0	-348.201	0	0	-3.30597	
50.22	0.337	0.103	-1.58933	0	-1.58132	350.071	0	348.343	0	0	-3.30597	
50.23	0.337	0.103	1.58959	0	1.58106	-350.115	0	-348.201	0	0	-3.30597	
50.24	0.337	0.103	-1.58933	0	-1.58132	350.071	0	348.343	0	0	-3.30597	
50.25	0.337	0.103	1.58959	0	1.58106	-350.115	0	-348.201	0	0	-3.30597	
50.26	0.337	0.103	-1.58933	0	-1.58132	350.071	0	348.343	0	0	-3.30597	
50.27	0.337	0.103	1.58959	0	1.58106	-350.115	0	-348.201	0	0	-3.30597	
50.28	0.337	0.103	-1.58933	0	-1.58132	350.071	0	348.343	0	0	-3.30597	
50.29	0.337	0.103	1.58959	0	1.58106	-350.115	0	-348.201	0	0	-3.30597	
50.3	0.337	0.103	-1.58933	0	-1.58132	350.071	0	348.343	0	0	-3.30597	
50.31	0.337	0.103	1.58959	0	1.58106	-350.115	0	-348.201	0	0	-3.30597	
50.32	0.337	0.103	-1.58933	0	-1.58132	350.071	0	348.343	0	0	-3.30597	
50.33	0.337	0.103	1.58959	0	1.58106	-350.115	0	-348.201	0	0	-3.30597	
50.34	0.337	0.103	-1.58933	0	-1.58132	350.071	0	348.343	0	0	-3.30597	
50.35	0.337	0.103	1.58959	0	1.58106	-350.115	0	-348.201	0	0	-3.30597	
50.36	0.337	0.103	-1.58933	0	-1.58132	350.071	0	348.343	0	0	-3.30597	
50.37	0.337	0.103	1.58959	0	1.58106	-350.115	0	-348.201	0	0	-3.30597	
50.38	0.337	0.103	-1.58933	0	-1.58132	350.071	0	348.343	0	0	-3.30597	
50.39	0.337	0.103	1.58959	0	1.58106	-350.115	0	-348.201	0	0	-3.30597	
50.4	0.337	0.103	-1.58933	0	-1.58132	350.071	0	348.343	0	0	-3.30597	
50.41	0.337	0.103	1.58959	0	1.58106	-350.115	0	-348.201	0	0	-3.30597	
50.42	0.337	0.103	-1.58933	0	-1.58132	350.071	0	348.343	0	0	-3.30597	
50.43	0.337	0.103	1.58959	0	1.58106	-350.115	0	-348.201	0	0	-3.30597	
50.44	0.337	0.103	-1.58933	0	-1.58132	350.071	0	348.343	0	0	-3.30597	
50.45	0.337	0.103	1.58959	0	1.58106	-350.115	0	-348.201	0	0	-3.30597	
50.46	0.337	0.103	-1.58933	0	-1.58132	350.071	0	348.343	0	0	-3.30597	
50.47	0.337	0.103	1.58959	0	1.58106	-350.115	0	-348.201	0	0	-3.30597	
50.48	0.337	0.103	-1.58933	0	-1.58132	350.071	0	348.343	0	0	-3.30597	
50.49	0.337	0.103	1.58959	0	1.58106	-350.115	0	-348.201	0	0	-3.30597	
50.5	0.337	0.103	-1.58933	0	-1.58132	350.071	0	348.343	0	0	-3.30597	
50.51	0.337	0.103	1.58959	0	1.58106	-350.115	0	-348.201	0	0	-3.30597	
50.52	0.337	0.103	-1.58933	0	-1.58132	350.071	0	348.343	0	0	-3.30597	
50.53	0.337	0.103	1.58959	0	1.58106	-350.115	0	-348.201	0	0	-3.30597	
50.54	0.337	0.103	-1.58933	0	-1.58132	350.071	0	348.343	0	0	-3.30597	
50.55	0.337	0.103	1.58959	0	1.58106	-350.115	0	-348.201	0	0	-3.30597	
50.56	0.337	0.103	-1.58933	0	-1.58132	350.071	0	348.343	0	0	-3.30597	
50.57	0.337	0.103	1.58959	0	1.58106	-350.115	0	-348.201	0	0	-3.30597	
50.58	0.337	0.103	-1.58933	0	-1.58132	350.071	0	348.343	0	0	-3.30597	
50.59	0.337	0.103	1.58959	0	1.58106	-350.115	0	-348.201	0	0	-3.30597	
50.6	0.337	0.103	-1.58933	0	-1.58132	350.071	0	348.343	0	0	-3.30597	
50.61	0.337	0.103	1.58959	0	1.58106	-350.115	0	-348.201	0	0	-3.30597	
50.62	0.337	0.103	-1.58933	0	-1.58132	350.071	0	348.343	0	0	-3.30597	
50.63	0.337	0.103	1.58959	0	1.58106	-350.115	0	-348.201	0	0	-3.30597	
50.64	0.337	0.103	-1.58933	0	-1.58132	350.071	0	348.343	0	0	-3.30597	
50.65	0.337	0.103	1.58959	0	1.58106	-350.115	0	-348.201	0	0	-3.30597	
50.66	0.337	0.103	-1.58933	0	-1.58132	350.071	0	348.343	0	0	-3.30597	
50.67	0.337	0.103	1.58959	0	1.58106	-350.115	0	-348.201	0	0	-3.30597	
50.68	0.337	0.103	-1.58933	0	-1.58132	350.071	0	348.343	0	0	-3.30597	
50.69	0.337	0.103	1.58959	0	1.58106	-350.115	0	-348.201	0	0	-3.30597	
50.7	0.337	0.103	-1.58933	0	-1.58132	350.071	0	348.343	0	0	-3.30597	
50.71	0.337	0.103	1.58959	0	1.58106	-350.115	0	-348.201	0	0	-3.30597	
50.72	0.337	0.103	-1.58933	0	-1.58132	350.071	0	348.343	0	0	-3.30597	
50.73	0.337	0.103	1.58959	0	1.58106	-350.115	0	-348.201	0	0	-3.30597	
50.74	0.337	0.103	-1.58933	0	-1.58132	350.071	0	348.343	0	0	-3.30597	
50.75	0.337	0.103	1.58959	0	1.58106	-350.115	0	-348.201	0	0	-3.30597	
50.76	0.337	0.103	-1.58933	0	-1.58132	350.071	0	348.343	0	0	-3.30597	
50.77	0.337	0.103	1.58959	0	1.58106	-350.115	0	-348.201	0	0	-3.30597	
50.78	0.337	0.103	-1.58933	0	-1.58132	350.071	0	348.343	0	0	-3.30597	
50.79	0.337	0.103	1.58959	0	1.58106	-350.115	0	-348.201	0	0	-3.30597	
50.8	0.337	0.103	-1.58933	0	-1.58132	350.071	0	348.343	0	0	-3.30597	
50.81	0.337	0.103	1.58959	0	1.58106	-350.115	0	-348.201	0	0	-3.30597	
50.82	0.337	0.103	-1.58933	0	-1.58132	350.071	0	348.343	0	0	-3.30597	
50.83	0.337	0.103	1.58959	0	1.58106	-350.115	0	-348.201	0	0	-3.30597	
50.84	0.337	0.103	-1.58933	0	-1.58132	350.071	0	348.343	0	0	-3.30597	
50.85	0.337	0.103	1.58959	0	1.58106	-350.115	0	-348.201	0	0	-3.30597	
50.86	0.337	0.103	-1.58933	0	-1.58132	350.071	0	348.343	0	0	-3.30597	
50.87	0.337	0.103	1.58959	0	1.58106	-350.115	0	-348.201	0	0	-3.30597	
50.88	0.337	0.103	-1.58933	0	-1.58132	350.071	0	348.343	0	0	-3.30597	
50.89	0.337	0.103	1.58959	0	1.58106	-350.115	0	-348.201	0	0	-3.30597	
50.9	0.337	0.103	-1.58933	0	-1.58132	350.071	0	348.343	0	0	-3.30597	
50.91	0.337	0.103	1.58959	0	1.58106	-350.115	0	-348.201	0	0	-3.30597	
50.92	0.337	0.103	-1.58933	0	-1.58132	350.071	0	348.343	0	0	-3.30597	
50.93	0.337	0.103	1.58959	0	1.58106	-350.115	0	-348.201	0	0	-3.30597	
50.94	0.337	0.103	-1.58933	0	-1.58132	350.071	0	348.343	0	0	-3.30597	
50.95	0.337	0.103	1.58959	0	1.58106	-350.115	0	-348.201	0	0	-3.30597	
50.96	0.337	0.103	-1.58933	0	-1.58132	350.071	0	348.343	0	0	-3.30597	
50.97	0.337	0.103	1.58959	0	1.58106	-350.115	0	-348.201	0	0	-3.30597	
50.98	0.337	0.103	-1.58933	0	-1.58132	350.071	0	348.343	0	0	-3.30597	
50.99	0.337	0.103	1.58959	0	1.58106	-350.115	0	-348.201	0	0	-3.30597	
51	0.337	0.103	-1.58933	0	-1.58132	350.071	0	348.343	0	0	-3.30597	
51.01	0.337	0.103	1.58959	0	1.58106	-350.115	0	-348.201	0	0	-3.30597	
51.02	0.337	0.103	-1.58933	0	-1.58132	350.071	0	348.343	0	0	-3.30597	
51.03	0.337	0.103	1.58959	0	1.58106	-350.115	0	-348.201	0	0	-3.30597	
51.04	0.337	0.103	-1.58933	0	-1.58132	350.071	0	348.343	0	0	-3.30597	
51.05	0.337	0.103	1.58959	0	1.58106	-350.115	0	-348.201	0	0	-3.30597	
51.06	0.337	0.103	-1.58933	0	-1.58132	350.071	0	348.343	0	0	-3.30597	
51.07	0.337	0.103	1.58959	0	1.58106	-350.115	0	-348.201	0	0	-3.30597	
51.08	0.337	0.103	-1.58933	0	-1.58132	350.071	0	348.343	0	0	-3.30597	
51.09	0.337	0.103	1.58959	0	1.58106	-350.115	0	-348.201	0	0	-3.30597	
51.1	0.337	0.103	-1.58933	0	-1.58132	350.071	0	348.343	0	0	-3.30597	
51.11	0.337	0.103	1.58959	0	1.58106	-350.115	0	-348.201	0	0	-3.30597	
51.12	0.337	0.103	-1.58933	0	-1.58132	350.071	0	348.343	0	0	-3.30597	
51.13	0.337	0.103	1.58959	0	1.58106	-350.115	0	-348.201	0	0	-3.30597	
51.14	0.337	0.103	-1.58933	0	-1.58132	350.071	0	348.343	0	0	-3.30597	
51.15	0.337	0.103	1.58959	0	1.58106	-350.115	0	-348.201	0	0	-3.30597	
51.16	0.337	0.103	-1.58933	0	-1.58132	350.071	0	348.343	0	0	-3.30597	
51.17	0.337	0.103	1.58959	0	1.58106	-350.115	0	-348.201	0	0	-3.30597	
51.18	0.337	0.103	-1.58933	0	-1.58132	350.071	0	348.343	0	0	-3.30597	
51.19	0.337	0.103	1.58959	0	1.58106	-350.115	0	-348.201	0	0	-3.30597	
51.2	0.337	0.103	-1.58933	0	-1.58132	350.071	0	348.343	0	0	-3.30597	
51.21	0.337	0.103	1.58959	0	1.58106	-350.115	0	-348.201	0	0	-3.30597	
51.22	0.337	0.103	-1.58933	0	-1.58132	350.071	0	348.343	0	0	-3.30597	
51.23	0.337	0.103	1.58959	0	1.58106	-350.115	0	-348.201	0	0	-3.30597	
51.24	0.337	0.103	-1.58933	0	-1.58132	350.071	0	348.343	0	0	-3.30597	
51.25	0.337	0.103	1.58959	0	1.58106	-350.115	0	-348.201	0	0	-3.30597	
51.26	0.337	0.103	-1.58933	0	-1.58132	350.071	0	348.343	0	0	-3.30597	
51.27	0.337	0.103	1.58959	0	1.58106	-350.115	0	-348.201	0	0	-3.30597	
51.28	0.337	0.103	-1.58933	0	-1.58132	350.071	0	348.343	0	0	-3.30597	
51.29	0.337	0.103	1.58959	0	1.58106	-350.115	0	-348.201	0	0	-3.30597	
51.3	0.337	0.103	-1.58933	0	-1.58132	350.071	0	348.343	0	0	-3.30597	
51.31	0.337	0.103	1.58959	0	1.58106	-350.115	0	-348.201	0	0	-3.30597	
51.32	0.337	0.103	-1.58933	0	-1.58132	350.071	0	348.343	0	0	-3.30597	
51.33	0.337	0.103	1.58959	0	1.58106	-350.115	0	-348.201	0	0	-3.30597	
51.34	0.337	0.103	-1.58933	0	-1.58132	350.071	0	348.343	0	0	-3.30597	
51.35	0.337	0.103	1.58959	0	1.58106	-350.115	0	-348.201	0	0	-3.30597	
51.36	0.337	0.103	-1.58933	0	-1.58132	350.071	0	348.343	0	0	-3.30597	
51.37	0.337	0.103	1.58959	0	1.58106	-350.115	0	-348.201	0	0	-3.30597	
51.38	0.337	0.103	-1.58933	0	-1.58132	350.071	0	348.343	0	0	-3.30597	
51.39	0.337	0.103	1.58959	0	1.58106	-350.115	0	-348.201	0	0	-3.30597	
51.4	0.337	0.103	-1.58933	0	-1.58132	350.071	0	348.343	0	0	-3.30597	
51.41	0.337	0.103	1.58959	0	1.58106	-350.115	0	-348.201	0	0	-3.30597	
51.42	0.337	0.103	-1.58933	0	-1.58132	350.071	0	348.343	0	0	-3.30597	
51.43	0.337	0.103	1.58959	0	1.58106	-350.115	0	-348.201	0	0	-3.30597	
51.44	0.337	0.103	-1.58933	0	-1.58132	350.071	0	348.343	0	0	-3.30597	
51.45	0.337	0.103	1.58959	0	1.58106	-350.115	0	-348.201	0	0	-3.30597	
51.46	0.337	0.103	-1.58933	0	-1.58132	350.071	0	348.343	0	0	-3.30597	
51.47	0.337	0.103	1.58959	0	1.58106	-350.115	0	-348.201	0	0	-3.30597	
51.48	0.337	0.103	-1.58933	0	-1.58132	350.071	0	348.343	0	0	-3.30597	
51.49	0.337	0.103	1.58959	0	1.58106	-350.115	0	-348.201	0	0	-3.30597	
51.5	0.337	0.103	-1.58933	0	-1.58132	350.071	0	348.343	0	0	-3.30597	
51.51	0.337	0.103	1.58959	0	1.58106	-350.115	0	-348.201	0	0	-3.30597	
51.52	0.337	0.103	-1.58933	0	-1.58132	350.071	0	348.343	0	0	-3.30597	
51.53	0.337	0.103	1.58959	0	1.58106	-350.115	0	-348.201	0	0	-3.30597	
51.54	0.337	0.103	-1.58933	0	-1.58132	350.071	0	348.343	0	0	-3.30597	
51.55	0.337	0.103	1.58959	0	1.58106	-350.115	0	-348.201	0	0	-3.30597	
51.56	0.337	0.103	-1.58933	0	-1.58132	350.071	0	348.343	0	0	-3.30597	
51.57	0.337	0.103	1.58959	0	1.58106	-350.115	0	-348.201	0	0	-3.30597	
51.58	0.337	0.103	-1.58933	0	-1.58132	350.071	0	348.343	0	0	-3.30597	
51.59	0.337	0.103	1.58959	0	1.58106	-350.115	0	-348.201	0	0	-3.30597	
51.6	0.337	0.103	-1.58933	0	-1.58132	350.071	0	348.343	0	0	-3.30597	
51.61	0.337	0.103	1.58959	0	1.58106	-350.115	0	-348.201	0	0	-3.30597	
51.62	0.337	0.103	-1.58933	0	-1.58132	350.071	0	348.343	0	0	-3.30597	
51.63	0.337	0.103	1.58959	0	1.58106	-350.115	0	-348.201	0	0	-3.30597	
51.64	0.337	0.103	-1.58933	0	-1.58132	350.071	0	348.343	0	0	-3.30597	
51.65	0.337	0.103	1.58959	0	1.58106	-350.115	0	-348.201	0	0	-3.30597	
51.66	0.337	0.103	-1.58933	0	-1.58132	350.071	0	348.343	0	0	-3.30597	
51.67	0.337	0.103	1.58959	0	1.58106	-350.114	0	-348.201	0	0	-3.30597	
51.68	0.337	0.103	-1.58933	0	-1.58132	350.071	0	348.343	0	0	-3.30597	
51.69	0.337	0.103	1.58959	0	1.58106	-350.114	0	-348.201	0	0	-3.30597	
51.7	0.337	0.103	-1.58933	0	-1.58132	350.071	0	348.343	0	0	-3.30597	
51.71	0.337	0.103	1.58959	0	1.58106	-350.114	0	-348.201	0	0	-3.30597	
51.72	0.337	0.103	-1.58933	0	-1.58132	350.071	0	348.343	0	0	-3.30597	
51.73	0.337	0.103	1.58959	0	1.58106	-350.114	0	-348.2	0	0	-3.30597	
51.74	0.337	0.103	-1.58933	0	-1.58132	350.071	0	348.343	0	0	-3.30597	
51.75	0.337	0.103	1.58959	0	1.58106	-350.114	0	-348.2	0	0	-3.30597	
51.76	0.337	0.103	-1.58933	0	-1.58132	350.071	0	348.343	0	0	-3.30597	
51.77	0.337	0.103	1.58959	0	1.58106	-350.114	0	-348.2	0	0	-3.30597	
51.78	0.337	0.103	-1.58933	0	-1.58132	350.071	0	348.343	0	0	-3.30597	
51.79	0.337	0.103	1.58959	0	1.58106	-350.114	0	-348.2	0	0	-3.30597	
51.8	0.337	0.103	-1.58933	0	-1.58132	350.071	0	348.343	0	0	-3.30597	
51.81	0.337	0.103	1.58959	0	1.58106	-350.114	0	-348.2	0	0	-3.30597	
51.82	0.337	0.103	-1.58933	0	-1.58132	350.071	0	348.343	0	0	-3.30597	
51.83	0.337	0.103	1.58959	0	1.58106	-350.114	0	-348.2	0	0	-3.30597	
51.84	0.337	0.103	-1.58933	0	-1.58132	350.071	0	348.343	0	0	-3.30597	
51.85	0.337	0.103	1.58959	0	1.58106	-350.114	0	-348.2	0	0	-3.30597	
51.86	0.337	0.103	-1.58933	0	-1.58132	350.071	0	348.343	0	0	-3.30597	
51.87	0.337	0.103	1.58959	0	1.58106	-350.114	0	-348.2	0	0	-3.30597	
51.88	0.337	0.103	-1.58933	0	-1.58132	350.071	0	348.343	0	0	-3.30597	
51.89	0.337	0.103	1.58959	0	1.58106	-350.114	0	-348.2	0	0	-3.30597	
51.9	0.337	0.103	-1.58933	0	-1.58132	350.071	0	348.343	0	0	-3.30597	
51.91	0.337	0.103	1.58959	0	1.58106	-350.114	0	-348.2	0	0	-3.30597	
51.92	0.337	0.103	-1.58933	0	-1.58132	350.071	0	348.343	0	0	-3.30597	
51.93	0.337	0.103	1.58959	0	1.58106	-350.114	0	-348.2	0	0	-3.30597	
51.94	0.337	0.103	-1.58933	0	-1.58132	350.071	0	348.343	0	0	-3.30597	
51.95	0.337	0.103	1.58959	0	1.58106	-350.114	0	-348.2	0	0	-3.30597	
51.96	0.337	0.103	-1.58933	0	-1.58132	350.071	0	348.343	0	0	-3.30597	
51.97	0.337	0.103	1.58959	0	1.58106	-350.114	0	-348.2	0	0	-3.30597	
51.98	0.337	0.103	-1.58933	0	-1.58132	350.071	0	348.343	0	0	-3.30597	
51.99	0.337	0.103	1.58959	0	1.58106	-350.114	0	-348.2	0	0	-3.30597	
52	0.337	0.103	-1.58933	0	-1.58132	350.071	0	348.343	0	0	-3.30597	
52.01	0.337	0.103	1.58959	0	1.58106	-350.114	0	-348.2	0	0	-3.30597	
52.02	0.337	0.103	-1.58933	0	-1.58132	350.071	0	348.343	0	0	-3.30597	
52.03	0.337	0.103	1.58959	0	1.58106	-350.114	0	-348.2	0	0	-3.30597	
52.04	0.337	0.103	-1.58933	0	-1.58132	350.071	0	348.343	0	0	-3.30597	
52.05	0.337	0.103	1.58959	0	1.58106	-350.114	0	-348.2	0	0	-3.30597	
52.06	0.337	0.103	-1.58933	0	-1.58132	350.071	0	348.343	0	0	-3.30597	
52.07	0.337	0.103	1.58959	0	1.58106	-350.114	0	-348.2	0	0	-3.30597	
52.08	0.337	0.103	-1.58933	0	-1.58132	350.071	0	348.343	0	0	-3.30597	
52.09	0.337	0.103	1.58959	0	1.58106	-350.114	0	-348.2	0	0	-3.30597	
52.1	0.337	0.103	-1.58933	0	-1.58132	350.071	0	348.343	0	0	-3.30597	
52.11	0.337	0.103	1.58959	0	1.58106	-350.114	0	-348.2	0	0	-3.30597	
52.12	0.337	0.103	-1.58933	0	-1.58132	350.071	0	348.343	0	0	-3.30597	
52.13	0.337	0.103	1.58959	0	1.58106	-350.114	0	-348.2	0	0	-3.30597	
52.14	0.337	0.103	-1.58933	0	-1.58132	350.07	0	348.343	0	0	-3.30597	
52.15	0.337	0.103	1.58959	0	1.58106	-350.114	0	-348.2	0	0	-3.30597	
52.16	0.337	0.103	-1.58933	0	-1.58132	350.07	0	348.342	0	0	-3.30597	
52.17	0.337	0.103	1.58959	0	1.58106	-350.114	0	-348.2	0	0	-3.30597	
52.18	0.337	0.103	-1.58933	0	-1.58132	350.07	0	348.342	0	0	-3.30597	
52.19	0.337	0.103	1.58959	0	1.58106	-350.114	0	-348.2	0	0	-3.30597	
52.2	0.337	0.103	-1.58933	0	-1.58132	350.07	0	348.342	0	0	-3.30597	
52.21	0.337	0.103	1.58959	0	1.58106	-350.114	0	-348.2	0	0	-3.30597	
52.22	0.337	0.103	-1.58933	0	-1.58132	350.07	0	348.342	0	0	-3.30597	
52.23	0.337	0.103	1.58959	0	1.58106	-350.114	0	-348.2	0	0	-3.30597	
52.24	0.337	0.103	-1.58933	0	-1.58132	350.07	0	348.342	0	0	-3.30597	
52.25	0.337	0.103	1.58959	0	1.58106	-350.114	0	-348.2	0	0	-3.30597	
52.26	0.337	0.103	-1.58933	0	-1.58132	350.07	0	348.342	0	0	-3.30597	
52.27	0.337	0.103	1.58959	0	1.58106	-350.114	0	-348.2	0	0	-3.30597	
52.28	0.337	0.103	-1.58933	0	-1.58132	350.07	0	348.342	0	0	-3.30597	
52.29	0.337	0.103	1.58959	0	1.58106	-350.114	0	-348.2	0	0	-3.30597	
52.3	0.337	0.103	-1.58933	0	-1.58132	350.07	0	348.342	0	0	-3.30597	
52.31	0.337	0.103	1.58959	0	1.58106	-350.114	0	-348.2	0	0	-3.30597	
52.32	0.337	0.103	-1.58933	0	-1.58132	350.07	0	348.342	0	0	-3.30597	
52.33	0.337	0.103	1.58959	0	1.58106	-350.114	0	-348.2	0	0	-3.30597	
52.34	0.337	0.103	-1.58933	0	-1.58132	350.07	0	348.342	0	0	-3.30597	
52.35	0.337	0.103	1.58959	0	1.58106	-350.114	0	-348.2	0	0	-3.30597	
52.36	0.337	0.103	-1.58933	0	-1.58132	350.07	0	348.342	0	0	-3.30597	
52.37	0.337	0.103	1.58959	0	1.58106	-350.114	0	-348.2	0	0	-3.30597	
52.38	0.337	0.103	-1.58933	0	-1.58132	350.07	0	348.342	0	0	-3.30597	
52.39	0.337	0.103	1.58959	0	1.58106	-350.114	0	-348.2	0	0	-3.30597	
52.4	0.337	0.103	-1.58933	0	-1.58132	350.07	0	348.342	0	0	-3.30597	
52.41	0.337	0.103	1.58959	0	1.58106	-350.114	0	-348.2	0	0	-3.30597	
52.42	0.337	0.103	-1.58933	0	-1.58132	350.07	0	348.342	0	0	-3.30597	
52.43	0.337	0.103	1.58959	0	1.58106	-350.114	0	-348.2	0	0	-3.30597	
52.44	0.337	0.103	-1.58933	0	-1.58132	350.07	0	348.342	0	0	-3.30597	
52.45	0.337	0.103	1.58959	0	1.58106	-350.114	0	-348.2	0	0	-3.30597	
52.46	0.337	0.103	-1.58933	0	-1.58132	350.07	0	348.342	0	0	-3.30597	
52.47	0.337	0.103	1.58959	0	1.58106	-350.114	0	-348.2	0	0	-3.30597	
52.48	0.337	0.103	-1.58933	0	-1.58132	350.07	0	348.342	0	0	-3.30597	
52.49	0.337	0.103	1.58959	0	1.58106	-350.114	0	-348.2	0	0	-3.30597	
52.5	0.337	0.103	-1.58933	0	-1.58132	350.07	0	348.342	0	0	-3.30597	
52.51	0.337	0.103	1.58959	0	1.58106	-350.114	0	-348.2	0	0	-3.30597	
52.52	0.337	0.103	-1.58933	0	-1.58132	350.07	0	348.342	0	0	-3.30597	
52.53	0.337	0.103	1.58959	0	1.58106	-350.114	0	-348.2	0	0	-3.30597	
52.54	0.337	0.103	-1.58933	0	-1.58132	350.07	0	348.342	0	0	-3.30597	
52.55	0.337	0.103	1.58959	0	1.58106	-350.114	0	-348.2	0	0	-3.30597	
52.56	0.337	0.103	-1.58933	0	-1.58132	350.07	0	348.342	0	0	-3.30597	
52.57	0.337	0.103	1.58959	0	1.58106	-350.114	0	-348.2	0	0	-3.30597	
52.58	0.337	0.103	-1.58933	0	-1.58132	350.07	0	348.342	0	0	-3.30597	
52.59	0.337	0.103	1.58959	0	1.58106	-350.114	0	-348.2	0	0	-3.30597	
52.6	0.337	0.103	-1.58933	0	-1.58132	350.07	0	348.342	0	0	-3.30597	
52.61	0.337	0.103	1.58959	0	1.58106	-350.114	0	-348.2	0	0	-3.30597	
52.62	0.337	0.103	-1.58933	0	-1.58132	350.07	0	348.342	0	0	-3.30597	
52.63	0.337	0.103	1.58959	0	1.58106	-350.114	0	-348.2	0	0	-3.30597	
52.64	0.337	0.103	-1.58933	0	-1.58132	350.07	0	348.342	0	0	-3.30597	
52.65	0.337	0.103	1.58959	0	1.58106	-350.114	0	-348.2	0	0	-3.30597	
52.66	0.337	0.103	-1.58933	0	-1.58132	350.07	0	348.342	0	0	-3.30597	
52.67	0.337	0.103	1.58959	0	1.58106	-350.114	0	-348.2	0	0	-3.30597	
52.68	0.337	0.103	-1.58933	0	-1.58132	350.07	0	348.342	0	0	-3.30597	
52.69	0.337	0.103	1.58959	0	1.58106	-350.114	0	-348.2	0	0	-3.30597	
52.7	0.337	0.103	-1.58933	0	-1.58132	350.07	0	348.342	0	0	-3.30597	
52.71	0.337	0.103	1.58959	0	1.58106	-350.114	0	-348.2	0	0	-3.30597	
52.72	0.337	0.103	-1.58933	0	-1.58132	350.07	0	348.342	0	0	-3.30597	
52.73	0.337	0.103	1.58959	0	1.58106	-350.114	0	-348.2	0	0	-3.30597	
52.74	0.337	0.103	-1.58933	0	-1.58132	350.07	0	348.342	0	0	-3.30597	
52.75	0.337	0.103	1.58959	0	1.58106	-350.114	0	-348.2	0	0	-3.30597	
52.76	0.337	0.103	-1.58933	0	-1.58132	350.07	0	348.342	0	0	-3.30597	
52.77	0.337	0.103	1.58959	0	1.58106	-350.114	0	-348.2	0	0	-3.30597	
52.78	0.337	0.103	-1.58933	0	-1.58132	350.07	0	348.342	0	0	-3.30597	
52.79	0.337	0.103	1.58959	0	1.58106	-350.114	0	-348.2	0	0	-3.30597	
52.8	0.337	0.103	-1.58933	0	-1.58132	350.07	0	348.342	0	0	-3.30597	
52.81	0.337	0.103	1.58959	0	1.58106	-350.114	0	-348.2	0	0	-3.30597	
52.82	0.337	0.103	-1.58933	0	-1.58132	350.07	0	348.342	0	0	-3.30597	
52.83	0.337	0.103	1.58959	0	1.58106	-350.114	0	-348.2	0	0	-3.30597	
52.84	0.337	0.103	-1.58933	0	-1.58132	350.07	0	348.342	0	0	-3.30597	
52.85	0.337	0.103	1.58959	0	1.58106	-350.114	0	-348.2	0	0	-3.30597	
52.86	0.337	0.103	-1.58933	0	-1.58132	350.07	0	348.342	0	0	-3.30597	
52.87	0.337	0.103	1.58959	0	1.58106	-350.114	0	-348.2	0	0	-3.30597	
52.88	0.337	0.103	-1.58933	0	-1.58132	350.07	0	348.342	0	0	-3.30597	
52.89	0.337	0.103	1.58959	0	1.58106	-350.114	0	-348.2	0	0	-3.30597	
52.9	0.337	0.103	-1.58933	0	-1.58132	350.07	0	348.342	0	0	-3.30597	
52.91	0.337	0.103	1.58959	0	1.58106	-350.114	0	-348.2	0	0	-3.30597	
52.92	0.337	0.103	-1.58933	0	-1.58132	350.07	0	348.342	0	0	-3.30597	
52.93	0.337	0.103	1.58959	0	1.58106	-350.114	0	-348.2	0	0	-3.30597	
52.94	0.337	0.103	-1.58933	0	-1.58132	350.07	0	348.342	0	0	-3.30597	
52.95	0.337	0.103	1.58959	0	1.58106	-350.114	0	-348.2	0	0	-3.30597	
52.96	0.337	0.103	-1.58933	0	-1.58132	350.07	0	348.342	0	0	-3.30597	
52.97	0.337	0.103	1.58959	0	1.58106	-350.114	0	-348.2	0	0	-3.30597	
52.98	0.337	0.103	-1.58933	0	-1.58132	350.07	0	348.342	0	0	-3.30597	
52.99	0.337	0.103	1.58959	0	1.58106	-350.114	0	-348.2	0	0	-3.30597	
53	0.337	0.103	-1.58933	0	-1.58132	350.07	0	348.342	0	0	-3.30597	
53.01	0.337	0.103	1.58959	0	1.58106	-350.114	0	-348.2	0	0	-3.30597	
53.02	0.337	0.103	-1.58933	0	-1.58132	350.07	0	348.342	0	0	-3.30597	
53.03	0.337	0.103	1.58959	0	1.58106	-350.114	0	-348.2	0	0	-3.30597	
53.04	0.337	0.103	-1.58933	0	-1.58132	350.07	0	348.342	0	0	-3.30597	
53.05	0.337	0.103	1.58959	0	1.58106	-350.114	0	-348.2	0	0	-3.30597	
53.06	0.337	0.103	-1.58933	0	-1.58132	350.07	0	348.342	0	0	-3.30597	
53.07	0.337	0.103	1.58959	0	1.58106	-350.114	0	-348.2	0	0	-3.30597	
53.08	0.337	0.103	-1.58933	0	-1.58132	350.07	0	348.342	0	0	-3.30597	
53.09	0.337	0.103	1.58959	0	1.58106	-350.114	0	-348.2	0	0	-3.30597	
53.1	0.337	0.103	-1.58933	0	-1.58132	350.07	0	348.342	0	0	-3.30597	
53.11	0.337	0.103	1.58959	0	1.58106	-350.114	0	-348.2	0	0	-3.30597	
53.12	0.337	0.103	-1.58933	0	-1.58132	350.07	0	348.342	0	0	-3.30597	
53.13	0.337	0.103	1.58959	0	1.58106	-350.114	0	-348.2	0	0	-3.30597	
53.14	0.337	0.103	-1.58933	0	-1.58132	350.07	0	348.342	0	0	-3.30597	
53.15	0.337	0.103	1.58959	0	1.58106	-350.114	0	-348.2	0	0	-3.30597	
53.16	0.337	0.103	-1.58933	0	-1.58132	350.07	0	348.342	0	0	-3.30597	
53.17	0.337	0.103	1.58959	0	1.58106	-350.114	0	-348.2	0	0	-3.30597	
53.18	0.337	0.103	-1.58933	0	-1.58132	350.07	0	348.342	0	0	-3.30597	
53.19	0.337	0.103	1.58959	0	1.58106	-350.114	0	-348.2	0	0	-3.30597	
53.2	0.337	0.103	-1.58933	0	-1.58132	350.07	0	348.342	0	0	-3.30597	
53.21	0.337	0.103	1.58959	0	1.58106	-350.114	0	-348.2	0	0	-3.30597	
53.22	0.337	0.103	-1.58933	0	-1.58132	350.07	0	348.342	0	0	-3.30597	
53.23	0.337	0.103	1.58959	0	1.58106	-350.114	0	-348.2	0	0	-3.30597	
53.24	0.337	0.103	-1.58933	0	-1.58132	350.07	0	348.342	0	0	-3.30597	
53.25	0.337	0.103	1.58959	0	1.58106	-350.114	0	-348.2	0	0	-3.30597	
53.26	0.337	0.103	-1.58933	0	-1.58132	350.07	0	348.342	0	0	-3.30597	
53.27	0.337	0.103	1.58959	0	1.58106	-350.114	0	-348.2	0	0	-3.30597	
53.28	0.337	0.103	-1.58933	0	-1.58132	350.07	0	348.342	0	0	-3.30597	
53.29	0.337	0.103	1.58959	0	1.58106	-350.114	0	-348.2	0	0	-3.30597	
53.3	0.337	0.103	-1.58933	0	-1.58132	350.07	0	348.342	0	0	-3.30597	
53.31	0.337	0.103	1.58959	0	1.58106	-350.114	0	-348.2	0	0	-3.30597	
53.32	0.337	0.103	-1.58933	0	-1.58132	350.07	0	348.342	0	0	-3.30597	
53.33	0.337	0.103	1.58959	0	1.58106	-350.114	0	-348.2	0	0	-3.30597	
53.34	0.337	0.103	-1.58933	0	-1.58132	350.07	0	348.342	0	0	-3.30597	
53.35	0.337	0.103	1.58959	0	1.58106	-350.114	0	-348.2	0	0	-3.30597	
53.36	0.337	0.103	-1.58933	0	-1.58132	350.07	0	348.342	0	0	-3.30597	
53.37	0.337	0.103	1.58959	0	1.58106	-350.114	0	-348.2	0	0	-3.30597	
53.38	0.337	0.103	-1.58933	0	-1.58132	350.07	0	348.342	0	0	-3.30597	
53.39	0.337	0.103	1.58959	0	1.58106	-350.114	0	-348.2	0	0	-3.30597	
53.4	0.337	0.103	-1.58933	0	-1.58132	350.07	0	348.342	0	0	-3.30597	
53.41	0.337	0.103	1.58959	0	1.58106	-350.114	0	-348.2	0	0	-3.30597	
53.42	0.337	0.103	-1.58933	0	-1.58132	350.07	0	348.342	0	0	-3.30597	
53.43	0.337	0.103	1.58959	0	1.58106	-350.114	0	-348.2	0	0	-3.30597	
53.44	0.337	0.103	-1.58933	0	-1.58132	350.07	0	348.342	0	0	-3.30597	
53.45	0.337	0.103	1.58959	0	1.58106	-350.114	0	-348.2	0	0	-3.30597	
53.46	0.337	0.103	-1.58933	0	-1.58132	350.07	0	348.342	0	0	-3.30597	
53.47	0.337	0.103	1.58959	0	1.58106	-350.114	0	-348.2	0	0	-3.30597	
53.48	0.337	0.103	-1.58933	0	-1.58132	350.07	0	348.342	0	0	-3.30597	
53.49	0.337	0.103	1.58959	0	1.58106	-350.114	0	-348.2	0	0	-3.30597	
53.5	0.337	0.103	-1.58933	0	-1.58132	350.07	0	348.342	0	0	-3.30597	
53.51	0.337	0.103	1.58959	0	1.58106	-350.114	0	-348.2	0	0	-3.30597	
53.52	0.337	0.103	-1.58933	0	-1.58132	350.07	0	348.342	0	0	-3.30597	
53.53	0.337	0.103	1.58959	0	1.58106	-350.114	0	-348.2	0	0	-3.30597	
53.54	0.337	0.103	-1.58933	0	-1.58132	350.07	0	348.342	0	0	-3.30597	
53.55	0.337	0.103	1.58959	0	1.58106	-350.114	0	-348.2	0	0	-3.30597	
53.56	0.337	0.103	-1.58933	0	-1.58132	350.07	0	348.342	0	0	-3.30597	
53.57	0.337	0.103	1.58959	0	1.58106	-350.114	0	-348.2	0	0	-3.30597	
53.58	0.337	0.103	-1.58933	0	-1.58132	350.07	0	348.342	0	0	-3.30597	
53.59	0.337	0.103	1.58959	0	1.58106	-350.114	0	-348.2	0	0	-3.30597	
53.6	0.337	0.103	-1.58933	0	-1.58132	350.07	0	348.342	0	0	-3.30597	
53.61	0.337	0.103	1.58959	0	1.58106	-350.114	0	-348.2	0	0	-3.30597	
53.62	0.337	0.103	-1.58933	0	-1.58132	350.07	0	348.342	0	0	-3.30597	
53.63	0.337	0.103	1.58959	0	1.58106	-350.114	0	-348.2	0	0	-3.30597	
53.64	0.337	0.103	-1.58933	0	-1.58132	350.07	0	348.342	0	0	-3.30597	
53.65	0.337	0.103	1.58959	0	1.58106	-350.114	0	-348.2	0	0	-3.30597	
53.66	0.337	0.103	-1.58933	0	-1.58132	350.07	0	348.342	0	0	-3.30597	
53.67	0.337	0.103	1.58959	0	1.58106	-350.114	0	-348.2	0	0	-3.30597	
53.68	0.337	0.103	-1.58933	0	-1.58132	350.07	0	348.342	0	0	-3.30597	
53.69	0.337	0.103	1.58959	0	1.58106	-350.114	0	-348.2	0	0	-3.30597	
53.7	0.337	0.103	-1.58933	0	-1.58132	350.07	0	348.342	0	0	-3.30597	
53.71	0.337	0.103	1.58959	0	1.58106	-350.114	0	-348.2	0	0	-3.30597	
53.72	0.337	0.103	-1.58933	0	-1.58132	350.07	0	348.342	0	0	-3.30597	
53.73	0.337	0.103	1.58959	0	1.58106	-350.114	0	-348.2	0	0	-3.30597	
53.74	0.337	0.103	-1.58933	0	-1.58132	350.07	0	348.342	0	0	-3.30597	
53.75	0.337	0.103	1.58959	0	1.58106	-350.114	0	-348.2	0	0	-3.30597	
53.76	0.337	0.103	-1.58933	0	-1.58132	350.07	0	348.342	0	0	-3.30597	
53.77	0.337	0.103	1.58959	0	1.58106	-350.114	0	-348.2	0	0	-3.30597	
53.78	0.337	0.103	-1.58933	0	-1.58132	350.07	0	348.342	0	0	-3.30597	
53.79	0.337	0.103	1.58959	0	1.58106	-350.114	0	-348.2	0	0	-3.30597	
53.8	0.337	0.103	-1.58933	0	-1.58132	350.07	0	348.342	0	0	-3.30597	
53.81	0.337	0.103	1.58959	0	1.58106	-350.114	0	-348.2	0	0	-3.30597	
53.82	0.337	0.103	-1.58933	0	-1.58132	350.07	0	348.342	0	0	-3.30597	
53.83	0.337	0.103	1.58959	0	1.58106	-350.114	0	-348.2	0	0	-3.30597	
53.84	0.337	0.103	-1.58933	0	-1.58132	350.07	0	348.342	0	0	-3.30597	
53.85	0.337	0.103	1.58959	0	1.58106	-350.114	0	-348.2	0	0	-3.30597	
53.86	0.337	0.103	-1.58933	0	-1.58132	350.07	0	348.342	0	0	-3.30597	
53.87	0.337	0.103	1.58959	0	1.58106	-350.114	0	-348.2	0	0	-3.30597	
53.88	0.337	0.103	-1.58933	0	-1.58132	350.07	0	348.342	0	0	-3.30597	
53.89	0.337	0.103	1.58959	0	1.58106	-350.114	0	-348.2	0	0	-3.30597	
53.9	0.337	0.103	-1.58933	0	-1.58132	350.07	0	348.342	0	0	-3.30597	
53.91	0.337	0.103	1.58959	0	1.58106	-350.114	0	-348.2	0	0	-3.30597	
53.92	0.337	0.103	-1.58933	0	-1.58132	350.07	0	348.342	0	0	-3.30597	
53.93	0.337	0.103	1.58959	0	1.58106	-350.114	0	-348.2	0	0	-3.30597	
53.94	0.337	0.103	-1.58933	0	-1.58132	350.07	0	348.342	0	0	-3.30597	
53.95	0.337	0.103	1.58959	0	1.58106	-350.114	0	-348.2	0	0	-3.30597	
53.96	0.337	0.103	-1.58933	0	-1.58132	350.07	0	348.342	0	0	-3.30597	
53.97	0.337	0.103	1.58959	0	1.58106	-350.114	0	-348.2	0	0	-3.30597	
53.98	0.337	0.103	-1.58933	0	-1.58132	350.07	0	348.342	0	0	-3.30597	
53.99	0.337	0.103	1.58959	0	1.58106	-350.114	0	-348.2	0	0	-3.30597	
54	0.337	0.103	-1.58933	0	-1.58132	350.07	0	348.342	0	0	-3.30597	
54.01	0.337	0.103	1.58959	0	1.58106	-350.114	0	-348.2	0	0	-3.30597	
54.02	0.337	0.103	-1.58933	0	-1.58132	350.07	0	348.342	0	0	-3.30597	
54.03	0.337	0.103	1.58959	0	1.58106	-350.114	0	-348.2	0	0	-3.30597	
54.04	0.337	0.103	-1.58933	0	-1.58132	350.07	0	348.342	0	0	-3.30597	
54.05	0.337	0.103	1.58959	0	1.58106	-350.114	0	-348.2	0	0	-3.30597	
54.06	0.337	0.103	-1.58933	0	-1.58132	350.07	0	348.342	0	0	-3.30597	
54.07	0.337	0.103	1.58959	0	1.58106	-350.114	0	-348.2	0	0	-3.30597	
54.08	0.337	0.103	-1.58933	0	-1.58132	350.07	0	348.342	0	0	-3.30597	
54.09	0.337	0.103	1.58959	0	1.58106	-350.114	0	-348.2	0	0	-3.30597	
54.1	0.337	0.103	-1.58933	0	-1.58132	350.07	0	348.342	0	0	-3.30597	
54.11	0.337	0.103	1.58959	0	1.58106	-350.114	0	-348.2	0	0	-3.30597	
54.12	0.337	0.103	-1.58933	0	-1.58132	350.07	0	348.342	0	0	-3.30597	
54.13	0.337	0.103	1.58959	0	1.58106	-350.114	0	-348.2	0	0	-3.30597	
54.14	0.337	0.103	-1.58933	0	-1.58132	350.07	0	348.342	0	0	-3.30597	
54.15	0.337	0.103	1.58959	0	1.58106	-350.114	0	-348.2	0	0	-3.30597	
54.16	0.337	0.103	-1.58933	0	-1.58132	350.07	0	348.342	0	0	-3.30597	
54.17	0.337	0.103	1.58959	0	1.58106	-350.114	0	-348.2	0	0	-3.30597	
54.18	0.337	0.103	-1.58933	0	-1.58132	350.07	0	348.342	0	0	-3.30597	
54.19	0.337	0.103	1.58959	0	1.58106	-350.114	0	-348.2	0	0	-3.30597	
54.2	0.337	0.103	-1.58933	0	-1.58132	350.07	0	348.342	0	0	-3.30597	
54.21	0.337	0.103	1.58959	0	1.58106	-350.114	0	-348.2	0	0	-3.30597	
54.22	0.337	0.103	-1.58933	0	-1.58132	350.07	0	348.342	0	0	-3.30597	
54.23	0.337	0.103	1.58959	0	1.58106	-350.114	0	-348.2	0	0	-3.30597	
54.24	0.337	0.103	-1.58933	0	-1.58132	350.07	0	348.342	0	0	-3.30597	
54.25	0.337	0.103	1.58959	0	1.58106	-350.114	0	-348.2	0	0	-3.30597	
54.26	0.337	0.103	-1.58933	0	-1.58132	350.07	0	348.342	0	0	-3.30597	
54.27	0.337	0.103	1.58959	0	1.58106	-350.114	0	-348.2	0	0	-3.30597	
54.28	0.337	0.103	-1.58933	0	-1.58132	350.07	0	348.342	0	0	-3.30597	
54.29	0.337	0.103	1.58959	0	1.58106	-350.114	0	-348.2	0	0	-3.30597	
54.3	0.337	0.103	-1.58933	0	-1.58132	350.07	0	348.342	0	0	-3.30597	
54.31	0.337	0.103	1.58959	0	1.58106	-350.114	0	-348.2	0	0	-3.30597	
54.32	0.337	0.103	-1.58933	0	-1.58132	350.07	0	348.342	0	0	-3.30597	
54.33	0.337	0.103	1.58959	0	1.58106	-350.114	0	-348.2	0	0	-3.30597	
54.34	0.337	0.103	-1.58933	0	-1.58132	350.07	0	348.342	0	0	-3.30597	
54.35	0.337	0.103	1.58959	0	1.58106	-350.114	0	-348.2	0	0	-3.30597	
54.36	0.337	0.103	-1.58933	0	-1.58132	350.07	0	348.342	0	0	-3.30597	
54.37	0.337	0.103	1.58959	0	1.58106	-350.114	0	-348.2	0	0	-3.30597	
54.38	0.337	0.103	-1.58933	0	-1.58132	350.07	0	348.342	0	0	-3.30597	
54.39	0.337	0.103	1.58959	0	1.58106	-350.114	0	-348.2	0	0	-3.30597	
54.4	0.337	0.103	-1.58933	0	-1.58132	350.07	0	348.342	0	0	-3.30597	
54.41	0.337	0.103	1.58959	0	1.58106	-350.114	0	-348.2	0	0	-3.30597	
54.42	0.337	0.103	-1.58933	0	-1.58132	350.07	0	348.342	0	0	-3.30597	
54.43	0.337	0.103	1.58959	0	1.58106	-350.114	0	-348.2	0	0	-3.30597	
54.44	0.337	0.103	-1.58933	0	-1.58132	350.07	0	348.342	0	0	-3.30597	
54.45	0.337	0.103	1.58959	0	1.58106	-350.113	0	-348.2	0	0	-3.30597	
54.46	0.337	0.103	-1.58933	0	-1.58132	350.07	0	348.342	0	0	-3.30597	
54.47	0.337	0.103	1.58959	0	1.58106	-350.113	0	-348.2	0	0	-3.30597	
54.48	0.337	0.103	-1.58933	0	-1.58132	350.07	0	348.342	0	0	-3.30597	
54.49	0.337	0.103	1.58959	0	1.58106	-350.113	0	-348.2	0	0	-3.30597	
54.5	0.337	0.103	-1.58933	0	-1.58132	350.07	0	348.342	0	0	-3.30597	
54.51	0.337	0.103	1.58959	0	1.58106	-350.113	0	-348.2	0	0	-3.30597	
54.52	0.337	0.103	-1.58933	0	-1.58132	350.07	0	348.342	0	0	-3.30597	
54.53	0.337	0.103	1.58959	0	1.58106	-350.113	0	-348.199	0	0	-3.30597	
54.54	0.337	0.103	-1.58933	0	-1.58132	350.07	0	348.342	0	0	-3.30597	
54.55	0.337	0.103	1.58959	0	1.58106	-350.113	0	-348.199	0	0	-3.30597	
54.56	0.337	0.103	-1.58933	0	-1.58132	350.07	0	348.342	0	0	-3.30597	
54.57	0.337	0.103	1.58959	0	1.58106	-350.113	0	-348.199	0	0	-3.30597	
54.58	0.337	0.103	-1.58933	0	-1.58132	350.07	0	348.342	0	0	-3.30597	
54.59	0.337	0.103	1.58959	0	1.58106	-350.113	0	-348.199	0	0	-3.30597	
54.6	0.337	0.103	-1.58933	0	-1.58132	350.07	0	348.342	0	0	-3.30597	
54.61	0.337	0.103	1.58959	0	1.58106	-350.113	0	-348.199	0	0	-3.30597	
54.62	0.337	0.103	-1.58933	0	-1.58132	350.07	0	348.342	0	0	-3.30597	
54.63	0.337	0.103	1.58959	0	1.58106	-350.113	0	-348.199	0	0	-3.30597	
54.64	0.337	0.103	-1.58933	0	-1.58132	350.07	0	348.342	0	0	-3.30597	
54.65	0.337	0.103	1.58959	0	1.58106	-350.113	0	-348.199	0	0	-3.30597	
54.66	0.337	0.103	-1.58933	0	-1.58132	350.07	0	348.342	0	0	-3.30597	
54.67	0.337	0.103	1.58959	0	1.58106	-350.113	0	-348.199	0	0	-3.30597	
54.68	0.337	0.103	-1.58933	0	-1.58132	350.07	0	348.342	0	0	-3.30597	
54.69	0.337	0.103	1.58959	0	1.58106	-350.113	0	-348.199	0	0	-3.30597	
54.7	0.337	0.103	-1.58933	0	-1.58132	350.07	0	348.342	0	0	-3.30597	
54.71	0.337	0.103	1.58959	0	1.58106	-350.113	0	-348.199	0	0	-3.30597	
54.72	0.337	0.103	-1.58933	0	-1.58132	350.07	0	348.342	0	0	-3.30597	
54.73	0.337	0.103	1.58959	0	1.58106	-350.113	0	-348.199	0	0	-3.30597	
54.74	0.337	0.103	-1.58933	0	-1.58132	350.07	0	348.342	0	0	-3.30597	
54.75	0.337	0.103	1.58959	0	1.58106	-350.113	0	-348.199	0	0	-3.30597	
54.76	0.337	0.103	-1.58933	0	-1.58132	350.07	0	348.342	0	0	-3.30597	
54.77	0.337	0.103	1.58959	0	1.58106	-350.113	0	-348.199	0	0	-3.30597	
54.78	0.337	0.103	-1.58933	0	-1.58132	350.07	0	348.342	0	0	-3.30597	
54.79	0.337	0.103	1.58959	0	1.58106	-350.113	0	-348.199	0	0	-3.30597	
54.8	0.337	0.103	-1.58933	0	-1.58132	350.07	0	348.342	0	0	-3.30597	
54.81	0.337	0.103	1.58959	0	1.58106	-350.113	0	-348.199	0	0	-3.30597	
54.82	0.337	0.103	-1.58933	0	-1.58132	350.07	0	348.342	0	0	-3.30597	
54.83	0.337	0.103	1.58959	0	1.58106	-350.113	0	-348.199	0	0	-3.30597	
54.84	0.337	0.103	-1.58933	0	-1.58132	350.07	0	348.342	0	0	-3.30597	
54.85	0.337	0.103	1.58959	0	1.58106	-350.113	0	-348.199	0	0	-3.30597	
54.86	0.337	0.103	-1.58933	0	-1.58132	350.07	0	348.342	0	0	-3.30597	
54.87	0.337	0.103	1.58959	0	1.58106	-350.113	0	-348.199	0	0	-3.30597	
54.88	0.337	0.103	-1.58933	0	-1.58132	350.07	0	348.342	0	0	-3.30597	
54.89	0.337	0.103	1.58959	0	1.58106	-350.113	0	-348.199	0	0	-3.30597	
54.9	0.337	0.103	-1.58933	0	-1.58132	350.07	0	348.342	0	0	-3.30597	
54.91	0.337	0.103	1.58959	0	1.58106	-350.113	0	-348.199	0	0	-3.30597	
54.92	0.337	0.103	-1.58933	0	-1.58132	350.07	0	348.342	0	0	-3.30597	
54.93	0.337	0.103	1.58959	0	1.58106	-350.113	0	-348.199	0	0	-3.30597	
54.94	0.337	0.103	-1.58933	0	-1.58132	350.069	0	348.342	0	0	-3.30597	
54.95	0.337	0.103	1.58959	0	1.58106	-350.113	0	-348.199	0	0	-3.30597	
54.96	0.337	0.103	-1.58933	0	-1.58132	350.069	0	348.341	0	0	-3.30597	
54.97	0.337	0.103	1.58959	0	1.58106	-350.113	0	-348.199	0	0	-3.30597	
54.98	0.337	0.103	-1.58933	0	-1.58132	350.069	0	348.341	0	0	-3.30597	
54.99	0.337	0.103	1.58959	0	1.58106	-350.113	0	-348.199	0	0	-3.30597	
55	0.337	0.103	-1.58933	0	-1.58132	350.069	0	348.341	0	0	-3.30597	
55.01	0.337	0.103	1.58959	0	1.58106	-350.113	0	-348.199	0	0	-3.30597	
55.02	0.337	0.103	-1.58933	0	-1.58132	350.069	0	348.341	0	0	-3.30597	
55.03	0.337	0.103	1.58959	0	1.58106	-350.113	0	-348.199	0	0	-3.30597	
55.04	0.337	0.103	-1.58933	0	-1.58132	350.069	0	348.341	0	0	-3.30597	
55.05	0.337	0.103	1.58959	0	1.58106	-350.113	0	-348.199	0	0	-3.30597	
55.06	0.337	0.103	-1.58933	0	-1.58132	350.069	0	348.341	0	0	-3.30597	
55.07	0.337	0.103	1.58959	0	1.58106	-350.113	0	-348.199	0	0	-3.30597	
55.08	0.337	0.103	-1.58933	0	-1.58132	350.069	0	348.341	0	0	-3.30597	
55.09	0.337	0.103	1.58959	0	1.58106	-350.113	0	-348.199	0	0	-3.30597	
55.1	0.337	0.103	-1.58933	0	-1.58132	350.069	0	348.341	0	0	-3.30597	
55.11	0.337	0.103	1.58959	0	1.58106	-350.113	0	-348.199	0	0	-3.30597	
55.12	0.337	0.103	-1.58933	0	-1.58132	350.069	0	348.341	0	0	-3.30597	
55.13	0.337	0.103	1.58959	0	1.58106	-350.113	0	-348.199	0	0	-3.30597	
55.14	0.337	0.103	-1.58933	0	-1.58132	350.069	0	348.341	0	0	-3.30597	
55.15	0.337	0.103	1.58959	0	1.58106	-350.113	0	-348.199	0	0	-3.30597	
55.16	0.337	0.103	-1.58933	0	-1.58132	350.069	0	348.341	0	0	-3.30597	
55.17	0.337	0.103	1.58959	0	1.58106	-350.113	0	-348.199	0	0	-3.30597	
55.18	0.337	0.103	-1.58933	0	-1.58132	350.069	0	348.341	0	0	-3.30597	
55.19	0.337	0.103	1.58959	0	1.58106	-350.113	0	-348.199	0	0	-3.30597	
55.2	0.337	0.103	-1.58933	0	-1.58132	350.069	0	348.341	0	0	-3.30597	
55.21	0.337	0.103	1.58959	0	1.58106	-350.113	0	-348.199	0	0	-3.30597	
55.22	0.337	0.103	-1.58933	0	-1.58132	350.069	0	348.341	0	0	-3.30597	
55.23	0.337	0.103	1.58959	0	1.58106	-350.113	0	-348.199	0	0	-3.30597	
55.24	0.337	0.103	-1.58933	0	-1.58132	350.069	0	348.341	0	0	-3.30597	
55.25	0.337	0.103	1.58959	0	1.58106	-350.113	0	-348.199	0	0	-3.30597	
55.26	0.337	0.103	-1.58933	0	-1.58132	350.069	0	348.341	0	0	-3.30597	
55.27	0.337	0.103	1.58959	0	1.58106	-350.113	0	-348.199	0	0	-3.30597	
55.28	0.337	0.103	-1.58933	0	-1.58132	350.069	0	348.341	0	0	-3.30597	
55.29	0.337	0.103	1.58959	0	1.58106	-350.113	0	-348.199	0	0	-3.30597	
55.3	0.337	0.103	-1.58933	0	-1.58132	350.069	0	348.341	0	0	-3.30597	
55.31	0.337	0.103	1.58959	0	1.58106	-350.113	0	-348.199	0	0	-3.30597	
55.32	0.337	0.103	-1.58933	0	-1.58132	350.069	0	348.341	0	0	-3.30597	
55.33	0.337	0.103	1.58959	0	1.58106	-350.113	0	-348.199	0	0	-3.30597	
55.34	0.337	0.103	-1.58933	0	-1.58132	350.069	0	348.341	0	0	-3.30597	
55.35	0.337	0.103	1.58959	0	1.58106	-350.113	0	-348.199	0	0	-3.30597	
55.36	0.337	0.103	-1.58933	0	-1.58132	350.069	0	348.341	0	0	-3.30597	
55.37	0.337	0.103	1.58959	0	1.58106	-350.113	0	-348.199	0	0	-3.30597	
55.38	0.337	0.103	-1.58933	0	-1.58132	350.069	0	348.341	0	0	-3.30597	
55.39	0.337	0.103	1.58959	0	1.58106	-350.113	0	-348.199	0	0	-3.30597	
55.4	0.337	0.103	-1.58933	0	-1.58132	350.069	0	348.341	0	0	-3.30597	
55.41	0.337	0.103	1.58959	0	1.58106	-350.113	0	-348.199	0	0	-3.30597	
55.42	0.337	0.103	-1.58933	0	-1.58132	350.069	0	348.341	0	0	-3.30597	
55.43	0.337	0.103	1.58959	0	1.58106	-350.113	0	-348.199	0	0	-3.30597	
55.44	0.337	0.103	-1.58933	0	-1.58132	350.069	0	348.341	0	0	-3.30597	
55.45	0.337	0.103	1.58959	0	1.58106	-350.113	0	-348.199	0	0	-3.30597	
55.46	0.337	0.103	-1.58933	0	-1.58132	350.069	0	348.341	0	0	-3.30597	
55.47	0.337	0.103	1.58959	0	1.58106	-350.113	0	-348.199	0	0	-3.30597	
55.48	0.337	0.103	-1.58933	0	-1.58132	350.069	0	348.341	0	0	-3.30597	
55.49	0.337	0.103	1.58959	0	1.58106	-350.113	0	-348.199	0	0	-3.30597	
55.5	0.337	0.103	-1.58933	0	-1.58132	350.069	0	348.341	0	0	-3.30597	
55.51	0.337	0.103	1.58959	0	1.58106	-350.113	0	-348.199	0	0	-3.30597	
55.52	0.337	0.103	-1.58933	0	-1.58132	350.069	0	348.341	0	0	-3.30597	
55.53	0.337	0.103	1.58959	0	1.58106	-350.113	0	-348.199	0	0	-3.30597	
55.54	0.337	0.103	-1.58933	0	-1.58132	350.069	0	348.341	0	0	-3.30597	
55.55	0.337	0.103	1.58959	0	1.58106	-350.113	0	-348.199	0	0	-3.30597	
55.56	0.337	0.103	-1.58933	0	-1.58132	350.069	0	348.341	0	0	-3.30597	
55.57	0.337	0.103	1.58959	0	1.58106	-350.113	0	-348.199	0	0	-3.30597	
55.58	0.337	0.103	-1.58933	0	-1.58132	350.069	0	348.341	0	0	-3.30597	
55.59	0.337	0.103	1.58959	0	1.58106	-350.113	0	-348.199	0	0	-3.30597	
55.6	0.337	0.103	-1.58933	0	-1.58132	350.069	0	348.341	0	0	-3.30597	
55.61	0.337	0.103	1.58959	0	1.58106	-350.113	0	-348.199	0	0	-3.30597	
55.62	0.337	0.103	-1.58933	0	-1.58132	350.069	0	348.341	0	0	-3.30597	
55.63	0.337	0.103	1.58959	0	1.58106	-350.113	0	-348.199	0	0	-3.30597	
55.64	0.337	0.103	-1.58933	0	-1.58132	350.069	0	348.341	0	0	-3.30597	
55.65	0.337	0.103	1.58959	0	1.58106	-350.113	0	-348.199	0	0	-3.30597	
55.66	0.337	0.103	-1.58933	0	-1.58132	350.069	0	348.341	0	0	-3.30597	
55.67	0.337	0.103	1.58959	0	1.58106	-350.113	0	-348.199	0	0	-3.30597	
55.68	0.337	0.103	-1.58933	0	-1.58132	350.069	0	348.341	0	0	-3.30597	
55.69	0.337	0.103	1.58959	0	1.58106	-350.113	0	-348.199	0	0	-3.30597	
55.7	0.337	0.103	-1.58933	0	-1.58132	350.069	0	348.341	0	0	-3.30597	
55.71	0.337	0.103	1.58959	0	1.58106	-350.113	0	-348.199	0	0	-3.30597	
55.72	0.337	0.103	-1.58933	0	-1.58132	350.069	0	348.341	0	0	-3.30597	
55.73	0.337	0.103	1.58959	0	1.58106	-350.113	0	-348.199	0	0	-3.30597	
55.74	0.337	0.103	-1.58933	0	-1.58132	350.069	0	348.341	0	0	-3.30597	
55.75	0.337	0.103	1.58959	0	1.58106	-350.113	0	-348.199	0	0	-3.30597	
55.76	0.337	0.103	-1.58933	0	-1.58132	350.069	0	348.341	0	0	-3.30597	
55.77	0.337	0.103	1.58959	0	1.58106	-350.113	0	-348.199	0	0	-3.30597	
55.78	0.337	0.103	-1.58933	0	-1.58132	350.069	0	348.341	0	0	-3.30597	
55.79	0.337	0.103	1.58959	0	1.58106	-350.113	0	-348.199	0	0	-3.30597	
55.8	0.337	0.103	-1.58933	0	-1.58132	350.069	0	348.341	0	0	-3.30597	
55.81	0.337	0.103	1.58959	0	1.58106	-350.113	0	-348.199	0	0	-3.30597	
55.82	0.337	0.103	-1.58933	0	-1.58132	350.069	0	348.341	0	0	-3.30597	
55.83	0.337	0.103	1.58959	0	1.58106	-350.113	0	-348.199	0	0	-3.30597	
55.84	0.337	0.103	-1.58933	0	-1.58132	350.069	0	348.341	0	0	-3.30597	
55.85	0.337	0.103	1.58959	0	1.58106	-350.113	0	-348.199	0	0	-3.30597	
55.86	0.337	0.103	-1.58933	0	-1.58132	350.069	0	348.341	0	0	-3.30597	
55.87	0.337	0.103	1.58959	0	1.58106	-350.113	0	-348.199	0	0	-3.30597	
55.88	0.337	0.103	-1.58933	0	-1.58132	350.069	0	348.341	0	0	-3.30597	
55.89	0.337	0.103	1.58959	0	1.58106	-350.113	0	-348.199	0	0	-3.30597	
55.9	0.337	0.103	-1.58933	0	-1.58132	350.069	0	348.341	0	0	-3.30597	
55.91	0.337	0.103	1.58959	0	1.58106	-350.113	0	-348.199	0	0	-3.30597	
55.92	0.337	0.103	-1.58933	0	-1.58132	350.069	0	348.341	0	0	-3.30597	
55.93	0.337	0.103	1.58959	0	1.58106	-350.113	0	-348.199	0	0	-3.30597	
55.94	0.337	0.103	-1.58933	0	-1.58132	350.069	0	348.341	0	0	-3.30597	
55.95	0.337	0.103	1.58959	0	1.58106	-350.113	0	-348.199	0	0	-3.30597	
55.96	0.337	0.103	-1.58933	0	-1.58132	350.069	0	348.341	0	0	-3.30597	
55.97	0.337	0.103	1.58959	0	1.58106	-350.113	0	-348.199	0	0	-3.30597	
55.98	0.337	0.103	-1.58933	0	-1.58132	350.069	0	348.341	0	0	-3.30597	
55.99	0.337	0.103	1.58959	0	1.58106	-350.113	0	-348.199	0	0	-3.30597	
56	0.337	0.103	-1.58933	0	-1.58132	350.069	0	348.341	0	0	-3.30597	
56.01	0.337	0.103	1.58959	0	1.58106	-350.113	0	-348.199	0	0	-3.30597	
56.02	0.337	0.103	-1.58933	0	-1.58132	350.069	0	348.341	0	0	-3.30597	
56.03	0.337	0.103	1.58959	0	1.58106	-350.113	0	-348.199	0	0	-3.30597	
56.04	0.337	0.103	-1.58933	0	-1.58132	350.069	0	348.341	0	0	-3.30597	
56.05	0.337	0.103	1.58959	0	1.58106	-350.113	0	-348.199	0	0	-3.30597	
56.06	0.337	0.103	-1.58933	0	-1.58132	350.069	0	348.341	0	0	-3.30597	
56.07	0.337	0.103	1.58959	0	1.58106	-350.113	0	-348.199	0	0	-3.30597	
56.08	0.337	0.103	-1.58933	0	-1.58132	350.069	0	348.341	0	0	-3.30597	
56.09	0.337	0.103	1.58959	0	1.58106	-350.113	0	-348.199	0	0	-3.30597	
56.1	0.337	0.103	-1.58933	0	-1.58132	350.069	0	348.341	0	0	-3.30597	
56.11	0.337	0.103	1.58959	0	1.58106	-350.113	0	-348.199	0	0	-3.30597	
56.12	0.337	0.103	-1.58933	0	-1.58132	350.069	0	348.341	0	0	-3.30597	
56.13	0.337	0.103	1.58959	0	1.58106	-350.113	0	-348.199	0	0	-3.30597	
56.14	0.337	0.103	-1.58933	0	-1.58132	350.069	0	348.341	0	0	-3.30597	
56.15	0.337	0.103	1.58959	0	1.58106	-350.113	0	-348.199	0	0	-3.30597	
56.16	0.337	0.103	-1.58933	0	-1.58132	350.069	0	348.341	0	0	-3.30597	
56.17	0.337	0.103	1.58959	0	1.58106	-350.113	0	-348.199	0	0	-3.30597	
56.18	0.337	0.103	-1.58933	0	-1.58132	350.069	0	348.341	0	0	-3.30597	
56.19	0.337	0.103	1.58959	0	1.58106	-350.113	0	-348.199	0	0	-3.30597	
56.2	0.337	0.103	-1.58933	0	-1.58132	350.069	0	348.341	0	0	-3.30597	
56.21	0.337	0.103	1.58959	0	1.58106	-350.113	0	-348.199	0	0	-3.30597	
56.22	0.337	0.103	-1.58933	0	-1.58132	350.069	0	348.341	0	0	-3.30597	
56.23	0.337	0.103	1.58959	0	1.58106	-350.113	0	-348.199	0	0	-3.30597	
56.24	0.337	0.103	-1.58933	0	-1.58132	350.069	0	348.341	0	0	-3.30597	
56.25	0.337	0.103	1.58959	0	1.58106	-350.113	0	-348.199	0	0	-3.30597	
56.26	0.337	0.103	-1.58933	0	-1.58132	350.069	0	348.341	0	0	-3.30597	
56.27	0.337	0.103	1.58959	0	1.58106	-350.113	0	-348.199	0	0	-3.30597	
56.28	0.337	0.103	-1.58933	0	-1.58132	350.069	0	348.341	0	0	-3.30597	
56.29	0.337	0.103	1.58959	0	1.58106	-350.113	0	-348.199	0	0	-3.30597	
56.3	0.337	0.103	-1.58933	0	-1.58132	350.069	0	348.341	0	0	-3.30597	
56.31	0.337	0.103	1.58959	0	1.58106	-350.113	0	-348.199	0	0	-3.30597	
56.32	0.337	0.103	-1.58933	0	-1.58132	350.069	0	348.341	0	0	-3.30597	
56.33	0.337	0.103	1.58959	0	1.58106	-350.113	0	-348.199	0	0	-3.30597	
56.34	0.337	0.103	-1.58933	0	-1.58132	350.069	0	348.341	0	0	-3.30597	
56.35	0.337	0.103	1.58959	0	1.58106	-350.113	0	-348.199	0	0	-3.30597	
56.36	0.337	0.103	-1.58933	0	-1.58132	350.069	0	348.341	0	0	-3.30597	
56.37	0.337	0.103	1.58959	0	1.58106	-350.113	0	-348.199	0	0	-3.30597	
56.38	0.337	0.103	-1.58933	0	-1.58132	350.069	0	348.341	0	0	-3.30597	
56.39	0.337	0.103	1.58959	0	1.58106	-350.113	0	-348.199	0	0	-3.30597	
56.4	0.337	0.103	-1.58933	0	-1.58132	350.069	0	348.341	0	0	-3.30597	
56.41	0.337	0.103	1.58959	0	1.58106	-350.113	0	-348.199	0	0	-3.30597	
56.42	0.337	0.103	-1.58933	0	-1.58132	350.069	0	348.341	0	0	-3.30597	
56.43	0.337	0.103	1.58959	0	1.58106	-350.113	0	-348.199	0	0	-3.30597	
56.44	0.337	0.103	-1.58933	0	-1.58132	350.069	0	348.341	0	0	-3.30597	
56.45	0.337	0.103	1.58959	0	1.58106	-350.113	0	-348.199	0	0	-3.30597	
56.46	0.337	0.103	-1.58933	0	-1.58132	350.069	0	348.341	0	0	-3.30597	
56.47	0.337	0.103	1.58959	0	1.58106	-350.113	0	-348.199	0	0	-3.30597	
56.48	0.337	0.103	-1.58933	0	-1.58132	350.069	0	348.341	0	0	-3.30597	
56.49	0.337	0.103	1.58959	0	1.58106	-350.113	0	-348.199	0	0	-3.30597	
56.5	0.337	0.103	-1.58933	0	-1.58132	350.069	0	348.341	0	0	-3.30597	
56.51	0.337	0.103	1.58959	0	1.58106	-350.113	0	-348.199	0	0	-3.30597	
56.52	0.337	0.103	-1.58933	0	-1.58132	350.069	0	348.341	0	0	-3.30597	
56.53	0.337	0.103	1.58959	0	1.58106	-350.113	0	-348.199	0	0	-3.30597	
56.54	0.337	0.103	-1.58933	0	-1.58132	350.069	0	348.341	0	0	-3.30597	
56.55	0.337	0.103	1.58959	0	1.58106	-350.113	0	-348.199	0	0	-3.30597	
56.56	0.337	0.103	-1.58933	0	-1.58132	350.069	0	348.341	0	0	-3.30597	
56.57	0.337	0.103	1.58959	0	1.58106	-350.113	0	-348.199	0	0	-3.30597	
56.58	0.337	0.103	-1.58933	0	-1.58132	350.069	0	348.341	0	0	-3.30597	
56.59	0.337	0.103	1.58959	0	1.58106	-350.113	0	-348.199	0	0	-3.30597	
56.6	0.337	0.103	-1.58933	0	-1.58132	350.069	0	348.341	0	0	-3.30597	
56.61	0.337	0.103	1.58959	0	1.58106	-350.113	0	-348.199	0	0	-3.30597	
56.62	0.337	0.103	-1.58933	0	-1.58132	350.069	0	348.341	0	0	-3.30597	
56.63	0.337	0.103	1.58959	0	1.58106	-350.113	0	-348.199	0	0	-3.30597	
56.64	0.337	0.103	-1.58933	0	-1.58132	350.069	0	348.341	0	0	-3.30597	
56.65	0.337	0.103	1.58959	0	1.58106	-350.113	0	-348.199	0	0	-3.30597	
56.66	0.337	0.103	-1.58933	0	-1.58132	350.069	0	348.341	0	0	-3.30597	
56.67	0.337	0.103	1.58959	0	1.58106	-350.113	0	-348.199	0	0	-3.30597	
56.68	0.337	0.103	-1.58933	0	-1.58132	350.069	0	348.341	0	0	-3.30597	
56.69	0.337	0.103	1.58959	0	1.58106	-350.113	0	-348.199	0	0	-3.30597	
56.7	0.337	0.103	-1.58933	0	-1.58132	350.069	0	348.341	0	0	-3.30597	
56.71	0.337	0.103	1.58959	0	1.58106	-350.113	0	-348.199	0	0	-3.30597	
56.72	0.337	0.103	-1.58933	0	-1.58132	350.069	0	348.341	0	0	-3.30597	
56.73	0.337	0.103	1.58959	0	1.58106	-350.113	0	-348.199	0	0	-3.30597	
56.74	0.337	0.103	-1.58933	0	-1.58132	350.069	0	348.341	0	0	-3.30597	
56.75	0.337	0.103	1.58959	0	1.58106	-350.113	0	-348.199	0	0	-3.30597	
56.76	0.337	0.103	-1.58933	0	-1.58132	350.069	0	348.341	0	0	-3.30597	
56.77	0.337	0.103	1.58959	0	1.58106	-350.113	0	-348.199	0	0	-3.30597	
56.78	0.337	0.103	-1.58933	0	-1.58132	350.069	0	348.341	0	0	-3.30597	
56.79	0.337	0.103	1.58959	0	1.58106	-350.113	0	-348.199	0	0	-3.30597	
56.8	0.337	0.103	-1.58933	0	-1.58132	350.069	0	348.341	0	0	-3.30597	
56.81	0.337	0.103	1.58959	0	1.58106	-350.113	0	-348.199	0	0	-3.30597	
56.82	0.337	0.103	-1.58933	0	-1.58132	350.069	0	348.341	0	0	-3.30597	
56.83	0.337	0.103	1.58959	0	1.58106	-350.113	0	-348.199	0	0	-3.30597	
56.84	0.337	0.103	-1.58933	0	-1.58132	350.069	0	348.341	0	0	-3.30597	
56.85	0.337	0.103	1.58959	0	1.58106	-350.113	0	-348.199	0	0	-3.30597	
56.86	0.337	0.103	-1.58933	0	-1.58132	350.069	0	348.341	0	0	-3.30597	
56.87	0.337	0.103	1.58959	0	1.58106	-350.113	0	-348.199	0	0	-3.30597	
56.88	0.337	0.103	-1.58933	0	-1.58132	350.069	0	348.341	0	0	-3.30597	
56.89	0.337	0.103	1.58959	0	1.58106	-350.113	0	-348.199	0	0	-3.30597	
56.9	0.337	0.103	-1.58933	0	-1.58132	350.069	0	348.341	0	0	-3.30597	
56.91	0.337	0.103	1.58959	0	1.58106	-350.113	0	-348.199	0	0	-3.30597	
56.92	0.337	0.103	-1.58933	0	-1.58132	350.069	0	348.341	0	0	-3.30597	
56.93	0.337	0.103	1.58959	0	1.58106	-350.113	0	-348.199	0	0	-3.30597	
56.94	0.337	0.103	-1.58933	0	-1.58132	350.069	0	348.341	0	0	-3.30597	
56.95	0.337	0.103	1.58959	0	1.58106	-350.113	0	-348.199	0	0	-3.30597	
56.96	0.337	0.103	-1.58933	0	-1.58132	350.069	0	348.341	0	0	-3.30597	
56.97	0.337	0.103	1.58959	0	1.58106	-350.113	0	-348.199	0	0	-3.30597	
56.98	0.337	0.103	-1.58933	0	-1.58132	350.069	0	348.341	0	0	-3.30597	
56.99	0.337	0.103	1.58959	0	1.58106	-350.113	0	-348.199	0	0	-3.30597	
57	0.337	0.103	-1.58933	0	-1.58132	350.069	0	348.341	0	0	-3.30597	
57.01	0.337	0.103	1.58959	0	1.58106	-350.113	0	-348.199	0	0	-3.30597	
57.02	0.337	0.103	-1.58933	0	-1.58132	350.069	0	348.341	0	0	-3.30597	
57.03	0.337	0.103	1.58959	0	1.58106	-350.113	0	-348.199	0	0	-3.30597	
57.04	0.337	0.103	-1.58933	0	-1.58132	350.069	0	348.341	0	0	-3.30597	
57.05	0.337	0.103	1.58959	0	1.58106	-350.113	0	-348.199	0	0	-3.30597	
57.06	0.337	0.103	-1.58933	0	-1.58132	350.069	0	348.341	0	0	-3.30597	
57.07	0.337	0.103	1.58959	0	1.58106	-350.113	0	-348.199	0	0	-3.30597	
57.08	0.337	0.103	-1.58933	0	-1.58132	350.069	0	348.341	0	0	-3.30597	
57.09	0.337	0.103	1.58959	0	1.58106	-350.113	0	-348.199	0	0	-3.30597	
57.1	0.337	0.103	-1.58933	0	-1.58132	350.069	0	348.341	0	0	-3.30597	
57.11	0.337	0.103	1.58959	0	1.58106	-350.113	0	-348.199	0	0	-3.30597	
57.12	0.337	0.103	-1.58933	0	-1.58132	350.069	0	348.341	0	0	-3.30597	
57.13	0.337	0.103	1.58959	0	1.58106	-350.113	0	-348.199	0	0	-3.30597	
57.14	0.337	0.103	-1.58933	0	-1.58132	350.069	0	348.341	0	0	-3.30597	
57.15	0.337	0.103	1.58959	0	1.58106	-350.113	0	-348.199	0	0	-3.30597	
57.16	0.337	0.103	-1.58933	0	-1.58132	350.069	0	348.341	0	0	-3.30597	
57.17	0.337	0.103	1.58959	0	1.58106	-350.113	0	-348.199	0	0	-3.30597	
57.18	0.337	0.103	-1.58933	0	-1.58132	350.069	0	348.341	0	0	-3.30597	
57.19	0.337	0.103	1.58959	0	1.58106	-350.113	0	-348.199	0	0	-3.30597	
57.2	0.337	0.103	-1.58933	0	-1.58132	350.069	0	348.341	0	0	-3.30597	
57.21	0.337	0.103	1.58959	0	1.58106	-350.113	0	-348.199	0	0	-3.30597	
57.22	0.337	0.103	-1.58933	0	-1.58132	350.069	0	348.341	0	0	-3.30597	
57.23	0.337	0.103	1.58959	0	1.58106	-350.112	0	-348.199	0	0	-3.30597	
57.24	0.337	0.103	-1.58933	0	-1.58132	350.069	0	348.341	0	0	-3.30597	
57.25	0.337	0.103	1.58959	0	1.58106	-350.112	0	-348.199	0	0	-3.30597	
57.26	0.337	0.103	-1.58933	0	-1.58132	350.069	0	348.341	0	0	-3.30597	
57.27	0.337	0.103	1.58959	0	1.58106	-350.112	0	-348.199	0	0	-3.30597	
57.28	0.337	0.103	-1.58933	0	-1.58132	350.069	0	348.341	0	0	-3.30597	
57.29	0.337	0.103	1.58959	0	1.58106	-350.112	0	-348.199	0	0	-3.30597	
57.3	0.337	0.103	-1.58933	0	-1.58132	350.069	0	348.341	0	0	-3.30597	
57.31	0.337	0.103	1.58959	0	1.58106	-350.112	0	-348.199	0	0	-3.30597	
57.32	0.337	0.103	-1.58933	0	-1.58132	350.069	0	348.341	0	0	-3.30597	
57.33	0.337	0.103	1.58959	0	1.58106	-350.112	0	-348.198	0	0	-3.30597	
57.34	0.337	0.103	-1.58933	0	-1.58132	350.069	0	348.341	0	0	-3.30597	
57.35	0.337	0.103	1.58959	0	1.58106	-350.112	0	-348.198	0	0	-3.30597	
57.36	0.337	0.103	-1.58933	0	-1.58132	350.069	0	348.341	0	0	-3.30597	
57.37	0.337	0.103	1.58959	0	1.58106	-350.112	0	-348.198	0	0	-3.30597	
57.38	0.337	0.103	-1.58933	0	-1.58132	350.069	0	348.341	0	0	-3.30597	
57.39	0.337	0.103	1.58959	0	1.58106	-350.112	0	-348.198	0	0	-3.30597	
57.4	0.337	0.103	-1.58933	0	-1.58132	350.069	0	348.341	0	0	-3.30597	
57.41	0.337	0.103	1.58959	0	1.58106	-350.112	0	-348.198	0	0	-3.30597	
57.42	0.337	0.103	-1.58933	0	-1.58132	350.069	0	348.341	0	0	-3.30597	
57.43	0.337	0.103	1.58959	0	1.58106	-350.112	0	-348.198	0	0	-3.30597	
57.44	0.337	0.103	-1.58933	0	-1.58132	350.069	0	348.341	0	0	-3.30597	
57.45	0.337	0.103	1.58959	0	1.58106	-350.112	0	-348.198	0	0	-3.30597	
57.46	0.337	0.103	-1.58933	0	-1.58132	350.069	0	348.341	0	0	-3.30597	
57.47	0.337	0.103	1.58959	0	1.58106	-350.112	0	-348.198	0	0	-3.30597	
57.48	0.337	0.103	-1.58933	0	-1.58132	350.069	0	348.341	0	0	-3.30597	
57.49	0.337	0.103	1.58959	0	1.58106	-350.112	0	-348.198	0	0	-3.30597	
57.5	0.337	0.103	-1.58933	0	-1.58132	350.069	0	348.341	0	0	-3.30597	
57.51	0.337	0.103	1.58959	0	1.58106	-350.112	0	-348.198	0	0	-3.30597	
57.52	0.337	0.103	-1.58933	0	-1.58132	350.069	0	348.341	0	0	-3.30597	
57.53	0.337	0.103	1.58959	0	1.58106	-350.112	0	-348.198	0	0	-3.30597	
57.54	0.337	0.103	-1.58933	0	-1.58132	350.069	0	348.341	0	0	-3.30597	
57.55	0.337	0.103	1.58959	0	1.58106	-350.112	0	-348.198	0	0	-3.30597	
57.56	0.337	0.103	-1.58933	0	-1.58132	350.069	0	348.341	0	0	-3.30597	
57.57	0.337	0.103	1.58959	0	1.58106	-350.112	0	-348.198	0	0	-3.30597	
57.58	0.337	0.103	-1.58933	0	-1.58132	350.069	0	348.341	0	0	-3.30597	
57.59	0.337	0.103	1.58959	0	1.58106	-350.112	0	-348.198	0	0	-3.30597	
57.6	0.337	0.103	-1.58933	0	-1.58132	350.069	0	348.341	0	0	-3.30597	
57.61	0.337	0.103	1.58959	0	1.58106	-350.112	0	-348.198	0	0	-3.30597	
57.62	0.337	0.103	-1.58933	0	-1.58132	350.069	0	348.341	0	0	-3.30597	
57.63	0.337	0.103	1.58959	0	1.58106	-350.112	0	-348.198	0	0	-3.30597	
57.64	0.337	0.103	-1.58933	0	-1.58132	350.069	0	348.341	0	0	-3.30597	
57.65	0.337	0.103	1.58959	0	1.58106	-350.112	0	-348.198	0	0	-3.30597	
57.66	0.337	0.103	-1.58933	0	-1.58132	350.069	0	348.341	0	0	-3.30597	
57.67	0.337	0.103	1.58959	0	1.58106	-350.112	0	-348.198	0	0	-3.30597	
57.68	0.337	0.103	-1.58933	0	-1.58132	350.069	0	348.341	0	0	-3.30597	
57.69	0.337	0.103	1.58959	0	1.58106	-350.112	0	-348.198	0	0	-3.30597	
57.7	0.337	0.103	-1.58933	0	-1.58132	350.069	0	348.341	0	0	-3.30597	
57.71	0.337	0.103	1.58959	0	1.58106	-350.112	0	-348.198	0	0	-3.30597	
57.72	0.337	0.103	-1.58933	0	-1.58132	350.068	0	348.341	0	0	-3.30597	
57.73	0.337	0.103	1.58959	0	1.58106	-350.112	0	-348.198	0	0	-3.30597	
57.74	0.337	0.103	-1.58933	0	-1.58132	350.068	0	348.341	0	0	-3.30597	
57.75	0.337	0.103	1.58959	0	1.58106	-350.112	0	-348.198	0	0	-3.30597	
57.76	0.337	0.103	-1.58933	0	-1.58132	350.068	0	348.34	0	0	-3.30597	
57.77	0.337	0.103	1.58959	0	1.58106	-350.112	0	-348.198	0	0	-3.30597	
57.78	0.337	0.103	-1.58933	0	-1.58132	350.068	0	348.34	0	0	-3.30597	
57.79	0.337	0.103	1.58959	0	1.58106	-350.112	0	-348.198	0	0	-3.30597	
57.8	0.337	0.103	-1.58933	0	-1.58132	350.068	0	348.34	0	0	-3.30597	
57.81	0.337	0.103	1.58959	0	1.58106	-350.112	0	-348.198	0	0	-3.30597	
57.82	0.337	0.103	-1.58933	0	-1.58132	350.068	0	348.34	0	0	-3.30597	
57.83	0.337	0.103	1.58959	0	1.58106	-350.112	0	-348.198	0	0	-3.30597	
57.84	0.337	0.103	-1.58933	0	-1.58132	350.068	0	348.34	0	0	-3.30597	
57.85	0.337	0.103	1.58959	0	1.58106	-350.112	0	-348.198	0	0	-3.30597	
57.86	0.337	0.103	-1.58933	0	-1.58132	350.068	0	348.34	0	0	-3.30597	
57.87	0.337	0.103	1.58959	0	1.58106	-350.112	0	-348.198	0	0	-3.30597	
57.88	0.337	0.103	-1.58933	0	-1.58132	350.068	0	348.34	0	0	-3.30597	
57.89	0.337	0.103	1.58959	0	1.58106	-350.112	0	-348.198	0	0	-3.30597	
57.9	0.337	0.103	-1.58933	0	-1.58132	350.068	0	348.34	0	0	-3.30597	
57.91	0.337	0.103	1.58959	0	1.58106	-350.112	0	-348.198	0	0	-3.30597	
57.92	0.337	0.103	-1.58933	0	-1.58132	350.068	0	348.34	0	0	-3.30597	
57.93	0.337	0.103	1.58959	0	1.58106	-350.112	0	-348.198	0	0	-3.30597	
57.94	0.337	0.103	-1.58933	0	-1.58132	350.068	0	348.34	0	0	-3.30597	
57.95	0.337	0.103	1.58959	0	1.58106	-350.112	0	-348.198	0	0	-3.30597	
57.96	0.337	0.103	-1.58933	0	-1.58132	350.068	0	348.34	0	0	-3.30597	
57.97	0.337	0.103	1.58959	0	1.58106	-350.112	0	-348.198	0	0	-3.30597	
57.98	0.337	0.103	-1.58933	0	-1.58132	350.068	0	348.34	0	0	-3.30597	
57.99	0.337	0.103	1.58959	0	1.58106	-350.112	0	-348.198	0	0	-3.30597	
58	0.337	0.103	-1.58933	0	-1.58132	350.068	0	348.34	0	0	-3.30597	
58.01	0.337	0.103	1.58959	0	1.58106	-350.112	0	-348.198	0	0	-3.30597	
58.02	0.337	0.103	-1.58933	0	-1.58132	350.068	0	348.34	0	0	-3.30597	
58.03	0.337	0.103	1.58959	0	1.58106	-350.112	0	-348.198	0	0	-3.30597	
58.04	0.337	0.103	-1.58933	0	-1.58132	350.068	0	348.34	0	0	-3.30597	
58.05	0.337	0.103	1.58959	0	1.58106	-350.112	0	-348.198	0	0	-3.30597	
58.06	0.337	0.103	-1.58933	0	-1.58132	350.068	0	348.34	0	0	-3.30597	
58.07	0.337	0.103	1.58959	0	1.58106	-350.112	0	-348.198	0	0	-3.30597	
58.08	0.337	0.103	-1.58933	0	-1.58132	350.068	0	348.34	0	0	-3.30597	
58.09	0.337	0.103	1.58959	0	1.58106	-350.112	0	-348.198	0	0	-3.30597	
58.1	0.337	0.103	-1.58933	0	-1.58132	350.068	0	348.34	0	0	-3.30597	
58.11	0.337	0.103	1.58959	0	1.58106	-350.112	0	-348.198	0	0	-3.30597	
58.12	0.337	0.103	-1.58933	0	-1.58132	350.068	0	348.34	0	0	-3.30597	
58.13	0.337	0.103	1.58959	0	1.58106	-350.112	0	-348.198	0	0	-3.30597	
58.14	0.337	0.103	-1.58933	0	-1.58132	350.068	0	348.34	0	0	-3.30597	
58.15	0.337	0.103	1.58959	0	1.58106	-350.112	0	-348.198	0	0	-3.30597	
58.16	0.337	0.103	-1.58933	0	-1.58132	350.068	0	348.34	0	0	-3.30597	
58.17	0.337	0.103	1.58959	0	1.58106	-350.112	0	-348.198	0	0	-3.30597	
58.18	0.337	0.103	-1.58933	0	-1.58132	350.068	0	348.34	0	0	-3.30597	
58.19	0.337	0.103	1.58959	0	1.58106	-350.112	0	-348.198	0	0	-3.30597	
58.2	0.337	0.103	-1.58933	0	-1.58132	350.068	0	348.34	0	0	-3.30597	
58.21	0.337	0.103	1.58959	0	1.58106	-350.112	0	-348.198	0	0	-3.30597	
58.22	0.337	0.103	-1.58933	0	-1.58132	350.068	0	348.34	0	0	-3.30597	
58.23	0.337	0.103	1.58959	0	1.58106	-350.112	0	-348.198	0	0	-3.30597	
58.24	0.337	0.103	-1.58933	0	-1.58132	350.068	0	348.34	0	0	-3.30597	
58.25	0.337	0.103	1.58959	0	1.58106	-350.112	0	-348.198	0	0	-3.30597	
58.26	0.337	0.103	-1.58933	0	-1.58132	350.068	0	348.34	0	0	-3.30597	
58.27	0.337	0.103	1.58959	0	1.58106	-350.112	0	-348.198	0	0	-3.30597	
58.28	0.337	0.103	-1.58933	0	-1.58132	350.068	0	348.34	0	0	-3.30597	
58.29	0.337	0.103	1.58959	0	1.58106	-350.112	0	-348.198	0	0	-3.30597	
58.3	0.337	0.103	-1.58933	0	-1.58132	350.068	0	348.34	0	0	-3.30597	
58.31	0.337	0.103	1.58959	0	1.58106	-350.112	0	-348.198	0	0	-3.30597	
58.32	0.337	0.103	-1.58933	0	-1.58132	350.068	0	348.34	0	0	-3.30597	
58.33	0.337	0.103	1.58959	0	1.58106	-350.112	0	-348.198	0	0	-3.30597	
58.34	0.337	0.103	-1.58933	0	-1.58132	350.068	0	348.34	0	0	-3.30597	
58.35	0.337	0.103	1.58959	0	1.58106	-350.112	0	-348.198	0	0	-3.30597	
58.36	0.337	0.103	-1.58933	0	-1.58132	350.068	0	348.34	0	0	-3.30597	
58.37	0.337	0.103	1.58959	0	1.58106	-350.112	0	-348.198	0	0	-3.30597	
58.38	0.337	0.103	-1.58933	0	-1.58132	350.068	0	348.34	0	0	-3.30597	
58.39	0.337	0.103	1.58959	0	1.58106	-350.112	0	-348.198	0	0	-3.30597	
58.4	0.337	0.103	-1.58933	0	-1.58132	350.068	0	348.34	0	0	-3.30597	
58.41	0.337	0.103	1.58959	0	1.58106	-350.112	0	-348.198	0	0	-3.30597	
58.42	0.337	0.103	-1.58933	0	-1.58132	350.068	0	348.34	0	0	-3.30597	
58.43	0.337	0.103	1.58959	0	1.58106	-350.112	0	-348.198	0	0	-3.30597	
58.44	0.337	0.103	-1.58933	0	-1.58132	350.068	0	348.34	0	0	-3.30597	
58.45	0.337	0.103	1.58959	0	1.58106	-350.112	0	-348.198	0	0	-3.30597	
58.46	0.337	0.103	-1.58933	0	-1.58132	350.068	0	348.34	0	0	-3.30597	
58.47	0.337	0.103	1.58959	0	1.58106	-350.112	0	-348.198	0	0	-3.30597	
58.48	0.337	0.103	-1.58933	0	-1.58132	350.068	0	348.34	0	0	-3.30597	
58.49	0.337	0.103	1.58959	0	1.58106	-350.112	0	-348.198	0	0	-3.30597	
58.5	0.337	0.103	-1.58933	0	-1.58132	350.068	0	348.34	0	0	-3.30597	
58.51	0.337	0.103	1.58959	0	1.58106	-350.112	0	-348.198	0	0	-3.30597	
58.52	0.337	0.103	-1.58933	0	-1.58132	350.068	0	348.34	0	0	-3.30597	
58.53	0.337	0.103	1.58959	0	1.58106	-350.112	0	-348.198	0	0	-3.30597	
58.54	0.337	0.103	-1.58933	0	-1.58132	350.068	0	348.34	0	0	-3.30597	
58.55	0.337	0.103	1.58959	0	1.58106	-350.112	0	-348.198	0	0	-3.30597	
58.56	0.337	0.103	-1.58933	0	-1.58132	350.068	0	348.34	0	0	-3.30597	
58.57	0.337	0.103	1.58959	0	1.58106	-350.112	0	-348.198	0	0	-3.30597	
58.58	0.337	0.103	-1.58933	0	-1.58132	350.068	0	348.34	0	0	-3.30597	
58.59	0.337	0.103	1.58959	0	1.58106	-350.112	0	-348.198	0	0	-3.30597	
58.6	0.337	0.103	-1.58933	0	-1.58132	350.068	0	348.34	0	0	-3.30597	
58.61	0.337	0.103	1.58959	0	1.58106	-350.112	0	-348.198	0	0	-3.30597	
58.62	0.337	0.103	-1.58933	0	-1.58132	350.068	0	348.34	0	0	-3.30597	
58.63	0.337	0.103	1.58959	0	1.58106	-350.112	0	-348.198	0	0	-3.30597	
58.64	0.337	0.103	-1.58933	0	-1.58132	350.068	0	348.34	0	0	-3.30597	
58.65	0.337	0.103	1.58959	0	1.58106	-350.112	0	-348.198	0	0	-3.30597	
58.66	0.337	0.103	-1.58933	0	-1.58132	350.068	0	348.34	0	0	-3.30597	
58.67	0.337	0.103	1.58959	0	1.58106	-350.112	0	-348.198	0	0	-3.30597	
58.68	0.337	0.103	-1.58933	0	-1.58132	350.068	0	348.34	0	0	-3.30597	
58.69	0.337	0.103	1.58959	0	1.58106	-350.112	0	-348.198	0	0	-3.30597	
58.7	0.337	0.103	-1.58933	0	-1.58132	350.068	0	348.34	0	0	-3.30597	
58.71	0.337	0.103	1.58959	0	1.58106	-350.112	0	-348.198	0	0	-3.30597	
58.72	0.337	0.103	-1.58933	0	-1.58132	350.068	0	348.34	0	0	-3.30597	
58.73	0.337	0.103	1.58959	0	1.58106	-350.112	0	-348.198	0	0	-3.30597	
58.74	0.337	0.103	-1.58933	0	-1.58132	350.068	0	348.34	0	0	-3.30597	
58.75	0.337	0.103	1.58959	0	1.58106	-350.112	0	-348.198	0	0	-3.30597	
58.76	0.337	0.103	-1.58933	0	-1.58132	350.068	0	348.34	0	0	-3.30597	
58.77	0.337	0.103	1.58959	0	1.58106	-350.112	0	-348.198	0	0	-3.30597	
58.78	0.337	0.103	-1.58933	0	-1.58132	350.068	0	348.34	0	0	-3.30597	
58.79	0.337	0.103	1.58959	0	1.58106	-350.112	0	-348.198	0	0	-3.30597	
58.8	0.337	0.103	-1.58933	0	-1.58132	350.068	0	348.34	0	0	-3.30597	
58.81	0.337	0.103	1.58959	0	1.58106	-350.112	0	-348.198	0	0	-3.30597	
58.82	0.337	0.103	-1.58933	0	-1.58132	350.068	0	348.34	0	0	-3.30597	
58.83	0.337	0.103	1.58959	0	1.58106	-350.112	0	-348.198	0	0	-3.30597	
58.84	0.337	0.103	-1.58933	0	-1.58132	350.068	0	348.34	0	0	-3.30597	
58.85	0.337	0.103	1.58959	0	1.58106	-350.112	0	-348.198	0	0	-3.30597	
58.86	0.337	0.103	-1.58933	0	-1.58132	350.068	0	348.34	0	0	-3.30597	
58.87	0.337	0.103	1.58959	0	1.58106	-350.112	0	-348.198	0	0	-3.30597	
58.88	0.337	0.103	-1.58933	0	-1.58132	350.068	0	348.34	0	0	-3.30597	
58.89	0.337	0.103	1.58959	0	1.58106	-350.112	0	-348.198	0	0	-3.30597	
58.9	0.337	0.103	-1.58933	0	-1.58132	350.068	0	348.34	0	0	-3.30597	
58.91	0.337	0.103	1.58959	0	1.58106	-350.112	0	-348.198	0	0	-3.30597	
58.92	0.337	0.103	-1.58933	0	-1.58132	350.068	0	348.34	0	0	-3.30597	
58.93	0.337	0.103	1.58959	0	1.58106	-350.112	0	-348.198	0	0	-3.30597	
58.94	0.337	0.103	-1.58933	0	-1.58132	350.068	0	348.34	0	0	-3.30597	
58.95	0.337	0.103	1.58959	0	1.58106	-350.112	0	-348.198	0	0	-3.30597	
58.96	0.337	0.103	-1.58933	0	-1.58132	350.068	0	348.34	0	0	-3.30597	
58.97	0.337	0.103	1.58959	0	1.58106	-350.112	0	-348.198	0	0	-3.30597	
58.98	0.337	0.103	-1.58933	0	-1.58132	350.068	0	348.34	0	0	-3.30597	
58.99	0.337	0.103	1.58959	0	1.58106	-350.112	0	-348.198	0	0	-3.30597	
59	0.337	0.103	-1.58933	0	-1.58132	350.068	0	348.34	0	0	-3.30597	
59.01	0.337	0.103	1.58959	0	1.58106	-350.112	0	-348.198	0	0	-3.30597	
59.02	0.337	0.103	-1.58933	0	-1.58132	350.068	0	348.34	0	0	-3.30597	
59.03	0.337	0.103	1.58959	0	1.58106	-350.112	0	-348.198	0	0	-3.30597	
59.04	0.337	0.103	-1.58933	0	-1.58132	350.068	0	348.34	0	0	-3.30597	
59.05	0.337	0.103	1.58959	0	1.58106	-350.112	0	-348.198	0	0	-3.30597	
59.06	0.337	0.103	-1.58933	0	-1.58132	350.068	0	348.34	0	0	-3.30597	
59.07	0.337	0.103	1.58959	0	1.58106	-350.112	0	-348.198	0	0	-3.30597	
59.08	0.337	0.103	-1.58933	0	-1.58132	350.068	0	348.34	0	0	-3.30597	
59.09	0.337	0.103	1.58959	0	1.58106	-350.112	0	-348.198	0	0	-3.30597	
59.1	0.337	0.103	-1.58933	0	-1.58132	350.068	0	348.34	0	0	-3.30597	
59.11	0.337	0.103	1.58959	0	1.58106	-350.112	0	-348.198	0	0	-3.30597	
59.12	0.337	0.103	-1.58933	0	-1.58132	350.068	0	348.34	0	0	-3.30597	
59.13	0.337	0.103	1.58959	0	1.58106	-350.112	0	-348.198	0	0	-3.30597	
59.14	0.337	0.103	-1.58933	0	-1.58132	350.068	0	348.34	0	0	-3.30597	
59.15	0.337	0.103	1.58959	0	1.58106	-350.112	0	-348.198	0	0	-3.30597	
59.16	0.337	0.103	-1.58933	0	-1.58132	350.068	0	348.34	0	0	-3.30597	
59.17	0.337	0.103	1.58959	0	1.58106	-350.112	0	-348.198	0	0	-3.30597	
59.18	0.337	0.103	-1.58933	0	-1.58132	350.068	0	348.34	0	0	-3.30597	
59.19	0.337	0.103	1.58959	0	1.58106	-350.112	0	-348.198	0	0	-3.30597	
59.2	0.337	0.103	-1.58933	0	-1.58132	350.068	0	348.34	0	0	-3.30597	
59.21	0.337	0.103	1.58959	0	1.58106	-350.112	0	-348.198	0	0	-3.30597	
59.22	0.337	0.103	-1.58933	0	-1.58132	350.068	0	348.34	0	0	-3.30597	
59.23	0.337	0.103	1.58959	0	1.58106	-350.112	0	-348.198	0	0	-3.30597	
59.24	0.337	0.103	-1.58933	0	-1.58132	350.068	0	348.34	0	0	-3.30597	
59.25	0.337	0.103	1.58959	0	1.58106	-350.112	0	-348.198	0	0	-3.30597	
59.26	0.337	0.103	-1.58933	0	-1.58132	350.068	0	348.34	0	0	-3.30597	
59.27	0.337	0.103	1.58959	0	1.58106	-350.112	0	-348.198	0	0	-3.30597	
59.28	0.337	0.103	-1.58933	0	-1.58132	350.068	0	348.34	0	0	-3.30597	
59.29	0.337	0.103	1.58959	0	1.58106	-350.112	0	-348.198	0	0	-3.30597	
59.3	0.337	0.103	-1.58933	0	-1.58132	350.068	0	348.34	0	0	-3.30597	
59.31	0.337	0.103	1.58959	0	1.58106	-350.112	0	-348.198	0	0	-3.30597	
59.32	0.337	0.103	-1.58933	0	-1.58132	350.068	0	348.34	0	0	-3.30597	
59.33	0.337	0.103	1.58959	0	1.58106	-350.112	0	-348.198	0	0	-3.30597	
59.34	0.337	0.103	-1.58933	0	-1.58132	350.068	0	348.34	0	0	-3.30597	
59.35	0.337	0.103	1.58959	0	1.58106	-350.112	0	-348.198	0	0	-3.30597	
59.36	0.337	0.103	-1.58933	0	-1.58132	350.068	0	348.34	0	0	-3.30597	
59.37	0.337	0.103	1.58959	0	1.58106	-350.112	0	-348.198	0	0	-3.30597	
59.38	0.337	0.103	-1.58933	0	-1.58132	350.068	0	348.34	0	0	-3.30597	
59.39	0.337	0.103	1.58959	0	1.58106	-350.112	0	-348.198	0	0	-3.30597	
59.4	0.337	0.103	-1.58933	0	-1.58132	350.068	0	348.34	0	0	-3.30597	
59.41	0.337	0.103	1.58959	0	1.58106	-350.112	0	-348.198	0	0	-3.30597	
59.42	0.337	0.103	-1.58933	0	-1.58132	350.068	0	348.34	0	0	-3.30597	
59.43	0.337	0.103	1.58959	0	1.58106	-350.112	0	-348.198	0	0	-3.30597	
59.44	0.337	0.103	-1.58933	0	-1.58132	350.068	0	348.34	0	0	-3.30597	
59.45	0.337	0.103	1.58959	0	1.58106	-350.112	0	-348.198	0	0	-3.30597	
59.46	0.337	0.103	-1.58933	0	-1.58132	350.068	0	348.34	0	0	-3.30597	
59.47	0.337	0.103	1.58959	0	1.58106	-350.112	0	-348.198	0	0	-3.30597	
59.48	0.337	0.103	-1.58933	0	-1.58132	350.068	0	348.34	0	0	-3.30597	
59.49	0.337	0.103	1.58959	0	1.58106	-350.112	0	-348.198	0	0	-3.30597	
59.5	0.337	0.103	-1.58933	0	-1.58132	350.068	0	348.34	0	0	-3.30597	
59.51	0.337	0.103	1.58959	0	1.58106	-350.112	0	-348.198	0	0	-3.30597	
59.52	0.337	0.103	-1.58933	0	-1.58132	350.068	0	348.34	0	0	-3.30597	
59.53	0.337	0.103	1.58959	0	1.58106	-350.112	0	-348.198	0	0	-3.30597	
59.54	0.337	0.103	-1.58933	0	-1.58132	350.068	0	348.34	0	0	-3.30597	
59.55	0.337	0.103	1.58959	0	1.58106	-350.112	0	-348.198	0	0	-3.30597	
59.56	0.337	0.103	-1.58933	0	-1.58132	350.068	0	348.34	0	0	-3.30597	
59.57	0.337	0.103	1.58959	0	1.58106	-350.112	0	-348.198	0	0	-3.30597	
59.58	0.337	0.103	-1.58933	0	-1.58132	350.068	0	348.34	0	0	-3.30597	
59.59	0.337	0.103	1.58959	0	1.58106	-350.112	0	-348.198	0	0	-3.30597	
59.6	0.337	0.103	-1.58933	0	-1.58132	350.068	0	348.34	0	0	-3.30597	
59.61	0.337	0.103	1.58959	0	1.58106	-350.112	0	-348.198	0	0	-3.30597	
59.62	0.337	0.103	-1.58933	0	-1.58132	350.068	0	348.34	0	0	-3.30597	
59.63	0.337	0.103	1.58959	0	1.58106	-350.112	0	-348.198	0	0	-3.30597	
59.64	0.337	0.103	-1.58933	0	-1.58132	350.068	0	348.34	0	0	-3.30597	
59.65	0.337	0.103	1.58959	0	1.58106	-350.112	0	-348.198	0	0	-3.30597	
59.66	0.337	0.103	-1.58933	0	-1.58132	350.068	0	348.34	0	0	-3.30597	
59.67	0.337	0.103	1.58959	0	1.58106	-350.112	0	-348.198	0	0	-3.30597	
59.68	0.337	0.103	-1.58933	0	-1.58132	350.068	0	348.34	0	0	-3.30597	
59.69	0.337	0.103	1.58959	0	1.58106	-350.112	0	-348.198	0	0	-3.30597	
59.7	0.337	0.103	-1.58933	0	-1.58132	350.068	0	348.34	0	0	-3.30597	
59.71	0.337	0.103	1.58959	0	1.58106	-350.112	0	-348.198	0	0	-3.30597	
59.72	0.337	0.103	-1.58933	0	-1.58132	350.068	0	348.34	0	0	-3.30597	
59.73	0.337	0.103	1.58959	0	1.58106	-350.112	0	-348.198	0	0	-3.30597	
59.74	0.337	0.103	-1.58933	0	-1.58132	350.068	0	348.34	0	0	-3.30597	
59.75	0.337	0.103	1.58959	0	1.58106	-350.112	0	-348.198	0	0	-3.30597	
59.76	0.337	0.103	-1.58933	0	-1.58132	350.068	0	348.34	0	0	-3.30597	
59.77	0.337	0.103	1.58959	0	1.58106	-350.112	0	-348.198	0	0	-3.30597	
59.78	0.337	0.103	-1.58933	0	-1.58132	350.068	0	348.34	0	0	-3.30597	
59.79	0.337	0.103	1.58959	0	1.58106	-350.112	0	-348.198	0	0	-3.30597	
59.8	0.337	0.103	-1.58933	0	-1.58132	350.068	0	348.34	0	0	-3.30597	
59.81	0.337	0.103	1.58959	0	1.58106	-350.112	0	-348.198	0	0	-3.30597	
59.82	0.337	0.103	-1.58933	0	-1.58132	350.068	0	348.34	0	0	-3.30597	
59.83	0.337	0.103	1.58959	0	1.58106	-350.112	0	-348.198	0	0	-3.30597	
59.84	0.337	0.103	-1.58933	0	-1.58132	350.068	0	348.34	0	0	-3.30597	
59.85	0.337	0.103	1.58959	0	1.58106	-350.112	0	-348.198	0	0	-3.30597	
59.86	0.337	0.103	-1.58933	0	-1.58132	350.068	0	348.34	0	0	-3.30597	
59.87	0.337	0.103	1.58959	0	1.58106	-350.112	0	-348.198	0	0	-3.30597	
59.88	0.337	0.103	-1.58933	0	-1.58132	350.068	0	348.34	0	0	-3.30597	
59.89	0.337	0.103	1.58959	0	1.58106	-350.112	0	-348.198	0	0	-3.30597	
59.9	0.337	0.103	-1.58933	0	-1.58132	350.068	0	348.34	0	0	-3.30597	
59.91	0.337	0.103	1.58959	0	1.58106	-350.112	0	-348.198	0	0	-3.30597	
59.92	0.337	0.103	-1.58933	0	-1.58132	350.068	0	348.34	0	0	-3.30597	
59.93	0.337	0.103	1.58959	0	1.58106	-350.112	0	-348.198	0	0	-3.30597	
59.94	0.337	0.103	-1.58933	0	-1.58132	350.068	0	348.34	0	0	-3.30597	
59.95	0.337	0.103	1.58959	0	1.58106	-350.112	0	-348.198	0	0	-3.30597	
59.96	0.337	0.103	-1.58933	0	-1.58132	350.068	0	348.34	0	0	-3.30597	
59.97	0.337	0.103	1.58959	0	1.58106	-350.112	0	-348.198	0	0	-3.30597	
59.98	0.337	0.103	-1.58933	0	-1.58132	350.068	0	348.34	0	0	-3.30597	
59.99	0.337	0.103	1.58959	0	1.58106	-350.112	0	-348.198	0	0	-3.30597	
60	0.337	0.103	-1.58933	0	-1.58132	350.068	0	348.34	0	0	-3.30597	
60.01	0.337	0.103	1.58959	0	1.58106	-350.112	0	-348.198	0	0	-3.30597	
60.02	0.337	0.103	-1.58933	0	-1.58132	350.068	0	348.34	0	0	-3.30597	
60.03	0.337	0.103	1.58959	0	1.58106	-350.111	0	-348.198	0	0	-3.30597	
60.04	0.337	0.103	-1.58933	0	-1.58132	350.068	0	348.34	0	0	-3.30597	
60.05	0.337	0.103	1.58959	0	1.58106	-350.111	0	-348.198	0	0	-3.30597	
60.06	0.337	0.103	-1.58933	0	-1.58132	350.068	0	348.34	0	0	-3.30597	
60.07	0.337	0.103	1.58959	0	1.58106	-350.111	0	-348.198	0	0	-3.30597	
60.08	0.337	0.103	-1.58933	0	-1.58132	350.068	0	348.34	0	0	-3.30597	
60.09	0.337	0.103	1.58959	0	1.58106	-350.111	0	-348.198	0	0	-3.30597	
60.1	0.337	0.103	-1.58933	0	-1.58132	350.068	0	348.34	0	0	-3.30597	
60.11	0.337	0.103	1.58959	0	1.58106	-350.111	0	-348.198	0	0	-3.30597	
60.12	0.337	0.103	-1.58933	0	-1.58132	350.068	0	348.34	0	0	-3.30597	
60.13	0.337	0.103	1.58959	0	1.58106	-350.111	0	-348.197	0	0	-3.30597	
60.14	0.337	0.103	-1.58933	0	-1.58132	350.068	0	348.34	0	0	-3.30597	
60.15	0.337	0.103	1.58959	0	1.58106	-350.111	0	-348.197	0	0	-3.30597	
60.16	0.337	0.103	-1.58933	0	-1.58132	350.068	0	348.34	0	0	-3.30597	
60.17	0.337	0.103	1.58959	0	1.58106	-350.111	0	-348.197	0	0	-3.30597	
60.18	0.337	0.103	-1.58933	0	-1.58132	350.068	0	348.34	0	0	-3.30597	
60.19	0.337	0.103	1.58959	0	1.58106	-350.111	0	-348.197	0	0	-3.30597	
60.2	0.337	0.103	-1.58933	0	-1.58132	350.068	0	348.34	0	0	-3.30597	
60.21	0.337	0.103	1.58959	0	1.58106	-350.111	0	-348.197	0	0	-3.30597	
60.22	0.337	0.103	-1.58933	0	-1.58132	350.068	0	348.34	0	0	-3.30597	
60.23	0.337	0.103	1.58959	0	1.58106	-350.111	0	-348.197	0	0	-3.30597	
60.24	0.337	0.103	-1.58933	0	-1.58132	350.068	0	348.34	0	0	-3.30597	
60.25	0.337	0.103	1.58959	0	1.58106	-350.111	0	-348.197	0	0	-3.30597	
60.26	0.337	0.103	-1.58933	0	-1.58132	350.068	0	348.34	0	0	-3.30597	
60.27	0.337	0.103	1.58959	0	1.58106	-350.111	0	-348.197	0	0	-3.30597	
60.28	0.337	0.103	-1.58933	0	-1.58132	350.068	0	348.34	0	0	-3.30597	
60.29	0.337	0.103	1.58959	0	1.58106	-350.111	0	-348.197	0	0	-3.30597	
60.3	0.337	0.103	-1.58933	0	-1.58132	350.068	0	348.34	0	0	-3.30597	
60.31	0.337	0.103	1.58959	0	1.58106	-350.111	0	-348.197	0	0	-3.30597	
60.32	0.337	0.103	-1.58933	0	-1.58132	350.068	0	348.34	0	0	-3.30597	
60.33	0.337	0.103	1.58959	0	1.58106	-350.111	0	-348.197	0	0	-3.30597	
60.34	0.337	0.103	-1.58933	0	-1.58132	350.068	0	348.34	0	0	-3.30597	
60.35	0.337	0.103	1.58959	0	1.58106	-350.111	0	-348.197	0	0	-3.30597	
60.36	0.337	0.103	-1.58933	0	-1.58132	350.068	0	348.34	0	0	-3.30597	
60.37	0.337	0.103	1.58959	0	1.58106	-350.111	0	-348.197	0	0	-3.30597	
60.38	0.337	0.103	-1.58933	0	-1.58132	350.068	0	348.34	0	0	-3.30597	
60.39	0.337	0.103	1.58959	0	1.58106	-350.111	0	-348.197	0	0	-3.30597	
60.4	0.337	0.103	-1.58933	0	-1.58132	350.068	0	348.34	0	0	-3.30597	
60.41	0.337	0.103	1.58959	0	1.58106	-350.111	0	-348.197	0	0	-3.30597	
60.42	0.337	0.103	-1.58933	0	-1.58132	350.068	0	348.34	0	0	-3.30597	
60.43	0.337	0.103	1.58959	0	1.58106	-350.111	0	-348.197	0	0	-3.30597	
60.44	0.337	0.103	-1.58933	0	-1.58132	350.068	0	348.34	0	0	-3.30597	
60.45	0.337	0.103	1.58959	0	1.58106	-350.111	0	-348.197	0	0	-3.30597	
60.46	0.337	0.103	-1.58933	0	-1.58132	350.068	0	348.34	0	0	-3.30597	
60.47	0.337	0.103	1.58959	0	1.58106	-350.111	0	-348.197	0	0	-3.30597	
60.48	0.337	0.103	-1.58933	0	-1.58132	350.068	0	348.34	0	0	-3.30597	
60.49	0.337	0.103	1.58959	0	1.58106	-350.111	0	-348.197	0	0	-3.30597	
60.5	0.337	0.103	-1.58933	0	-1.58132	350.067	0	348.34	0	0	-3.30597	
60.51	0.337	0.103	1.58959	0	1.58106	-350.111	0	-348.197	0	0	-3.30597	
60.52	0.337	0.103	-1.58933	0	-1.58132	350.067	0	348.34	0	0	-3.30597	
60.53	0.337	0.103	1.58959	0	1.58106	-350.111	0	-348.197	0	0	-3.30597	
60.54	0.337	0.103	-1.58933	0	-1.58132	350.067	0	348.34	0	0	-3.30597	
60.55	0.337	0.103	1.58959	0	1.58106	-350.111	0	-348.197	0	0	-3.30597	
60.56	0.337	0.103	-1.58933	0	-1.58132	350.067	0	348.339	0	0	-3.30597	
60.57	0.337	0.103	1.58959	0	1.58106	-350.111	0	-348.197	0	0	-3.30597	
60.58	0.337	0.103	-1.58933	0	-1.58132	350.067	0	348.339	0	0	-3.30597	
60.59	0.337	0.103	1.58959	0	1.58106	-350.111	0	-348.197	0	0	-3.30597	
60.6	0.337	0.103	-1.58933	0	-1.58132	350.067	0	348.339	0	0	-3.30597	
60.61	0.337	0.103	1.58959	0	1.58106	-350.111	0	-348.197	0	0	-3.30597	
60.62	0.337	0.103	-1.58933	0	-1.58132	350.067	0	348.339	0	0	-3.30597	
60.63	0.337	0.103	1.58959	0	1.58106	-350.111	0	-348.197	0	0	-3.30597	
60.64	0.337	0.103	-1.58933	0	-1.58132	350.067	0	348.339	0	0	-3.30597	
60.65	0.337	0.103	1.58959	0	1.58106	-350.111	0	-348.197	0	0	-3.30597	
60.66	0.337	0.103	-1.58933	0	-1.58132	350.067	0	348.339	0	0	-3.30597	
60.67	0.337	0.103	1.58959	0	1.58106	-350.111	0	-348.197	0	0	-3.30597	
60.68	0.337	0.103	-1.58933	0	-1.58132	350.067	0	348.339	0	0	-3.30597	
60.69	0.337	0.103	1.58959	0	1.58106	-350.111	0	-348.197	0	0	-3.30597	
60.7	0.337	0.103	-1.58933	0	-1.58132	350.067	0	348.339	0	0	-3.30597	
60.71	0.337	0.103	1.58959	0	1.58106	-350.111	0	-348.197	0	0	-3.30597	
60.72	0.337	0.103	-1.58933	0	-1.58132	350.067	0	348.339	0	0	-3.30597	
60.73	0.337	0.103	1.58959	0	1.58106	-350.111	0	-348.197	0	0	-3.30597	
60.74	0.337	0.103	-1.58933	0	-1.58132	350.067	0	348.339	0	0	-3.30597	
60.75	0.337	0.103	1.58959	0	1.58106	-350.111	0	-348.197	0	0	-3.30597	
60.76	0.337	0.103	-1.58933	0	-1.58132	350.067	0	348.339	0	0	-3.30597	
60.77	0.337	0.103	1.58959	0	1.58106	-350.111	0	-348.197	0	0	-3.30597	
60.78	0.337	0.103	-1.58933	0	-1.58132	350.067	0	348.339	0	0	-3.30597	
60.79	0.337	0.103	1.58959	0	1.58106	-350.111	0	-348.197	0	0	-3.30597	
60.8	0.337	0.103	-1.58933	0	-1.58132	350.067	0	348.339	0	0	-3.30597	
60.81	0.337	0.103	1.58959	0	1.58106	-350.111	0	-348.197	0	0	-3.30597	
60.82	0.337	0.103	-1.58933	0	-1.58132	350.067	0	348.339	0	0	-3.30597	
60.83	0.337	0.103	1.58959	0	1.58106	-350.111	0	-348.197	0	0	-3.30597	
60.84	0.337	0.103	-1.58933	0	-1.58132	350.067	0	348.339	0	0	-3.30597	
60.85	0.337	0.103	1.58959	0	1.58106	-350.111	0	-348.197	0	0	-3.30597	
60.86	0.337	0.103	-1.58933	0	-1.58132	350.067	0	348.339	0	0	-3.30597	
60.87	0.337	0.103	1.58959	0	1.58106	-350.111	0	-348.197	0	0	-3.30597	
60.88	0.337	0.103	-1.58933	0	-1.58132	350.067	0	348.339	0	0	-3.30597	
60.89	0.337	0.103	1.58959	0	1.58106	-350.111	0	-348.197	0	0	-3.30597	
60.9	0.337	0.103	-1.58933	0	-1.58132	350.067	0	348.339	0	0	-3.30597	
60.91	0.337	0.103	1.58959	0	1.58106	-350.111	0	-348.197	0	0	-3.30597	
60.92	0.337	0.103	-1.58933	0	-1.58132	350.067	0	348.339	0	0	-3.30597	
60.93	0.337	0.103	1.58959	0	1.58106	-350.111	0	-348.197	0	0	-3.30597	
60.94	0.337	0.103	-1.58933	0	-1.58132	350.067	0	348.339	0	0	-3.30597	
60.95	0.337	0.103	1.58959	0	1.58106	-350.111	0	-348.197	0	0	-3.30597	
60.96	0.337	0.103	-1.58933	0	-1.58132	350.067	0	348.339	0	0	-3.30597	
60.97	0.337	0.103	1.58959	0	1.58106	-350.111	0	-348.197	0	0	-3.30597	
60.98	0.337	0.103	-1.58933	0	-1.58132	350.067	0	348.339	0	0	-3.30597	
60.99	0.337	0.103	1.58959	0	1.58106	-350.111	0	-348.197	0	0	-3.30597	
61	0.337	0.103	-1.58933	0	-1.58132	350.067	0	348.339	0	0	-3.30597	
61.01	0.337	0.103	1.58959	0	1.58106	-350.111	0	-348.197	0	0	-3.30597	
61.02	0.337	0.103	-1.58933	0	-1.58132	350.067	0	348.339	0	0	-3.30597	
61.03	0.337	0.103	1.58959	0	1.58106	-350.111	0	-348.197	0	0	-3.30597	
61.04	0.337	0.103	-1.58933	0	-1.58132	350.067	0	348.339	0	0	-3.30597	
61.05	0.337	0.103	1.58959	0	1.58106	-350.111	0	-348.197	0	0	-3.30597	
61.06	0.337	0.103	-1.58933	0	-1.58132	350.067	0	348.339	0	0	-3.30597	
61.07	0.337	0.103	1.58959	0	1.58106	-350.111	0	-348.197	0	0	-3.30597	
61.08	0.337	0.103	-1.58933	0	-1.58132	350.067	0	348.339	0	0	-3.30597	
61.09	0.337	0.103	1.58959	0	1.58106	-350.111	0	-348.197	0	0	-3.30597	
61.1	0.337	0.103	-1.58933	0	-1.58132	350.067	0	348.339	0	0	-3.30597	
61.11	0.337	0.103	1.58959	0	1.58106	-350.111	0	-348.197	0	0	-3.30597	
61.12	0.337	0.103	-1.58933	0	-1.58132	350.067	0	348.339	0	0	-3.30597	
61.13	0.337	0.103	1.58959	0	1.58106	-350.111	0	-348.197	0	0	-3.30597	
61.14	0.337	0.103	-1.58933	0	-1.58132	350.067	0	348.339	0	0	-3.30597	
61.15	0.337	0.103	1.58959	0	1.58106	-350.111	0	-348.197	0	0	-3.30597	
61.16	0.337	0.103	-1.58933	0	-1.58132	350.067	0	348.339	0	0	-3.30597	
61.17	0.337	0.103	1.58959	0	1.58106	-350.111	0	-348.197	0	0	-3.30597	
61.18	0.337	0.103	-1.58933	0	-1.58132	350.067	0	348.339	0	0	-3.30597	
61.19	0.337	0.103	1.58959	0	1.58106	-350.111	0	-348.197	0	0	-3.30597	
61.2	0.337	0.103	-1.58933	0	-1.58132	350.067	0	348.339	0	0	-3.30597	
61.21	0.337	0.103	1.58959	0	1.58106	-350.111	0	-348.197	0	0	-3.30597	
61.22	0.337	0.103	-1.58933	0	-1.58132	350.067	0	348.339	0	0	-3.30597	
61.23	0.337	0.103	1.58959	0	1.58106	-350.111	0	-348.197	0	0	-3.30597	
61.24	0.337	0.103	-1.58933	0	-1.58132	350.067	0	348.339	0	0	-3.30597	
61.25	0.337	0.103	1.58959	0	1.58106	-350.111	0	-348.197	0	0	-3.30597	
61.26	0.337	0.103	-1.58933	0	-1.58132	350.067	0	348.339	0	0	-3.30597	
61.27	0.337	0.103	1.58959	0	1.58106	-350.111	0	-348.197	0	0	-3.30597	
61.28	0.337	0.103	-1.58933	0	-1.58132	350.067	0	348.339	0	0	-3.30597	
61.29	0.337	0.103	1.58959	0	1.58106	-350.111	0	-348.197	0	0	-3.30597	
61.3	0.337	0.103	-1.58933	0	-1.58132	350.067	0	348.339	0	0	-3.30597	
61.31	0.337	0.103	1.58959	0	1.58106	-350.111	0	-348.197	0	0	-3.30597	
61.32	0.337	0.103	-1.58933	0	-1.58132	350.067	0	348.339	0	0	-3.30597	
61.33	0.337	0.103	1.58959	0	1.58106	-350.111	0	-348.197	0	0	-3.30597	
61.34	0.337	0.103	-1.58933	0	-1.58132	350.067	0	348.339	0	0	-3.30597	
61.35	0.337	0.103	1.58959	0	1.58106	-350.111	0	-348.197	0	0	-3.30597	
61.36	0.337	0.103	-1.58933	0	-1.58132	350.067	0	348.339	0	0	-3.30597	
61.37	0.337	0.103	1.58959	0	1.58106	-350.111	0	-348.197	0	0	-3.30597	
61.38	0.337	0.103	-1.58933	0	-1.58132	350.067	0	348.339	0	0	-3.30597	
61.39	0.337	0.103	1.58959	0	1.58106	-350.111	0	-348.197	0	0	-3.30597	
61.4	0.337	0.103	-1.58933	0	-1.58132	350.067	0	348.339	0	0	-3.30597	
61.41	0.337	0.103	1.58959	0	1.58106	-350.111	0	-348.197	0	0	-3.30597	
61.42	0.337	0.103	-1.58933	0	-1.58132	350.067	0	348.339	0	0	-3.30597	
61.43	0.337	0.103	1.58959	0	1.58106	-350.111	0	-348.197	0	0	-3.30597	
61.44	0.337	0.103	-1.58933	0	-1.58132	350.067	0	348.339	0	0	-3.30597	
61.45	0.337	0.103	1.58959	0	1.58106	-350.111	0	-348.197	0	0	-3.30597	
61.46	0.337	0.103	-1.58933	0	-1.58132	350.067	0	348.339	0	0	-3.30597	
61.47	0.337	0.103	1.58959	0	1.58106	-350.111	0	-348.197	0	0	-3.30597	
61.48	0.337	0.103	-1.58933	0	-1.58132	350.067	0	348.339	0	0	-3.30597	
61.49	0.337	0.103	1.58959	0	1.58106	-350.111	0	-348.197	0	0	-3.30597	
61.5	0.337	0.103	-1.58933	0	-1.58132	350.067	0	348.339	0	0	-3.30597	
61.51	0.337	0.103	1.58959	0	1.58106	-350.111	0	-348.197	0	0	-3.30597	
61.52	0.337	0.103	-1.58933	0	-1.58132	350.067	0	348.339	0	0	-3.30597	
61.53	0.337	0.103	1.58959	0	1.58106	-350.111	0	-348.197	0	0	-3.30597	
61.54	0.337	0.103	-1.58933	0	-1.58132	350.067	0	348.339	0	0	-3.30597	
61.55	0.337	0.103	1.58959	0	1.58106	-350.111	0	-348.197	0	0	-3.30597	
61.56	0.337	0.103	-1.58933	0	-1.58132	350.067	0	348.339	0	0	-3.30597	
61.57	0.337	0.103	1.58959	0	1.58106	-350.111	0	-348.197	0	0	-3.30597	
61.58	0.337	0.103	-1.58933	0	-1.58132	350.067	0	348.339	0	0	-3.30597	
61.59	0.337	0.103	1.58959	0	1.58106	-350.111	0	-348.197	0	0	-3.30597	
61.6	0.337	0.103	-1.58933	0	-1.58132	350.067	0	348.339	0	0	-3.30597	
61.61	0.337	0.103	1.58959	0	1.58106	-350.111	0	-348.197	0	0	-3.30597	
61.62	0.337	0.103	-1.58933	0	-1.58132	350.067	0	348.339	0	0	-3.30597	
61.63	0.337	0.103	1.58959	0	1.58106	-350.111	0	-348.197	0	0	-3.30597	
61.64	0.337	0.103	-1.58933	0	-1.58132	350.067	0	348.339	0	0	-3.30597	
61.65	0.337	0.103	1.58959	0	1.58106	-350.111	0	-348.197	0	0	-3.30597	
61.66	0.337	0.103	-1.58933	0	-1.58132	350.067	0	348.339	0	0	-3.30597	
61.67	0.337	0.103	1.58959	0	1.58106	-350.111	0	-348.197	0	0	-3.30597	
61.68	0.337	0.103	-1.58933	0	-1.58132	350.067	0	348.339	0	0	-3.30597	
61.69	0.337	0.103	1.58959	0	1.58106	-350.111	0	-348.197	0	0	-3.30597	
61.7	0.337	0.103	-1.58933	0	-1.58132	350.067	0	348.339	0	0	-3.30597	
61.71	0.337	0.103	1.58959	0	1.58106	-350.111	0	-348.197	0	0	-3.30597	
61.72	0.337	0.103	-1.58933	0	-1.58132	350.067	0	348.339	0	0	-3.30597	
61.73	0.337	0.103	1.58959	0	1.58106	-350.111	0	-348.197	0	0	-3.30597	
61.74	0.337	0.103	-1.58933	0	-1.58132	350.067	0	348.339	0	0	-3.30597	
61.75	0.337	0.103	1.58959	0	1.58106	-350.111	0	-348.197	0	0	-3.30597	
61.76	0.337	0.103	-1.58933	0	-1.58132	350.067	0	348.339	0	0	-3.30597	
61.77	0.337	0.103	1.58959	0	1.58106	-350.111	0	-348.197	0	0	-3.30597	
61.78	0.337	0.103	-1.58933	0	-1.58132	350.067	0	348.339	0	0	-3.30597	
61.79	0.337	0.103	1.58959	0	1.58106	-350.111	0	-348.197	0	0	-3.30597	
61.8	0.337	0.103	-1.58933	0	-1.58132	350.067	0	348.339	0	0	-3.30597	
61.81	0.337	0.103	1.58959	0	1.58106	-350.111	0	-348.197	0	0	-3.30597	
61.82	0.337	0.103	-1.58933	0	-1.58132	350.067	0	348.339	0	0	-3.30597	
61.83	0.337	0.103	1.58959	0	1.58106	-350.111	0	-348.197	0	0	-3.30597	
61.84	0.337	0.103	-1.58933	0	-1.58132	350.067	0	348.339	0	0	-3.30597	
61.85	0.337	0.103	1.58959	0	1.58106	-350.111	0	-348.197	0	0	-3.30597	
61.86	0.337	0.103	-1.58933	0	-1.58132	350.067	0	348.339	0	0	-3.30597	
61.87	0.337	0.103	1.58959	0	1.58106	-350.111	0	-348.197	0	0	-3.30597	
61.88	0.337	0.103	-1.58933	0	-1.58132	350.067	0	348.339	0	0	-3.30597	
61.89	0.337	0.103	1.58959	0	1.58106	-350.111	0	-348.197	0	0	-3.30597	
61.9	0.337	0.103	-1.58933	0	-1.58132	350.067	0	348.339	0	0	-3.30597	
61.91	0.337	0.103	1.58959	0	1.58106	-350.111	0	-348.197	0	0	-3.30597	
61.92	0.337	0.103	-1.58933	0	-1.58132	350.067	0	348.339	0	0	-3.30597	
61.93	0.337	0.103	1.58959	0	1.58106	-350.111	0	-348.197	0	0	-3.30597	
61.94	0.337	0.103	-1.58933	0	-1.58132	350.067	0	348.339	0	0	-3.30597	
61.95	0.337	0.103	1.58959	0	1.58106	-350.111	0	-348.197	0	0	-3.30597	
61.96	0.337	0.103	-1.58933	0	-1.58132	350.067	0	348.339	0	0	-3.30597	
61.97	0.337	0.103	1.58959	0	1.58106	-350.111	0	-348.197	0	0	-3.30597	
61.98	0.337	0.103	-1.58933	0	-1.58132	350.067	0	348.339	0	0	-3.30597	
61.99	0.337	0.103	1.58959	0	1.58106	-350.111	0	-348.197	0	0	-3.30597	
62	0.337	0.103	-1.58933	0	-1.58132	350.067	0	348.339	0	0	-3.30597	
62.01	0.337	0.103	1.58959	0	1.58106	-350.111	0	-348.197	0	0	-3.30597	
62.02	0.337	0.103	-1.58933	0	-1.58132	350.067	0	348.339	0	0	-3.30597	
62.03	0.337	0.103	1.58959	0	1.58106	-350.111	0	-348.197	0	0	-3.30597	
62.04	0.337	0.103	-1.58933	0	-1.58132	350.067	0	348.339	0	0	-3.30597	
62.05	0.337	0.103	1.58959	0	1.58106	-350.111	0	-348.197	0	0	-3.30597	
62.06	0.337	0.103	-1.58933	0	-1.58132	350.067	0	348.339	0	0	-3.30597	
62.07	0.337	0.103	1.58959	0	1.58106	-350.111	0	-348.197	0	0	-3.30597	
62.08	0.337	0.103	-1.58933	0	-1.58132	350.067	0	348.339	0	0	-3.30597	
62.09	0.337	0.103	1.58959	0	1.58106	-350.111	0	-348.197	0	0	-3.30597	
62.1	0.337	0.103	-1.58933	0	-1.58132	350.067	0	348.339	0	0	-3.30597	
62.11	0.337	0.103	1.58959	0	1.58106	-350.111	0	-348.197	0	0	-3.30597	
62.12	0.337	0.103	-1.58933	0	-1.58132	350.067	0	348.339	0	0	-3.30597	
62.13	0.337	0.103	1.58959	0	1.58106	-350.111	0	-348.197	0	0	-3.30597	
62.14	0.337	0.103	-1.58933	0	-1.58132	350.067	0	348.339	0	0	-3.30597	
62.15	0.337	0.103	1.58959	0	1.58106	-350.111	0	-348.197	0	0	-3.30597	
62.16	0.337	0.103	-1.58933	0	-1.58132	350.067	0	348.339	0	0	-3.30597	
62.17	0.337	0.103	1.58959	0	1.58106	-350.111	0	-348.197	0	0	-3.30597	
62.18	0.337	0.103	-1.58933	0	-1.58132	350.067	0	348.339	0	0	-3.30597	
62.19	0.337	0.103	1.58959	0	1.58106	-350.111	0	-348.197	0	0	-3.30597	
62.2	0.337	0.103	-1.58933	0	-1.58132	350.067	0	348.339	0	0	-3.30597	
62.21	0.337	0.103	1.58959	0	1.58106	-350.111	0	-348.197	0	0	-3.30597	
62.22	0.337	0.103	-1.58933	0	-1.58132	350.067	0	348.339	0	0	-3.30597	
62.23	0.337	0.103	1.58959	0	1.58106	-350.111	0	-348.197	0	0	-3.30597	
62.24	0.337	0.103	-1.58933	0	-1.58132	350.067	0	348.339	0	0	-3.30597	
62.25	0.337	0.103	1.58959	0	1.58106	-350.111	0	-348.197	0	0	-3.30597	
62.26	0.337	0.103	-1.58933	0	-1.58132	350.067	0	348.339	0	0	-3.30597	
62.27	0.337	0.103	1.58959	0	1.58106	-350.111	0	-348.197	0	0	-3.30597	
62.28	0.337	0.103	-1.58933	0	-1.58132	350.067	0	348.339	0	0	-3.30597	
62.29	0.337	0.103	1.58959	0	1.58106	-350.111	0	-348.197	0	0	-3.30597	
62.3	0.337	0.103	-1.58933	0	-1.58132	350.067	0	348.339	0	0	-3.30597	
62.31	0.337	0.103	1.58959	0	1.58106	-350.111	0	-348.197	0	0	-3.30597	
62.32	0.337	0.103	-1.58933	0	-1.58132	350.067	0	348.339	0	0	-3.30597	
62.33	0.337	0.103	1.58959	0	1.58106	-350.111	0	-348.197	0	0	-3.30597	
62.34	0.337	0.103	-1.58933	0	-1.58132	350.067	0	348.339	0	0	-3.30597	
62.35	0.337	0.103	1.58959	0	1.58106	-350.111	0	-348.197	0	0	-3.30597	
62.36	0.337	0.103	-1.58933	0	-1.58132	350.067	0	348.339	0	0	-3.30597	
62.37	0.337	0.103	1.58959	0	1.58106	-350.111	0	-348.197	0	0	-3.30597	
62.38	0.337	0.103	-1.58933	0	-1.58132	350.067	0	348.339	0	0	-3.30597	
62.39	0.337	0.103	1.58959	0	1.58106	-350.111	0	-348.197	0	0	-3.30597	
62.4	0.337	0.103	-1.58933	0	-1.58132	350.067	0	348.339	0	0	-3.30597	
62.41	0.337	0.103	1.58959	0	1.58106	-350.111	0	-348.197	0	0	-3.30597	
62.42	0.337	0.103	-1.58933	0	-1.58132	350.067	0	348.339	0	0	-3.30597	
62.43	0.337	0.103	1.58959	0	1.58106	-350.111	0	-348.197	0	0	-3.30597	
62.44	0.337	0.103	-1.58933	0	-1.58132	350.067	0	348.339	0	0	-3.30597	
62.45	0.337	0.103	1.58959	0	1.58106	-350.111	0	-348.197	0	0	-3.30597	
62.46	0.337	0.103	-1.58933	0	-1.58132	350.067	0	348.339	0	0	-3.30597	
62.47	0.337	0.103	1.58959	0	1.58106	-350.111	0	-348.197	0	0	-3.30597	
62.48	0.337	0.103	-1.58933	0	-1.58132	350.067	0	348.339	0	0	-3.30597	
62.49	0.337	0.103	1.58959	0	1.58106	-350.111	0	-348.197	0	0	-3.30597	
62.5	0.337	0.103	-1.58933	0	-1.58132	350.067	0	348.339	0	0	-3.30597	
62.51	0.337	0.103	1.58959	0	1.58106	-350.111	0	-348.197	0	0	-3.30597	
62.52	0.337	0.103	-1.58933	0	-1.58132	350.067	0	348.339	0	0	-3.30597	
62.53	0.337	0.103	1.58959	0	1.58106	-350.111	0	-348.197	0	0	-3.30597	
62.54	0.337	0.103	-1.58933	0	-1.58132	350.067	0	348.339	0	0	-3.30597	
62.55	0.337	0.103	1.58959	0	1.58106	-350.111	0	-348.197	0	0	-3.30597	
62.56	0.337	0.103	-1.58933	0	-1.58132	350.067	0	348.339	0	0	-3.30597	
62.57	0.337	0.103	1.58959	0	1.58106	-350.111	0	-348.197	0	0	-3.30597	
62.58	0.337	0.103	-1.58933	0	-1.58132	350.067	0	348.339	0	0	-3.30597	
62.59	0.337	0.103	1.58959	0	1.58106	-350.111	0	-348.197	0	0	-3.30597	
62.6	0.337	0.103	-1.58933	0	-1.58132	350.067	0	348.339	0	0	-3.30597	
62.61	0.337	0.103	1.58959	0	1.58106	-350.111	0	-348.197	0	0	-3.30597	
62.62	0.337	0.103	-1.58933	0	-1.58132	350.067	0	348.339	0	0	-3.30597	
62.63	0.337	0.103	1.58959	0	1.58106	-350.111	0	-348.197	0	0	-3.30597	
62.64	0.337	0.103	-1.58933	0	-1.58132	350.067	0	348.339	0	0	-3.30597	
62.65	0.337	0.103	1.58959	0	1.58106	-350.111	0	-348.197	0	0	-3.30597	
62.66	0.337	0.103	-1.58933	0	-1.58132	350.067	0	348.339	0	0	-3.30597	
62.67	0.337	0.103	1.58959	0	1.58106	-350.111	0	-348.197	0	0	-3.30597	
62.68	0.337	0.103	-1.58933	0	-1.58132	350.067	0	348.339	0	0	-3.30597	
62.69	0.337	0.103	1.58959	0	1.58106	-350.111	0	-348.197	0	0	-3.30597	
62.7	0.337	0.103	-1.58933	0	-1.58132	350.067	0	348.339	0	0	-3.30597	
62.71	0.337	0.103	1.58959	0	1.58106	-350.111	0	-348.197	0	0	-3.30597	
62.72	0.337	0.103	-1.58933	0	-1.58132	350.067	0	348.339	0	0	-3.30597	
62.73	0.337	0.103	1.58959	0	1.58106	-350.111	0	-348.197	0	0	-3.30597	
62.74	0.337	0.103	-1.58933	0	-1.58132	350.067	0	348.339	0	0	-3.30597	
62.75	0.337	0.103	1.58959	0	1.58106	-350.111	0	-348.197	0	0	-3.30597	
62.76	0.337	0.103	-1.58933	0	-1.58132	350.067	0	348.339	0	0	-3.30597	
62.77	0.337	0.103	1.58959	0	1.58106	-350.111	0	-348.197	0	0	-3.30597	
62.78	0.337	0.103	-1.58933	0	-1.58132	350.067	0	348.339	0	0	-3.30597	
62.79	0.337	0.103	1.58959	0	1.58106	-350.111	0	-348.197	0	0	-3.30597	
62.8	0.337	0.103	-1.58933	0	-1.58132	350.067	0	348.339	0	0	-3.30597	
62.81	0.337	0.103	1.58959	0	1.58106	-350.11	0	-348.197	0	0	-3.30597	
62.82	0.337	0.103	-1.58933	0	-1.58132	350.067	0	348.339	0	0	-3.30597	
62.83	0.337	0.103	1.58959	0	1.58106	-350.11	0	-348.197	0	0	-3.30597	
62.84	0.337	0.103	-1.58933	0	-1.58132	350.067	0	348.339	0	0	-3.30597	
62.85	0.337	0.103	1.58959	0	1.58106	-350.11	0	-348.197	0	0	-3.30597	
62.86	0.337	0.103	-1.58933	0	-1.58132	350.067	0	348.339	0	0	-3.30597	
62.87	0.337	0.103	1.58959	0	1.58106	-350.11	0	-348.197	0	0	-3.30597	
62.88	0.337	0.103	-1.58933	0	-1.58132	350.067	0	348.339	0	0	-3.30597	
62.89	0.337	0.103	1.58959	0	1.58106	-350.11	0	-348.197	0	0	-3.30597	
62.9	0.337	0.103	-1.58933	0	-1.58132	350.067	0	348.339	0	0	-3.30597	
62.91	0.337	0.103	1.58959	0	1.58106	-350.11	0	-348.197	0	0	-3.30597	
62.92	0.337	0.103	-1.58933	0	-1.58132	350.067	0	348.339	0	0	-3.30597	
62.93	0.337	0.103	1.58959	0	1.58106	-350.11	0	-348.196	0	0	-3.30597	
62.94	0.337	0.103	-1.58933	0	-1.58132	350.067	0	348.339	0	0	-3.30597	
62.95	0.337	0.103	1.58959	0	1.58106	-350.11	0	-348.196	0	0	-3.30597	
62.96	0.337	0.103	-1.58933	0	-1.58132	350.067	0	348.339	0	0	-3.30597	
62.97	0.337	0.103	1.58959	0	1.58106	-350.11	0	-348.196	0	0	-3.30597	
62.98	0.337	0.103	-1.58933	0	-1.58132	350.067	0	348.339	0	0	-3.30597	
62.99	0.337	0.103	1.58959	0	1.58106	-350.11	0	-348.196	0	0	-3.30597	
63	0.337	0.103	-1.58933	0	-1.58132	350.067	0	348.339	0	0	-3.30597	
63.01	0.337	0.103	1.58959	0	1.58106	-350.11	0	-348.196	0	0	-3.30597	
63.02	0.337	0.103	-1.58933	0	-1.58132	350.067	0	348.339	0	0	-3.30597	
63.03	0.337	0.103	1.58959	0	1.58106	-350.11	0	-348.196	0	0	-3.30597	
63.04	0.337	0.103	-1.58933	0	-1.58132	350.067	0	348.339	0	0	-3.30597	
63.05	0.337	0.103	1.58959	0	1.58106	-350.11	0	-348.196	0	0	-3.30597	
63.06	0.337	0.103	-1.58933	0	-1.58132	350.067	0	348.339	0	0	-3.30597	
63.07	0.337	0.103	1.58959	0	1.58106	-350.11	0	-348.196	0	0	-3.30597	
63.08	0.337	0.103	-1.58933	0	-1.58132	350.067	0	348.339	0	0	-3.30597	
63.09	0.337	0.103	1.58959	0	1.58106	-350.11	0	-348.196	0	0	-3.30597	
63.1	0.337	0.103	-1.58933	0	-1.58132	350.067	0	348.339	0	0	-3.30597	
63.11	0.337	0.103	1.58959	0	1.58106	-350.11	0	-348.196	0	0	-3.30597	
63.12	0.337	0.103	-1.58933	0	-1.58132	350.067	0	348.339	0	0	-3.30597	
63.13	0.337	0.103	1.58959	0	1.58106	-350.11	0	-348.196	0	0	-3.30597	
63.14	0.337	0.103	-1.58933	0	-1.58132	350.067	0	348.339	0	0	-3.30597	
63.15	0.337	0.103	1.58959	0	1.58106	-350.11	0	-348.196	0	0	-3.30597	
63.16	0.337	0.103	-1.58933	0	-1.58132	350.067	0	348.339	0	0	-3.30597	
63.17	0.337	0.103	1.58959	0	1.58106	-350.11	0	-348.196	0	0	-3.30597	
63.18	0.337	0.103	-1.58933	0	-1.58132	350.067	0	348.339	0	0	-3.30597	
63.19	0.337	0.103	1.58959	0	1.58106	-350.11	0	-348.196	0	0	-3.30597	
63.2	0.337	0.103	-1.58933	0	-1.58132	350.067	0	348.339	0	0	-3.30597	
63.21	0.337	0.103	1.58959	0	1.58106	-350.11	0	-348.196	0	0	-3.30597	
63.22	0.337	0.103	-1.58933	0	-1.58132	350.067	0	348.339	0	0	-3.30597	
63.23	0.337	0.103	1.58959	0	1.58106	-350.11	0	-348.196	0	0	-3.30597	
63.24	0.337	0.103	-1.58933	0	-1.58132	350.067	0	348.339	0	0	-3.30597	
63.25	0.337	0.103	1.58959	0	1.58106	-350.11	0	-348.196	0	0	-3.30597	
63.26	0.337	0.103	-1.58933	0	-1.58132	350.067	0	348.339	0	0	-3.30597	
63.27	0.337	0.103	1.58959	0	1.58106	-350.11	0	-348.196	0	0	-3.30597	
63.28	0.337	0.103	-1.58933	0	-1.58132	350.066	0	348.339	0	0	-3.30597	
63.29	0.337	0.103	1.58959	0	1.58106	-350.11	0	-348.196	0	0	-3.30597	
63.3	0.337	0.103	-1.58933	0	-1.58132	350.066	0	348.339	0	0	-3.30597	
63.31	0.337	0.103	1.58959	0	1.58106	-350.11	0	-348.196	0	0	-3.30597	
63.32	0.337	0.103	-1.58933	0	-1.58132	350.066	0	348.339	0	0	-3.30597	
63.33	0.337	0.103	1.58959	0	1.58106	-350.11	0	-348.196	0	0	-3.30597	
63.34	0.337	0.103	-1.58933	0	-1.58132	350.066	0	348.339	0	0	-3.30597	
63.35	0.337	0.103	1.58959	0	1.58106	-350.11	0	-348.196	0	0	-3.30597	
63.36	0.337	0.103	-1.58933	0	-1.58132	350.066	0	348.338	0	0	-3.30597	
63.37	0.337	0.103	1.58959	0	1.58106	-350.11	0	-348.196	0	0	-3.30597	
63.38	0.337	0.103	-1.58933	0	-1.58132	350.066	0	348.338	0	0	-3.30597	
63.39	0.337	0.103	1.58959	0	1.58106	-350.11	0	-348.196	0	0	-3.30597	
63.4	0.337	0.103	-1.58933	0	-1.58132	350.066	0	348.338	0	0	-3.30597	
63.41	0.337	0.103	1.58959	0	1.58106	-350.11	0	-348.196	0	0	-3.30597	
63.42	0.337	0.103	-1.58933	0	-1.58132	350.066	0	348.338	0	0	-3.30597	
63.43	0.337	0.103	1.58959	0	1.58106	-350.11	0	-348.196	0	0	-3.30597	
63.44	0.337	0.103	-1.58933	0	-1.58132	350.066	0	348.338	0	0	-3.30597	
63.45	0.337	0.103	1.58959	0	1.58106	-350.11	0	-348.196	0	0	-3.30597	
63.46	0.337	0.103	-1.58933	0	-1.58132	350.066	0	348.338	0	0	-3.30597	
63.47	0.337	0.103	1.58959	0	1.58106	-350.11	0	-348.196	0	0	-3.30597	
63.48	0.337	0.103	-1.58933	0	-1.58132	350.066	0	348.338	0	0	-3.30597	
63.49	0.337	0.103	1.58959	0	1.58106	-350.11	0	-348.196	0	0	-3.30597	
63.5	0.337	0.103	-1.58933	0	-1.58132	350.066	0	348.338	0	0	-3.30597	
63.51	0.337	0.103	1.58959	0	1.58106	-350.11	0	-348.196	0	0	-3.30597	
63.52	0.337	0.103	-1.58933	0	-1.58132	350.066	0	348.338	0	0	-3.30597	
63.53	0.337	0.103	1.58959	0	1.58106	-350.11	0	-348.196	0	0	-3.30597	
63.54	0.337	0.103	-1.58933	0	-1.58132	350.066	0	348.338	0	0	-3.30597	
63.55	0.337	0.103	1.58959	0	1.58106	-350.11	0	-348.196	0	0	-3.30597	
63.56	0.337	0.103	-1.58933	0	-1.58132	350.066	0	348.338	0	0	-3.30597	
63.57	0.337	0.103	1.58959	0	1.58106	-350.11	0	-348.196	0	0	-3.30597	
63.58	0.337	0.103	-1.58933	0	-1.58132	350.066	0	348.338	0	0	-3.30597	
63.59	0.337	0.103	1.58959	0	1.58106	-350.11	0	-348.196	0	0	-3.30597	
63.6	0.337	0.103	-1.58933	0	-1.58132	350.066	0	348.338	0	0	-3.30597	
63.61	0.337	0.103	1.58959	0	1.58106	-350.11	0	-348.196	0	0	-3.30597	
63.62	0.337	0.103	-1.58933	0	-1.58132	350.066	0	348.338	0	0	-3.30597	
63.63	0.337	0.103	1.58959	0	1.58106	-350.11	0	-348.196	0	0	-3.30597	
63.64	0.337	0.103	-1.58933	0	-1.58132	350.066	0	348.338	0	0	-3.30597	
63.65	0.337	0.103	1.58959	0	1.58106	-350.11	0	-348.196	0	0	-3.30597	
63.66	0.337	0.103	-1.58933	0	-1.58132	350.066	0	348.338	0	0	-3.30597	
63.67	0.337	0.103	1.58959	0	1.58106	-350.11	0	-348.196	0	0	-3.30597	
63.68	0.337	0.103	-1.58933	0	-1.58132	350.066	0	348.338	0	0	-3.30597	
63.69	0.337	0.103	1.58959	0	1.58106	-350.11	0	-348.196	0	0	-3.30597	
63.7	0.337	0.103	-1.58933	0	-1.58132	350.066	0	348.338	0	0	-3.30597	
63.71	0.337	0.103	1.58959	0	1.58106	-350.11	0	-348.196	0	0	-3.30597	
63.72	0.337	0.103	-1.58933	0	-1.58132	350.066	0	348.338	0	0	-3.30597	
63.73	0.337	0.103	1.58959	0	1.58106	-350.11	0	-348.196	0	0	-3.30597	
63.74	0.337	0.103	-1.58933	0	-1.58132	350.066	0	348.338	0	0	-3.30597	
63.75	0.337	0.103	1.58959	0	1.58106	-350.11	0	-348.196	0	0	-3.30597	
63.76	0.337	0.103	-1.58933	0	-1.58132	350.066	0	348.338	0	0	-3.30597	
63.77	0.337	0.103	1.58959	0	1.58106	-350.11	0	-348.196	0	0	-3.30597	
63.78	0.337	0.103	-1.58933	0	-1.58132	350.066	0	348.338	0	0	-3.30597	
63.79	0.337	0.103	1.58959	0	1.58106	-350.11	0	-348.196	0	0	-3.30597	
63.8	0.337	0.103	-1.58933	0	-1.58132	350.066	0	348.338	0	0	-3.30597	
63.81	0.337	0.103	1.58959	0	1.58106	-350.11	0	-348.196	0	0	-3.30597	
63.82	0.337	0.103	-1.58933	0	-1.58132	350.066	0	348.338	0	0	-3.30597	
63.83	0.337	0.103	1.58959	0	1.58106	-350.11	0	-348.196	0	0	-3.30597	
63.84	0.337	0.103	-1.58933	0	-1.58132	350.066	0	348.338	0	0	-3.30597	
63.85	0.337	0.103	1.58959	0	1.58106	-350.11	0	-348.196	0	0	-3.30597	
63.86	0.337	0.103	-1.58933	0	-1.58132	350.066	0	348.338	0	0	-3.30597	
63.87	0.337	0.103	1.58959	0	1.58106	-350.11	0	-348.196	0	0	-3.30597	
63.88	0.337	0.103	-1.58933	0	-1.58132	350.066	0	348.338	0	0	-3.30597	
63.89	0.337	0.103	1.58959	0	1.58106	-350.11	0	-348.196	0	0	-3.30597	
63.9	0.337	0.103	-1.58933	0	-1.58132	350.066	0	348.338	0	0	-3.30597	
63.91	0.337	0.103	1.58959	0	1.58106	-350.11	0	-348.196	0	0	-3.30597	
63.92	0.337	0.103	-1.58933	0	-1.58132	350.066	0	348.338	0	0	-3.30597	
63.93	0.337	0.103	1.58959	0	1.58106	-350.11	0	-348.196	0	0	-3.30597	
63.94	0.337	0.103	-1.58933	0	-1.58132	350.066	0	348.338	0	0	-3.30597	
63.95	0.337	0.103	1.58959	0	1.58106	-350.11	0	-348.196	0	0	-3.30597	
63.96	0.337	0.103	-1.58933	0	-1.58132	350.066	0	348.338	0	0	-3.30597	
63.97	0.337	0.103	1.58959	0	1.58106	-350.11	0	-348.196	0	0	-3.30597	
63.98	0.337	0.103	-1.58933	0	-1.58132	350.066	0	348.338	0	0	-3.30597	
63.99	0.337	0.103	1.58959	0	1.58106	-350.11	0	-348.196	0	0	-3.30597	
64	0.337	0.103	-1.58933	0	-1.58132	350.066	0	348.338	0	0	-3.30597	
64.01	0.337	0.103	1.58959	0	1.58106	-350.11	0	-348.196	0	0	-3.30597	
64.02	0.337	0.103	-1.58933	0	-1.58132	350.066	0	348.338	0	0	-3.30597	
64.03	0.337	0.103	1.58959	0	1.58106	-350.11	0	-348.196	0	0	-3.30597	
64.04	0.337	0.103	-1.58933	0	-1.58132	350.066	0	348.338	0	0	-3.30597	
64.05	0.337	0.103	1.58959	0	1.58106	-350.11	0	-348.196	0	0	-3.30597	
64.06	0.337	0.103	-1.58933	0	-1.58132	350.066	0	348.338	0	0	-3.30597	
64.07	0.337	0.103	1.58959	0	1.58106	-350.11	0	-348.196	0	0	-3.30597	
64.08	0.337	0.103	-1.58933	0	-1.58132	350.066	0	348.338	0	0	-3.30597	
64.09	0.337	0.103	1.58959	0	1.58106	-350.11	0	-348.196	0	0	-3.30597	
64.1	0.337	0.103	-1.58933	0	-1.58132	350.066	0	348.338	0	0	-3.30597	
64.11	0.337	0.103	1.58959	0	1.58106	-350.11	0	-348.196	0	0	-3.30597	
64.12	0.337	0.103	-1.58933	0	-1.58132	350.066	0	348.338	0	0	-3.30597	
64.13	0.337	0.103	1.58959	0	1.58106	-350.11	0	-348.196	0	0	-3.30597	
64.14	0.337	0.103	-1.58933	0	-1.58132	350.066	0	348.338	0	0	-3.30597	
64.15	0.337	0.103	1.58959	0	1.58106	-350.11	0	-348.196	0	0	-3.30597	
64.16	0.337	0.103	-1.58933	0	-1.58132	350.066	0	348.338	0	0	-3.30597	
64.17	0.337	0.103	1.58959	0	1.58106	-350.11	0	-348.196	0	0	-3.30597	
64.18	0.337	0.103	-1.58933	0	-1.58132	350.066	0	348.338	0	0	-3.30597	
64.19	0.337	0.103	1.58959	0	1.58106	-350.11	0	-348.196	0	0	-3.30597	
64.2	0.337	0.103	-1.58933	0	-1.58132	350.066	0	348.338	0	0	-3.30597	
64.21	0.337	0.103	1.58959	0	1.58106	-350.11	0	-348.196	0	0	-3.30597	
64.22	0.337	0.103	-1.58933	0	-1.58132	350.066	0	348.338	0	0	-3.30597	
64.23	0.337	0.103	1.58959	0	1.58106	-350.11	0	-348.196	0	0	-3.30597	
64.24	0.337	0.103	-1.58933	0	-1.58132	350.066	0	348.338	0	0	-3.30597	
64.25	0.337	0.103	1.58959	0	1.58106	-350.11	0	-348.196	0	0	-3.30597	
64.26	0.337	0.103	-1.58933	0	-1.58132	350.066	0	348.338	0	0	-3.30597	
64.27	0.337	0.103	1.58959	0	1.58106	-350.11	0	-348.196	0	0	-3.30597	
64.28	0.337	0.103	-1.58933	0	-1.58132	350.066	0	348.338	0	0	-3.30597	
64.29	0.337	0.103	1.58959	0	1.58106	-350.11	0	-348.196	0	0	-3.30597	
64.3	0.337	0.103	-1.58933	0	-1.58132	350.066	0	348.338	0	0	-3.30597	
64.31	0.337	0.103	1.58959	0	1.58106	-350.11	0	-348.196	0	0	-3.30597	
64.32	0.337	0.103	-1.58933	0	-1.58132	350.066	0	348.338	0	0	-3.30597	
64.33	0.337	0.103	1.58959	0	1.58106	-350.11	0	-348.196	0	0	-3.30597	
64.34	0.337	0.103	-1.58933	0	-1.58132	350.066	0	348.338	0	0	-3.30597	
64.35	0.337	0.103	1.58959	0	1.58106	-350.11	0	-348.196	0	0	-3.30597	
64.36	0.337	0.103	-1.58933	0	-1.58132	350.066	0	348.338	0	0	-3.30597	
64.37	0.337	0.103	1.58959	0	1.58106	-350.11	0	-348.196	0	0	-3.30597	
64.38	0.337	0.103	-1.58933	0	-1.58132	350.066	0	348.338	0	0	-3.30597	
64.39	0.337	0.103	1.58959	0	1.58106	-350.11	0	-348.196	0	0	-3.30597	
64.4	0.337	0.103	-1.58933	0	-1.58132	350.066	0	348.338	0	0	-3.30597	
64.41	0.337	0.103	1.58959	0	1.58106	-350.11	0	-348.196	0	0	-3.30597	
64.42	0.337	0.103	-1.58933	0	-1.58132	350.066	0	348.338	0	0	-3.30597	
64.43	0.337	0.103	1.58959	0	1.58106	-350.11	0	-348.196	0	0	-3.30597	
64.44	0.337	0.103	-1.58933	0	-1.58132	350.066	0	348.338	0	0	-3.30597	
64.45	0.337	0.103	1.58959	0	1.58106	-350.11	0	-348.196	0	0	-3.30597	
64.46	0.337	0.103	-1.58933	0	-1.58132	350.066	0	348.338	0	0	-3.30597	
64.47	0.337	0.103	1.58959	0	1.58106	-350.11	0	-348.196	0	0	-3.30597	
64.48	0.337	0.103	-1.58933	0	-1.58132	350.066	0	348.338	0	0	-3.30597	
64.49	0.337	0.103	1.58959	0	1.58106	-350.11	0	-348.196	0	0	-3.30597	
64.5	0.337	0.103	-1.58933	0	-1.58132	350.066	0	348.338	0	0	-3.30597	
64.51	0.337	0.103	1.58959	0	1.58106	-350.11	0	-348.196	0	0	-3.30597	
64.52	0.337	0.103	-1.58933	0	-1.58132	350.066	0	348.338	0	0	-3.30597	
64.53	0.337	0.103	1.58959	0	1.58106	-350.11	0	-348.196	0	0	-3.30597	
64.54	0.337	0.103	-1.58933	0	-1.58132	350.066	0	348.338	0	0	-3.30597	
64.55	0.337	0.103	1.58959	0	1.58106	-350.11	0	-348.196	0	0	-3.30597	
64.56	0.337	0.103	-1.58933	0	-1.58132	350.066	0	348.338	0	0	-3.30597	
64.57	0.337	0.103	1.58959	0	1.58106	-350.11	0	-348.196	0	0	-3.30597	
64.58	0.337	0.103	-1.58933	0	-1.58132	350.066	0	348.338	0	0	-3.30597	
64.59	0.337	0.103	1.58959	0	1.58106	-350.11	0	-348.196	0	0	-3.30597	
64.6	0.337	0.103	-1.58933	0	-1.58132	350.066	0	348.338	0	0	-3.30597	
64.61	0.337	0.103	1.58959	0	1.58106	-350.11	0	-348.196	0	0	-3.30597	
64.62	0.337	0.103	-1.58933	0	-1.58132	350.066	0	348.338	0	0	-3.30597	
64.63	0.337	0.103	1.58959	0	1.58106	-350.11	0	-348.196	0	0	-3.30597	
64.64	0.337	0.103	-1.58933	0	-1.58132	350.066	0	348.338	0	0	-3.30597	
64.65	0.337	0.103	1.58959	0	1.58106	-350.11	0	-348.196	0	0	-3.30597	
64.66	0.337	0.103	-1.58933	0	-1.58132	350.066	0	348.338	0	0	-3.30597	
64.67	0.337	0.103	1.58959	0	1.58106	-350.11	0	-348.196	0	0	-3.30597	
64.68	0.337	0.103	-1.58933	0	-1.58132	350.066	0	348.338	0	0	-3.30597	
64.69	0.337	0.103	1.58959	0	1.58106	-350.11	0	-348.196	0	0	-3.30597	
64.7	0.337	0.103	-1.58933	0	-1.58132	350.066	0	348.338	0	0	-3.30597	
64.71	0.337	0.103	1.58959	0	1.58106	-350.11	0	-348.196	0	0	-3.30597	
64.72	0.337	0.103	-1.58933	0	-1.58132	350.066	0	348.338	0	0	-3.30597	
64.73	0.337	0.103	1.58959	0	1.58106	-350.11	0	-348.196	0	0	-3.30597	
64.74	0.337	0.103	-1.58933	0	-1.58132	350.066	0	348.338	0	0	-3.30597	
64.75	0.337	0.103	1.58959	0	1.58106	-350.11	0	-348.196	0	0	-3.30597	
64.76	0.337	0.103	-1.58933	0	-1.58132	350.066	0	348.338	0	0	-3.30597	
64.77	0.337	0.103	1.58959	0	1.58106	-350.11	0	-348.196	0	0	-3.30597	
64.78	0.337	0.103	-1.58933	0	-1.58132	350.066	0	348.338	0	0	-3.30597	
64.79	0.337	0.103	1.58959	0	1.58106	-350.11	0	-348.196	0	0	-3.30597	
64.8	0.337	0.103	-1.58933	0	-1.58132	350.066	0	348.338	0	0	-3.30597	
64.81	0.337	0.103	1.58959	0	1.58106	-350.11	0	-348.196	0	0	-3.30597	
64.82	0.337	0.103	-1.58933	0	-1.58132	350.066	0	348.338	0	0	-3.30597	
64.83	0.337	0.103	1.58959	0	1.58106	-350.11	0	-348.196	0	0	-3.30597	
64.84	0.337	0.103	-1.58933	0	-1.58132	350.066	0	348.338	0	0	-3.30597	
64.85	0.337	0.103	1.58959	0	1.58106	-350.11	0	-348.196	0	0	-3.30597	
64.86	0.337	0.103	-1.58933	0	-1.58132	350.066	0	348.338	0	0	-3.30597	
64.87	0.337	0.103	1.58959	0	1.58106	-350.11	0	-348.196	0	0	-3.30597	
64.88	0.337	0.103	-1.58933	0	-1.58132	350.066	0	348.338	0	0	-3.30597	
64.89	0.337	0.103	1.58959	0	1.58106	-350.11	0	-348.196	0	0	-3.30597	
64.9	0.337	0.103	-1.58933	0	-1.58132	350.066	0	348.338	0	0	-3.30597	
64.91	0.337	0.103	1.58959	0	1.58106	-350.11	0	-348.196	0	0	-3.30597	
64.92	0.337	0.103	-1.58933	0	-1.58132	350.066	0	348.338	0	0	-3.30597	
64.93	0.337	0.103	1.58959	0	1.58106	-350.11	0	-348.196	0	0	-3.30597	
64.94	0.337	0.103	-1.58933	0	-1.58132	350.066	0	348.338	0	0	-3.30597	
64.95	0.337	0.103	1.58959	0	1.58106	-350.11	0	-348.196	0	0	-3.30597	
64.96	0.337	0.103	-1.58933	0	-1.58132	350.066	0	348.338	0	0	-3.30597	
64.97	0.337	0.103	1.58959	0	1.58106	-350.11	0	-348.196	0	0	-3.30597	
64.98	0.337	0.103	-1.58933	0	-1.58132	350.066	0	348.338	0	0	-3.30597	
64.99	0.337	0.103	1.58959	0	1.58106	-350.11	0	-348.196	0	0	-3.30597	
65	0.337	0.103	-1.58933	0	-1.58132	350.066	0	348.338	0	0	-3.30597	
65.01	0.337	0.103	1.58959	0	1.58106	-350.11	0	-348.196	0	0	-3.30597	
65.02	0.337	0.103	-1.58933	0	-1.58132	350.066	0	348.338	0	0	-3.30597	
65.03	0.337	0.103	1.58959	0	1.58106	-350.11	0	-348.196	0	0	-3.30597	
65.04	0.337	0.103	-1.58933	0	-1.58132	350.066	0	348.338	0	0	-3.30597	
65.05	0.337	0.103	1.58959	0	1.58106	-350.11	0	-348.196	0	0	-3.30597	
65.06	0.337	0.103	-1.58933	0	-1.58132	350.066	0	348.338	0	0	-3.30597	
65.07	0.337	0.103	1.58959	0	1.58106	-350.11	0	-348.196	0	0	-3.30597	
65.08	0.337	0.103	-1.58933	0	-1.58132	350.066	0	348.338	0	0	-3.30597	
65.09	0.337	0.103	1.58959	0	1.58106	-350.11	0	-348.196	0	0	-3.30597	
65.1	0.337	0.103	-1.58933	0	-1.58132	350.066	0	348.338	0	0	-3.30597	
65.11	0.337	0.103	1.58959	0	1.58106	-350.11	0	-348.196	0	0	-3.30597	
65.12	0.337	0.103	-1.58933	0	-1.58132	350.066	0	348.338	0	0	-3.30597	
65.13	0.337	0.103	1.58959	0	1.58106	-350.11	0	-348.196	0	0	-3.30597	
65.14	0.337	0.103	-1.58933	0	-1.58132	350.066	0	348.338	0	0	-3.30597	
65.15	0.337	0.103	1.58959	0	1.58106	-350.11	0	-348.196	0	0	-3.30597	
65.16	0.337	0.103	-1.58933	0	-1.58132	350.066	0	348.338	0	0	-3.30597	
65.17	0.337	0.103	1.58959	0	1.58106	-350.11	0	-348.196	0	0	-3.30597	
65.18	0.337	0.103	-1.58933	0	-1.58132	350.066	0	348.338	0	0	-3.30597	
65.19	0.337	0.103	1.58959	0	1.58106	-350.11	0	-348.196	0	0	-3.30597	
65.2	0.337	0.103	-1.58933	0	-1.58132	350.066	0	348.338	0	0	-3.30597	
65.21	0.337	0.103	1.58959	0	1.58106	-350.11	0	-348.196	0	0	-3.30597	
65.22	0.337	0.103	-1.58933	0	-1.58132	350.066	0	348.338	0	0	-3.30597	
65.23	0.337	0.103	1.58959	0	1.58106	-350.11	0	-348.196	0	0	-3.30597	
65.24	0.337	0.103	-1.58933	0	-1.58132	350.066	0	348.338	0	0	-3.30597	
65.25	0.337	0.103	1.58959	0	1.58106	-350.11	0	-348.196	0	0	-3.30597	
65.26	0.337	0.103	-1.58933	0	-1.58132	350.066	0	348.338	0	0	-3.30597	
65.27	0.337	0.103	1.58959	0	1.58106	-350.11	0	-348.196	0	0	-3.30597	
65.28	0.337	0.103	-1.58933	0	-1.58132	350.066	0	348.338	0	0	-3.30597	
65.29	0.337	0.103	1.58959	0	1.58106	-350.11	0	-348.196	0	0	-3.30597	
65.3	0.337	0.103	-1.58933	0	-1.58132	350.066	0	348.338	0	0	-3.30597	
65.31	0.337	0.103	1.58959	0	1.58106	-350.11	0	-348.196	0	0	-3.30597	
65.32	0.337	0.103	-1.58933	0	-1.58132	350.066	0	348.338	0	0	-3.30597	
65.33	0.337	0.103	1.58959	0	1.58106	-350.11	0	-348.196	0	0	-3.30597	
65.34	0.337	0.103	-1.58933	0	-1.58132	350.066	0	348.338	0	0	-3.30597	
65.35	0.337	0.103	1.58959	0	1.58106	-350.11	0	-348.196	0	0	-3.30597	
65.36	0.337	0.103	-1.58933	0	-1.58132	350.066	0	348.338	0	0	-3.30597	
65.37	0.337	0.103	1.58959	0	1.58106	-350.11	0	-348.196	0	0	-3.30597	
65.38	0.337	0.103	-1.58933	0	-1.58132	350.066	0	348.338	0	0	-3.30597	
65.39	0.337	0.103	1.58959	0	1.58106	-350.11	0	-348.196	0	0	-3.30597	
65.4	0.337	0.103	-1.58933	0	-1.58132	350.066	0	348.338	0	0	-3.30597	
65.41	0.337	0.103	1.58959	0	1.58106	-350.11	0	-348.196	0	0	-3.30597	
65.42	0.337	0.103	-1.58933	0	-1.58132	350.066	0	348.338	0	0	-3.30597	
65.43	0.337	0.103	1.58959	0	1.58106	-350.11	0	-348.196	0	0	-3.30597	
65.44	0.337	0.103	-1.58933	0	-1.58132	350.066	0	348.338	0	0	-3.30597	
65.45	0.337	0.103	1.58959	0	1.58106	-350.11	0	-348.196	0	0	-3.30597	
65.46	0.337	0.103	-1.58933	0	-1.58132	350.066	0	348.338	0	0	-3.30597	
65.47	0.337	0.103	1.58959	0	1.58106	-350.11	0	-348.196	0	0	-3.30597	
65.48	0.337	0.103	-1.58933	0	-1.58132	350.066	0	348.338	0	0	-3.30597	
65.49	0.337	0.103	1.58959	0	1.58106	-350.11	0	-348.196	0	0	-3.30597	
65.5	0.337	0.103	-1.58933	0	-1.58132	350.066	0	348.338	0	0	-3.30597	
65.51	0.337	0.103	1.58959	0	1.58106	-350.11	0	-348.196	0	0	-3.30597	
65.52	0.337	0.103	-1.58933	0	-1.58132	350.066	0	348.338	0	0	-3.30597	
65.53	0.337	0.103	1.58959	0	1.58106	-350.11	0	-348.196	0	0	-3.30597	
65.54	0.337	0.103	-1.58933	0	-1.58132	350.066	0	348.338	0	0	-3.30597	
65.55	0.337	0.103	1.58959	0	1.58106	-350.11	0	-348.196	0	0	-3.30597	
65.56	0.337	0.103	-1.58933	0	-1.58132	350.066	0	348.338	0	0	-3.30597	
65.57	0.337	0.103	1.58959	0	1.58106	-350.11	0	-348.196	0	0	-3.30597	
65.58	0.337	0.103	-1.58933	0	-1.58132	350.066	0	348.338	0	0	-3.30597	
65.59	0.337	0.103	1.58959	0	1.58106	-350.109	0	-348.196	0	0	-3.30597	
65.6	0.337	0.103	-1.58933	0	-1.58132	350.066	0	348.338	0	0	-3.30597	
65.61	0.337	0.103	1.58959	0	1.58106	-350.109	0	-348.196	0	0	-3.30597	
65.62	0.337	0.103	-1.58933	0	-1.58132	350.066	0	348.338	0	0	-3.30597	
65.63	0.337	0.103	1.58959	0	1.58106	-350.109	0	-348.196	0	0	-3.30597	
65.64	0.337	0.103	-1.58933	0	-1.58132	350.066	0	348.338	0	0	-3.30597	
65.65	0.337	0.103	1.58959	0	1.58106	-350.109	0	-348.196	0	0	-3.30597	
65.66	0.337	0.103	-1.58933	0	-1.58132	350.066	0	348.338	0	0	-3.30597	
65.67	0.337	0.103	1.58959	0	1.58106	-350.109	0	-348.196	0	0	-3.30597	
65.68	0.337	0.103	-1.58933	0	-1.58132	350.066	0	348.338	0	0	-3.30597	
65.69	0.337	0.103	1.58959	0	1.58106	-350.109	0	-348.196	0	0	-3.30597	
65.7	0.337	0.103	-1.58933	0	-1.58132	350.066	0	348.338	0	0	-3.30597	
65.71	0.337	0.103	1.58959	0	1.58106	-350.109	0	-348.196	0	0	-3.30597	
65.72	0.337	0.103	-1.58933	0	-1.58132	350.066	0	348.338	0	0	-3.30597	
65.73	0.337	0.103	1.58959	0	1.58106	-350.109	0	-348.195	0	0	-3.30597	
65.74	0.337	0.103	-1.58933	0	-1.58132	350.066	0	348.338	0	0	-3.30597	
65.75	0.337	0.103	1.58959	0	1.58106	-350.109	0	-348.195	0	0	-3.30597	
65.76	0.337	0.103	-1.58933	0	-1.58132	350.066	0	348.338	0	0	-3.30597	
65.77	0.337	0.103	1.58959	0	1.58106	-350.109	0	-348.195	0	0	-3.30597	
65.78	0.337	0.103	-1.58933	0	-1.58132	350.066	0	348.338	0	0	-3.30597	
65.79	0.337	0.103	1.58959	0	1.58106	-350.109	0	-348.195	0	0	-3.30597	
65.8	0.337	0.103	-1.58933	0	-1.58132	350.066	0	348.338	0	0	-3.30597	
65.81	0.337	0.103	1.58959	0	1.58106	-350.109	0	-348.195	0	0	-3.30597	
65.82	0.337	0.103	-1.58933	0	-1.58132	350.066	0	348.338	0	0	-3.30597	
65.83	0.337	0.103	1.58959	0	1.58106	-350.109	0	-348.195	0	0	-3.30597	
65.84	0.337	0.103	-1.58933	0	-1.58132	350.066	0	348.338	0	0	-3.30597	
65.85	0.337	0.103	1.58959	0	1.58106	-350.109	0	-348.195	0	0	-3.30597	
65.86	0.337	0.103	-1.58933	0	-1.58132	350.066	0	348.338	0	0	-3.30597	
65.87	0.337	0.103	1.58959	0	1.58106	-350.109	0	-348.195	0	0	-3.30597	
65.88	0.337	0.103	-1.58933	0	-1.58132	350.066	0	348.338	0	0	-3.30597	
65.89	0.337	0.103	1.58959	0	1.58106	-350.109	0	-348.195	0	0	-3.30597	
65.9	0.337	0.103	-1.58933	0	-1.58132	350.066	0	348.338	0	0	-3.30597	
65.91	0.337	0.103	1.58959	0	1.58106	-350.109	0	-348.195	0	0	-3.30597	
65.92	0.337	0.103	-1.58933	0	-1.58132	350.066	0	348.338	0	0	-3.30597	
65.93	0.337	0.103	1.58959	0	1.58106	-350.109	0	-348.195	0	0	-3.30597	
65.94	0.337	0.103	-1.58933	0	-1.58132	350.066	0	348.338	0	0	-3.30597	
65.95	0.337	0.103	1.58959	0	1.58106	-350.109	0	-348.195	0	0	-3.30597	
65.96	0.337	0.103	-1.58933	0	-1.58132	350.066	0	348.338	0	0	-3.30597	
65.97	0.337	0.103	1.58959	0	1.58106	-350.109	0	-348.195	0	0	-3.30597	
65.98	0.337	0.103	-1.58933	0	-1.58132	350.066	0	348.338	0	0	-3.30597	
65.99	0.337	0.103	1.58959	0	1.58106	-350.109	0	-348.195	0	0	-3.30597	
66	0.337	0.103	-1.58933	0	-1.58132	350.066	0	348.338	0	0	-3.30597	
66.01	0.337	0.103	1.58959	0	1.58106	-350.109	0	-348.195	0	0	-3.30597	
66.02	0.337	0.103	-1.58933	0	-1.58132	350.066	0	348.338	0	0	-3.30597	
66.03	0.337	0.103	1.58959	0	1.58106	-350.109	0	-348.195	0	0	-3.30597	
66.04	0.337	0.103	-1.58933	0	-1.58132	350.066	0	348.338	0	0	-3.30597	
66.05	0.337	0.103	1.58959	0	1.58106	-350.109	0	-348.195	0	0	-3.30597	
66.06	0.337	0.103	-1.58933	0	-1.58132	350.066	0	348.338	0	0	-3.30597	
66.07	0.337	0.103	1.58959	0	1.58106	-350.109	0	-348.195	0	0	-3.30597	
66.08	0.337	0.103	-1.58933	0	-1.58132	350.065	0	348.338	0	0	-3.30597	
66.09	0.337	0.103	1.58959	0	1.58106	-350.109	0	-348.195	0	0	-3.30597	
66.1	0.337	0.103	-1.58933	0	-1.58132	350.065	0	348.338	0	0	-3.30597	
66.11	0.337	0.103	1.58959	0	1.58106	-350.109	0	-348.195	0	0	-3.30597	
66.12	0.337	0.103	-1.58933	0	-1.58132	350.065	0	348.338	0	0	-3.30597	
66.13	0.337	0.103	1.58959	0	1.58106	-350.109	0	-348.195	0	0	-3.30597	
66.14	0.337	0.103	-1.58933	0	-1.58132	350.065	0	348.338	0	0	-3.30597	
66.15	0.337	0.103	1.58959	0	1.58106	-350.109	0	-348.195	0	0	-3.30597	
66.16	0.337	0.103	-1.58933	0	-1.58132	350.065	0	348.337	0	0	-3.30597	
66.17	0.337	0.103	1.58959	0	1.58106	-350.109	0	-348.195	0	0	-3.30597	
66.18	0.337	0.103	-1.58933	0	-1.58132	350.065	0	348.337	0	0	-3.30597	
66.19	0.337	0.103	1.58959	0	1.58106	-350.109	0	-348.195	0	0	-3.30597	
66.2	0.337	0.103	-1.58933	0	-1.58132	350.065	0	348.337	0	0	-3.30597	
66.21	0.337	0.103	1.58959	0	1.58106	-350.109	0	-348.195	0	0	-3.30597	
66.22	0.337	0.103	-1.58933	0	-1.58132	350.065	0	348.337	0	0	-3.30597	
66.23	0.337	0.103	1.58959	0	1.58106	-350.109	0	-348.195	0	0	-3.30597	
66.24	0.337	0.103	-1.58933	0	-1.58132	350.065	0	348.337	0	0	-3.30597	
66.25	0.337	0.103	1.58959	0	1.58106	-350.109	0	-348.195	0	0	-3.30597	
66.26	0.337	0.103	-1.58933	0	-1.58132	350.065	0	348.337	0	0	-3.30597	
66.27	0.337	0.103	1.58959	0	1.58106	-350.109	0	-348.195	0	0	-3.30597	
66.28	0.337	0.103	-1.58933	0	-1.58132	350.065	0	348.337	0	0	-3.30597	
66.29	0.337	0.103	1.58959	0	1.58106	-350.109	0	-348.195	0	0	-3.30597	
66.3	0.337	0.103	-1.58933	0	-1.58132	350.065	0	348.337	0	0	-3.30597	
66.31	0.337	0.103	1.58959	0	1.58106	-350.109	0	-348.195	0	0	-3.30597	
66.32	0.337	0.103	-1.58933	0	-1.58132	350.065	0	348.337	0	0	-3.30597	
66.33	0.337	0.103	1.58959	0	1.58106	-350.109	0	-348.195	0	0	-3.30597	
66.34	0.337	0.103	-1.58933	0	-1.58132	350.065	0	348.337	0	0	-3.30597	
66.35	0.337	0.103	1.58959	0	1.58106	-350.109	0	-348.195	0	0	-3.30597	
66.36	0.337	0.103	-1.58933	0	-1.58132	350.065	0	348.337	0	0	-3.30597	
66.37	0.337	0.103	1.58959	0	1.58106	-350.109	0	-348.195	0	0	-3.30597	
66.38	0.337	0.103	-1.58933	0	-1.58132	350.065	0	348.337	0	0	-3.30597	
66.39	0.337	0.103	1.58959	0	1.58106	-350.109	0	-348.195	0	0	-3.30597	
66.4	0.337	0.103	-1.58933	0	-1.58132	350.065	0	348.337	0	0	-3.30597	
66.41	0.337	0.103	1.58959	0	1.58106	-350.109	0	-348.195	0	0	-3.30597	
66.42	0.337	0.103	-1.58933	0	-1.58132	350.065	0	348.337	0	0	-3.30597	
66.43	0.337	0.103	1.58959	0	1.58106	-350.109	0	-348.195	0	0	-3.30597	
66.44	0.337	0.103	-1.58933	0	-1.58132	350.065	0	348.337	0	0	-3.30597	
66.45	0.337	0.103	1.58959	0	1.58106	-350.109	0	-348.195	0	0	-3.30597	
66.46	0.337	0.103	-1.58933	0	-1.58132	350.065	0	348.337	0	0	-3.30597	
66.47	0.337	0.103	1.58959	0	1.58106	-350.109	0	-348.195	0	0	-3.30597	
66.48	0.337	0.103	-1.58933	0	-1.58132	350.065	0	348.337	0	0	-3.30597	
66.49	0.337	0.103	1.58959	0	1.58106	-350.109	0	-348.195	0	0	-3.30597	
66.5	0.337	0.103	-1.58933	0	-1.58132	350.065	0	348.337	0	0	-3.30597	
66.51	0.337	0.103	1.58959	0	1.58106	-350.109	0	-348.195	0	0	-3.30597	
66.52	0.337	0.103	-1.58933	0	-1.58132	350.065	0	348.337	0	0	-3.30597	
66.53	0.337	0.103	1.58959	0	1.58106	-350.109	0	-348.195	0	0	-3.30597	
66.54	0.337	0.103	-1.58933	0	-1.58132	350.065	0	348.337	0	0	-3.30597	
66.55	0.337	0.103	1.58959	0	1.58106	-350.109	0	-348.195	0	0	-3.30597	
66.56	0.337	0.103	-1.58933	0	-1.58132	350.065	0	348.337	0	0	-3.30597	
66.57	0.337	0.103	1.58959	0	1.58106	-350.109	0	-348.195	0	0	-3.30597	
66.58	0.337	0.103	-1.58933	0	-1.58132	350.065	0	348.337	0	0	-3.30597	
66.59	0.337	0.103	1.58959	0	1.58106	-350.109	0	-348.195	0	0	-3.30597	
66.6	0.337	0.103	-1.58933	0	-1.58132	350.065	0	348.337	0	0	-3.30597	
66.61	0.337	0.103	1.58959	0	1.58106	-350.109	0	-348.195	0	0	-3.30597	
66.62	0.337	0.103	-1.58933	0	-1.58132	350.065	0	348.337	0	0	-3.30597	
66.63	0.337	0.103	1.58959	0	1.58106	-350.109	0	-348.195	0	0	-3.30597	
66.64	0.337	0.103	-1.58933	0	-1.58132	350.065	0	348.337	0	0	-3.30597	
66.65	0.337	0.103	1.58959	0	1.58106	-350.109	0	-348.195	0	0	-3.30597	
66.66	0.337	0.103	-1.58933	0	-1.58132	350.065	0	348.337	0	0	-3.30597	
66.67	0.337	0.103	1.58959	0	1.58106	-350.109	0	-348.195	0	0	-3.30597	
66.68	0.337	0.103	-1.58933	0	-1.58132	350.065	0	348.337	0	0	-3.30597	
66.69	0.337	0.103	1.58959	0	1.58106	-350.109	0	-348.195	0	0	-3.30597	
66.7	0.337	0.103	-1.58933	0	-1.58132	350.065	0	348.337	0	0	-3.30597	
66.71	0.337	0.103	1.58959	0	1.58106	-350.109	0	-348.195	0	0	-3.30597	
66.72	0.337	0.103	-1.58933	0	-1.58132	350.065	0	348.337	0	0	-3.30597	
66.73	0.337	0.103	1.58959	0	1.58106	-350.109	0	-348.195	0	0	-3.30597	
66.74	0.337	0.103	-1.58933	0	-1.58132	350.065	0	348.337	0	0	-3.30597	
66.75	0.337	0.103	1.58959	0	1.58106	-350.109	0	-348.195	0	0	-3.30597	
66.76	0.337	0.103	-1.58933	0	-1.58132	350.065	0	348.337	0	0	-3.30597	
66.77	0.337	0.103	1.58959	0	1.58106	-350.109	0	-348.195	0	0	-3.30597	
66.78	0.337	0.103	-1.58933	0	-1.58132	350.065	0	348.337	0	0	-3.30597	
66.79	0.337	0.103	1.58959	0	1.58106	-350.109	0	-348.195	0	0	-3.30597	
66.8	0.337	0.103	-1.58933	0	-1.58132	350.065	0	348.337	0	0	-3.30597	
66.81	0.337	0.103	1.58959	0	1.58106	-350.109	0	-348.195	0	0	-3.30597	
66.82	0.337	0.103	-1.58933	0	-1.58132	350.065	0	348.337	0	0	-3.30597	
66.83	0.337	0.103	1.58959	0	1.58106	-350.109	0	-348.195	0	0	-3.30597	
66.84	0.337	0.103	-1.58933	0	-1.58132	350.065	0	348.337	0	0	-3.30597	
66.85	0.337	0.103	1.58959	0	1.58106	-350.109	0	-348.195	0	0	-3.30597	
66.86	0.337	0.103	-1.58933	0	-1.58132	350.065	0	348.337	0	0	-3.30597	
66.87	0.337	0.103	1.58959	0	1.58106	-350.109	0	-348.195	0	0	-3.30597	
66.88	0.337	0.103	-1.58933	0	-1.58132	350.065	0	348.337	0	0	-3.30597	
66.89	0.337	0.103	1.58959	0	1.58106	-350.109	0	-348.195	0	0	-3.30597	
66.9	0.337	0.103	-1.58933	0	-1.58132	350.065	0	348.337	0	0	-3.30597	
66.91	0.337	0.103	1.58959	0	1.58106	-350.109	0	-348.195	0	0	-3.30597	
66.92	0.337	0.103	-1.58933	0	-1.58132	350.065	0	348.337	0	0	-3.30597	
66.93	0.337	0.103	1.58959	0	1.58106	-350.109	0	-348.195	0	0	-3.30597	
66.94	0.337	0.103	-1.58933	0	-1.58132	350.065	0	348.337	0	0	-3.30597	
66.95	0.337	0.103	1.58959	0	1.58106	-350.109	0	-348.195	0	0	-3.30597	
66.96	0.337	0.103	-1.58933	0	-1.58132	350.065	0	348.337	0	0	-3.30597	
66.97	0.337	0.103	1.58959	0	1.58106	-350.109	0	-348.195	0	0	-3.30597	
66.98	0.337	0.103	-1.58933	0	-1.58132	350.065	0	348.337	0	0	-3.30597	
66.99	0.337	0.103	1.58959	0	1.58106	-350.109	0	-348.195	0	0	-3.30597	
67	0.337	0.103	-1.58933	0	-1.58132	350.065	0	348.337	0	0	-3.30597	
67.01	0.337	0.103	1.58959	0	1.58106	-350.109	0	-348.195	0	0	-3.30597	
67.02	0.337	0.103	-1.58933	0	-1.58132	350.065	0	348.337	0	0	-3.30597	
67.03	0.337	0.103	1.58959	0	1.58106	-350.109	0	-348.195	0	0	-3.30597	
67.04	0.337	0.103	-1.58933	0	-1.58132	350.065	0	348.337	0	0	-3.30597	
67.05	0.337	0.103	1.58959	0	1.58106	-350.109	0	-348.195	0	0	-3.30597	
67.06	0.337	0.103	-1.58933	0	-1.58132	350.065	0	348.337	0	0	-3.30597	
67.07	0.337	0.103	1.58959	0	1.58106	-350.109	0	-348.195	0	0	-3.30597	
67.08	0.337	0.103	-1.58933	0	-1.58132	350.065	0	348.337	0	0	-3.30597	
67.09	0.337	0.103	1.58959	0	1.58106	-350.109	0	-348.195	0	0	-3.30597	
67.1	0.337	0.103	-1.58933	0	-1.58132	350.065	0	348.337	0	0	-3.30597	
67.11	0.337	0.103	1.58959	0	1.58106	-350.109	0	-348.195	0	0	-3.30597	
67.12	0.337	0.103	-1.58933	0	-1.58132	350.065	0	348.337	0	0	-3.30597	
67.13	0.337	0.103	1.58959	0	1.58106	-350.109	0	-348.195	0	0	-3.30597	
67.14	0.337	0.103	-1.58933	0	-1.58132	350.065	0	348.337	0	0	-3.30597	
67.15	0.337	0.103	1.58959	0	1.58106	-350.109	0	-348.195	0	0	-3.30597	
67.16	0.337	0.103	-1.58933	0	-1.58132	350.065	0	348.337	0	0	-3.30597	
67.17	0.337	0.103	1.58959	0	1.58106	-350.109	0	-348.195	0	0	-3.30597	
67.18	0.337	0.103	-1.58933	0	-1.58132	350.065	0	348.337	0	0	-3.30597	
67.19	0.337	0.103	1.58959	0	1.58106	-350.109	0	-348.195	0	0	-3.30597	
67.2	0.337	0.103	-1.58933	0	-1.58132	350.065	0	348.337	0	0	-3.30597	
67.21	0.337	0.103	1.58959	0	1.58106	-350.109	0	-348.195	0	0	-3.30597	
67.22	0.337	0.103	-1.58933	0	-1.58132	350.065	0	348.337	0	0	-3.30597	
67.23	0.337	0.103	1.58959	0	1.58106	-350.109	0	-348.195	0	0	-3.30597	
67.24	0.337	0.103	-1.58933	0	-1.58132	350.065	0	348.337	0	0	-3.30597	
67.25	0.337	0.103	1.58959	0	1.58106	-350.109	0	-348.195	0	0	-3.30597	
67.26	0.337	0.103	-1.58933	0	-1.58132	350.065	0	348.337	0	0	-3.30597	
67.27	0.337	0.103	1.58959	0	1.58106	-350.109	0	-348.195	0	0	-3.30597	
67.28	0.337	0.103	-1.58933	0	-1.58132	350.065	0	348.337	0	0	-3.30597	
67.29	0.337	0.103	1.58959	0	1.58106	-350.109	0	-348.195	0	0	-3.30597	
67.3	0.337	0.103	-1.58933	0	-1.58132	350.065	0	348.337	0	0	-3.30597	
67.31	0.337	0.103	1.58959	0	1.58106	-350.109	0	-348.195	0	0	-3.30597	
67.32	0.337	0.103	-1.58933	0	-1.58132	350.065	0	348.337	0	0	-3.30597	
67.33	0.337	0.103	1.58959	0	1.58106	-350.109	0	-348.195	0	0	-3.30597	
67.34	0.337	0.103	-1.58933	0	-1.58132	350.065	0	348.337	0	0	-3.30597	
67.35	0.337	0.103	1.58959	0	1.58106	-350.109	0	-348.195	0	0	-3.30597	
67.36	0.337	0.103	-1.58933	0	-1.58132	350.065	0	348.337	0	0	-3.30597	
67.37	0.337	0.103	1.58959	0	1.58106	-350.109	0	-348.195	0	0	-3.30597	
67.38	0.337	0.103	-1.58933	0	-1.58132	350.065	0	348.337	0	0	-3.30597	
67.39	0.337	0.103	1.58959	0	1.58106	-350.109	0	-348.195	0	0	-3.30597	
67.4	0.337	0.103	-1.58933	0	-1.58132	350.065	0	348.337	0	0	-3.30597	
67.41	0.337	0.103	1.58959	0	1.58106	-350.109	0	-348.195	0	0	-3.30597	
67.42	0.337	0.103	-1.58933	0	-1.58132	350.065	0	348.337	0	0	-3.30597	
67.43	0.337	0.103	1.58959	0	1.58106	-350.109	0	-348.195	0	0	-3.30597	
67.44	0.337	0.103	-1.58933	0	-1.58132	350.065	0	348.337	0	0	-3.30597	
67.45	0.337	0.103	1.58959	0	1.58106	-350.109	0	-348.195	0	0	-3.30597	
67.46	0.337	0.103	-1.58933	0	-1.58132	350.065	0	348.337	0	0	-3.30597	
67.47	0.337	0.103	1.58959	0	1.58106	-350.109	0	-348.195	0	0	-3.30597	
67.48	0.337	0.103	-1.58933	0	-1.58132	350.065	0	348.337	0	0	-3.30597	
67.49	0.337	0.103	1.58959	0	1.58106	-350.109	0	-348.195	0	0	-3.30597	
67.5	0.337	0.103	-1.58933	0	-1.58132	350.065	0	348.337	0	0	-3.30597	
67.51	0.337	0.103	1.58959	0	1.58106	-350.109	0	-348.195	0	0	-3.30597	
67.52	0.337	0.103	-1.58933	0	-1.58132	350.065	0	348.337	0	0	-3.30597	
67.53	0.337	0.103	1.58959	0	1.58106	-350.109	0	-348.195	0	0	-3.30597	
67.54	0.337	0.103	-1.58933	0	-1.58132	350.065	0	348.337	0	0	-3.30597	
67.55	0.337	0.103	1.58959	0	1.58106	-350.109	0	-348.195	0	0	-3.30597	
67.56	0.337	0.103	-1.58933	0	-1.58132	350.065	0	348.337	0	0	-3.30597	
67.57	0.337	0.103	1.58959	0	1.58106	-350.109	0	-348.195	0	0	-3.30597	
67.58	0.337	0.103	-1.58933	0	-1.58132	350.065	0	348.337	0	0	-3.30597	
67.59	0.337	0.103	1.58959	0	1.58106	-350.109	0	-348.195	0	0	-3.30597	
67.6	0.337	0.103	-1.58933	0	-1.58132	350.065	0	348.337	0	0	-3.30597	
67.61	0.337	0.103	1.58959	0	1.58106	-350.109	0	-348.195	0	0	-3.30597	
67.62	0.337	0.103	-1.58933	0	-1.58132	350.065	0	348.337	0	0	-3.30597	
67.63	0.337	0.103	1.58959	0	1.58106	-350.109	0	-348.195	0	0	-3.30597	
67.64	0.337	0.103	-1.58933	0	-1.58132	350.065	0	348.337	0	0	-3.30597	
67.65	0.337	0.103	1.58959	0	1.58106	-350.109	0	-348.195	0	0	-3.30597	
67.66	0.337	0.103	-1.58933	0	-1.58132	350.065	0	348.337	0	0	-3.30597	
67.67	0.337	0.103	1.58959	0	1.58106	-350.109	0	-348.195	0	0	-3.30597	
67.68	0.337	0.103	-1.58933	0	-1.58132	350.065	0	348.337	0	0	-3.30597	
67.69	0.337	0.103	1.58959	0	1.58106	-350.109	0	-348.195	0	0	-3.30597	
67.7	0.337	0.103	-1.58933	0	-1.58132	350.065	0	348.337	0	0	-3.30597	
67.71	0.337	0.103	1.58959	0	1.58106	-350.109	0	-348.195	0	0	-3.30597	
67.72	0.337	0.103	-1.58933	0	-1.58132	350.065	0	348.337	0	0	-3.30597	
67.73	0.337	0.103	1.58959	0	1.58106	-350.109	0	-348.195	0	0	-3.30597	
67.74	0.337	0.103	-1.58933	0	-1.58132	350.065	0	348.337	0	0	-3.30597	
67.75	0.337	0.103	1.58959	0	1.58106	-350.109	0	-348.195	0	0	-3.30597	
67.76	0.337	0.103	-1.58933	0	-1.58132	350.065	0	348.337	0	0	-3.30597	
67.77	0.337	0.103	1.58959	0	1.58106	-350.109	0	-348.195	0	0	-3.30597	
67.78	0.337	0.103	-1.58933	0	-1.58132	350.065	0	348.337	0	0	-3.30597	
67.79	0.337	0.103	1.58959	0	1.58106	-350.109	0	-348.195	0	0	-3.30597	
67.8	0.337	0.103	-1.58933	0	-1.58132	350.065	0	348.337	0	0	-3.30597	
67.81	0.337	0.103	1.58959	0	1.58106	-350.109	0	-348.195	0	0	-3.30597	
67.82	0.337	0.103	-1.58933	0	-1.58132	350.065	0	348.337	0	0	-3.30597	
67.83	0.337	0.103	1.58959	0	1.58106	-350.109	0	-348.195	0	0	-3.30597	
67.84	0.337	0.103	-1.58933	0	-1.58132	350.065	0	348.337	0	0	-3.30597	
67.85	0.337	0.103	1.58959	0	1.58106	-350.109	0	-348.195	0	0	-3.30597	
67.86	0.337	0.103	-1.58933	0	-1.58132	350.065	0	348.337	0	0	-3.30597	
67.87	0.337	0.103	1.58959	0	1.58106	-350.109	0	-348.195	0	0	-3.30597	
67.88	0.337	0.103	-1.58933	0	-1.58132	350.065	0	348.337	0	0	-3.30597	
67.89	0.337	0.103	1.58959	0	1.58106	-350.109	0	-348.195	0	0	-3.30597	
67.9	0.337	0.103	-1.58933	0	-1.58132	350.065	0	348.337	0	0	-3.30597	
67.91	0.337	0.103	1.58959	0	1.58106	-350.109	0	-348.195	0	0	-3.30597	
67.92	0.337	0.103	-1.58933	0	-1.58132	350.065	0	348.337	0	0	-3.30597	
67.93	0.337	0.103	1.58959	0	1.58106	-350.109	0	-348.195	0	0	-3.30597	
67.94	0.337	0.103	-1.58933	0	-1.58132	350.065	0	348.337	0	0	-3.30597	
67.95	0.337	0.103	1.58959	0	1.58106	-350.109	0	-348.195	0	0	-3.30597	
67.96	0.337	0.103	-1.58933	0	-1.58132	350.065	0	348.337	0	0	-3.30597	
67.97	0.337	0.103	1.58959	0	1.58106	-350.109	0	-348.195	0	0	-3.30597	
67.98	0.337	0.103	-1.58933	0	-1.58132	350.065	0	348.337	0	0	-3.30597	
67.99	0.337	0.103	1.58959	0	1.58106	-350.109	0	-348.195	0	0	-3.30597	
68	0.337	0.103	-1.58933	0	-1.58132	350.065	0	348.337	0	0	-3.30597	
68.01	0.337	0.103	1.58959	0	1.58106	-350.109	0	-348.195	0	0	-3.30597	
68.02	0.337	0.103	-1.58933	0	-1.58132	350.065	0	348.337	0	0	-3.30597	
68.03	0.337	0.103	1.58959	0	1.58106	-350.109	0	-348.195	0	0	-3.30597	
68.04	0.337	0.103	-1.58933	0	-1.58132	350.065	0	348.337	0	0	-3.30597	
68.05	0.337	0.103	1.58959	0	1.58106	-350.109	0	-348.195	0	0	-3.30597	
68.06	0.337	0.103	-1.58933	0	-1.58132	350.065	0	348.337	0	0	-3.30597	
68.07	0.337	0.103	1.58959	0	1.58106	-350.109	0	-348.195	0	0	-3.30597	
68.08	0.337	0.103	-1.58933	0	-1.58132	350.065	0	348.337	0	0	-3.30597	
68.09	0.337	0.103	1.58959	0	1.58106	-350.109	0	-348.195	0	0	-3.30597	
68.1	0.337	0.103	-1.58933	0	-1.58132	350.065	0	348.337	0	0	-3.30597	
68.11	0.337	0.103	1.58959	0	1.58106	-350.109	0	-348.195	0	0	-3.30597	
68.12	0.337	0.103	-1.58933	0	-1.58132	350.065	0	348.337	0	0	-3.30597	
68.13	0.337	0.103	1.58959	0	1.58106	-350.109	0	-348.195	0	0	-3.30597	
68.14	0.337	0.103	-1.58933	0	-1.58132	350.065	0	348.337	0	0	-3.30597	
68.15	0.337	0.103	1.58959	0	1.58106	-350.109	0	-348.195	0	0	-3.30597	
68.16	0.337	0.103	-1.58933	0	-1.58132	350.065	0	348.337	0	0	-3.30597	
68.17	0.337	0.103	1.58959	0	1.58106	-350.109	0	-348.195	0	0	-3.30597	
68.18	0.337	0.103	-1.58933	0	-1.58132	350.065	0	348.337	0	0	-3.30597	
68.19	0.337	0.103	1.58959	0	1.58106	-350.109	0	-348.195	0	0	-3.30597	
68.2	0.337	0.103	-1.58933	0	-1.58132	350.065	0	348.337	0	0	-3.30597	
68.21	0.337	0.103	1.58959	0	1.58106	-350.109	0	-348.195	0	0	-3.30597	
68.22	0.337	0.103	-1.58933	0	-1.58132	350.065	0	348.337	0	0	-3.30597	
68.23	0.337	0.103	1.58959	0	1.58106	-350.109	0	-348.195	0	0	-3.30597	
68.24	0.337	0.103	-1.58933	0	-1.58132	350.065	0	348.337	0	0	-3.30597	
68.25	0.337	0.103	1.58959	0	1.58106	-350.109	0	-348.195	0	0	-3.30597	
68.26	0.337	0.103	-1.58933	0	-1.58132	350.065	0	348.337	0	0	-3.30597	
68.27	0.337	0.103	1.58959	0	1.58106	-350.109	0	-348.195	0	0	-3.30597	
68.28	0.337	0.103	-1.58933	0	-1.58132	350.065	0	348.337	0	0	-3.30597	
68.29	0.337	0.103	1.58959	0	1.58106	-350.109	0	-348.195	0	0	-3.30597	
68.3	0.337	0.103	-1.58933	0	-1.58132	350.065	0	348.337	0	0	-3.30597	
68.31	0.337	0.103	1.58959	0	1.58106	-350.109	0	-348.195	0	0	-3.30597	
68.32	0.337	0.103	-1.58933	0	-1.58132	350.065	0	348.337	0	0	-3.30597	
68.33	0.337	0.103	1.58959	0	1.58106	-350.109	0	-348.195	0	0	-3.30597	
68.34	0.337	0.103	-1.58933	0	-1.58132	350.065	0	348.337	0	0	-3.30597	
68.35	0.337	0.103	1.58959	0	1.58106	-350.109	0	-348.195	0	0	-3.30597	
68.36	0.337	0.103	-1.58933	0	-1.58132	350.065	0	348.337	0	0	-3.30597	
68.37	0.337	0.103	1.58959	0	1.58106	-350.108	0	-348.195	0	0	-3.30597	
68.38	0.337	0.103	-1.58933	0	-1.58132	350.065	0	348.337	0	0	-3.30597	
68.39	0.337	0.103	1.58959	0	1.58106	-350.108	0	-348.195	0	0	-3.30597	
68.4	0.337	0.103	-1.58933	0	-1.58132	350.065	0	348.337	0	0	-3.30597	
68.41	0.337	0.103	1.58959	0	1.58106	-350.108	0	-348.195	0	0	-3.30597	
68.42	0.337	0.103	-1.58933	0	-1.58132	350.065	0	348.337	0	0	-3.30597	
68.43	0.337	0.103	1.58959	0	1.58106	-350.108	0	-348.195	0	0	-3.30597	
68.44	0.337	0.103	-1.58933	0	-1.58132	350.065	0	348.337	0	0	-3.30597	
68.45	0.337	0.103	1.58959	0	1.58106	-350.108	0	-348.195	0	0	-3.30597	
68.46	0.337	0.103	-1.58933	0	-1.58132	350.065	0	348.337	0	0	-3.30597	
68.47	0.337	0.103	1.58959	0	1.58106	-350.108	0	-348.195	0	0	-3.30597	
68.48	0.337	0.103	-1.58933	0	-1.58132	350.065	0	348.337	0	0	-3.30597	
68.49	0.337	0.103	1.58959	0	1.58106	-350.108	0	-348.195	0	0	-3.30597	
68.5	0.337	0.103	-1.58933	0	-1.58132	350.065	0	348.337	0	0	-3.30597	
68.51	0.337	0.103	1.58959	0	1.58106	-350.108	0	-348.194	0	0	-3.30597	
68.52	0.337	0.103	-1.58933	0	-1.58132	350.065	0	348.337	0	0	-3.30597	
68.53	0.337	0.103	1.58959	0	1.58106	-350.108	0	-348.194	0	0	-3.30597	
68.54	0.337	0.103	-1.58933	0	-1.58132	350.065	0	348.337	0	0	-3.30597	
68.55	0.337	0.103	1.58959	0	1.58106	-350.108	0	-348.194	0	0	-3.30597	
68.56	0.337	0.103	-1.58933	0	-1.58132	350.065	0	348.337	0	0	-3.30597	
68.57	0.337	0.103	1.58959	0	1.58106	-350.108	0	-348.194	0	0	-3.30597	
68.58	0.337	0.103	-1.58933	0	-1.58132	350.065	0	348.337	0	0	-3.30597	
68.59	0.337	0.103	1.58959	0	1.58106	-350.108	0	-348.194	0	0	-3.30597	
68.6	0.337	0.103	-1.58933	0	-1.58132	350.065	0	348.337	0	0	-3.30597	
68.61	0.337	0.103	1.58959	0	1.58106	-350.108	0	-348.194	0	0	-3.30597	
68.62	0.337	0.103	-1.58933	0	-1.58132	350.065	0	348.337	0	0	-3.30597	
68.63	0.337	0.103	1.58959	0	1.58106	-350.108	0	-348.194	0	0	-3.30597	
68.64	0.337	0.103	-1.58933	0	-1.58132	350.065	0	348.337	0	0	-3.30597	
68.65	0.337	0.103	1.58959	0	1.58106	-350.108	0	-348.194	0	0	-3.30597	
68.66	0.337	0.103	-1.58933	0	-1.58132	350.065	0	348.337	0	0	-3.30597	
68.67	0.337	0.103	1.58959	0	1.58106	-350.108	0	-348.194	0	0	-3.30597	
68.68	0.337	0.103	-1.58933	0	-1.58132	350.065	0	348.337	0	0	-3.30597	
68.69	0.337	0.103	1.58959	0	1.58106	-350.108	0	-348.194	0	0	-3.30597	
68.7	0.337	0.103	-1.58933	0	-1.58132	350.065	0	348.337	0	0	-3.30597	
68.71	0.337	0.103	1.58959	0	1.58106	-350.108	0	-348.194	0	0	-3.30597	
68.72	0.337	0.103	-1.58933	0	-1.58132	350.065	0	348.337	0	0	-3.30597	
68.73	0.337	0.103	1.58959	0	1.58106	-350.108	0	-348.194	0	0	-3.30597	
68.74	0.337	0.103	-1.58933	0	-1.58132	350.065	0	348.337	0	0	-3.30597	
68.75	0.337	0.103	1.58959	0	1.58106	-350.108	0	-348.194	0	0	-3.30597	
68.76	0.337	0.103	-1.58933	0	-1.58132	350.065	0	348.337	0	0	-3.30597	
68.77	0.337	0.103	1.58959	0	1.58106	-350.108	0	-348.194	0	0	-3.30597	
68.78	0.337	0.103	-1.58933	0	-1.58132	350.065	0	348.337	0	0	-3.30597	
68.79	0.337	0.103	1.58959	0	1.58106	-350.108	0	-348.194	0	0	-3.30597	
68.8	0.337	0.103	-1.58933	0	-1.58132	350.065	0	348.337	0	0	-3.30597	
68.81	0.337	0.103	1.58959	0	1.58106	-350.108	0	-348.194	0	0	-3.30597	
68.82	0.337	0.103	-1.58933	0	-1.58132	350.065	0	348.337	0	0	-3.30597	
68.83	0.337	0.103	1.58959	0	1.58106	-350.108	0	-348.194	0	0	-3.30597	
68.84	0.337	0.103	-1.58933	0	-1.58132	350.065	0	348.337	0	0	-3.30597	
68.85	0.337	0.103	1.58959	0	1.58106	-350.108	0	-348.194	0	0	-3.30597	
68.86	0.337	0.103	-1.58933	0	-1.58132	350.064	0	348.337	0	0	-3.30597	
68.87	0.337	0.103	1.58959	0	1.58106	-350.108	0	-348.194	0	0	-3.30597	
68.88	0.337	0.103	-1.58933	0	-1.58132	350.064	0	348.337	0	0	-3.30597	
68.89	0.337	0.103	1.58959	0	1.58106	-350.108	0	-348.194	0	0	-3.30597	
68.9	0.337	0.103	-1.58933	0	-1.58132	350.064	0	348.337	0	0	-3.30597	
68.91	0.337	0.103	1.58959	0	1.58106	-350.108	0	-348.194	0	0	-3.30597	
68.92	0.337	0.103	-1.58933	0	-1.58132	350.064	0	348.337	0	0	-3.30597	
68.93	0.337	0.103	1.58959	0	1.58106	-350.108	0	-348.194	0	0	-3.30597	
68.94	0.337	0.103	-1.58933	0	-1.58132	350.064	0	348.337	0	0	-3.30597	
68.95	0.337	0.103	1.58959	0	1.58106	-350.108	0	-348.194	0	0	-3.30597	
68.96	0.337	0.103	-1.58933	0	-1.58132	350.064	0	348.336	0	0	-3.30597	
68.97	0.337	0.103	1.58959	0	1.58106	-350.108	0	-348.194	0	0	-3.30597	
68.98	0.337	0.103	-1.58933	0	-1.58132	350.064	0	348.336	0	0	-3.30597	
68.99	0.337	0.103	1.58959	0	1.58106	-350.108	0	-348.194	0	0	-3.30597	
69	0.337	0.103	-1.58933	0	-1.58132	350.064	0	348.336	0	0	-3.30597	
69.01	0.337	0.103	1.58959	0	1.58106	-350.108	0	-348.194	0	0	-3.30597	
69.02	0.337	0.103	-1.58933	0	-1.58132	350.064	0	348.336	0	0	-3.30597	
69.03	0.337	0.103	1.58959	0	1.58106	-350.108	0	-348.194	0	0	-3.30597	
69.04	0.337	0.103	-1.58933	0	-1.58132	350.064	0	348.336	0	0	-3.30597	
69.05	0.337	0.103	1.58959	0	1.58106	-350.108	0	-348.194	0	0	-3.30597	
69.06	0.337	0.103	-1.58933	0	-1.58132	350.064	0	348.336	0	0	-3.30597	
69.07	0.337	0.103	1.58959	0	1.58106	-350.108	0	-348.194	0	0	-3.30597	
69.08	0.337	0.103	-1.58933	0	-1.58132	350.064	0	348.336	0	0	-3.30597	
69.09	0.337	0.103	1.58959	0	1.58106	-350.108	0	-348.194	0	0	-3.30597	
69.1	0.337	0.103	-1.58933	0	-1.58132	350.064	0	348.336	0	0	-3.30597	
69.11	0.337	0.103	1.58959	0	1.58106	-350.108	0	-348.194	0	0	-3.30597	
69.12	0.337	0.103	-1.58933	0	-1.58132	350.064	0	348.336	0	0	-3.30597	
69.13	0.337	0.103	1.58959	0	1.58106	-350.108	0	-348.194	0	0	-3.30597	
69.14	0.337	0.103	-1.58933	0	-1.58132	350.064	0	348.336	0	0	-3.30597	
69.15	0.337	0.103	1.58959	0	1.58106	-350.108	0	-348.194	0	0	-3.30597	
69.16	0.337	0.103	-1.58933	0	-1.58132	350.064	0	348.336	0	0	-3.30597	
69.17	0.337	0.103	1.58959	0	1.58106	-350.108	0	-348.194	0	0	-3.30597	
69.18	0.337	0.103	-1.58933	0	-1.58132	350.064	0	348.336	0	0	-3.30597	
69.19	0.337	0.103	1.58959	0	1.58106	-350.108	0	-348.194	0	0	-3.30597	
69.2	0.337	0.103	-1.58933	0	-1.58132	350.064	0	348.336	0	0	-3.30597	
69.21	0.337	0.103	1.58959	0	1.58106	-350.108	0	-348.194	0	0	-3.30597	
69.22	0.337	0.103	-1.58933	0	-1.58132	350.064	0	348.336	0	0	-3.30597	
69.23	0.337	0.103	1.58959	0	1.58106	-350.108	0	-348.194	0	0	-3.30597	
69.24	0.337	0.103	-1.58933	0	-1.58132	350.064	0	348.336	0	0	-3.30597	
69.25	0.337	0.103	1.58959	0	1.58106	-350.108	0	-348.194	0	0	-3.30597	
69.26	0.337	0.103	-1.58933	0	-1.58132	350.064	0	348.336	0	0	-3.30597	
69.27	0.337	0.103	1.58959	0	1.58106	-350.108	0	-348.194	0	0	-3.30597	
69.28	0.337	0.103	-1.58933	0	-1.58132	350.064	0	348.336	0	0	-3.30597	
69.29	0.337	0.103	1.58959	0	1.58106	-350.108	0	-348.194	0	0	-3.30597	
69.3	0.337	0.103	-1.58933	0	-1.58132	350.064	0	348.336	0	0	-3.30597	
69.31	0.337	0.103	1.58959	0	1.58106	-350.108	0	-348.194	0	0	-3.30597	
69.32	0.337	0.103	-1.58933	0	-1.58132	350.064	0	348.336	0	0	-3.30597	
69.33	0.337	0.103	1.58959	0	1.58106	-350.108	0	-348.194	0	0	-3.30597	
69.34	0.337	0.103	-1.58933	0	-1.58132	350.064	0	348.336	0	0	-3.30597	
69.35	0.337	0.103	1.58959	0	1.58106	-350.108	0	-348.194	0	0	-3.30597	
69.36	0.337	0.103	-1.58933	0	-1.58132	350.064	0	348.336	0	0	-3.30597	
69.37	0.337	0.103	1.58959	0	1.58106	-350.108	0	-348.194	0	0	-3.30597	
69.38	0.337	0.103	-1.58933	0	-1.58132	350.064	0	348.336	0	0	-3.30597	
69.39	0.337	0.103	1.58959	0	1.58106	-350.108	0	-348.194	0	0	-3.30597	
69.4	0.337	0.103	-1.58933	0	-1.58132	350.064	0	348.336	0	0	-3.30597	
69.41	0.337	0.103	1.58959	0	1.58106	-350.108	0	-348.194	0	0	-3.30597	
69.42	0.337	0.103	-1.58933	0	-1.58132	350.064	0	348.336	0	0	-3.30597	
69.43	0.337	0.103	1.58959	0	1.58106	-350.108	0	-348.194	0	0	-3.30597	
69.44	0.337	0.103	-1.58933	0	-1.58132	350.064	0	348.336	0	0	-3.30597	
69.45	0.337	0.103	1.58959	0	1.58106	-350.108	0	-348.194	0	0	-3.30597	
69.46	0.337	0.103	-1.58933	0	-1.58132	350.064	0	348.336	0	0	-3.30597	
69.47	0.337	0.103	1.58959	0	1.58106	-350.108	0	-348.194	0	0	-3.30597	
69.48	0.337	0.103	-1.58933	0	-1.58132	350.064	0	348.336	0	0	-3.30597	
69.49	0.337	0.103	1.58959	0	1.58106	-350.108	0	-348.194	0	0	-3.30597	
69.5	0.337	0.103	-1.58933	0	-1.58132	350.064	0	348.336	0	0	-3.30597	
69.51	0.337	0.103	1.58959	0	1.58106	-350.108	0	-348.194	0	0	-3.30597	
69.52	0.337	0.103	-1.58933	0	-1.58132	350.064	0	348.336	0	0	-3.30597	
69.53	0.337	0.103	1.58959	0	1.58106	-350.108	0	-348.194	0	0	-3.30597	
69.54	0.337	0.103	-1.58933	0	-1.58132	350.064	0	348.336	0	0	-3.30597	
69.55	0.337	0.103	1.58959	0	1.58106	-350.108	0	-348.194	0	0	-3.30597	
69.56	0.337	0.103	-1.58933	0	-1.58132	350.064	0	348.336	0	0	-3.30597	
69.57	0.337	0.103	1.58959	0	1.58106	-350.108	0	-348.194	0	0	-3.30597	
69.58	0.337	0.103	-1.58933	0	-1.58132	350.064	0	348.336	0	0	-3.30597	
69.59	0.337	0.103	1.58959	0	1.58106	-350.108	0	-348.194	0	0	-3.30597	
69.6	0.337	0.103	-1.58933	0	-1.58132	350.064	0	348.336	0	0	-3.30597	
69.61	0.337	0.103	1.58959	0	1.58106	-350.108	0	-348.194	0	0	-3.30597	
69.62	0.337	0.103	-1.58933	0	-1.58132	350.064	0	348.336	0	0	-3.30597	
69.63	0.337	0.103	1.58959	0	1.58106	-350.108	0	-348.194	0	0	-3.30597	
69.64	0.337	0.103	-1.58933	0	-1.58132	350.064	0	348.336	0	0	-3.30597	
69.65	0.337	0.103	1.58959	0	1.58106	-350.108	0	-348.194	0	0	-3.30597	
69.66	0.337	0.103	-1.58933	0	-1.58132	350.064	0	348.336	0	0	-3.30597	
69.67	0.337	0.103	1.58959	0	1.58106	-350.108	0	-348.194	0	0	-3.30597	
69.68	0.337	0.103	-1.58933	0	-1.58132	350.064	0	348.336	0	0	-3.30597	
69.69	0.337	0.103	1.58959	0	1.58106	-350.108	0	-348.194	0	0	-3.30597	
69.7	0.337	0.103	-1.58933	0	-1.58132	350.064	0	348.336	0	0	-3.30597	
69.71	0.337	0.103	1.58959	0	1.58106	-350.108	0	-348.194	0	0	-3.30597	
69.72	0.337	0.103	-1.58933	0	-1.58132	350.064	0	348.336	0	0	-3.30597	
69.73	0.337	0.103	1.58959	0	1.58106	-350.108	0	-348.194	0	0	-3.30597	
69.74	0.337	0.103	-1.58933	0	-1.58132	350.064	0	348.336	0	0	-3.30597	
69.75	0.337	0.103	1.58959	0	1.58106	-350.108	0	-348.194	0	0	-3.30597	
69.76	0.337	0.103	-1.58933	0	-1.58132	350.064	0	348.336	0	0	-3.30597	
69.77	0.337	0.103	1.58959	0	1.58106	-350.108	0	-348.194	0	0	-3.30597	
69.78	0.337	0.103	-1.58933	0	-1.58132	350.064	0	348.336	0	0	-3.30597	
69.79	0.337	0.103	1.58959	0	1.58106	-350.108	0	-348.194	0	0	-3.30597	
69.8	0.337	0.103	-1.58933	0	-1.58132	350.064	0	348.336	0	0	-3.30597	
69.81	0.337	0.103	1.58959	0	1.58106	-350.108	0	-348.194	0	0	-3.30597	
69.82	0.337	0.103	-1.58933	0	-1.58132	350.064	0	348.336	0	0	-3.30597	
69.83	0.337	0.103	1.58959	0	1.58106	-350.108	0	-348.194	0	0	-3.30597	
69.84	0.337	0.103	-1.58933	0	-1.58132	350.064	0	348.336	0	0	-3.30597	
69.85	0.337	0.103	1.58959	0	1.58106	-350.108	0	-348.194	0	0	-3.30597	
69.86	0.337	0.103	-1.58933	0	-1.58132	350.064	0	348.336	0	0	-3.30597	
69.87	0.337	0.103	1.58959	0	1.58106	-350.108	0	-348.194	0	0	-3.30597	
69.88	0.337	0.103	-1.58933	0	-1.58132	350.064	0	348.336	0	0	-3.30597	
69.89	0.337	0.103	1.58959	0	1.58106	-350.108	0	-348.194	0	0	-3.30597	
69.9	0.337	0.103	-1.58933	0	-1.58132	350.064	0	348.336	0	0	-3.30597	
69.91	0.337	0.103	1.58959	0	1.58106	-350.108	0	-348.194	0	0	-3.30597	
69.92	0.337	0.103	-1.58933	0	-1.58132	350.064	0	348.336	0	0	-3.30597	
69.93	0.337	0.103	1.58959	0	1.58106	-350.108	0	-348.194	0	0	-3.30597	
69.94	0.337	0.103	-1.58933	0	-1.58132	350.064	0	348.336	0	0	-3.30597	
69.95	0.337	0.103	1.58959	0	1.58106	-350.108	0	-348.194	0	0	-3.30597	
69.96	0.337	0.103	-1.58933	0	-1.58132	350.064	0	348.336	0	0	-3.30597	
69.97	0.337	0.103	1.58959	0	1.58106	-350.108	0	-348.194	0	0	-3.30597	
69.98	0.337	0.103	-1.58933	0	-1.58132	350.064	0	348.336	0	0	-3.30597	
69.99	0.337	0.103	1.58959	0	1.58106	-350.108	0	-348.194	0	0	-3.30597	
70	0.337	0.103	-1.58933	0	-1.58132	350.064	0	348.336	0	0	-3.30597	
70.01	0.337	0.103	1.58959	0	1.58106	-350.108	0	-348.194	0	0	-3.30597	
70.02	0.337	0.103	-1.58933	0	-1.58132	350.064	0	348.336	0	0	-3.30597	
70.03	0.337	0.103	1.58959	0	1.58106	-350.108	0	-348.194	0	0	-3.30597	
70.04	0.337	0.103	-1.58933	0	-1.58132	350.064	0	348.336	0	0	-3.30597	
70.05	0.337	0.103	1.58959	0	1.58106	-350.108	0	-348.194	0	0	-3.30597	
70.06	0.337	0.103	-1.58933	0	-1.58132	350.064	0	348.336	0	0	-3.30597	
70.07	0.337	0.103	1.58959	0	1.58106	-350.108	0	-348.194	0	0	-3.30597	
70.08	0.337	0.103	-1.58933	0	-1.58132	350.064	0	348.336	0	0	-3.30597	
70.09	0.337	0.103	1.58959	0	1.58106	-350.108	0	-348.194	0	0	-3.30597	
70.1	0.337	0.103	-1.58933	0	-1.58132	350.064	0	348.336	0	0	-3.30597	
70.11	0.337	0.103	1.58959	0	1.58106	-350.108	0	-348.194	0	0	-3.30597	
70.12	0.337	0.103	-1.58933	0	-1.58132	350.064	0	348.336	0	0	-3.30597	
70.13	0.337	0.103	1.58959	0	1.58106	-350.108	0	-348.194	0	0	-3.30597	
70.14	0.337	0.103	-1.58933	0	-1.58132	350.064	0	348.336	0	0	-3.30597	
70.15	0.337	0.103	1.58959	0	1.58106	-350.108	0	-348.194	0	0	-3.30597	
70.16	0.337	0.103	-1.58933	0	-1.58132	350.064	0	348.336	0	0	-3.30597	
70.17	0.337	0.103	1.58959	0	1.58106	-350.108	0	-348.194	0	0	-3.30597	
70.18	0.337	0.103	-1.58933	0	-1.58132	350.064	0	348.336	0	0	-3.30597	
70.19	0.337	0.103	1.58959	0	1.58106	-350.108	0	-348.194	0	0	-3.30597	
70.2	0.337	0.103	-1.58933	0	-1.58132	350.064	0	348.336	0	0	-3.30597	
70.21	0.337	0.103	1.58959	0	1.58106	-350.108	0	-348.194	0	0	-3.30597	
70.22	0.337	0.103	-1.58933	0	-1.58132	350.064	0	348.336	0	0	-3.30597	
70.23	0.337	0.103	1.58959	0	1.58106	-350.108	0	-348.194	0	0	-3.30597	
70.24	0.337	0.103	-1.58933	0	-1.58132	350.064	0	348.336	0	0	-3.30597	
70.25	0.337	0.103	1.58959	0	1.58106	-350.108	0	-348.194	0	0	-3.30597	
70.26	0.337	0.103	-1.58933	0	-1.58132	350.064	0	348.336	0	0	-3.30597	
70.27	0.337	0.103	1.58959	0	1.58106	-350.108	0	-348.194	0	0	-3.30597	
70.28	0.337	0.103	-1.58933	0	-1.58132	350.064	0	348.336	0	0	-3.30597	
70.29	0.337	0.103	1.58959	0	1.58106	-350.108	0	-348.194	0	0	-3.30597	
70.3	0.337	0.103	-1.58933	0	-1.58132	350.064	0	348.336	0	0	-3.30597	
70.31	0.337	0.103	1.58959	0	1.58106	-350.108	0	-348.194	0	0	-3.30597	
70.32	0.337	0.103	-1.58933	0	-1.58132	350.064	0	348.336	0	0	-3.30597	
70.33	0.337	0.103	1.58959	0	1.58106	-350.108	0	-348.194	0	0	-3.30597	
70.34	0.337	0.103	-1.58933	0	-1.58132	350.064	0	348.336	0	0	-3.30597	
70.35	0.337	0.103	1.58959	0	1.58106	-350.108	0	-348.194	0	0	-3.30597	
70.36	0.337	0.103	-1.58933	0	-1.58132	350.064	0	348.336	0	0	-3.30597	
70.37	0.337	0.103	1.58959	0	1.58106	-350.108	0	-348.194	0	0	-3.30597	
70.38	0.337	0.103	-1.58933	0	-1.58132	350.064	0	348.336	0	0	-3.30597	
70.39	0.337	0.103	1.58959	0	1.58106	-350.108	0	-348.194	0	0	-3.30597	
70.4	0.337	0.103	-1.58933	0	-1.58132	350.064	0	348.336	0	0	-3.30597	
70.41	0.337	0.103	1.58959	0	1.58106	-350.108	0	-348.194	0	0	-3.30597	
70.42	0.337	0.103	-1.58933	0	-1.58132	350.064	0	348.336	0	0	-3.30597	
70.43	0.337	0.103	1.58959	0	1.58106	-350.108	0	-348.194	0	0	-3.30597	
70.44	0.337	0.103	-1.58933	0	-1.58132	350.064	0	348.336	0	0	-3.30597	
70.45	0.337	0.103	1.58959	0	1.58106	-350.108	0	-348.194	0	0	-3.30597	
70.46	0.337	0.103	-1.58933	0	-1.58132	350.064	0	348.336	0	0	-3.30597	
70.47	0.337	0.103	1.58959	0	1.58106	-350.108	0	-348.194	0	0	-3.30597	
70.48	0.337	0.103	-1.58933	0	-1.58132	350.064	0	348.336	0	0	-3.30597	
70.49	0.337	0.103	1.58959	0	1.58106	-350.108	0	-348.194	0	0	-3.30597	
70.5	0.337	0.103	-1.58933	0	-1.58132	350.064	0	348.336	0	0	-3.30597	
70.51	0.337	0.103	1.58959	0	1.58106	-350.108	0	-348.194	0	0	-3.30597	
70.52	0.337	0.103	-1.58933	0	-1.58132	350.064	0	348.336	0	0	-3.30597	
70.53	0.337	0.103	1.58959	0	1.58106	-350.108	0	-348.194	0	0	-3.30597	
70.54	0.337	0.103	-1.58933	0	-1.58132	350.064	0	348.336	0	0	-3.30597	
70.55	0.337	0.103	1.58959	0	1.58106	-350.108	0	-348.194	0	0	-3.30597	
70.56	0.337	0.103	-1.58933	0	-1.58132	350.064	0	348.336	0	0	-3.30597	
70.57	0.337	0.103	1.58959	0	1.58106	-350.108	0	-348.194	0	0	-3.30597	
70.58	0.337	0.103	-1.58933	0	-1.58132	350.064	0	348.336	0	0	-3.30597	
70.59	0.337	0.103	1.58959	0	1.58106	-350.108	0	-348.194	0	0	-3.30597	
70.6	0.337	0.103	-1.58933	0	-1.58132	350.064	0	348.336	0	0	-3.30597	
70.61	0.337	0.103	1.58959	0	1.58106	-350.108	0	-348.194	0	0	-3.30597	
70.62	0.337	0.103	-1.58933	0	-1.58132	350.064	0	348.336	0	0	-3.30597	
70.63	0.337	0.103	1.58959	0	1.58106	-350.108	0	-348.194	0	0	-3.30597	
70.64	0.337	0.103	-1.58933	0	-1.58132	350.064	0	348.336	0	0	-3.30597	
70.65	0.337	0.103	1.58959	0	1.58106	-350.108	0	-348.194	0	0	-3.30597	
70.66	0.337	0.103	-1.58933	0	-1.58132	350.064	0	348.336	0	0	-3.30597	
70.67	0.337	0.103	1.58959	0	1.58106	-350.108	0	-348.194	0	0	-3.30597	
70.68	0.337	0.103	-1.58933	0	-1.58132	350.064	0	348.336	0	0	-3.30597	
70.69	0.337	0.103	1.58959	0	1.58106	-350.108	0	-348.194	0	0	-3.30597	
70.7	0.337	0.103	-1.58933	0	-1.58132	350.064	0	348.336	0	0	-3.30597	
70.71	0.337	0.103	1.58959	0	1.58106	-350.108	0	-348.194	0	0	-3.30597	
70.72	0.337	0.103	-1.58933	0	-1.58132	350.064	0	348.336	0	0	-3.30597	
70.73	0.337	0.103	1.58959	0	1.58106	-350.108	0	-348.194	0	0	-3.30597	
70.74	0.337	0.103	-1.58933	0	-1.58132	350.064	0	348.336	0	0	-3.30597	
70.75	0.337	0.103	1.58959	0	1.58106	-350.108	0	-348.194	0	0	-3.30597	
70.76	0.337	0.103	-1.58933	0	-1.58132	350.064	0	348.336	0	0	-3.30597	
70.77	0.337	0.103	1.58959	0	1.58106	-350.108	0	-348.194	0	0	-3.30597	
70.78	0.337	0.103	-1.58933	0	-1.58132	350.064	0	348.336	0	0	-3.30597	
70.79	0.337	0.103	1.58959	0	1.58106	-350.108	0	-348.194	0	0	-3.30597	
70.8	0.337	0.103	-1.58933	0	-1.58132	350.064	0	348.336	0	0	-3.30597	
70.81	0.337	0.103	1.58959	0	1.58106	-350.108	0	-348.194	0	0	-3.30597	
70.82	0.337	0.103	-1.58933	0	-1.58132	350.064	0	348.336	0	0	-3.30597	
70.83	0.337	0.103	1.58959	0	1.58106	-350.108	0	-348.194	0	0	-3.30597	
70.84	0.337	0.103	-1.58933	0	-1.58132	350.064	0	348.336	0	0	-3.30597	
70.85	0.337	0.103	1.58959	0	1.58106	-350.108	0	-348.194	0	0	-3.30597	
70.86	0.337	0.103	-1.58933	0	-1.58132	350.064	0	348.336	0	0	-3.30597	
70.87	0.337	0.103	1.58959	0	1.58106	-350.108	0	-348.194	0	0	-3.30597	
70.88	0.337	0.103	-1.58933	0	-1.58132	350.064	0	348.336	0	0	-3.30597	
70.89	0.337	0.103	1.58959	0	1.58106	-350.108	0	-348.194	0	0	-3.30597	
70.9	0.337	0.103	-1.58933	0	-1.58132	350.064	0	348.336	0	0	-3.30597	
70.91	0.337	0.103	1.58959	0	1.58106	-350.108	0	-348.194	0	0	-3.30597	
70.92	0.337	0.103	-1.58933	0	-1.58132	350.064	0	348.336	0	0	-3.30597	
70.93	0.337	0.103	1.58959	0	1.58106	-350.108	0	-348.194	0	0	-3.30597	
70.94	0.337	0.103	-1.58933	0	-1.58132	350.064	0	348.336	0	0	-3.30597	
70.95	0.337	0.103	1.58959	0	1.58106	-350.108	0	-348.194	0	0	-3.30597	
70.96	0.337	0.103	-1.58933	0	-1.58132	350.064	0	348.336	0	0	-3.30597	
70.97	0.337	0.103	1.58959	0	1.58106	-350.108	0	-348.194	0	0	-3.30597	
70.98	0.337	0.103	-1.58933	0	-1.58132	350.064	0	348.336	0	0	-3.30597	
70.99	0.337	0.103	1.58959	0	1.58106	-350.108	0	-348.194	0	0	-3.30597	
71	0.337	0.103	-1.58933	0	-1.58132	350.064	0	348.336	0	0	-3.30597	
71.01	0.337	0.103	1.58959	0	1.58106	-350.108	0	-348.194	0	0	-3.30597	
71.02	0.337	0.103	-1.58933	0	-1.58132	350.064	0	348.336	0	0	-3.30597	
71.03	0.337	0.103	1.58959	0	1.58106	-350.108	0	-348.194	0	0	-3.30597	
71.04	0.337	0.103	-1.58933	0	-1.58132	350.064	0	348.336	0	0	-3.30597	
71.05	0.337	0.103	1.58959	0	1.58106	-350.108	0	-348.194	0	0	-3.30597	
71.06	0.337	0.103	-1.58933	0	-1.58132	350.064	0	348.336	0	0	-3.30597	
71.07	0.337	0.103	1.58959	0	1.58106	-350.108	0	-348.194	0	0	-3.30597	
71.08	0.337	0.103	-1.58933	0	-1.58132	350.064	0	348.336	0	0	-3.30597	
71.09	0.337	0.103	1.58959	0	1.58106	-350.108	0	-348.194	0	0	-3.30597	
71.1	0.337	0.103	-1.58933	0	-1.58132	350.064	0	348.336	0	0	-3.30597	
71.11	0.337	0.103	1.58959	0	1.58106	-350.108	0	-348.194	0	0	-3.30597	
71.12	0.337	0.103	-1.58933	0	-1.58132	350.064	0	348.336	0	0	-3.30597	
71.13	0.337	0.103	1.58959	0	1.58106	-350.108	0	-348.194	0	0	-3.30597	
71.14	0.337	0.103	-1.58933	0	-1.58132	350.064	0	348.336	0	0	-3.30597	
71.15	0.337	0.103	1.58959	0	1.58106	-350.107	0	-348.194	0	0	-3.30597	
71.16	0.337	0.103	-1.58933	0	-1.58132	350.064	0	348.336	0	0	-3.30597	
71.17	0.337	0.103	1.58959	0	1.58106	-350.107	0	-348.194	0	0	-3.30597	
71.18	0.337	0.103	-1.58933	0	-1.58132	350.064	0	348.336	0	0	-3.30597	
71.19	0.337	0.103	1.58959	0	1.58106	-350.107	0	-348.194	0	0	-3.30597	
71.2	0.337	0.103	-1.58933	0	-1.58132	350.064	0	348.336	0	0	-3.30597	
71.21	0.337	0.103	1.58959	0	1.58106	-350.107	0	-348.194	0	0	-3.30597	
71.22	0.337	0.103	-1.58933	0	-1.58132	350.064	0	348.336	0	0	-3.30597	
71.23	0.337	0.103	1.58959	0	1.58106	-350.107	0	-348.194	0	0	-3.30597	
71.24	0.337	0.103	-1.58933	0	-1.58132	350.064	0	348.336	0	0	-3.30597	
71.25	0.337	0.103	1.58959	0	1.58106	-350.107	0	-348.194	0	0	-3.30597	
71.26	0.337	0.103	-1.58933	0	-1.58132	350.064	0	348.336	0	0	-3.30597	
71.27	0.337	0.103	1.58959	0	1.58106	-350.107	0	-348.194	0	0	-3.30597	
71.28	0.337	0.103	-1.58933	0	-1.58132	350.064	0	348.336	0	0	-3.30597	
71.29	0.337	0.103	1.58959	0	1.58106	-350.107	0	-348.194	0	0	-3.30597	
71.3	0.337	0.103	-1.58933	0	-1.58132	350.064	0	348.336	0	0	-3.30597	
71.31	0.337	0.103	1.58959	0	1.58106	-350.107	0	-348.193	0	0	-3.30597	
71.32	0.337	0.103	-1.58933	0	-1.58132	350.064	0	348.336	0	0	-3.30597	
71.33	0.337	0.103	1.58959	0	1.58106	-350.107	0	-348.193	0	0	-3.30597	
71.34	0.337	0.103	-1.58933	0	-1.58132	350.064	0	348.336	0	0	-3.30597	
71.35	0.337	0.103	1.58959	0	1.58106	-350.107	0	-348.193	0	0	-3.30597	
71.36	0.337	0.103	-1.58933	0	-1.58132	350.064	0	348.336	0	0	-3.30597	
71.37	0.337	0.103	1.58959	0	1.58106	-350.107	0	-348.193	0	0	-3.30597	
71.38	0.337	0.103	-1.58933	0	-1.58132	350.064	0	348.336	0	0	-3.30597	
71.39	0.337	0.103	1.58959	0	1.58106	-350.107	0	-348.193	0	0	-3.30597	
71.4	0.337	0.103	-1.58933	0	-1.58132	350.064	0	348.336	0	0	-3.30597	
71.41	0.337	0.103	1.58959	0	1.58106	-350.107	0	-348.193	0	0	-3.30597	
71.42	0.337	0.103	-1.58933	0	-1.58132	350.064	0	348.336	0	0	-3.30597	
71.43	0.337	0.103	1.58959	0	1.58106	-350.107	0	-348.193	0	0	-3.30597	
71.44	0.337	0.103	-1.58933	0	-1.58132	350.064	0	348.336	0	0	-3.30597	
71.45	0.337	0.103	1.58959	0	1.58106	-350.107	0	-348.193	0	0	-3.30597	
71.46	0.337	0.103	-1.58933	0	-1.58132	350.064	0	348.336	0	0	-3.30597	
71.47	0.337	0.103	1.58959	0	1.58106	-350.107	0	-348.193	0	0	-3.30597	
71.48	0.337	0.103	-1.58933	0	-1.58132	350.064	0	348.336	0	0	-3.30597	
71.49	0.337	0.103	1.58959	0	1.58106	-350.107	0	-348.193	0	0	-3.30597	
71.5	0.337	0.103	-1.58933	0	-1.58132	350.064	0	348.336	0	0	-3.30597	
71.51	0.337	0.103	1.58959	0	1.58106	-350.107	0	-348.193	0	0	-3.30597	
71.52	0.337	0.103	-1.58933	0	-1.58132	350.064	0	348.336	0	0	-3.30597	
71.53	0.337	0.103	1.58959	0	1.58106	-350.107	0	-348.193	0	0	-3.30597	
71.54	0.337	0.103	-1.58933	0	-1.58132	350.064	0	348.336	0	0	-3.30597	
71.55	0.337	0.103	1.58959	0	1.58106	-350.107	0	-348.193	0	0	-3.30597	
71.56	0.337	0.103	-1.58933	0	-1.58132	350.064	0	348.336	0	0	-3.30597	
71.57	0.337	0.103	1.58959	0	1.58106	-350.107	0	-348.193	0	0	-3.30597	
71.58	0.337	0.103	-1.58933	0	-1.58132	350.064	0	348.336	0	0	-3.30597	
71.59	0.337	0.103	1.58959	0	1.58106	-350.107	0	-348.193	0	0	-3.30597	
71.6	0.337	0.103	-1.58933	0	-1.58132	350.064	0	348.336	0	0	-3.30597	
71.61	0.337	0.103	1.58959	0	1.58106	-350.107	0	-348.193	0	0	-3.30597	
71.62	0.337	0.103	-1.58933	0	-1.58132	350.064	0	348.336	0	0	-3.30597	
71.63	0.337	0.103	1.58959	0	1.58106	-350.107	0	-348.193	0	0	-3.30597	
71.64	0.337	0.103	-1.58933	0	-1.58132	350.063	0	348.336	0	0	-3.30597	
71.65	0.337	0.103	1.58959	0	1.58106	-350.107	0	-348.193	0	0	-3.30597	
71.66	0.337	0.103	-1.58933	0	-1.58132	350.063	0	348.336	0	0	-3.30597	
71.67	0.337	0.103	1.58959	0	1.58106	-350.107	0	-348.193	0	0	-3.30597	
71.68	0.337	0.103	-1.58933	0	-1.58132	350.063	0	348.336	0	0	-3.30597	
71.69	0.337	0.103	1.58959	0	1.58106	-350.107	0	-348.193	0	0	-3.30597	
71.7	0.337	0.103	-1.58933	0	-1.58132	350.063	0	348.336	0	0	-3.30597	
71.71	0.337	0.103	1.58959	0	1.58106	-350.107	0	-348.193	0	0	-3.30597	
71.72	0.337	0.103	-1.58933	0	-1.58132	350.063	0	348.336	0	0	-3.30597	
71.73	0.337	0.103	1.58959	0	1.58106	-350.107	0	-348.193	0	0	-3.30597	
71.74	0.337	0.103	-1.58933	0	-1.58132	350.063	0	348.336	0	0	-3.30597	
71.75	0.337	0.103	1.58959	0	1.58106	-350.107	0	-348.193	0	0	-3.30597	
71.76	0.337	0.103	-1.58933	0	-1.58132	350.063	0	348.335	0	0	-3.30597	
71.77	0.337	0.103	1.58959	0	1.58106	-350.107	0	-348.193	0	0	-3.30597	
71.78	0.337	0.103	-1.58933	0	-1.58132	350.063	0	348.335	0	0	-3.30597	
71.79	0.337	0.103	1.58959	0	1.58106	-350.107	0	-348.193	0	0	-3.30597	
71.8	0.337	0.103	-1.58933	0	-1.58132	350.063	0	348.335	0	0	-3.30597	
71.81	0.337	0.103	1.58959	0	1.58106	-350.107	0	-348.193	0	0	-3.30597	
71.82	0.337	0.103	-1.58933	0	-1.58132	350.063	0	348.335	0	0	-3.30597	
71.83	0.337	0.103	1.58959	0	1.58106	-350.107	0	-348.193	0	0	-3.30597	
71.84	0.337	0.103	-1.58933	0	-1.58132	350.063	0	348.335	0	0	-3.30597	
71.85	0.337	0.103	1.58959	0	1.58106	-350.107	0	-348.193	0	0	-3.30597	
71.86	0.337	0.103	-1.58933	0	-1.58132	350.063	0	348.335	0	0	-3.30597	
71.87	0.337	0.103	1.58959	0	1.58106	-350.107	0	-348.193	0	0	-3.30597	
71.88	0.337	0.103	-1.58933	0	-1.58132	350.063	0	348.335	0	0	-3.30597	
71.89	0.337	0.103	1.58959	0	1.58106	-350.107	0	-348.193	0	0	-3.30597	
71.9	0.337	0.103	-1.58933	0	-1.58132	350.063	0	348.335	0	0	-3.30597	
71.91	0.337	0.103	1.58959	0	1.58106	-350.107	0	-348.193	0	0	-3.30597	
71.92	0.337	0.103	-1.58933	0	-1.58132	350.063	0	348.335	0	0	-3.30597	
71.93	0.337	0.103	1.58959	0	1.58106	-350.107	0	-348.193	0	0	-3.30597	
71.94	0.337	0.103	-1.58933	0	-1.58132	350.063	0	348.335	0	0	-3.30597	
71.95	0.337	0.103	1.58959	0	1.58106	-350.107	0	-348.193	0	0	-3.30597	
71.96	0.337	0.103	-1.58933	0	-1.58132	350.063	0	348.335	0	0	-3.30597	
71.97	0.337	0.103	1.58959	0	1.58106	-350.107	0	-348.193	0	0	-3.30597	
71.98	0.337	0.103	-1.58933	0	-1.58132	350.063	0	348.335	0	0	-3.30597	
71.99	0.337	0.103	1.58959	0	1.58106	-350.107	0	-348.193	0	0	-3.30597	
72	0.337	0.103	-1.58933	0	-1.58132	350.063	0	348.335	0	0	-3.30597	
72.01	0.337	0.103	1.58959	0	1.58106	-350.107	0	-348.193	0	0	-3.30597	
72.02	0.337	0.103	-1.58933	0	-1.58132	350.063	0	348.335	0	0	-3.30597	
72.03	0.337	0.103	1.58959	0	1.58106	-350.107	0	-348.193	0	0	-3.30597	
72.04	0.337	0.103	-1.58933	0	-1.58132	350.063	0	348.335	0	0	-3.30597	
72.05	0.337	0.103	1.58959	0	1.58106	-350.107	0	-348.193	0	0	-3.30597	
72.06	0.337	0.103	-1.58933	0	-1.58132	350.063	0	348.335	0	0	-3.30597	
72.07	0.337	0.103	1.58959	0	1.58106	-350.107	0	-348.193	0	0	-3.30597	
72.08	0.337	0.103	-1.58933	0	-1.58132	350.063	0	348.335	0	0	-3.30597	
72.09	0.337	0.103	1.58959	0	1.58106	-350.107	0	-348.193	0	0	-3.30597	
72.1	0.337	0.103	-1.58933	0	-1.58132	350.063	0	348.335	0	0	-3.30597	
72.11	0.337	0.103	1.58959	0	1.58106	-350.107	0	-348.193	0	0	-3.30597	
72.12	0.337	0.103	-1.58933	0	-1.58132	350.063	0	348.335	0	0	-3.30597	
72.13	0.337	0.103	1.58959	0	1.58106	-350.107	0	-348.193	0	0	-3.30597	
72.14	0.337	0.103	-1.58933	0	-1.58132	350.063	0	348.335	0	0	-3.30597	
72.15	0.337	0.103	1.58959	0	1.58106	-350.107	0	-348.193	0	0	-3.30597	
72.16	0.337	0.103	-1.58933	0	-1.58132	350.063	0	348.335	0	0	-3.30597	
72.17	0.337	0.103	1.58959	0	1.58106	-350.107	0	-348.193	0	0	-3.30597	
72.18	0.337	0.103	-1.58933	0	-1.58132	350.063	0	348.335	0	0	-3.30597	
72.19	0.337	0.103	1.58959	0	1.58106	-350.107	0	-348.193	0	0	-3.30597	
72.2	0.337	0.103	-1.58933	0	-1.58132	350.063	0	348.335	0	0	-3.30597	
72.21	0.337	0.103	1.58959	0	1.58106	-350.107	0	-348.193	0	0	-3.30597	
72.22	0.337	0.103	-1.58933	0	-1.58132	350.063	0	348.335	0	0	-3.30597	
72.23	0.337	0.103	1.58959	0	1.58106	-350.107	0	-348.193	0	0	-3.30597	
72.24	0.337	0.103	-1.58933	0	-1.58132	350.063	0	348.335	0	0	-3.30597	
72.25	0.337	0.103	1.58959	0	1.58106	-350.107	0	-348.193	0	0	-3.30597	
72.26	0.337	0.103	-1.58933	0	-1.58132	350.063	0	348.335	0	0	-3.30597	
72.27	0.337	0.103	1.58959	0	1.58106	-350.107	0	-348.193	0	0	-3.30597	
72.28	0.337	0.103	-1.58933	0	-1.58132	350.063	0	348.335	0	0	-3.30597	
72.29	0.337	0.103	1.58959	0	1.58106	-350.107	0	-348.193	0	0	-3.30597	
72.3	0.337	0.103	-1.58933	0	-1.58132	350.063	0	348.335	0	0	-3.30597	
72.31	0.337	0.103	1.58959	0	1.58106	-350.107	0	-348.193	0	0	-3.30597	
72.32	0.337	0.103	-1.58933	0	-1.58132	350.063	0	348.335	0	0	-3.30597	
72.33	0.337	0.103	1.58959	0	1.58106	-350.107	0	-348.193	0	0	-3.30597	
72.34	0.337	0.103	-1.58933	0	-1.58132	350.063	0	348.335	0	0	-3.30597	
72.35	0.337	0.103	1.58959	0	1.58106	-350.107	0	-348.193	0	0	-3.30597	
72.36	0.337	0.103	-1.58933	0	-1.58132	350.063	0	348.335	0	0	-3.30597	
72.37	0.337	0.103	1.58959	0	1.58106	-350.107	0	-348.193	0	0	-3.30597	
72.38	0.337	0.103	-1.58933	0	-1.58132	350.063	0	348.335	0	0	-3.30597	
72.39	0.337	0.103	1.58959	0	1.58106	-350.107	0	-348.193	0	0	-3.30597	
72.4	0.337	0.103	-1.58933	0	-1.58132	350.063	0	348.335	0	0	-3.30597	
72.41	0.337	0.103	1.58959	0	1.58106	-350.107	0	-348.193	0	0	-3.30597	
72.42	0.337	0.103	-1.58933	0	-1.58132	350.063	0	348.335	0	0	-3.30597	
72.43	0.337	0.103	1.58959	0	1.58106	-350.107	0	-348.193	0	0	-3.30597	
72.44	0.337	0.103	-1.58933	0	-1.58132	350.063	0	348.335	0	0	-3.30597	
72.45	0.337	0.103	1.58959	0	1.58106	-350.107	0	-348.193	0	0	-3.30597	
72.46	0.337	0.103	-1.58933	0	-1.58132	350.063	0	348.335	0	0	-3.30597	
72.47	0.337	0.103	1.58959	0	1.58106	-350.107	0	-348.193	0	0	-3.30597	
72.48	0.337	0.103	-1.58933	0	-1.58132	350.063	0	348.335	0	0	-3.30597	
72.49	0.337	0.103	1.58959	0	1.58106	-350.107	0	-348.193	0	0	-3.30597	
72.5	0.337	0.103	-1.58933	0	-1.58132	350.063	0	348.335	0	0	-3.30597	
72.51	0.337	0.103	1.58959	0	1.58106	-350.107	0	-348.193	0	0	-3.30597	
72.52	0.337	0.103	-1.58933	0	-1.58132	350.063	0	348.335	0	0	-3.30597	
72.53	0.337	0.103	1.58959	0	1.58106	-350.107	0	-348.193	0	0	-3.30597	
72.54	0.337	0.103	-1.58933	0	-1.58132	350.063	0	348.335	0	0	-3.30597	
72.55	0.337	0.103	1.58959	0	1.58106	-350.107	0	-348.193	0	0	-3.30597	
72.56	0.337	0.103	-1.58933	0	-1.58132	350.063	0	348.335	0	0	-3.30597	
72.57	0.337	0.103	1.58959	0	1.58106	-350.107	0	-348.193	0	0	-3.30597	
72.58	0.337	0.103	-1.58933	0	-1.58132	350.063	0	348.335	0	0	-3.30597	
72.59	0.337	0.103	1.58959	0	1.58106	-350.107	0	-348.193	0	0	-3.30597	
72.6	0.337	0.103	-1.58933	0	-1.58132	350.063	0	348.335	0	0	-3.30597	
72.61	0.337	0.103	1.58959	0	1.58106	-350.107	0	-348.193	0	0	-3.30597	
72.62	0.337	0.103	-1.58933	0	-1.58132	350.063	0	348.335	0	0	-3.30597	
72.63	0.337	0.103	1.58959	0	1.58106	-350.107	0	-348.193	0	0	-3.30597	
72.64	0.337	0.103	-1.58933	0	-1.58132	350.063	0	348.335	0	0	-3.30597	
72.65	0.337	0.103	1.58959	0	1.58106	-350.107	0	-348.193	0	0	-3.30597	
72.66	0.337	0.103	-1.58933	0	-1.58132	350.063	0	348.335	0	0	-3.30597	
72.67	0.337	0.103	1.58959	0	1.58106	-350.107	0	-348.193	0	0	-3.30597	
72.68	0.337	0.103	-1.58933	0	-1.58132	350.063	0	348.335	0	0	-3.30597	
72.69	0.337	0.103	1.58959	0	1.58106	-350.107	0	-348.193	0	0	-3.30597	
72.7	0.337	0.103	-1.58933	0	-1.58132	350.063	0	348.335	0	0	-3.30597	
72.71	0.337	0.103	1.58959	0	1.58106	-350.107	0	-348.193	0	0	-3.30597	
72.72	0.337	0.103	-1.58933	0	-1.58132	350.063	0	348.335	0	0	-3.30597	
72.73	0.337	0.103	1.58959	0	1.58106	-350.107	0	-348.193	0	0	-3.30597	
72.74	0.337	0.103	-1.58933	0	-1.58132	350.063	0	348.335	0	0	-3.30597	
72.75	0.337	0.103	1.58959	0	1.58106	-350.107	0	-348.193	0	0	-3.30597	
72.76	0.337	0.103	-1.58933	0	-1.58132	350.063	0	348.335	0	0	-3.30597	
72.77	0.337	0.103	1.58959	0	1.58106	-350.107	0	-348.193	0	0	-3.30597	
72.78	0.337	0.103	-1.58933	0	-1.58132	350.063	0	348.335	0	0	-3.30597	
72.79	0.337	0.103	1.58959	0	1.58106	-350.107	0	-348.193	0	0	-3.30597	
72.8	0.337	0.103	-1.58933	0	-1.58132	350.063	0	348.335	0	0	-3.30597	
72.81	0.337	0.103	1.58959	0	1.58106	-350.107	0	-348.193	0	0	-3.30597	
72.82	0.337	0.103	-1.58933	0	-1.58132	350.063	0	348.335	0	0	-3.30597	
72.83	0.337	0.103	1.58959	0	1.58106	-350.107	0	-348.193	0	0	-3.30597	
72.84	0.337	0.103	-1.58933	0	-1.58132	350.063	0	348.335	0	0	-3.30597	
72.85	0.337	0.103	1.58959	0	1.58106	-350.107	0	-348.193	0	0	-3.30597	
72.86	0.337	0.103	-1.58933	0	-1.58132	350.063	0	348.335	0	0	-3.30597	
72.87	0.337	0.103	1.58959	0	1.58106	-350.107	0	-348.193	0	0	-3.30597	
72.88	0.337	0.103	-1.58933	0	-1.58132	350.063	0	348.335	0	0	-3.30597	
72.89	0.337	0.103	1.58959	0	1.58106	-350.107	0	-348.193	0	0	-3.30597	
72.9	0.337	0.103	-1.58933	0	-1.58132	350.063	0	348.335	0	0	-3.30597	
72.91	0.337	0.103	1.58959	0	1.58106	-350.107	0	-348.193	0	0	-3.30597	
72.92	0.337	0.103	-1.58933	0	-1.58132	350.063	0	348.335	0	0	-3.30597	
72.93	0.337	0.103	1.58959	0	1.58106	-350.107	0	-348.193	0	0	-3.30597	
72.94	0.337	0.103	-1.58933	0	-1.58132	350.063	0	348.335	0	0	-3.30597	
72.95	0.337	0.103	1.58959	0	1.58106	-350.107	0	-348.193	0	0	-3.30597	
72.96	0.337	0.103	-1.58933	0	-1.58132	350.063	0	348.335	0	0	-3.30597	
72.97	0.337	0.103	1.58959	0	1.58106	-350.107	0	-348.193	0	0	-3.30597	
72.98	0.337	0.103	-1.58933	0	-1.58132	350.063	0	348.335	0	0	-3.30597	
72.99	0.337	0.103	1.58959	0	1.58106	-350.107	0	-348.193	0	0	-3.30597	
73	0.337	0.103	-1.58933	0	-1.58132	350.063	0	348.335	0	0	-3.30597	
73.01	0.337	0.103	1.58959	0	1.58106	-350.107	0	-348.193	0	0	-3.30597	
73.02	0.337	0.103	-1.58933	0	-1.58132	350.063	0	348.335	0	0	-3.30597	
73.03	0.337	0.103	1.58959	0	1.58106	-350.107	0	-348.193	0	0	-3.30597	
73.04	0.337	0.103	-1.58933	0	-1.58132	350.063	0	348.335	0	0	-3.30597	
73.05	0.337	0.103	1.58959	0	1.58106	-350.107	0	-348.193	0	0	-3.30597	
73.06	0.337	0.103	-1.58933	0	-1.58132	350.063	0	348.335	0	0	-3.30597	
73.07	0.337	0.103	1.58959	0	1.58106	-350.107	0	-348.193	0	0	-3.30597	
73.08	0.337	0.103	-1.58933	0	-1.58132	350.063	0	348.335	0	0	-3.30597	
73.09	0.337	0.103	1.58959	0	1.58106	-350.107	0	-348.193	0	0	-3.30597	
73.1	0.337	0.103	-1.58933	0	-1.58132	350.063	0	348.335	0	0	-3.30597	
73.11	0.337	0.103	1.58959	0	1.58106	-350.107	0	-348.193	0	0	-3.30597	
73.12	0.337	0.103	-1.58933	0	-1.58132	350.063	0	348.335	0	0	-3.30597	
73.13	0.337	0.103	1.58959	0	1.58106	-350.107	0	-348.193	0	0	-3.30597	
73.14	0.337	0.103	-1.58933	0	-1.58132	350.063	0	348.335	0	0	-3.30597	
73.15	0.337	0.103	1.58959	0	1.58106	-350.107	0	-348.193	0	0	-3.30597	
73.16	0.337	0.103	-1.58933	0	-1.58132	350.063	0	348.335	0	0	-3.30597	
73.17	0.337	0.103	1.58959	0	1.58106	-350.107	0	-348.193	0	0	-3.30597	
73.18	0.337	0.103	-1.58933	0	-1.58132	350.063	0	348.335	0	0	-3.30597	
73.19	0.337	0.103	1.58959	0	1.58106	-350.107	0	-348.193	0	0	-3.30597	
73.2	0.337	0.103	-1.58933	0	-1.58132	350.063	0	348.335	0	0	-3.30597	
73.21	0.337	0.103	1.58959	0	1.58106	-350.107	0	-348.193	0	0	-3.30597	
73.22	0.337	0.103	-1.58933	0	-1.58132	350.063	0	348.335	0	0	-3.30597	
73.23	0.337	0.103	1.58959	0	1.58106	-350.107	0	-348.193	0	0	-3.30597	
73.24	0.337	0.103	-1.58933	0	-1.58132	350.063	0	348.335	0	0	-3.30597	
73.25	0.337	0.103	1.58959	0	1.58106	-350.107	0	-348.193	0	0	-3.30597	
73.26	0.337	0.103	-1.58933	0	-1.58132	350.063	0	348.335	0	0	-3.30597	
73.27	0.337	0.103	1.58959	0	1.58106	-350.107	0	-348.193	0	0	-3.30597	
73.28	0.337	0.103	-1.58933	0	-1.58132	350.063	0	348.335	0	0	-3.30597	
73.29	0.337	0.103	1.58959	0	1.58106	-350.107	0	-348.193	0	0	-3.30597	
73.3	0.337	0.103	-1.58933	0	-1.58132	350.063	0	348.335	0	0	-3.30597	
73.31	0.337	0.103	1.58959	0	1.58106	-350.107	0	-348.193	0	0	-3.30597	
73.32	0.337	0.103	-1.58933	0	-1.58132	350.063	0	348.335	0	0	-3.30597	
73.33	0.337	0.103	1.58959	0	1.58106	-350.107	0	-348.193	0	0	-3.30597	
73.34	0.337	0.103	-1.58933	0	-1.58132	350.063	0	348.335	0	0	-3.30597	
73.35	0.337	0.103	1.58959	0	1.58106	-350.107	0	-348.193	0	0	-3.30597	
73.36	0.337	0.103	-1.58933	0	-1.58132	350.063	0	348.335	0	0	-3.30597	
73.37	0.337	0.103	1.58959	0	1.58106	-350.107	0	-348.193	0	0	-3.30597	
73.38	0.337	0.103	-1.58933	0	-1.58132	350.063	0	348.335	0	0	-3.30597	
73.39	0.337	0.103	1.58959	0	1.58106	-350.107	0	-348.193	0	0	-3.30597	
73.4	0.337	0.103	-1.58933	0	-1.58132	350.063	0	348.335	0	0	-3.30597	
73.41	0.337	0.103	1.58959	0	1.58106	-350.107	0	-348.193	0	0	-3.30597	
73.42	0.337	0.103	-1.58933	0	-1.58132	350.063	0	348.335	0	0	-3.30597	
73.43	0.337	0.103	1.58959	0	1.58106	-350.107	0	-348.193	0	0	-3.30597	
73.44	0.337	0.103	-1.58933	0	-1.58132	350.063	0	348.335	0	0	-3.30597	
73.45	0.337	0.103	1.58959	0	1.58106	-350.107	0	-348.193	0	0	-3.30597	
73.46	0.337	0.103	-1.58933	0	-1.58132	350.063	0	348.335	0	0	-3.30597	
73.47	0.337	0.103	1.58959	0	1.58106	-350.107	0	-348.193	0	0	-3.30597	
73.48	0.337	0.103	-1.58933	0	-1.58132	350.063	0	348.335	0	0	-3.30597	
73.49	0.337	0.103	1.58959	0	1.58106	-350.107	0	-348.193	0	0	-3.30597	
73.5	0.337	0.103	-1.58933	0	-1.58132	350.063	0	348.335	0	0	-3.30597	
73.51	0.337	0.103	1.58959	0	1.58106	-350.107	0	-348.193	0	0	-3.30597	
73.52	0.337	0.103	-1.58933	0	-1.58132	350.063	0	348.335	0	0	-3.30597	
73.53	0.337	0.103	1.58959	0	1.58106	-350.107	0	-348.193	0	0	-3.30597	
73.54	0.337	0.103	-1.58933	0	-1.58132	350.063	0	348.335	0	0	-3.30597	
73.55	0.337	0.103	1.58959	0	1.58106	-350.107	0	-348.193	0	0	-3.30597	
73.56	0.337	0.103	-1.58933	0	-1.58132	350.063	0	348.335	0	0	-3.30597	
73.57	0.337	0.103	1.58959	0	1.58106	-350.107	0	-348.193	0	0	-3.30597	
73.58	0.337	0.103	-1.58933	0	-1.58132	350.063	0	348.335	0	0	-3.30597	
73.59	0.337	0.103	1.58959	0	1.58106	-350.107	0	-348.193	0	0	-3.30597	
73.6	0.337	0.103	-1.58933	0	-1.58132	350.063	0	348.335	0	0	-3.30597	
73.61	0.337	0.103	1.58959	0	1.58106	-350.107	0	-348.193	0	0	-3.30597	
73.62	0.337	0.103	-1.58933	0	-1.58132	350.063	0	348.335	0	0	-3.30597	
73.63	0.337	0.103	1.58959	0	1.58106	-350.107	0	-348.193	0	0	-3.30597	
73.64	0.337	0.103	-1.58933	0	-1.58132	350.063	0	348.335	0	0	-3.30597	
73.65	0.337	0.103	1.58959	0	1.58106	-350.107	0	-348.193	0	0	-3.30597	
73.66	0.337	0.103	-1.58933	0	-1.58132	350.063	0	348.335	0	0	-3.30597	
73.67	0.337	0.103	1.58959	0	1.58106	-350.107	0	-348.193	0	0	-3.30597	
73.68	0.337	0.103	-1.58933	0	-1.58132	350.063	0	348.335	0	0	-3.30597	
73.69	0.337	0.103	1.58959	0	1.58106	-350.107	0	-348.193	0	0	-3.30597	
73.7	0.337	0.103	-1.58933	0	-1.58132	350.063	0	348.335	0	0	-3.30597	
73.71	0.337	0.103	1.58959	0	1.58106	-350.107	0	-348.193	0	0	-3.30597	
73.72	0.337	0.103	-1.58933	0	-1.58132	350.063	0	348.335	0	0	-3.30597	
73.73	0.337	0.103	1.58959	0	1.58106	-350.107	0	-348.193	0	0	-3.30597	
73.74	0.337	0.103	-1.58933	0	-1.58132	350.063	0	348.335	0	0	-3.30597	
73.75	0.337	0.103	1.58959	0	1.58106	-350.107	0	-348.193	0	0	-3.30597	
73.76	0.337	0.103	-1.58933	0	-1.58132	350.063	0	348.335	0	0	-3.30597	
73.77	0.337	0.103	1.58959	0	1.58106	-350.107	0	-348.193	0	0	-3.30597	
73.78	0.337	0.103	-1.58933	0	-1.58132	350.063	0	348.335	0	0	-3.30597	
73.79	0.337	0.103	1.58959	0	1.58106	-350.107	0	-348.193	0	0	-3.30597	
73.8	0.337	0.103	-1.58933	0	-1.58132	350.063	0	348.335	0	0	-3.30597	
73.81	0.337	0.103	1.58959	0	1.58106	-350.107	0	-348.193	0	0	-3.30597	
73.82	0.337	0.103	-1.58933	0	-1.58132	350.063	0	348.335	0	0	-3.30597	
73.83	0.337	0.103	1.58959	0	1.58106	-350.107	0	-348.193	0	0	-3.30597	
73.84	0.337	0.103	-1.58933	0	-1.58132	350.063	0	348.335	0	0	-3.30597	
73.85	0.337	0.103	1.58959	0	1.58106	-350.107	0	-348.193	0	0	-3.30597	
73.86	0.337	0.103	-1.58933	0	-1.58132	350.063	0	348.335	0	0	-3.30597	
73.87	0.337	0.103	1.58959	0	1.58106	-350.107	0	-348.193	0	0	-3.30597	
73.88	0.337	0.103	-1.58933	0	-1.58132	350.063	0	348.335	0	0	-3.30597	
73.89	0.337	0.103	1.58959	0	1.58106	-350.107	0	-348.193	0	0	-3.30597	
73.9	0.337	0.103	-1.58933	0	-1.58132	350.063	0	348.335	0	0	-3.30597	
73.91	0.337	0.103	1.58959	0	1.58106	-350.107	0	-348.193	0	0	-3.30597	
73.92	0.337	0.103	-1.58933	0	-1.58132	350.063	0	348.335	0	0	-3.30597	
73.93	0.337	0.103	1.58959	0	1.58106	-350.107	0	-348.193	0	0	-3.30597	
73.94	0.337	0.103	-1.58933	0	-1.58132	350.063	0	348.335	0	0	-3.30597	
73.95	0.337	0.103	1.58959	0	1.58106	-350.106	0	-348.193	0	0	-3.30597	
73.96	0.337	0.103	-1.58933	0	-1.58132	350.063	0	348.335	0	0	-3.30597	
73.97	0.337	0.103	1.58959	0	1.58106	-350.106	0	-348.193	0	0	-3.30597	
73.98	0.337	0.103	-1.58933	0	-1.58132	350.063	0	348.335	0	0	-3.30597	
73.99	0.337	0.103	1.58959	0	1.58106	-350.106	0	-348.193	0	0	-3.30597	
74	0.337	0.103	-1.58933	0	-1.58132	350.063	0	348.335	0	0	-3.30597	
74.01	0.337	0.103	1.58959	0	1.58106	-350.106	0	-348.193	0	0	-3.30597	
74.02	0.337	0.103	-1.58933	0	-1.58132	350.063	0	348.335	0	0	-3.30597	
74.03	0.337	0.103	1.58959	0	1.58106	-350.106	0	-348.193	0	0	-3.30597	
74.04	0.337	0.103	-1.58933	0	-1.58132	350.063	0	348.335	0	0	-3.30597	
74.05	0.337	0.103	1.58959	0	1.58106	-350.106	0	-348.193	0	0	-3.30597	
74.06	0.337	0.103	-1.58933	0	-1.58132	350.063	0	348.335	0	0	-3.30597	
74.07	0.337	0.103	1.58959	0	1.58106	-350.106	0	-348.193	0	0	-3.30597	
74.08	0.337	0.103	-1.58933	0	-1.58132	350.063	0	348.335	0	0	-3.30597	
74.09	0.337	0.103	1.58959	0	1.58106	-350.106	0	-348.193	0	0	-3.30597	
74.1	0.337	0.103	-1.58933	0	-1.58132	350.063	0	348.335	0	0	-3.30597	
74.11	0.337	0.103	1.58959	0	1.58106	-350.106	0	-348.192	0	0	-3.30597	
74.12	0.337	0.103	-1.58933	0	-1.58132	350.063	0	348.335	0	0	-3.30597	
74.13	0.337	0.103	1.58959	0	1.58106	-350.106	0	-348.192	0	0	-3.30597	
74.14	0.337	0.103	-1.58933	0	-1.58132	350.063	0	348.335	0	0	-3.30597	
74.15	0.337	0.103	1.58959	0	1.58106	-350.106	0	-348.192	0	0	-3.30597	
74.16	0.337	0.103	-1.58933	0	-1.58132	350.063	0	348.335	0	0	-3.30597	
74.17	0.337	0.103	1.58959	0	1.58106	-350.106	0	-348.192	0	0	-3.30597	
74.18	0.337	0.103	-1.58933	0	-1.58132	350.063	0	348.335	0	0	-3.30597	
74.19	0.337	0.103	1.58959	0	1.58106	-350.106	0	-348.192	0	0	-3.30597	
74.2	0.337	0.103	-1.58933	0	-1.58132	350.063	0	348.335	0	0	-3.30597	
74.21	0.337	0.103	1.58959	0	1.58106	-350.106	0	-348.192	0	0	-3.30597	
74.22	0.337	0.103	-1.58933	0	-1.58132	350.063	0	348.335	0	0	-3.30597	
74.23	0.337	0.103	1.58959	0	1.58106	-350.106	0	-348.192	0	0	-3.30597	
74.24	0.337	0.103	-1.58933	0	-1.58132	350.063	0	348.335	0	0	-3.30597	
74.25	0.337	0.103	1.58959	0	1.58106	-350.106	0	-348.192	0	0	-3.30597	
74.26	0.337	0.103	-1.58933	0	-1.58132	350.063	0	348.335	0	0	-3.30597	
74.27	0.337	0.103	1.58959	0	1.58106	-350.106	0	-348.192	0	0	-3.30597	
74.28	0.337	0.103	-1.58933	0	-1.58132	350.063	0	348.335	0	0	-3.30597	
74.29	0.337	0.103	1.58959	0	1.58106	-350.106	0	-348.192	0	0	-3.30597	
74.3	0.337	0.103	-1.58933	0	-1.58132	350.063	0	348.335	0	0	-3.30597	
74.31	0.337	0.103	1.58959	0	1.58106	-350.106	0	-348.192	0	0	-3.30597	
74.32	0.337	0.103	-1.58933	0	-1.58132	350.063	0	348.335	0	0	-3.30597	
74.33	0.337	0.103	1.58959	0	1.58106	-350.106	0	-348.192	0	0	-3.30597	
74.34	0.337	0.103	-1.58933	0	-1.58132	350.063	0	348.335	0	0	-3.30597	
74.35	0.337	0.103	1.58959	0	1.58106	-350.106	0	-348.192	0	0	-3.30597	
74.36	0.337	0.103	-1.58933	0	-1.58132	350.063	0	348.335	0	0	-3.30597	
74.37	0.337	0.103	1.58959	0	1.58106	-350.106	0	-348.192	0	0	-3.30597	
74.38	0.337	0.103	-1.58933	0	-1.58132	350.063	0	348.335	0	0	-3.30597	
74.39	0.337	0.103	1.58959	0	1.58106	-350.106	0	-348.192	0	0	-3.30597	
74.4	0.337	0.103	-1.58933	0	-1.58132	350.063	0	348.335	0	0	-3.30597	
74.41	0.337	0.103	1.58959	0	1.58106	-350.106	0	-348.192	0	0	-3.30597	
74.42	0.337	0.103	-1.58933	0	-1.58132	350.062	0	348.335	0	0	-3.30597	
74.43	0.337	0.103	1.58959	0	1.58106	-350.106	0	-348.192	0	0	-3.30597	
74.44	0.337	0.103	-1.58933	0	-1.58132	350.062	0	348.335	0	0	-3.30597	
74.45	0.337	0.103	1.58959	0	1.58106	-350.106	0	-348.192	0	0	-3.30597	
74.46	0.337	0.103	-1.58933	0	-1.58132	350.062	0	348.335	0	0	-3.30597	
74.47	0.337	0.103	1.58959	0	1.58106	-350.106	0	-348.192	0	0	-3.30597	
74.48	0.337	0.103	-1.58933	0	-1.58132	350.062	0	348.335	0	0	-3.30597	
74.49	0.337	0.103	1.58959	0	1.58106	-350.106	0	-348.192	0	0	-3.30597	
74.5	0.337	0.103	-1.58933	0	-1.58132	350.062	0	348.335	0	0	-3.30597	
74.51	0.337	0.103	1.58959	0	1.58106	-350.106	0	-348.192	0	0	-3.30597	
74.52	0.337	0.103	-1.58933	0	-1.58132	350.062	0	348.335	0	0	-3.30597	
74.53	0.337	0.103	1.58959	0	1.58106	-350.106	0	-348.192	0	0	-3.30597	
74.54	0.337	0.103	-1.58933	0	-1.58132	350.062	0	348.335	0	0	-3.30597	
74.55	0.337	0.103	1.58959	0	1.58106	-350.106	0	-348.192	0	0	-3.30597	
74.56	0.337	0.103	-1.58933	0	-1.58132	350.062	0	348.334	0	0	-3.30597	
74.57	0.337	0.103	1.58959	0	1.58106	-350.106	0	-348.192	0	0	-3.30597	
74.58	0.337	0.103	-1.58933	0	-1.58132	350.062	0	348.334	0	0	-3.30597	
74.59	0.337	0.103	1.58959	0	1.58106	-350.106	0	-348.192	0	0	-3.30597	
74.6	0.337	0.103	-1.58933	0	-1.58132	350.062	0	348.334	0	0	-3.30597	
74.61	0.337	0.103	1.58959	0	1.58106	-350.106	0	-348.192	0	0	-3.30597	
74.62	0.337	0.103	-1.58933	0	-1.58132	350.062	0	348.334	0	0	-3.30597	
74.63	0.337	0.103	1.58959	0	1.58106	-350.106	0	-348.192	0	0	-3.30597	
74.64	0.337	0.103	-1.58933	0	-1.58132	350.062	0	348.334	0	0	-3.30597	
74.65	0.337	0.103	1.58959	0	1.58106	-350.106	0	-348.192	0	0	-3.30597	
74.66	0.337	0.103	-1.58933	0	-1.58132	350.062	0	348.334	0	0	-3.30597	
74.67	0.337	0.103	1.58959	0	1.58106	-350.106	0	-348.192	0	0	-3.30597	
74.68	0.337	0.103	-1.58933	0	-1.58132	350.062	0	348.334	0	0	-3.30597	
74.69	0.337	0.103	1.58959	0	1.58106	-350.106	0	-348.192	0	0	-3.30597	
74.7	0.337	0.103	-1.58933	0	-1.58132	350.062	0	348.334	0	0	-3.30597	
74.71	0.337	0.103	1.58959	0	1.58106	-350.106	0	-348.192	0	0	-3.30597	
74.72	0.337	0.103	-1.58933	0	-1.58132	350.062	0	348.334	0	0	-3.30597	
74.73	0.337	0.103	1.58959	0	1.58106	-350.106	0	-348.192	0	0	-3.30597	
74.74	0.337	0.103	-1.58933	0	-1.58132	350.062	0	348.334	0	0	-3.30597	
74.75	0.337	0.103	1.58959	0	1.58106	-350.106	0	-348.192	0	0	-3.30597	
74.76	0.337	0.103	-1.58933	0	-1.58132	350.062	0	348.334	0	0	-3.30597	
74.77	0.337	0.103	1.58959	0	1.58106	-350.106	0	-348.192	0	0	-3.30597	
74.78	0.337	0.103	-1.58933	0	-1.58132	350.062	0	348.334	0	0	-3.30597	
74.79	0.337	0.103	1.58959	0	1.58106	-350.106	0	-348.192	0	0	-3.30597	
74.8	0.337	0.103	-1.58933	0	-1.58132	350.062	0	348.334	0	0	-3.30597	
74.81	0.337	0.103	1.58959	0	1.58106	-350.106	0	-348.192	0	0	-3.30597	
74.82	0.337	0.103	-1.58933	0	-1.58132	350.062	0	348.334	0	0	-3.30597	
74.83	0.337	0.103	1.58959	0	1.58106	-350.106	0	-348.192	0	0	-3.30597	
74.84	0.337	0.103	-1.58933	0	-1.58132	350.062	0	348.334	0	0	-3.30597	
74.85	0.337	0.103	1.58959	0	1.58106	-350.106	0	-348.192	0	0	-3.30597	
74.86	0.337	0.103	-1.58933	0	-1.58132	350.062	0	348.334	0	0	-3.30597	
74.87	0.337	0.103	1.58959	0	1.58106	-350.106	0	-348.192	0	0	-3.30597	
74.88	0.337	0.103	-1.58933	0	-1.58132	350.062	0	348.334	0	0	-3.30597	
74.89	0.337	0.103	1.58959	0	1.58106	-350.106	0	-348.192	0	0	-3.30597	
74.9	0.337	0.103	-1.58933	0	-1.58132	350.062	0	348.334	0	0	-3.30597	
74.91	0.337	0.103	1.58959	0	1.58106	-350.106	0	-348.192	0	0	-3.30597	
74.92	0.337	0.103	-1.58933	0	-1.58132	350.062	0	348.334	0	0	-3.30597	
74.93	0.337	0.103	1.58959	0	1.58106	-350.106	0	-348.192	0	0	-3.30597	
74.94	0.337	0.103	-1.58933	0	-1.58132	350.062	0	348.334	0	0	-3.30597	
74.95	0.337	0.103	1.58959	0	1.58106	-350.106	0	-348.192	0	0	-3.30597	
74.96	0.337	0.103	-1.58933	0	-1.58132	350.062	0	348.334	0	0	-3.30597	
74.97	0.337	0.103	1.58959	0	1.58106	-350.106	0	-348.192	0	0	-3.30597	
74.98	0.337	0.103	-1.58933	0	-1.58132	350.062	0	348.334	0	0	-3.30597	
74.99	0.337	0.103	1.58959	0	1.58106	-350.106	0	-348.192	0	0	-3.30597	
75	0.337	0.103	-1.58933	0	-1.58132	350.062	0	348.334	0	0	-3.30597	
75.01	0.337	0.103	1.58959	0	1.58106	-350.106	0	-348.192	0	0	-3.30597	
75.02	0.337	0.103	-1.58933	0	-1.58132	350.062	0	348.334	0	0	-3.30597	
75.03	0.337	0.103	1.58959	0	1.58106	-350.106	0	-348.192	0	0	-3.30597	
75.04	0.337	0.103	-1.58933	0	-1.58132	350.062	0	348.334	0	0	-3.30597	
75.05	0.337	0.103	1.58959	0	1.58106	-350.106	0	-348.192	0	0	-3.30597	
75.06	0.337	0.103	-1.58933	0	-1.58132	350.062	0	348.334	0	0	-3.30597	
75.07	0.337	0.103	1.58959	0	1.58106	-350.106	0	-348.192	0	0	-3.30597	
75.08	0.337	0.103	-1.58933	0	-1.58132	350.062	0	348.334	0	0	-3.30597	
75.09	0.337	0.103	1.58959	0	1.58106	-350.106	0	-348.192	0	0	-3.30597	
75.1	0.337	0.103	-1.58933	0	-1.58132	350.062	0	348.334	0	0	-3.30597	
75.11	0.337	0.103	1.58959	0	1.58106	-350.106	0	-348.192	0	0	-3.30597	
75.12	0.337	0.103	-1.58933	0	-1.58132	350.062	0	348.334	0	0	-3.30597	
75.13	0.337	0.103	1.58959	0	1.58106	-350.106	0	-348.192	0	0	-3.30597	
75.14	0.337	0.103	-1.58933	0	-1.58132	350.062	0	348.334	0	0	-3.30597	
75.15	0.337	0.103	1.58959	0	1.58106	-350.106	0	-348.192	0	0	-3.30597	
75.16	0.337	0.103	-1.58933	0	-1.58132	350.062	0	348.334	0	0	-3.30597	
75.17	0.337	0.103	1.58959	0	1.58106	-350.106	0	-348.192	0	0	-3.30597	
75.18	0.337	0.103	-1.58933	0	-1.58132	350.062	0	348.334	0	0	-3.30597	
75.19	0.337	0.103	1.58959	0	1.58106	-350.106	0	-348.192	0	0	-3.30597	
75.2	0.337	0.103	-1.58933	0	-1.58132	350.062	0	348.334	0	0	-3.30597	
75.21	0.337	0.103	1.58959	0	1.58106	-350.106	0	-348.192	0	0	-3.30597	
75.22	0.337	0.103	-1.58933	0	-1.58132	350.062	0	348.334	0	0	-3.30597	
75.23	0.337	0.103	1.58959	0	1.58106	-350.106	0	-348.192	0	0	-3.30597	
75.24	0.337	0.103	-1.58933	0	-1.58132	350.062	0	348.334	0	0	-3.30597	
75.25	0.337	0.103	1.58959	0	1.58106	-350.106	0	-348.192	0	0	-3.30597	
75.26	0.337	0.103	-1.58933	0	-1.58132	350.062	0	348.334	0	0	-3.30597	
75.27	0.337	0.103	1.58959	0	1.58106	-350.106	0	-348.192	0	0	-3.30597	
75.28	0.337	0.103	-1.58933	0	-1.58132	350.062	0	348.334	0	0	-3.30597	
75.29	0.337	0.103	1.58959	0	1.58106	-350.106	0	-348.192	0	0	-3.30597	
75.3	0.337	0.103	-1.58933	0	-1.58132	350.062	0	348.334	0	0	-3.30597	
75.31	0.337	0.103	1.58959	0	1.58106	-350.106	0	-348.192	0	0	-3.30597	
75.32	0.337	0.103	-1.58933	0	-1.58132	350.062	0	348.334	0	0	-3.30597	
75.33	0.337	0.103	1.58959	0	1.58106	-350.106	0	-348.192	0	0	-3.30597	
75.34	0.337	0.103	-1.58933	0	-1.58132	350.062	0	348.334	0	0	-3.30597	
75.35	0.337	0.103	1.58959	0	1.58106	-350.106	0	-348.192	0	0	-3.30597	
75.36	0.337	0.103	-1.58933	0	-1.58132	350.062	0	348.334	0	0	-3.30597	
75.37	0.337	0.103	1.58959	0	1.58106	-350.106	0	-348.192	0	0	-3.30597	
75.38	0.337	0.103	-1.58933	0	-1.58132	350.062	0	348.334	0	0	-3.30597	
75.39	0.337	0.103	1.58959	0	1.58106	-350.106	0	-348.192	0	0	-3.30597	
75.4	0.337	0.103	-1.58933	0	-1.58132	350.062	0	348.334	0	0	-3.30597	
75.41	0.337	0.103	1.58959	0	1.58106	-350.106	0	-348.192	0	0	-3.30597	
75.42	0.337	0.103	-1.58933	0	-1.58132	350.062	0	348.334	0	0	-3.30597	
75.43	0.337	0.103	1.58959	0	1.58106	-350.106	0	-348.192	0	0	-3.30597	
75.44	0.337	0.103	-1.58933	0	-1.58132	350.062	0	348.334	0	0	-3.30597	
75.45	0.337	0.103	1.58959	0	1.58106	-350.106	0	-348.192	0	0	-3.30597	
75.46	0.337	0.103	-1.58933	0	-1.58132	350.062	0	348.334	0	0	-3.30597	
75.47	0.337	0.103	1.58959	0	1.58106	-350.106	0	-348.192	0	0	-3.30597	
75.48	0.337	0.103	-1.58933	0	-1.58132	350.062	0	348.334	0	0	-3.30597	
75.49	0.337	0.103	1.58959	0	1.58106	-350.106	0	-348.192	0	0	-3.30597	
75.5	0.337	0.103	-1.58933	0	-1.58132	350.062	0	348.334	0	0	-3.30597	
75.51	0.337	0.103	1.58959	0	1.58106	-350.106	0	-348.192	0	0	-3.30597	
75.52	0.337	0.103	-1.58933	0	-1.58132	350.062	0	348.334	0	0	-3.30597	
75.53	0.337	0.103	1.58959	0	1.58106	-350.106	0	-348.192	0	0	-3.30597	
75.54	0.337	0.103	-1.58933	0	-1.58132	350.062	0	348.334	0	0	-3.30597	
75.55	0.337	0.103	1.58959	0	1.58106	-350.106	0	-348.192	0	0	-3.30597	
75.56	0.337	0.103	-1.58933	0	-1.58132	350.062	0	348.334	0	0	-3.30597	
75.57	0.337	0.103	1.58959	0	1.58106	-350.106	0	-348.192	0	0	-3.30597	
75.58	0.337	0.103	-1.58933	0	-1.58132	350.062	0	348.334	0	0	-3.30597	
75.59	0.337	0.103	1.58959	0	1.58106	-350.106	0	-348.192	0	0	-3.30597	
75.6	0.337	0.103	-1.58933	0	-1.58132	350.062	0	348.334	0	0	-3.30597	
75.61	0.337	0.103	1.58959	0	1.58106	-350.106	0	-348.192	0	0	-3.30597	
75.62	0.337	0.103	-1.58933	0	-1.58132	350.062	0	348.334	0	0	-3.30597	
75.63	0.337	0.103	1.58959	0	1.58106	-350.106	0	-348.192	0	0	-3.30597	
75.64	0.337	0.103	-1.58933	0	-1.58132	350.062	0	348.334	0	0	-3.30597	
75.65	0.337	0.103	1.58959	0	1.58106	-350.106	0	-348.192	0	0	-3.30597	
75.66	0.337	0.103	-1.58933	0	-1.58132	350.062	0	348.334	0	0	-3.30597	
75.67	0.337	0.103	1.58959	0	1.58106	-350.106	0	-348.192	0	0	-3.30597	
75.68	0.337	0.103	-1.58933	0	-1.58132	350.062	0	348.334	0	0	-3.30597	
75.69	0.337	0.103	1.58959	0	1.58106	-350.106	0	-348.192	0	0	-3.30597	
75.7	0.337	0.103	-1.58933	0	-1.58132	350.062	0	348.334	0	0	-3.30597	
75.71	0.337	0.103	1.58959	0	1.58106	-350.106	0	-348.192	0	0	-3.30597	
75.72	0.337	0.103	-1.58933	0	-1.58132	350.062	0	348.334	0	0	-3.30597	
75.73	0.337	0.103	1.58959	0	1.58106	-350.106	0	-348.192	0	0	-3.30597	
75.74	0.337	0.103	-1.58933	0	-1.58132	350.062	0	348.334	0	0	-3.30597	
75.75	0.337	0.103	1.58959	0	1.58106	-350.106	0	-348.192	0	0	-3.30597	
75.76	0.337	0.103	-1.58933	0	-1.58132	350.062	0	348.334	0	0	-3.30597	
75.77	0.337	0.103	1.58959	0	1.58106	-350.106	0	-348.192	0	0	-3.30597	
75.78	0.337	0.103	-1.58933	0	-1.58132	350.062	0	348.334	0	0	-3.30597	
75.79	0.337	0.103	1.58959	0	1.58106	-350.106	0	-348.192	0	0	-3.30597	
75.8	0.337	0.103	-1.58933	0	-1.58132	350.062	0	348.334	0	0	-3.30597	
75.81	0.337	0.103	1.58959	0	1.58106	-350.106	0	-348.192	0	0	-3.30597	
75.82	0.337	0.103	-1.58933	0	-1.58132	350.062	0	348.334	0	0	-3.30597	
75.83	0.337	0.103	1.58959	0	1.58106	-350.106	0	-348.192	0	0	-3.30597	
75.84	0.337	0.103	-1.58933	0	-1.58132	350.062	0	348.334	0	0	-3.30597	
75.85	0.337	0.103	1.58959	0	1.58106	-350.106	0	-348.192	0	0	-3.30597	
75.86	0.337	0.103	-1.58933	0	-1.58132	350.062	0	348.334	0	0	-3.30597	
75.87	0.337	0.103	1.58959	0	1.58106	-350.106	0	-348.192	0	0	-3.30597	
75.88	0.337	0.103	-1.58933	0	-1.58132	350.062	0	348.334	0	0	-3.30597	
75.89	0.337	0.103	1.58959	0	1.58106	-350.106	0	-348.192	0	0	-3.30597	
75.9	0.337	0.103	-1.58933	0	-1.58132	350.062	0	348.334	0	0	-3.30597	
75.91	0.337	0.103	1.58959	0	1.58106	-350.106	0	-348.192	0	0	-3.30597	
75.92	0.337	0.103	-1.58933	0	-1.58132	350.062	0	348.334	0	0	-3.30597	
75.93	0.337	0.103	1.58959	0	1.58106	-350.106	0	-348.192	0	0	-3.30597	
75.94	0.337	0.103	-1.58933	0	-1.58132	350.062	0	348.334	0	0	-3.30597	
75.95	0.337	0.103	1.58959	0	1.58106	-350.106	0	-348.192	0	0	-3.30597	
75.96	0.337	0.103	-1.58933	0	-1.58132	350.062	0	348.334	0	0	-3.30597	
75.97	0.337	0.103	1.58959	0	1.58106	-350.106	0	-348.192	0	0	-3.30597	
75.98	0.337	0.103	-1.58933	0	-1.58132	350.062	0	348.334	0	0	-3.30597	
75.99	0.337	0.103	1.58959	0	1.58106	-350.106	0	-348.192	0	0	-3.30597	
76	0.337	0.103	-1.58933	0	-1.58132	350.062	0	348.334	0	0	-3.30597	
76.01	0.337	0.103	1.58959	0	1.58106	-350.106	0	-348.192	0	0	-3.30597	
76.02	0.337	0.103	-1.58933	0	-1.58132	350.062	0	348.334	0	0	-3.30597	
76.03	0.337	0.103	1.58959	0	1.58106	-350.106	0	-348.192	0	0	-3.30597	
76.04	0.337	0.103	-1.58933	0	-1.58132	350.062	0	348.334	0	0	-3.30597	
76.05	0.337	0.103	1.58959	0	1.58106	-350.106	0	-348.192	0	0	-3.30597	
76.06	0.337	0.103	-1.58933	0	-1.58132	350.062	0	348.334	0	0	-3.30597	
76.07	0.337	0.103	1.58959	0	1.58106	-350.106	0	-348.192	0	0	-3.30597	
76.08	0.337	0.103	-1.58933	0	-1.58132	350.062	0	348.334	0	0	-3.30597	
76.09	0.337	0.103	1.58959	0	1.58106	-350.106	0	-348.192	0	0	-3.30597	
76.1	0.337	0.103	-1.58933	0	-1.58132	350.062	0	348.334	0	0	-3.30597	
76.11	0.337	0.103	1.58959	0	1.58106	-350.106	0	-348.192	0	0	-3.30597	
76.12	0.337	0.103	-1.58933	0	-1.58132	350.062	0	348.334	0	0	-3.30597	
76.13	0.337	0.103	1.58959	0	1.58106	-350.106	0	-348.192	0	0	-3.30597	
76.14	0.337	0.103	-1.58933	0	-1.58132	350.062	0	348.334	0	0	-3.30597	
76.15	0.337	0.103	1.58959	0	1.58106	-350.106	0	-348.192	0	0	-3.30597	
76.16	0.337	0.103	-1.58933	0	-1.58132	350.062	0	348.334	0	0	-3.30597	
76.17	0.337	0.103	1.58959	0	1.58106	-350.106	0	-348.192	0	0	-3.30597	
76.18	0.337	0.103	-1.58933	0	-1.58132	350.062	0	348.334	0	0	-3.30597	
76.19	0.337	0.103	1.58959	0	1.58106	-350.106	0	-348.192	0	0	-3.30597	
76.2	0.337	0.103	-1.58933	0	-1.58132	350.062	0	348.334	0	0	-3.30597	
76.21	0.337	0.103	1.58959	0	1.58106	-350.106	0	-348.192	0	0	-3.30597	
76.22	0.337	0.103	-1.58933	0	-1.58132	350.062	0	348.334	0	0	-3.30597	
76.23	0.337	0.103	1.58959	0	1.58106	-350.106	0	-348.192	0	0	-3.30597	
76.24	0.337	0.103	-1.58933	0	-1.58132	350.062	0	348.334	0	0	-3.30597	
76.25	0.337	0.103	1.58959	0	1.58106	-350.106	0	-348.192	0	0	-3.30597	
76.26	0.337	0.103	-1.58933	0	-1.58132	350.062	0	348.334	0	0	-3.30597	
76.27	0.337	0.103	1.58959	0	1.58106	-350.106	0	-348.192	0	0	-3.30597	
76.28	0.337	0.103	-1.58933	0	-1.58132	350.062	0	348.334	0	0	-3.30597	
76.29	0.337	0.103	1.58959	0	1.58106	-350.106	0	-348.192	0	0	-3.30597	
76.3	0.337	0.103	-1.58933	0	-1.58132	350.062	0	348.334	0	0	-3.30597	
76.31	0.337	0.103	1.58959	0	1.58106	-350.106	0	-348.192	0	0	-3.30597	
76.32	0.337	0.103	-1.58933	0	-1.58132	350.062	0	348.334	0	0	-3.30597	
76.33	0.337	0.103	1.58959	0	1.58106	-350.106	0	-348.192	0	0	-3.30597	
76.34	0.337	0.103	-1.58933	0	-1.58132	350.062	0	348.334	0	0	-3.30597	
76.35	0.337	0.103	1.58959	0	1.58106	-350.106	0	-348.192	0	0	-3.30597	
76.36	0.337	0.103	-1.58933	0	-1.58132	350.062	0	348.334	0	0	-3.30597	
76.37	0.337	0.103	1.58959	0	1.58106	-350.106	0	-348.192	0	0	-3.30597	
76.38	0.337	0.103	-1.58933	0	-1.58132	350.062	0	348.334	0	0	-3.30597	
76.39	0.337	0.103	1.58959	0	1.58106	-350.106	0	-348.192	0	0	-3.30597	
76.4	0.337	0.103	-1.58933	0	-1.58132	350.062	0	348.334	0	0	-3.30597	
76.41	0.337	0.103	1.58959	0	1.58106	-350.106	0	-348.192	0	0	-3.30597	
76.42	0.337	0.103	-1.58933	0	-1.58132	350.062	0	348.334	0	0	-3.30597	
76.43	0.337	0.103	1.58959	0	1.58106	-350.106	0	-348.192	0	0	-3.30597	
76.44	0.337	0.103	-1.58933	0	-1.58132	350.062	0	348.334	0	0	-3.30597	
76.45	0.337	0.103	1.58959	0	1.58106	-350.106	0	-348.192	0	0	-3.30597	
76.46	0.337	0.103	-1.58933	0	-1.58132	350.062	0	348.334	0	0	-3.30597	
76.47	0.337	0.103	1.58959	0	1.58106	-350.106	0	-348.192	0	0	-3.30597	
76.48	0.337	0.103	-1.58933	0	-1.58132	350.062	0	348.334	0	0	-3.30597	
76.49	0.337	0.103	1.58959	0	1.58106	-350.106	0	-348.192	0	0	-3.30597	
76.5	0.337	0.103	-1.58933	0	-1.58132	350.062	0	348.334	0	0	-3.30597	
76.51	0.337	0.103	1.58959	0	1.58106	-350.106	0	-348.192	0	0	-3.30597	
76.52	0.337	0.103	-1.58933	0	-1.58132	350.062	0	348.334	0	0	-3.30597	
76.53	0.337	0.103	1.58959	0	1.58106	-350.106	0	-348.192	0	0	-3.30597	
76.54	0.337	0.103	-1.58933	0	-1.58132	350.062	0	348.334	0	0	-3.30597	
76.55	0.337	0.103	1.58959	0	1.58106	-350.106	0	-348.192	0	0	-3.30597	
76.56	0.337	0.103	-1.58933	0	-1.58132	350.062	0	348.334	0	0	-3.30597	
76.57	0.337	0.103	1.58959	0	1.58106	-350.106	0	-348.192	0	0	-3.30597	
76.58	0.337	0.103	-1.58933	0	-1.58132	350.062	0	348.334	0	0	-3.30597	
76.59	0.337	0.103	1.58959	0	1.58106	-350.106	0	-348.192	0	0	-3.30597	
76.6	0.337	0.103	-1.58933	0	-1.58132	350.062	0	348.334	0	0	-3.30597	
76.61	0.337	0.103	1.58959	0	1.58106	-350.106	0	-348.192	0	0	-3.30597	
76.62	0.337	0.103	-1.58933	0	-1.58132	350.062	0	348.334	0	0	-3.30597	
76.63	0.337	0.103	1.58959	0	1.58106	-350.106	0	-348.192	0	0	-3.30597	
76.64	0.337	0.103	-1.58933	0	-1.58132	350.062	0	348.334	0	0	-3.30597	
76.65	0.337	0.103	1.58959	0	1.58106	-350.106	0	-348.192	0	0	-3.30597	
76.66	0.337	0.103	-1.58933	0	-1.58132	350.062	0	348.334	0	0	-3.30597	
76.67	0.337	0.103	1.58959	0	1.58106	-350.106	0	-348.192	0	0	-3.30597	
76.68	0.337	0.103	-1.58933	0	-1.58132	350.062	0	348.334	0	0	-3.30597	
76.69	0.337	0.103	1.58959	0	1.58106	-350.106	0	-348.192	0	0	-3.30597	
76.7	0.337	0.103	-1.58933	0	-1.58132	350.062	0	348.334	0	0	-3.30597	
76.71	0.337	0.103	1.58959	0	1.58106	-350.106	0	-348.192	0	0	-3.30597	
76.72	0.337	0.103	-1.58933	0	-1.58132	350.062	0	348.334	0	0	-3.30597	
76.73	0.337	0.103	1.58959	0	1.58106	-350.105	0	-348.192	0	0	-3.30597	
76.74	0.337	0.103	-1.58933	0	-1.58132	350.062	0	348.334	0	0	-3.30597	
76.75	0.337	0.103	1.58959	0	1.58106	-350.105	0	-348.192	0	0	-3.30597	
76.76	0.337	0.103	-1.58933	0	-1.58132	350.062	0	348.334	0	0	-3.30597	
76.77	0.337	0.103	1.58959	0	1.58106	-350.105	0	-348.192	0	0	-3.30597	
76.78	0.337	0.103	-1.58933	0	-1.58132	350.062	0	348.334	0	0	-3.30597	
76.79	0.337	0.103	1.58959	0	1.58106	-350.105	0	-348.192	0	0	-3.30597	
76.8	0.337	0.103	-1.58933	0	-1.58132	350.062	0	348.334	0	0	-3.30597	
76.81	0.337	0.103	1.58959	0	1.58106	-350.105	0	-348.192	0	0	-3.30597	
76.82	0.337	0.103	-1.58933	0	-1.58132	350.062	0	348.334	0	0	-3.30597	
76.83	0.337	0.103	1.58959	0	1.58106	-350.105	0	-348.192	0	0	-3.30597	
76.84	0.337	0.103	-1.58933	0	-1.58132	350.062	0	348.334	0	0	-3.30597	
76.85	0.337	0.103	1.58959	0	1.58106	-350.105	0	-348.192	0	0	-3.30597	
76.86	0.337	0.103	-1.58933	0	-1.58132	350.062	0	348.334	0	0	-3.30597	
76.87	0.337	0.103	1.58959	0	1.58106	-350.105	0	-348.192	0	0	-3.30597	
76.88	0.337	0.103	-1.58933	0	-1.58132	350.062	0	348.334	0	0	-3.30597	
76.89	0.337	0.103	1.58959	0	1.58106	-350.105	0	-348.192	0	0	-3.30597	
76.9	0.337	0.103	-1.58933	0	-1.58132	350.062	0	348.334	0	0	-3.30597	
76.91	0.337	0.103	1.58959	0	1.58106	-350.105	0	-348.191	0	0	-3.30597	
76.92	0.337	0.103	-1.58933	0	-1.58132	350.062	0	348.334	0	0	-3.30597	
76.93	0.337	0.103	1.58959	0	1.58106	-350.105	0	-348.191	0	0	-3.30597	
76.94	0.337	0.103	-1.58933	0	-1.58132	350.062	0	348.334	0	0	-3.30597	
76.95	0.337	0.103	1.58959	0	1.58106	-350.105	0	-348.191	0	0	-3.30597	
76.96	0.337	0.103	-1.58933	0	-1.58132	350.062	0	348.334	0	0	-3.30597	
76.97	0.337	0.103	1.58959	0	1.58106	-350.105	0	-348.191	0	0	-3.30597	
76.98	0.337	0.103	-1.58933	0	-1.58132	350.062	0	348.334	0	0	-3.30597	
76.99	0.337	0.103	1.58959	0	1.58106	-350.105	0	-348.191	0	0	-3.30597	
77	0.337	0.103	-1.58933	0	-1.58132	350.062	0	348.334	0	0	-3.30597	
77.01	0.337	0.103	1.58959	0	1.58106	-350.105	0	-348.191	0	0	-3.30597	
77.02	0.337	0.103	-1.58933	0	-1.58132	350.062	0	348.334	0	0	-3.30597	
77.03	0.337	0.103	1.58959	0	1.58106	-350.105	0	-348.191	0	0	-3.30597	
77.04	0.337	0.103	-1.58933	0	-1.58132	350.062	0	348.334	0	0	-3.30597	
77.05	0.337	0.103	1.58959	0	1.58106	-350.105	0	-348.191	0	0	-3.30597	
77.06	0.337	0.103	-1.58933	0	-1.58132	350.062	0	348.334	0	0	-3.30597	
77.07	0.337	0.103	1.58959	0	1.58106	-350.105	0	-348.191	0	0	-3.30597	
77.08	0.337	0.103	-1.58933	0	-1.58132	350.062	0	348.334	0	0	-3.30597	
77.09	0.337	0.103	1.58959	0	1.58106	-350.105	0	-348.191	0	0	-3.30597	
77.1	0.337	0.103	-1.58933	0	-1.58132	350.062	0	348.334	0	0	-3.30597	
77.11	0.337	0.103	1.58959	0	1.58106	-350.105	0	-348.191	0	0	-3.30597	
77.12	0.337	0.103	-1.58933	0	-1.58132	350.062	0	348.334	0	0	-3.30597	
77.13	0.337	0.103	1.58959	0	1.58106	-350.105	0	-348.191	0	0	-3.30597	
77.14	0.337	0.103	-1.58933	0	-1.58132	350.062	0	348.334	0	0	-3.30597	
77.15	0.337	0.103	1.58959	0	1.58106	-350.105	0	-348.191	0	0	-3.30597	
77.16	0.337	0.103	-1.58933	0	-1.58132	350.062	0	348.334	0	0	-3.30597	
77.17	0.337	0.103	1.58959	0	1.58106	-350.105	0	-348.191	0	0	-3.30597	
77.18	0.337	0.103	-1.58933	0	-1.58132	350.062	0	348.334	0	0	-3.30597	
77.19	0.337	0.103	1.58959	0	1.58106	-350.105	0	-348.191	0	0	-3.30597	
77.2	0.337	0.103	-1.58933	0	-1.58132	350.061	0	348.334	0	0	-3.30597	
77.21	0.337	0.103	1.58959	0	1.58106	-350.105	0	-348.191	0	0	-3.30597	
77.22	0.337	0.103	-1.58933	0	-1.58132	350.061	0	348.334	0	0	-3.30597	
77.23	0.337	0.103	1.58959	0	1.58106	-350.105	0	-348.191	0	0	-3.30597	
77.24	0.337	0.103	-1.58933	0	-1.58132	350.061	0	348.334	0	0	-3.30597	
77.25	0.337	0.103	1.58959	0	1.58106	-350.105	0	-348.191	0	0	-3.30597	
77.26	0.337	0.103	-1.58933	0	-1.58132	350.061	0	348.334	0	0	-3.30597	
77.27	0.337	0.103	1.58959	0	1.58106	-350.105	0	-348.191	0	0	-3.30597	
77.28	0.337	0.103	-1.58933	0	-1.58132	350.061	0	348.334	0	0	-3.30597	
77.29	0.337	0.103	1.58959	0	1.58106	-350.105	0	-348.191	0	0	-3.30597	
77.3	0.337	0.103	-1.58933	0	-1.58132	350.061	0	348.334	0	0	-3.30597	
77.31	0.337	0.103	1.58959	0	1.58106	-350.105	0	-348.191	0	0	-3.30597	
77.32	0.337	0.103	-1.58933	0	-1.58132	350.061	0	348.334	0	0	-3.30597	
77.33	0.337	0.103	1.58959	0	1.58106	-350.105	0	-348.191	0	0	-3.30597	
77.34	0.337	0.103	-1.58933	0	-1.58132	350.061	0	348.334	0	0	-3.30597	
77.35	0.337	0.103	1.58959	0	1.58106	-350.105	0	-348.191	0	0	-3.30597	
77.36	0.337	0.103	-1.58933	0	-1.58132	350.061	0	348.333	0	0	-3.30597	
77.37	0.337	0.103	1.58959	0	1.58106	-350.105	0	-348.191	0	0	-3.30597	
77.38	0.337	0.103	-1.58933	0	-1.58132	350.061	0	348.333	0	0	-3.30597	
77.39	0.337	0.103	1.58959	0	1.58106	-350.105	0	-348.191	0	0	-3.30597	
77.4	0.337	0.103	-1.58933	0	-1.58132	350.061	0	348.333	0	0	-3.30597	
77.41	0.337	0.103	1.58959	0	1.58106	-350.105	0	-348.191	0	0	-3.30597	
77.42	0.337	0.103	-1.58933	0	-1.58132	350.061	0	348.333	0	0	-3.30597	
77.43	0.337	0.103	1.58959	0	1.58106	-350.105	0	-348.191	0	0	-3.30597	
77.44	0.337	0.103	-1.58933	0	-1.58132	350.061	0	348.333	0	0	-3.30597	
77.45	0.337	0.103	1.58959	0	1.58106	-350.105	0	-348.191	0	0	-3.30597	
77.46	0.337	0.103	-1.58933	0	-1.58132	350.061	0	348.333	0	0	-3.30597	
77.47	0.337	0.103	1.58959	0	1.58106	-350.105	0	-348.191	0	0	-3.30597	
77.48	0.337	0.103	-1.58933	0	-1.58132	350.061	0	348.333	0	0	-3.30597	
77.49	0.337	0.103	1.58959	0	1.58106	-350.105	0	-348.191	0	0	-3.30597	
77.5	0.337	0.103	-1.58933	0	-1.58132	350.061	0	348.333	0	0	-3.30597	
77.51	0.337	0.103	1.58959	0	1.58106	-350.105	0	-348.191	0	0	-3.30597	
77.52	0.337	0.103	-1.58933	0	-1.58132	350.061	0	348.333	0	0	-3.30597	
77.53	0.337	0.103	1.58959	0	1.58106	-350.105	0	-348.191	0	0	-3.30597	
77.54	0.337	0.103	-1.58933	0	-1.58132	350.061	0	348.333	0	0	-3.30597	
77.55	0.337	0.103	1.58959	0	1.58106	-350.105	0	-348.191	0	0	-3.30597	
77.56	0.337	0.103	-1.58933	0	-1.58132	350.061	0	348.333	0	0	-3.30597	
77.57	0.337	0.103	1.58959	0	1.58106	-350.105	0	-348.191	0	0	-3.30597	
77.58	0.337	0.103	-1.58933	0	-1.58132	350.061	0	348.333	0	0	-3.30597	
77.59	0.337	0.103	1.58959	0	1.58106	-350.105	0	-348.191	0	0	-3.30597	
77.6	0.337	0.103	-1.58933	0	-1.58132	350.061	0	348.333	0	0	-3.30597	
77.61	0.337	0.103	1.58959	0	1.58106	-350.105	0	-348.191	0	0	-3.30597	
77.62	0.337	0.103	-1.58933	0	-1.58132	350.061	0	348.333	0	0	-3.30597	
77.63	0.337	0.103	1.58959	0	1.58106	-350.105	0	-348.191	0	0	-3.30597	
77.64	0.337	0.103	-1.58933	0	-1.58132	350.061	0	348.333	0	0	-3.30597	
77.65	0.337	0.103	1.58959	0	1.58106	-350.105	0	-348.191	0	0	-3.30597	
77.66	0.337	0.103	-1.58933	0	-1.58132	350.061	0	348.333	0	0	-3.30597	
77.67	0.337	0.103	1.58959	0	1.58106	-350.105	0	-348.191	0	0	-3.30597	
77.68	0.337	0.103	-1.58933	0	-1.58132	350.061	0	348.333	0	0	-3.30597	
77.69	0.337	0.103	1.58959	0	1.58106	-350.105	0	-348.191	0	0	-3.30597	
77.7	0.337	0.103	-1.58933	0	-1.58132	350.061	0	348.333	0	0	-3.30597	
77.71	0.337	0.103	1.58959	0	1.58106	-350.105	0	-348.191	0	0	-3.30597	
77.72	0.337	0.103	-1.58933	0	-1.58132	350.061	0	348.333	0	0	-3.30597	
77.73	0.337	0.103	1.58959	0	1.58106	-350.105	0	-348.191	0	0	-3.30597	
77.74	0.337	0.103	-1.58933	0	-1.58132	350.061	0	348.333	0	0	-3.30597	
77.75	0.337	0.103	1.58959	0	1.58106	-350.105	0	-348.191	0	0	-3.30597	
77.76	0.337	0.103	-1.58933	0	-1.58132	350.061	0	348.333	0	0	-3.30597	
77.77	0.337	0.103	1.58959	0	1.58106	-350.105	0	-348.191	0	0	-3.30597	
77.78	0.337	0.103	-1.58933	0	-1.58132	350.061	0	348.333	0	0	-3.30597	
77.79	0.337	0.103	1.58959	0	1.58106	-350.105	0	-348.191	0	0	-3.30597	
77.8	0.337	0.103	-1.58933	0	-1.58132	350.061	0	348.333	0	0	-3.30597	
77.81	0.337	0.103	1.58959	0	1.58106	-350.105	0	-348.191	0	0	-3.30597	
77.82	0.337	0.103	-1.58933	0	-1.58132	350.061	0	348.333	0	0	-3.30597	
77.83	0.337	0.103	1.58959	0	1.58106	-350.105	0	-348.191	0	0	-3.30597	
77.84	0.337	0.103	-1.58933	0	-1.58132	350.061	0	348.333	0	0	-3.30597	
77.85	0.337	0.103	1.58959	0	1.58106	-350.105	0	-348.191	0	0	-3.30597	
77.86	0.337	0.103	-1.58933	0	-1.58132	350.061	0	348.333	0	0	-3.30597	
77.87	0.337	0.103	1.58959	0	1.58106	-350.105	0	-348.191	0	0	-3.30597	
77.88	0.337	0.103	-1.58933	0	-1.58132	350.061	0	348.333	0	0	-3.30597	
77.89	0.337	0.103	1.58959	0	1.58106	-350.105	0	-348.191	0	0	-3.30597	
77.9	0.337	0.103	-1.58933	0	-1.58132	350.061	0	348.333	0	0	-3.30597	
77.91	0.337	0.103	1.58959	0	1.58106	-350.105	0	-348.191	0	0	-3.30597	
77.92	0.337	0.103	-1.58933	0	-1.58132	350.061	0	348.333	0	0	-3.30597	
77.93	0.337	0.103	1.58959	0	1.58106	-350.105	0	-348.191	0	0	-3.30597	
77.94	0.337	0.103	-1.58933	0	-1.58132	350.061	0	348.333	0	0	-3.30597	
77.95	0.337	0.103	1.58959	0	1.58106	-350.105	0	-348.191	0	0	-3.30597	
77.96	0.337	0.103	-1.58933	0	-1.58132	350.061	0	348.333	0	0	-3.30597	
77.97	0.337	0.103	1.58959	0	1.58106	-350.105	0	-348.191	0	0	-3.30597	
77.98	0.337	0.103	-1.58933	0	-1.58132	350.061	0	348.333	0	0	-3.30597	
77.99	0.337	0.103	1.58959	0	1.58106	-350.105	0	-348.191	0	0	-3.30597	
78	0.337	0.103	-1.58933	0	-1.58132	350.061	0	348.333	0	0	-3.30597	
78.01	0.337	0.103	1.58959	0	1.58106	-350.105	0	-348.191	0	0	-3.30597	
78.02	0.337	0.103	-1.58933	0	-1.58132	350.061	0	348.333	0	0	-3.30597	
78.03	0.337	0.103	1.58959	0	1.58106	-350.105	0	-348.191	0	0	-3.30597	
78.04	0.337	0.103	-1.58933	0	-1.58132	350.061	0	348.333	0	0	-3.30597	
78.05	0.337	0.103	1.58959	0	1.58106	-350.105	0	-348.191	0	0	-3.30597	
78.06	0.337	0.103	-1.58933	0	-1.58132	350.061	0	348.333	0	0	-3.30597	
78.07	0.337	0.103	1.58959	0	1.58106	-350.105	0	-348.191	0	0	-3.30597	
78.08	0.337	0.103	-1.58933	0	-1.58132	350.061	0	348.333	0	0	-3.30597	
78.09	0.337	0.103	1.58959	0	1.58106	-350.105	0	-348.191	0	0	-3.30597	
78.1	0.337	0.103	-1.58933	0	-1.58132	350.061	0	348.333	0	0	-3.30597	
78.11	0.337	0.103	1.58959	0	1.58106	-350.105	0	-348.191	0	0	-3.30597	
78.12	0.337	0.103	-1.58933	0	-1.58132	350.061	0	348.333	0	0	-3.30597	
78.13	0.337	0.103	1.58959	0	1.58106	-350.105	0	-348.191	0	0	-3.30597	
78.14	0.337	0.103	-1.58933	0	-1.58132	350.061	0	348.333	0	0	-3.30597	
78.15	0.337	0.103	1.58959	0	1.58106	-350.105	0	-348.191	0	0	-3.30597	
78.16	0.337	0.103	-1.58933	0	-1.58132	350.061	0	348.333	0	0	-3.30597	
78.17	0.337	0.103	1.58959	0	1.58106	-350.105	0	-348.191	0	0	-3.30597	
78.18	0.337	0.103	-1.58933	0	-1.58132	350.061	0	348.333	0	0	-3.30597	
78.19	0.337	0.103	1.58959	0	1.58106	-350.105	0	-348.191	0	0	-3.30597	
78.2	0.337	0.103	-1.58933	0	-1.58132	350.061	0	348.333	0	0	-3.30597	
78.21	0.337	0.103	1.58959	0	1.58106	-350.105	0	-348.191	0	0	-3.30597	
78.22	0.337	0.103	-1.58933	0	-1.58132	350.061	0	348.333	0	0	-3.30597	
78.23	0.337	0.103	1.58959	0	1.58106	-350.105	0	-348.191	0	0	-3.30597	
78.24	0.337	0.103	-1.58933	0	-1.58132	350.061	0	348.333	0	0	-3.30597	
78.25	0.337	0.103	1.58959	0	1.58106	-350.105	0	-348.191	0	0	-3.30597	
78.26	0.337	0.103	-1.58933	0	-1.58132	350.061	0	348.333	0	0	-3.30597	
78.27	0.337	0.103	1.58959	0	1.58106	-350.105	0	-348.191	0	0	-3.30597	
78.28	0.337	0.103	-1.58933	0	-1.58132	350.061	0	348.333	0	0	-3.30597	
78.29	0.337	0.103	1.58959	0	1.58106	-350.105	0	-348.191	0	0	-3.30597	
78.3	0.337	0.103	-1.58933	0	-1.58132	350.061	0	348.333	0	0	-3.30597	
78.31	0.337	0.103	1.58959	0	1.58106	-350.105	0	-348.191	0	0	-3.30597	
78.32	0.337	0.103	-1.58933	0	-1.58132	350.061	0	348.333	0	0	-3.30597	
78.33	0.337	0.103	1.58959	0	1.58106	-350.105	0	-348.191	0	0	-3.30597	
78.34	0.337	0.103	-1.58933	0	-1.58132	350.061	0	348.333	0	0	-3.30597	
78.35	0.337	0.103	1.58959	0	1.58106	-350.105	0	-348.191	0	0	-3.30597	
78.36	0.337	0.103	-1.58933	0	-1.58132	350.061	0	348.333	0	0	-3.30597	
78.37	0.337	0.103	1.58959	0	1.58106	-350.105	0	-348.191	0	0	-3.30597	
78.38	0.337	0.103	-1.58933	0	-1.58132	350.061	0	348.333	0	0	-3.30597	
78.39	0.337	0.103	1.58959	0	1.58106	-350.105	0	-348.191	0	0	-3.30597	
78.4	0.337	0.103	-1.58933	0	-1.58132	350.061	0	348.333	0	0	-3.30597	
78.41	0.337	0.103	1.58959	0	1.58106	-350.105	0	-348.191	0	0	-3.30597	
78.42	0.337	0.103	-1.58933	0	-1.58132	350.061	0	348.333	0	0	-3.30597	
78.43	0.337	0.103	1.58959	0	1.58106	-350.105	0	-348.191	0	0	-3.30597	
78.44	0.337	0.103	-1.58933	0	-1.58132	350.061	0	348.333	0	0	-3.30597	
78.45	0.337	0.103	1.58959	0	1.58106	-350.105	0	-348.191	0	0	-3.30597	
78.46	0.337	0.103	-1.58933	0	-1.58132	350.061	0	348.333	0	0	-3.30597	
78.47	0.337	0.103	1.58959	0	1.58106	-350.105	0	-348.191	0	0	-3.30597	
78.48	0.337	0.103	-1.58933	0	-1.58132	350.061	0	348.333	0	0	-3.30597	
78.49	0.337	0.103	1.58959	0	1.58106	-350.105	0	-348.191	0	0	-3.30597	
78.5	0.337	0.103	-1.58933	0	-1.58132	350.061	0	348.333	0	0	-3.30597	
78.51	0.337	0.103	1.58959	0	1.58106	-350.105	0	-348.191	0	0	-3.30597	
78.52	0.337	0.103	-1.58933	0	-1.58132	350.061	0	348.333	0	0	-3.30597	
78.53	0.337	0.103	1.58959	0	1.58106	-350.105	0	-348.191	0	0	-3.30597	
78.54	0.337	0.103	-1.58933	0	-1.58132	350.061	0	348.333	0	0	-3.30597	
78.55	0.337	0.103	1.58959	0	1.58106	-350.105	0	-348.191	0	0	-3.30597	
78.56	0.337	0.103	-1.58933	0	-1.58132	350.061	0	348.333	0	0	-3.30597	
78.57	0.337	0.103	1.58959	0	1.58106	-350.105	0	-348.191	0	0	-3.30597	
78.58	0.337	0.103	-1.58933	0	-1.58132	350.061	0	348.333	0	0	-3.30597	
78.59	0.337	0.103	1.58959	0	1.58106	-350.105	0	-348.191	0	0	-3.30597	
78.6	0.337	0.103	-1.58933	0	-1.58132	350.061	0	348.333	0	0	-3.30597	
78.61	0.337	0.103	1.58959	0	1.58106	-350.105	0	-348.191	0	0	-3.30597	
78.62	0.337	0.103	-1.58933	0	-1.58132	350.061	0	348.333	0	0	-3.30597	
78.63	0.337	0.103	1.58959	0	1.58106	-350.105	0	-348.191	0	0	-3.30597	
78.64	0.337	0.103	-1.58933	0	-1.58132	350.061	0	348.333	0	0	-3.30597	
78.65	0.337	0.103	1.58959	0	1.58106	-350.105	0	-348.191	0	0	-3.30597	
78.66	0.337	0.103	-1.58933	0	-1.58132	350.061	0	348.333	0	0	-3.30597	
78.67	0.337	0.103	1.58959	0	1.58106	-350.105	0	-348.191	0	0	-3.30597	
78.68	0.337	0.103	-1.58933	0	-1.58132	350.061	0	348.333	0	0	-3.30597	
78.69	0.337	0.103	1.58959	0	1.58106	-350.105	0	-348.191	0	0	-3.30597	
78.7	0.337	0.103	-1.58933	0	-1.58132	350.061	0	348.333	0	0	-3.30597	
78.71	0.337	0.103	1.58959	0	1.58106	-350.105	0	-348.191	0	0	-3.30597	
78.72	0.337	0.103	-1.58933	0	-1.58132	350.061	0	348.333	0	0	-3.30597	
78.73	0.337	0.103	1.58959	0	1.58106	-350.105	0	-348.191	0	0	-3.30597	
78.74	0.337	0.103	-1.58933	0	-1.58132	350.061	0	348.333	0	0	-3.30597	
78.75	0.337	0.103	1.58959	0	1.58106	-350.105	0	-348.191	0	0	-3.30597	
78.76	0.337	0.103	-1.58933	0	-1.58132	350.061	0	348.333	0	0	-3.30597	
78.77	0.337	0.103	1.58959	0	1.58106	-350.105	0	-348.191	0	0	-3.30597	
78.78	0.337	0.103	-1.58933	0	-1.58132	350.061	0	348.333	0	0	-3.30597	
78.79	0.337	0.103	1.58959	0	1.58106	-350.105	0	-348.191	0	0	-3.30597	
78.8	0.337	0.103	-1.58933	0	-1.58132	350.061	0	348.333	0	0	-3.30597	
78.81	0.337	0.103	1.58959	0	1.58106	-350.105	0	-348.191	0	0	-3.30597	
78.82	0.337	0.103	-1.58933	0	-1.58132	350.061	0	348.333	0	0	-3.30597	
78.83	0.337	0.103	1.58959	0	1.58106	-350.105	0	-348.191	0	0	-3.30597	
78.84	0.337	0.103	-1.58933	0	-1.58132	350.061	0	348.333	0	0	-3.30597	
78.85	0.337	0.103	1.58959	0	1.58106	-350.105	0	-348.191	0	0	-3.30597	
78.86	0.337	0.103	-1.58933	0	-1.58132	350.061	0	348.333	0	0	-3.30597	
78.87	0.337	0.103	1.58959	0	1.58106	-350.105	0	-348.191	0	0	-3.30597	
78.88	0.337	0.103	-1.58933	0	-1.58132	350.061	0	348.333	0	0	-3.30597	
78.89	0.337	0.103	1.58959	0	1.58106	-350.105	0	-348.191	0	0	-3.30597	
78.9	0.337	0.103	-1.58933	0	-1.58132	350.061	0	348.333	0	0	-3.30597	
78.91	0.337	0.103	1.58959	0	1.58106	-350.105	0	-348.191	0	0	-3.30597	
78.92	0.337	0.103	-1.58933	0	-1.58132	350.061	0	348.333	0	0	-3.30597	
78.93	0.337	0.103	1.58959	0	1.58106	-350.105	0	-348.191	0	0	-3.30597	
78.94	0.337	0.103	-1.58933	0	-1.58132	350.061	0	348.333	0	0	-3.30597	
78.95	0.337	0.103	1.58959	0	1.58106	-350.105	0	-348.191	0	0	-3.30597	
78.96	0.337	0.103	-1.58933	0	-1.58132	350.061	0	348.333	0	0	-3.30597	
78.97	0.337	0.103	1.58959	0	1.58106	-350.105	0	-348.191	0	0	-3.30597	
78.98	0.337	0.103	-1.58933	0	-1.58132	350.061	0	348.333	0	0	-3.30597	
78.99	0.337	0.103	1.58959	0	1.58106	-350.105	0	-348.191	0	0	-3.30597	
79	0.337	0.103	-1.58933	0	-1.58132	350.061	0	348.333	0	0	-3.30597	
79.01	0.337	0.103	1.58959	0	1.58106	-350.105	0	-348.191	0	0	-3.30597	
79.02	0.337	0.103	-1.58933	0	-1.58132	350.061	0	348.333	0	0	-3.30597	
79.03	0.337	0.103	1.58959	0	1.58106	-350.105	0	-348.191	0	0	-3.30597	
79.04	0.337	0.103	-1.58933	0	-1.58132	350.061	0	348.333	0	0	-3.30597	
79.05	0.337	0.103	1.58959	0	1.58106	-350.105	0	-348.191	0	0	-3.30597	
79.06	0.337	0.103	-1.58933	0	-1.58132	350.061	0	348.333	0	0	-3.30597	
79.07	0.337	0.103	1.58959	0	1.58106	-350.105	0	-348.191	0	0	-3.30597	
79.08	0.337	0.103	-1.58933	0	-1.58132	350.061	0	348.333	0	0	-3.30597	
79.09	0.337	0.103	1.58959	0	1.58106	-350.105	0	-348.191	0	0	-3.30597	
79.1	0.337	0.103	-1.58933	0	-1.58132	350.061	0	348.333	0	0	-3.30597	
79.11	0.337	0.103	1.58959	0	1.58106	-350.105	0	-348.191	0	0	-3.30597	
79.12	0.337	0.103	-1.58933	0	-1.58132	350.061	0	348.333	0	0	-3.30597	
79.13	0.337	0.103	1.58959	0	1.58106	-350.105	0	-348.191	0	0	-3.30597	
79.14	0.337	0.103	-1.58933	0	-1.58132	350.061	0	348.333	0	0	-3.30597	
79.15	0.337	0.103	1.58959	0	1.58106	-350.105	0	-348.191	0	0	-3.30597	
79.16	0.337	0.103	-1.58933	0	-1.58132	350.061	0	348.333	0	0	-3.30597	
79.17	0.337	0.103	1.58959	0	1.58106	-350.105	0	-348.191	0	0	-3.30597	
79.18	0.337	0.103	-1.58933	0	-1.58132	350.061	0	348.333	0	0	-3.30597	
79.19	0.337	0.103	1.58959	0	1.58106	-350.105	0	-348.191	0	0	-3.30597	
79.2	0.337	0.103	-1.58933	0	-1.58132	350.061	0	348.333	0	0	-3.30597	
79.21	0.337	0.103	1.58959	0	1.58106	-350.105	0	-348.191	0	0	-3.30597	
79.22	0.337	0.103	-1.58933	0	-1.58132	350.061	0	348.333	0	0	-3.30597	
79.23	0.337	0.103	1.58959	0	1.58106	-350.105	0	-348.191	0	0	-3.30597	
79.24	0.337	0.103	-1.58933	0	-1.58132	350.061	0	348.333	0	0	-3.30597	
79.25	0.337	0.103	1.58959	0	1.58106	-350.105	0	-348.191	0	0	-3.30597	
79.26	0.337	0.103	-1.58933	0	-1.58132	350.061	0	348.333	0	0	-3.30597	
79.27	0.337	0.103	1.58959	0	1.58106	-350.105	0	-348.191	0	0	-3.30597	
79.28	0.337	0.103	-1.58933	0	-1.58132	350.061	0	348.333	0	0	-3.30597	
79.29	0.337	0.103	1.58959	0	1.58106	-350.105	0	-348.191	0	0	-3.30597	
79.3	0.337	0.103	-1.58933	0	-1.58132	350.061	0	348.333	0	0	-3.30597	
79.31	0.337	0.103	1.58959	0	1.58106	-350.105	0	-348.191	0	0	-3.30597	
79.32	0.337	0.103	-1.58933	0	-1.58132	350.061	0	348.333	0	0	-3.30597	
79.33	0.337	0.103	1.58959	0	1.58106	-350.105	0	-348.191	0	0	-3.30597	
79.34	0.337	0.103	-1.58933	0	-1.58132	350.061	0	348.333	0	0	-3.30597	
79.35	0.337	0.103	1.58959	0	1.58106	-350.105	0	-348.191	0	0	-3.30597	
79.36	0.337	0.103	-1.58933	0	-1.58132	350.061	0	348.333	0	0	-3.30597	
79.37	0.337	0.103	1.58959	0	1.58106	-350.105	0	-348.191	0	0	-3.30597	
79.38	0.337	0.103	-1.58933	0	-1.58132	350.061	0	348.333	0	0	-3.30597	
79.39	0.337	0.103	1.58959	0	1.58106	-350.105	0	-348.191	0	0	-3.30597	
79.4	0.337	0.103	-1.58933	0	-1.58132	350.061	0	348.333	0	0	-3.30597	
79.41	0.337	0.103	1.58959	0	1.58106	-350.105	0	-348.191	0	0	-3.30597	
79.42	0.337	0.103	-1.58933	0	-1.58132	350.061	0	348.333	0	0	-3.30597	
79.43	0.337	0.103	1.58959	0	1.58106	-350.105	0	-348.191	0	0	-3.30597	
79.44	0.337	0.103	-1.58933	0	-1.58132	350.061	0	348.333	0	0	-3.30597	
79.45	0.337	0.103	1.58959	0	1.58106	-350.105	0	-348.191	0	0	-3.30597	
79.46	0.337	0.103	-1.58933	0	-1.58132	350.061	0	348.333	0	0	-3.30597	
79.47	0.337	0.103	1.58959	0	1.58106	-350.105	0	-348.191	0	0	-3.30597	
79.48	0.337	0.103	-1.58933	0	-1.58132	350.061	0	348.333	0	0	-3.30597	
79.49	0.337	0.103	1.58959	0	1.58106	-350.105	0	-348.191	0	0	-3.30597	
79.5	0.337	0.103	-1.58933	0	-1.58132	350.061	0	348.333	0	0	-3.30597	
79.51	0.337	0.103	1.58959	0	1.58106	-350.104	0	-348.191	0	0	-3.30597	
79.52	0.337	0.103	-1.58933	0	-1.58132	350.061	0	348.333	0	0	-3.30597	
79.53	0.337	0.103	1.58959	0	1.58106	-350.104	0	-348.191	0	0	-3.30597	
79.54	0.337	0.103	-1.58933	0	-1.58132	350.061	0	348.333	0	0	-3.30597	
79.55	0.337	0.103	1.58959	0	1.58106	-350.104	0	-348.191	0	0	-3.30597	
79.56	0.337	0.103	-1.58933	0	-1.58132	350.061	0	348.333	0	0	-3.30597	
79.57	0.337	0.103	1.58959	0	1.58106	-350.104	0	-348.191	0	0	-3.30597	
79.58	0.337	0.103	-1.58933	0	-1.58132	350.061	0	348.333	0	0	-3.30597	
79.59	0.337	0.103	1.58959	0	1.58106	-350.104	0	-348.191	0	0	-3.30597	
79.6	0.337	0.103	-1.58933	0	-1.58132	350.061	0	348.333	0	0	-3.30597	
79.61	0.337	0.103	1.58959	0	1.58106	-350.104	0	-348.191	0	0	-3.30597	
79.62	0.337	0.103	-1.58933	0	-1.58132	350.061	0	348.333	0	0	-3.30597	
79.63	0.337	0.103	1.58959	0	1.58106	-350.104	0	-348.191	0	0	-3.30597	
79.64	0.337	0.103	-1.58933	0	-1.58132	350.061	0	348.333	0	0	-3.30597	
79.65	0.337	0.103	1.58959	0	1.58106	-350.104	0	-348.191	0	0	-3.30597	
79.66	0.337	0.103	-1.58933	0	-1.58132	350.061	0	348.333	0	0	-3.30597	
79.67	0.337	0.103	1.58959	0	1.58106	-350.104	0	-348.191	0	0	-3.30597	
79.68	0.337	0.103	-1.58933	0	-1.58132	350.061	0	348.333	0	0	-3.30597	
79.69	0.337	0.103	1.58959	0	1.58106	-350.104	0	-348.191	0	0	-3.30597	
79.7	0.337	0.103	-1.58933	0	-1.58132	350.061	0	348.333	0	0	-3.30597	
79.71	0.337	0.103	1.58959	0	1.58106	-350.104	0	-348.19	0	0	-3.30597	
79.72	0.337	0.103	-1.58933	0	-1.58132	350.061	0	348.333	0	0	-3.30597	
79.73	0.337	0.103	1.58959	0	1.58106	-350.104	0	-348.19	0	0	-3.30597	
79.74	0.337	0.103	-1.58933	0	-1.58132	350.061	0	348.333	0	0	-3.30597	
79.75	0.337	0.103	1.58959	0	1.58106	-350.104	0	-348.19	0	0	-3.30597	
79.76	0.337	0.103	-1.58933	0	-1.58132	350.061	0	348.333	0	0	-3.30597	
79.77	0.337	0.103	1.58959	0	1.58106	-350.104	0	-348.19	0	0	-3.30597	
79.78	0.337	0.103	-1.58933	0	-1.58132	350.061	0	348.333	0	0	-3.30597	
79.79	0.337	0.103	1.58959	0	1.58106	-350.104	0	-348.19	0	0	-3.30597	
79.8	0.337	0.103	-1.58933	0	-1.58132	350.061	0	348.333	0	0	-3.30597	
79.81	0.337	0.103	1.58959	0	1.58106	-350.104	0	-348.19	0	0	-3.30597	
79.82	0.337	0.103	-1.58933	0	-1.58132	350.061	0	348.333	0	0	-3.30597	
79.83	0.337	0.103	1.58959	0	1.58106	-350.104	0	-348.19	0	0	-3.30597	
79.84	0.337	0.103	-1.58933	0	-1.58132	350.061	0	348.333	0	0	-3.30597	
79.85	0.337	0.103	1.58959	0	1.58106	-350.104	0	-348.19	0	0	-3.30597	
79.86	0.337	0.103	-1.58933	0	-1.58132	350.061	0	348.333	0	0	-3.30597	
79.87	0.337	0.103	1.58959	0	1.58106	-350.104	0	-348.19	0	0	-3.30597	
79.88	0.337	0.103	-1.58933	0	-1.58132	350.061	0	348.333	0	0	-3.30597	
79.89	0.337	0.103	1.58959	0	1.58106	-350.104	0	-348.19	0	0	-3.30597	
79.9	0.337	0.103	-1.58933	0	-1.58132	350.061	0	348.333	0	0	-3.30597	
79.91	0.337	0.103	1.58959	0	1.58106	-350.104	0	-348.19	0	0	-3.30597	
79.92	0.337	0.103	-1.58933	0	-1.58132	350.061	0	348.333	0	0	-3.30597	
79.93	0.337	0.103	1.58959	0	1.58106	-350.104	0	-348.19	0	0	-3.30597	
79.94	0.337	0.103	-1.58933	0	-1.58132	350.061	0	348.333	0	0	-3.30597	
79.95	0.337	0.103	1.58959	0	1.58106	-350.104	0	-348.19	0	0	-3.30597	
79.96	0.337	0.103	-1.58933	0	-1.58132	350.061	0	348.333	0	0	-3.30597	
79.97	0.337	0.103	1.58959	0	1.58106	-350.104	0	-348.19	0	0	-3.30597	
79.98	0.337	0.103	-1.58933	0	-1.58132	350.061	0	348.333	0	0	-3.30597	
79.99	0.337	0.103	1.58959	0	1.58106	-350.104	0	-348.19	0	0	-3.30597	
80	0.337	0.103	-1.58933	0	-1.58132	350.06	0	348.333	0	0	-3.30597	
80.01	0.337	0.103	1.58959	0	1.58106	-350.104	0	-348.19	0	0	-3.30597	
80.02	0.337	0.103	-1.58933	0	-1.58132	350.06	0	348.333	0	0	-3.30597	
80.03	0.337	0.103	1.58959	0	1.58106	-350.104	0	-348.19	0	0	-3.30597	
80.04	0.337	0.103	-1.58933	0	-1.58132	350.06	0	348.333	0	0	-3.30597	
80.05	0.337	0.103	1.58959	0	1.58106	-350.104	0	-348.19	0	0	-3.30597	
80.06	0.337	0.103	-1.58933	0	-1.58132	350.06	0	348.333	0	0	-3.30597	
80.07	0.337	0.103	1.58959	0	1.58106	-350.104	0	-348.19	0	0	-3.30597	
80.08	0.337	0.103	-1.58933	0	-1.58132	350.06	0	348.333	0	0	-3.30597	
80.09	0.337	0.103	1.58959	0	1.58106	-350.104	0	-348.19	0	0	-3.30597	
80.1	0.337	0.103	-1.58933	0	-1.58132	350.06	0	348.333	0	0	-3.30597	
80.11	0.337	0.103	1.58959	0	1.58106	-350.104	0	-348.19	0	0	-3.30597	
80.12	0.337	0.103	-1.58933	0	-1.58132	350.06	0	348.333	0	0	-3.30597	
80.13	0.337	0.103	1.58959	0	1.58106	-350.104	0	-348.19	0	0	-3.30597	
80.14	0.337	0.103	-1.58933	0	-1.58132	350.06	0	348.333	0	0	-3.30597	
80.15	0.337	0.103	1.58959	0	1.58106	-350.104	0	-348.19	0	0	-3.30597	
80.16	0.337	0.103	-1.58933	0	-1.58132	350.06	0	348.332	0	0	-3.30597	
80.17	0.337	0.103	1.58959	0	1.58106	-350.104	0	-348.19	0	0	-3.30597	
80.18	0.337	0.103	-1.58933	0	-1.58132	350.06	0	348.332	0	0	-3.30597	
80.19	0.337	0.103	1.58959	0	1.58106	-350.104	0	-348.19	0	0	-3.30597	
80.2	0.337	0.103	-1.58933	0	-1.58132	350.06	0	348.332	0	0	-3.30597	
80.21	0.337	0.103	1.58959	0	1.58106	-350.104	0	-348.19	0	0	-3.30597	
80.22	0.337	0.103	-1.58933	0	-1.58132	350.06	0	348.332	0	0	-3.30597	
80.23	0.337	0.103	1.58959	0	1.58106	-350.104	0	-348.19	0	0	-3.30597	
80.24	0.337	0.103	-1.58933	0	-1.58132	350.06	0	348.332	0	0	-3.30597	
80.25	0.337	0.103	1.58959	0	1.58106	-350.104	0	-348.19	0	0	-3.30597	
80.26	0.337	0.103	-1.58933	0	-1.58132	350.06	0	348.332	0	0	-3.30597	
80.27	0.337	0.103	1.58959	0	1.58106	-350.104	0	-348.19	0	0	-3.30597	
80.28	0.337	0.103	-1.58933	0	-1.58132	350.06	0	348.332	0	0	-3.30597	
80.29	0.337	0.103	1.58959	0	1.58106	-350.104	0	-348.19	0	0	-3.30597	
80.3	0.337	0.103	-1.58933	0	-1.58132	350.06	0	348.332	0	0	-3.30597	
80.31	0.337	0.103	1.58959	0	1.58106	-350.104	0	-348.19	0	0	-3.30597	
80.32	0.337	0.103	-1.58933	0	-1.58132	350.06	0	348.332	0	0	-3.30597	
80.33	0.337	0.103	1.58959	0	1.58106	-350.104	0	-348.19	0	0	-3.30597	
80.34	0.337	0.103	-1.58933	0	-1.58132	350.06	0	348.332	0	0	-3.30597	
80.35	0.337	0.103	1.58959	0	1.58106	-350.104	0	-348.19	0	0	-3.30597	
80.36	0.337	0.103	-1.58933	0	-1.58132	350.06	0	348.332	0	0	-3.30597	
80.37	0.337	0.103	1.58959	0	1.58106	-350.104	0	-348.19	0	0	-3.30597	
80.38	0.337	0.103	-1.58933	0	-1.58132	350.06	0	348.332	0	0	-3.30597	
80.39	0.337	0.103	1.58959	0	1.58106	-350.104	0	-348.19	0	0	-3.30597	
80.4	0.337	0.103	-1.58933	0	-1.58132	350.06	0	348.332	0	0	-3.30597	
80.41	0.337	0.103	1.58959	0	1.58106	-350.104	0	-348.19	0	0	-3.30597	
80.42	0.337	0.103	-1.58933	0	-1.58132	350.06	0	348.332	0	0	-3.30597	
80.43	0.337	0.103	1.58959	0	1.58106	-350.104	0	-348.19	0	0	-3.30597	
80.44	0.337	0.103	-1.58933	0	-1.58132	350.06	0	348.332	0	0	-3.30597	
80.45	0.337	0.103	1.58959	0	1.58106	-350.104	0	-348.19	0	0	-3.30597	
80.46	0.337	0.103	-1.58933	0	-1.58132	350.06	0	348.332	0	0	-3.30597	
80.47	0.337	0.103	1.58959	0	1.58106	-350.104	0	-348.19	0	0	-3.30597	
80.48	0.337	0.103	-1.58933	0	-1.58132	350.06	0	348.332	0	0	-3.30597	
80.49	0.337	0.103	1.58959	0	1.58106	-350.104	0	-348.19	0	0	-3.30597	
80.5	0.337	0.103	-1.58933	0	-1.58132	350.06	0	348.332	0	0	-3.30597	
80.51	0.337	0.103	1.58959	0	1.58106	-350.104	0	-348.19	0	0	-3.30597	
80.52	0.337	0.103	-1.58933	0	-1.58132	350.06	0	348.332	0	0	-3.30597	
80.53	0.337	0.103	1.58959	0	1.58106	-350.104	0	-348.19	0	0	-3.30597	
80.54	0.337	0.103	-1.58933	0	-1.58132	350.06	0	348.332	0	0	-3.30597	
80.55	0.337	0.103	1.58959	0	1.58106	-350.104	0	-348.19	0	0	-3.30597	
80.56	0.337	0.103	-1.58933	0	-1.58132	350.06	0	348.332	0	0	-3.30597	
80.57	0.337	0.103	1.58959	0	1.58106	-350.104	0	-348.19	0	0	-3.30597	
80.58	0.337	0.103	-1.58933	0	-1.58132	350.06	0	348.332	0	0	-3.30597	
80.59	0.337	0.103	1.58959	0	1.58106	-350.104	0	-348.19	0	0	-3.30597	
80.6	0.337	0.103	-1.58933	0	-1.58132	350.06	0	348.332	0	0	-3.30597	
80.61	0.337	0.103	1.58959	0	1.58106	-350.104	0	-348.19	0	0	-3.30597	
80.62	0.337	0.103	-1.58933	0	-1.58132	350.06	0	348.332	0	0	-3.30597	
80.63	0.337	0.103	1.58959	0	1.58106	-350.104	0	-348.19	0	0	-3.30597	
80.64	0.337	0.103	-1.58933	0	-1.58132	350.06	0	348.332	0	0	-3.30597	
80.65	0.337	0.103	1.58959	0	1.58106	-350.104	0	-348.19	0	0	-3.30597	
80.66	0.337	0.103	-1.58933	0	-1.58132	350.06	0	348.332	0	0	-3.30597	
80.67	0.337	0.103	1.58959	0	1.58106	-350.104	0	-348.19	0	0	-3.30597	
80.68	0.337	0.103	-1.58933	0	-1.58132	350.06	0	348.332	0	0	-3.30597	
80.69	0.337	0.103	1.58959	0	1.58106	-350.104	0	-348.19	0	0	-3.30597	
80.7	0.337	0.103	-1.58933	0	-1.58132	350.06	0	348.332	0	0	-3.30597	
80.71	0.337	0.103	1.58959	0	1.58106	-350.104	0	-348.19	0	0	-3.30597	
80.72	0.337	0.103	-1.58933	0	-1.58132	350.06	0	348.332	0	0	-3.30597	
80.73	0.337	0.103	1.58959	0	1.58106	-350.104	0	-348.19	0	0	-3.30597	
80.74	0.337	0.103	-1.58933	0	-1.58132	350.06	0	348.332	0	0	-3.30597	
80.75	0.337	0.103	1.58959	0	1.58106	-350.104	0	-348.19	0	0	-3.30597	
80.76	0.337	0.103	-1.58933	0	-1.58132	350.06	0	348.332	0	0	-3.30597	
80.77	0.337	0.103	1.58959	0	1.58106	-350.104	0	-348.19	0	0	-3.30597	
80.78	0.337	0.103	-1.58933	0	-1.58132	350.06	0	348.332	0	0	-3.30597	
80.79	0.337	0.103	1.58959	0	1.58106	-350.104	0	-348.19	0	0	-3.30597	
80.8	0.337	0.103	-1.58933	0	-1.58132	350.06	0	348.332	0	0	-3.30597	
80.81	0.337	0.103	1.58959	0	1.58106	-350.104	0	-348.19	0	0	-3.30597	
80.82	0.337	0.103	-1.58933	0	-1.58132	350.06	0	348.332	0	0	-3.30597	
80.83	0.337	0.103	1.58959	0	1.58106	-350.104	0	-348.19	0	0	-3.30597	
80.84	0.337	0.103	-1.58933	0	-1.58132	350.06	0	348.332	0	0	-3.30597	
80.85	0.337	0.103	1.58959	0	1.58106	-350.104	0	-348.19	0	0	-3.30597	
80.86	0.337	0.103	-1.58933	0	-1.58132	350.06	0	348.332	0	0	-3.30597	
80.87	0.337	0.103	1.58959	0	1.58106	-350.104	0	-348.19	0	0	-3.30597	
80.88	0.337	0.103	-1.58933	0	-1.58132	350.06	0	348.332	0	0	-3.30597	
80.89	0.337	0.103	1.58959	0	1.58106	-350.104	0	-348.19	0	0	-3.30597	
80.9	0.337	0.103	-1.58933	0	-1.58132	350.06	0	348.332	0	0	-3.30597	
80.91	0.337	0.103	1.58959	0	1.58106	-350.104	0	-348.19	0	0	-3.30597	
80.92	0.337	0.103	-1.58933	0	-1.58132	350.06	0	348.332	0	0	-3.30597	
80.93	0.337	0.103	1.58959	0	1.58106	-350.104	0	-348.19	0	0	-3.30597	
80.94	0.337	0.103	-1.58933	0	-1.58132	350.06	0	348.332	0	0	-3.30597	
80.95	0.337	0.103	1.58959	0	1.58106	-350.104	0	-348.19	0	0	-3.30597	
80.96	0.337	0.103	-1.58933	0	-1.58132	350.06	0	348.332	0	0	-3.30597	
80.97	0.337	0.103	1.58959	0	1.58106	-350.104	0	-348.19	0	0	-3.30597	
80.98	0.337	0.103	-1.58933	0	-1.58132	350.06	0	348.332	0	0	-3.30597	
80.99	0.337	0.103	1.58959	0	1.58106	-350.104	0	-348.19	0	0	-3.30597	
81	0.337	0.103	-1.58933	0	-1.58132	350.06	0	348.332	0	0	-3.30597	
81.01	0.337	0.103	1.58959	0	1.58106	-350.104	0	-348.19	0	0	-3.30597	
81.02	0.337	0.103	-1.58933	0	-1.58132	350.06	0	348.332	0	0	-3.30597	
81.03	0.337	0.103	1.58959	0	1.58106	-350.104	0	-348.19	0	0	-3.30597	
81.04	0.337	0.103	-1.58933	0	-1.58132	350.06	0	348.332	0	0	-3.30597	
81.05	0.337	0.103	1.58959	0	1.58106	-350.104	0	-348.19	0	0	-3.30597	
81.06	0.337	0.103	-1.58933	0	-1.58132	350.06	0	348.332	0	0	-3.30597	
81.07	0.337	0.103	1.58959	0	1.58106	-350.104	0	-348.19	0	0	-3.30597	
81.08	0.337	0.103	-1.58933	0	-1.58132	350.06	0	348.332	0	0	-3.30597	
81.09	0.337	0.103	1.58959	0	1.58106	-350.104	0	-348.19	0	0	-3.30597	
81.1	0.337	0.103	-1.58933	0	-1.58132	350.06	0	348.332	0	0	-3.30597	
81.11	0.337	0.103	1.58959	0	1.58106	-350.104	0	-348.19	0	0	-3.30597	
81.12	0.337	0.103	-1.58933	0	-1.58132	350.06	0	348.332	0	0	-3.30597	
81.13	0.337	0.103	1.58959	0	1.58106	-350.104	0	-348.19	0	0	-3.30597	
81.14	0.337	0.103	-1.58933	0	-1.58132	350.06	0	348.332	0	0	-3.30597	
81.15	0.337	0.103	1.58959	0	1.58106	-350.104	0	-348.19	0	0	-3.30597	
81.16	0.337	0.103	-1.58933	0	-1.58132	350.06	0	348.332	0	0	-3.30597	
81.17	0.337	0.103	1.58959	0	1.58106	-350.104	0	-348.19	0	0	-3.30597	
81.18	0.337	0.103	-1.58933	0	-1.58132	350.06	0	348.332	0	0	-3.30597	
81.19	0.337	0.103	1.58959	0	1.58106	-350.104	0	-348.19	0	0	-3.30597	
81.2	0.337	0.103	-1.58933	0	-1.58132	350.06	0	348.332	0	0	-3.30597	
81.21	0.337	0.103	1.58959	0	1.58106	-350.104	0	-348.19	0	0	-3.30597	
81.22	0.337	0.103	-1.58933	0	-1.58132	350.06	0	348.332	0	0	-3.30597	
81.23	0.337	0.103	1.58959	0	1.58106	-350.104	0	-348.19	0	0	-3.30597	
81.24	0.337	0.103	-1.58933	0	-1.58132	350.06	0	348.332	0	0	-3.30597	
81.25	0.337	0.103	1.58959	0	1.58106	-350.104	0	-348.19	0	0	-3.30597	
81.26	0.337	0.103	-1.58933	0	-1.58132	350.06	0	348.332	0	0	-3.30597	
81.27	0.337	0.103	1.58959	0	1.58106	-350.104	0	-348.19	0	0	-3.30597	
81.28	0.337	0.103	-1.58933	0	-1.58132	350.06	0	348.332	0	0	-3.30597	
81.29	0.337	0.103	1.58959	0	1.58106	-350.104	0	-348.19	0	0	-3.30597	
81.3	0.337	0.103	-1.58933	0	-1.58132	350.06	0	348.332	0	0	-3.30597	
81.31	0.337	0.103	1.58959	0	1.58106	-350.104	0	-348.19	0	0	-3.30597	
81.32	0.337	0.103	-1.58933	0	-1.58132	350.06	0	348.332	0	0	-3.30597	
81.33	0.337	0.103	1.58959	0	1.58106	-350.104	0	-348.19	0	0	-3.30597	
81.34	0.337	0.103	-1.58933	0	-1.58132	350.06	0	348.332	0	0	-3.30597	
81.35	0.337	0.103	1.58959	0	1.58106	-350.104	0	-348.19	0	0	-3.30597	
81.36	0.337	0.103	-1.58933	0	-1.58132	350.06	0	348.332	0	0	-3.30597	
81.37	0.337	0.103	1.58959	0	1.58106	-350.104	0	-348.19	0	0	-3.30597	
81.38	0.337	0.103	-1.58933	0	-1.58132	350.06	0	348.332	0	0	-3.30597	
81.39	0.337	0.103	1.58959	0	1.58106	-350.104	0	-348.19	0	0	-3.30597	
81.4	0.337	0.103	-1.58933	0	-1.58132	350.06	0	348.332	0	0	-3.30597	
81.41	0.337	0.103	1.58959	0	1.58106	-350.104	0	-348.19	0	0	-3.30597	
81.42	0.337	0.103	-1.58933	0	-1.58132	350.06	0	348.332	0	0	-3.30597	
81.43	0.337	0.103	1.58959	0	1.58106	-350.104	0	-348.19	0	0	-3.30597	
81.44	0.337	0.103	-1.58933	0	-1.58132	350.06	0	348.332	0	0	-3.30597	
81.45	0.337	0.103	1.58959	0	1.58106	-350.104	0	-348.19	0	0	-3.30597	
81.46	0.337	0.103	-1.58933	0	-1.58132	350.06	0	348.332	0	0	-3.30597	
81.47	0.337	0.103	1.58959	0	1.58106	-350.104	0	-348.19	0	0	-3.30597	
81.48	0.337	0.103	-1.58933	0	-1.58132	350.06	0	348.332	0	0	-3.30597	
81.49	0.337	0.103	1.58959	0	1.58106	-350.104	0	-348.19	0	0	-3.30597	
81.5	0.337	0.103	-1.58933	0	-1.58132	350.06	0	348.332	0	0	-3.30597	
81.51	0.337	0.103	1.58959	0	1.58106	-350.104	0	-348.19	0	0	-3.30597	
81.52	0.337	0.103	-1.58933	0	-1.58132	350.06	0	348.332	0	0	-3.30597	
81.53	0.337	0.103	1.58959	0	1.58106	-350.104	0	-348.19	0	0	-3.30597	
81.54	0.337	0.103	-1.58933	0	-1.58132	350.06	0	348.332	0	0	-3.30597	
81.55	0.337	0.103	1.58959	0	1.58106	-350.104	0	-348.19	0	0	-3.30597	
81.56	0.337	0.103	-1.58933	0	-1.58132	350.06	0	348.332	0	0	-3.30597	
81.57	0.337	0.103	1.58959	0	1.58106	-350.104	0	-348.19	0	0	-3.30597	
81.58	0.337	0.103	-1.58933	0	-1.58132	350.06	0	348.332	0	0	-3.30597	
81.59	0.337	0.103	1.58959	0	1.58106	-350.104	0	-348.19	0	0	-3.30597	
81.6	0.337	0.103	-1.58933	0	-1.58132	350.06	0	348.332	0	0	-3.30597	
81.61	0.337	0.103	1.58959	0	1.58106	-350.104	0	-348.19	0	0	-3.30597	
81.62	0.337	0.103	-1.58933	0	-1.58132	350.06	0	348.332	0	0	-3.30597	
81.63	0.337	0.103	1.58959	0	1.58106	-350.104	0	-348.19	0	0	-3.30597	
81.64	0.337	0.103	-1.58933	0	-1.58132	350.06	0	348.332	0	0	-3.30597	
81.65	0.337	0.103	1.58959	0	1.58106	-350.104	0	-348.19	0	0	-3.30597	
81.66	0.337	0.103	-1.58933	0	-1.58132	350.06	0	348.332	0	0	-3.30597	
81.67	0.337	0.103	1.58959	0	1.58106	-350.104	0	-348.19	0	0	-3.30597	
81.68	0.337	0.103	-1.58933	0	-1.58132	350.06	0	348.332	0	0	-3.30597	
81.69	0.337	0.103	1.58959	0	1.58106	-350.104	0	-348.19	0	0	-3.30597	
81.7	0.337	0.103	-1.58933	0	-1.58132	350.06	0	348.332	0	0	-3.30597	
81.71	0.337	0.103	1.58959	0	1.58106	-350.104	0	-348.19	0	0	-3.30597	
81.72	0.337	0.103	-1.58933	0	-1.58132	350.06	0	348.332	0	0	-3.30597	
81.73	0.337	0.103	1.58959	0	1.58106	-350.104	0	-348.19	0	0	-3.30597	
81.74	0.337	0.103	-1.58933	0	-1.58132	350.06	0	348.332	0	0	-3.30597	
81.75	0.337	0.103	1.58959	0	1.58106	-350.104	0	-348.19	0	0	-3.30597	
81.76	0.337	0.103	-1.58933	0	-1.58132	350.06	0	348.332	0	0	-3.30597	
81.77	0.337	0.103	1.58959	0	1.58106	-350.104	0	-348.19	0	0	-3.30597	
81.78	0.337	0.103	-1.58933	0	-1.58132	350.06	0	348.332	0	0	-3.30597	
81.79	0.337	0.103	1.58959	0	1.58106	-350.104	0	-348.19	0	0	-3.30597	
81.8	0.337	0.103	-1.58933	0	-1.58132	350.06	0	348.332	0	0	-3.30597	
81.81	0.337	0.103	1.58959	0	1.58106	-350.104	0	-348.19	0	0	-3.30597	
81.82	0.337	0.103	-1.58933	0	-1.58132	350.06	0	348.332	0	0	-3.30597	
81.83	0.337	0.103	1.58959	0	1.58106	-350.104	0	-348.19	0	0	-3.30597	
81.84	0.337	0.103	-1.58933	0	-1.58132	350.06	0	348.332	0	0	-3.30597	
81.85	0.337	0.103	1.58959	0	1.58106	-350.104	0	-348.19	0	0	-3.30597	
81.86	0.337	0.103	-1.58933	0	-1.58132	350.06	0	348.332	0	0	-3.30597	
81.87	0.337	0.103	1.58959	0	1.58106	-350.104	0	-348.19	0	0	-3.30597	
81.88	0.337	0.103	-1.58933	0	-1.58132	350.06	0	348.332	0	0	-3.30597	
81.89	0.337	0.103	1.58959	0	1.58106	-350.104	0	-348.19	0	0	-3.30597	
81.9	0.337	0.103	-1.58933	0	-1.58132	350.06	0	348.332	0	0	-3.30597	
81.91	0.337	0.103	1.58959	0	1.58106	-350.104	0	-348.19	0	0	-3.30597	
81.92	0.337	0.103	-1.58933	0	-1.58132	350.06	0	348.332	0	0	-3.30597	
81.93	0.337	0.103	1.58959	0	1.58106	-350.104	0	-348.19	0	0	-3.30597	
81.94	0.337	0.103	-1.58933	0	-1.58132	350.06	0	348.332	0	0	-3.30597	
81.95	0.337	0.103	1.58959	0	1.58106	-350.104	0	-348.19	0	0	-3.30597	
81.96	0.337	0.103	-1.58933	0	-1.58132	350.06	0	348.332	0	0	-3.30597	
81.97	0.337	0.103	1.58959	0	1.58106	-350.104	0	-348.19	0	0	-3.30597	
81.98	0.337	0.103	-1.58933	0	-1.58132	350.06	0	348.332	0	0	-3.30597	
81.99	0.337	0.103	1.58959	0	1.58106	-350.104	0	-348.19	0	0	-3.30597	
82	0.337	0.103	-1.58933	0	-1.58132	350.06	0	348.332	0	0	-3.30597	
82.01	0.337	0.103	1.58959	0	1.58106	-350.104	0	-348.19	0	0	-3.30597	
82.02	0.337	0.103	-1.58933	0	-1.58132	350.06	0	348.332	0	0	-3.30597	
82.03	0.337	0.103	1.58959	0	1.58106	-350.104	0	-348.19	0	0	-3.30597	
82.04	0.337	0.103	-1.58933	0	-1.58132	350.06	0	348.332	0	0	-3.30597	
82.05	0.337	0.103	1.58959	0	1.58106	-350.104	0	-348.19	0	0	-3.30597	
82.06	0.337	0.103	-1.58933	0	-1.58132	350.06	0	348.332	0	0	-3.30597	
82.07	0.337	0.103	1.58959	0	1.58106	-350.104	0	-348.19	0	0	-3.30597	
82.08	0.337	0.103	-1.58933	0	-1.58132	350.06	0	348.332	0	0	-3.30597	
82.09	0.337	0.103	1.58959	0	1.58106	-350.104	0	-348.19	0	0	-3.30597	
82.1	0.337	0.103	-1.58933	0	-1.58132	350.06	0	348.332	0	0	-3.30597	
82.11	0.337	0.103	1.58959	0	1.58106	-350.104	0	-348.19	0	0	-3.30597	
82.12	0.337	0.103	-1.58933	0	-1.58132	350.06	0	348.332	0	0	-3.30597	
82.13	0.337	0.103	1.58959	0	1.58106	-350.104	0	-348.19	0	0	-3.30597	
82.14	0.337	0.103	-1.58933	0	-1.58132	350.06	0	348.332	0	0	-3.30597	
82.15	0.337	0.103	1.58959	0	1.58106	-350.104	0	-348.19	0	0	-3.30597	
82.16	0.337	0.103	-1.58933	0	-1.58132	350.06	0	348.332	0	0	-3.30597	
82.17	0.337	0.103	1.58959	0	1.58106	-350.104	0	-348.19	0	0	-3.30597	
82.18	0.337	0.103	-1.58933	0	-1.58132	350.06	0	348.332	0	0	-3.30597	
82.19	0.337	0.103	1.58959	0	1.58106	-350.104	0	-348.19	0	0	-3.30597	
82.2	0.337	0.103	-1.58933	0	-1.58132	350.06	0	348.332	0	0	-3.30597	
82.21	0.337	0.103	1.58959	0	1.58106	-350.104	0	-348.19	0	0	-3.30597	
82.22	0.337	0.103	-1.58933	0	-1.58132	350.06	0	348.332	0	0	-3.30597	
82.23	0.337	0.103	1.58959	0	1.58106	-350.104	0	-348.19	0	0	-3.30597	
82.24	0.337	0.103	-1.58933	0	-1.58132	350.06	0	348.332	0	0	-3.30597	
82.25	0.337	0.103	1.58959	0	1.58106	-350.104	0	-348.19	0	0	-3.30597	
82.26	0.337	0.103	-1.58933	0	-1.58132	350.06	0	348.332	0	0	-3.30597	
82.27	0.337	0.103	1.58959	0	1.58106	-350.104	0	-348.19	0	0	-3.30597	
82.28	0.337	0.103	-1.58933	0	-1.58132	350.06	0	348.332	0	0	-3.30597	
82.29	0.337	0.103	1.58959	0	1.58106	-350.103	0	-348.19	0	0	-3.30597	
82.3	0.337	0.103	-1.58933	0	-1.58132	350.06	0	348.332	0	0	-3.30597	
82.31	0.337	0.103	1.58959	0	1.58106	-350.103	0	-348.19	0	0	-3.30597	
82.32	0.337	0.103	-1.58933	0	-1.58132	350.06	0	348.332	0	0	-3.30597	
82.33	0.337	0.103	1.58959	0	1.58106	-350.103	0	-348.19	0	0	-3.30597	
82.34	0.337	0.103	-1.58933	0	-1.58132	350.06	0	348.332	0	0	-3.30597	
82.35	0.337	0.103	1.58959	0	1.58106	-350.103	0	-348.19	0	0	-3.30597	
82.36	0.337	0.103	-1.58933	0	-1.58132	350.06	0	348.332	0	0	-3.30597	
82.37	0.337	0.103	1.58959	0	1.58106	-350.103	0	-348.19	0	0	-3.30597	
82.38	0.337	0.103	-1.58933	0	-1.58132	350.06	0	348.332	0	0	-3.30597	
82.39	0.337	0.103	1.58959	0	1.58106	-350.103	0	-348.19	0	0	-3.30597	
82.4	0.337	0.103	-1.58933	0	-1.58132	350.06	0	348.332	0	0	-3.30597	
82.41	0.337	0.103	1.58959	0	1.58106	-350.103	0	-348.19	0	0	-3.30597	
82.42	0.337	0.103	-1.58933	0	-1.58132	350.06	0	348.332	0	0	-3.30597	
82.43	0.337	0.103	1.58959	0	1.58106	-350.103	0	-348.19	0	0	-3.30597	
82.44	0.337	0.103	-1.58933	0	-1.58132	350.06	0	348.332	0	0	-3.30597	
82.45	0.337	0.103	1.58959	0	1.58106	-350.103	0	-348.19	0	0	-3.30597	
82.46	0.337	0.103	-1.58933	0	-1.58132	350.06	0	348.332	0	0	-3.30597	
82.47	0.337	0.103	1.58959	0	1.58106	-350.103	0	-348.19	0	0	-3.30597	
82.48	0.337	0.103	-1.58933	0	-1.58132	350.06	0	348.332	0	0	-3.30597	
82.49	0.337	0.103	1.58959	0	1.58106	-350.103	0	-348.19	0	0	-3.30597	
82.5	0.337	0.103	-1.58933	0	-1.58132	350.06	0	348.332	0	0	-3.30597	
82.51	0.337	0.103	1.58959	0	1.58106	-350.103	0	-348.189	0	0	-3.30597	
82.52	0.337	0.103	-1.58933	0	-1.58132	350.06	0	348.332	0	0	-3.30597	
82.53	0.337	0.103	1.58959	0	1.58106	-350.103	0	-348.189	0	0	-3.30597	
82.54	0.337	0.103	-1.58933	0	-1.58132	350.06	0	348.332	0	0	-3.30597	
82.55	0.337	0.103	1.58959	0	1.58106	-350.103	0	-348.189	0	0	-3.30597	
82.56	0.337	0.103	-1.58933	0	-1.58132	350.06	0	348.332	0	0	-3.30597	
82.57	0.337	0.103	1.58959	0	1.58106	-350.103	0	-348.189	0	0	-3.30597	
82.58	0.337	0.103	-1.58933	0	-1.58132	350.06	0	348.332	0	0	-3.30597	
82.59	0.337	0.103	1.58959	0	1.58106	-350.103	0	-348.189	0	0	-3.30597	
82.6	0.337	0.103	-1.58933	0	-1.58132	350.06	0	348.332	0	0	-3.30597	
82.61	0.337	0.103	1.58959	0	1.58106	-350.103	0	-348.189	0	0	-3.30597	
82.62	0.337	0.103	-1.58933	0	-1.58132	350.06	0	348.332	0	0	-3.30597	
82.63	0.337	0.103	1.58959	0	1.58106	-350.103	0	-348.189	0	0	-3.30597	
82.64	0.337	0.103	-1.58933	0	-1.58132	350.06	0	348.332	0	0	-3.30597	
82.65	0.337	0.103	1.58959	0	1.58106	-350.103	0	-348.189	0	0	-3.30597	
82.66	0.337	0.103	-1.58933	0	-1.58132	350.06	0	348.332	0	0	-3.30597	
82.67	0.337	0.103	1.58959	0	1.58106	-350.103	0	-348.189	0	0	-3.30597	
82.68	0.337	0.103	-1.58933	0	-1.58132	350.06	0	348.332	0	0	-3.30597	
82.69	0.337	0.103	1.58959	0	1.58106	-350.103	0	-348.189	0	0	-3.30597	
82.7	0.337	0.103	-1.58933	0	-1.58132	350.06	0	348.332	0	0	-3.30597	
82.71	0.337	0.103	1.58959	0	1.58106	-350.103	0	-348.189	0	0	-3.30597	
82.72	0.337	0.103	-1.58933	0	-1.58132	350.06	0	348.332	0	0	-3.30597	
82.73	0.337	0.103	1.58959	0	1.58106	-350.103	0	-348.189	0	0	-3.30597	
82.74	0.337	0.103	-1.58933	0	-1.58132	350.06	0	348.332	0	0	-3.30597	
82.75	0.337	0.103	1.58959	0	1.58106	-350.103	0	-348.189	0	0	-3.30597	
82.76	0.337	0.103	-1.58933	0	-1.58132	350.06	0	348.332	0	0	-3.30597	
82.77	0.337	0.103	1.58959	0	1.58106	-350.103	0	-348.189	0	0	-3.30597	
82.78	0.337	0.103	-1.58933	0	-1.58132	350.059	0	348.332	0	0	-3.30597	
82.79	0.337	0.103	1.58959	0	1.58106	-350.103	0	-348.189	0	0	-3.30597	
82.8	0.337	0.103	-1.58933	0	-1.58132	350.059	0	348.332	0	0	-3.30597	
82.81	0.337	0.103	1.58959	0	1.58106	-350.103	0	-348.189	0	0	-3.30597	
82.82	0.337	0.103	-1.58933	0	-1.58132	350.059	0	348.332	0	0	-3.30597	
82.83	0.337	0.103	1.58959	0	1.58106	-350.103	0	-348.189	0	0	-3.30597	
82.84	0.337	0.103	-1.58933	0	-1.58132	350.059	0	348.332	0	0	-3.30597	
82.85	0.337	0.103	1.58959	0	1.58106	-350.103	0	-348.189	0	0	-3.30597	
82.86	0.337	0.103	-1.58933	0	-1.58132	350.059	0	348.332	0	0	-3.30597	
82.87	0.337	0.103	1.58959	0	1.58106	-350.103	0	-348.189	0	0	-3.30597	
82.88	0.337	0.103	-1.58933	0	-1.58132	350.059	0	348.332	0	0	-3.30597	
82.89	0.337	0.103	1.58959	0	1.58106	-350.103	0	-348.189	0	0	-3.30597	
82.9	0.337	0.103	-1.58933	0	-1.58132	350.059	0	348.332	0	0	-3.30597	
82.91	0.337	0.103	1.58959	0	1.58106	-350.103	0	-348.189	0	0	-3.30597	
82.92	0.337	0.103	-1.58933	0	-1.58132	350.059	0	348.332	0	0	-3.30597	
82.93	0.337	0.103	1.58959	0	1.58106	-350.103	0	-348.189	0	0	-3.30597	
82.94	0.337	0.103	-1.58933	0	-1.58132	350.059	0	348.332	0	0	-3.30597	
82.95	0.337	0.103	1.58959	0	1.58106	-350.103	0	-348.189	0	0	-3.30597	
82.96	0.337	0.103	-1.58933	0	-1.58132	350.059	0	348.331	0	0	-3.30597	
82.97	0.337	0.103	1.58959	0	1.58106	-350.103	0	-348.189	0	0	-3.30597	
82.98	0.337	0.103	-1.58933	0	-1.58132	350.059	0	348.331	0	0	-3.30597	
82.99	0.337	0.103	1.58959	0	1.58106	-350.103	0	-348.189	0	0	-3.30597	
83	0.337	0.103	-1.58933	0	-1.58132	350.059	0	348.331	0	0	-3.30597	
83.01	0.337	0.103	1.58959	0	1.58106	-350.103	0	-348.189	0	0	-3.30597	
83.02	0.337	0.103	-1.58933	0	-1.58132	350.059	0	348.331	0	0	-3.30597	
83.03	0.337	0.103	1.58959	0	1.58106	-350.103	0	-348.189	0	0	-3.30597	
83.04	0.337	0.103	-1.58933	0	-1.58132	350.059	0	348.331	0	0	-3.30597	
83.05	0.337	0.103	1.58959	0	1.58106	-350.103	0	-348.189	0	0	-3.30597	
83.06	0.337	0.103	-1.58933	0	-1.58132	350.059	0	348.331	0	0	-3.30597	
83.07	0.337	0.103	1.58959	0	1.58106	-350.103	0	-348.189	0	0	-3.30597	
83.08	0.337	0.103	-1.58933	0	-1.58132	350.059	0	348.331	0	0	-3.30597	
83.09	0.337	0.103	1.58959	0	1.58106	-350.103	0	-348.189	0	0	-3.30597	
83.1	0.337	0.103	-1.58933	0	-1.58132	350.059	0	348.331	0	0	-3.30597	
83.11	0.337	0.103	1.58959	0	1.58106	-350.103	0	-348.189	0	0	-3.30597	
83.12	0.337	0.103	-1.58933	0	-1.58132	350.059	0	348.331	0	0	-3.30597	
83.13	0.337	0.103	1.58959	0	1.58106	-350.103	0	-348.189	0	0	-3.30597	
83.14	0.337	0.103	-1.58933	0	-1.58132	350.059	0	348.331	0	0	-3.30597	
83.15	0.337	0.103	1.58959	0	1.58106	-350.103	0	-348.189	0	0	-3.30597	
83.16	0.337	0.103	-1.58933	0	-1.58132	350.059	0	348.331	0	0	-3.30597	
83.17	0.337	0.103	1.58959	0	1.58106	-350.103	0	-348.189	0	0	-3.30597	
83.18	0.337	0.103	-1.58933	0	-1.58132	350.059	0	348.331	0	0	-3.30597	
83.19	0.337	0.103	1.58959	0	1.58106	-350.103	0	-348.189	0	0	-3.30597	
83.2	0.337	0.103	-1.58933	0	-1.58132	350.059	0	348.331	0	0	-3.30597	
83.21	0.337	0.103	1.58959	0	1.58106	-350.103	0	-348.189	0	0	-3.30597	
83.22	0.337	0.103	-1.58933	0	-1.58132	350.059	0	348.331	0	0	-3.30597	
83.23	0.337	0.103	1.58959	0	1.58106	-350.103	0	-348.189	0	0	-3.30597	
83.24	0.337	0.103	-1.58933	0	-1.58132	350.059	0	348.331	0	0	-3.30597	
83.25	0.337	0.103	1.58959	0	1.58106	-350.103	0	-348.189	0	0	-3.30597	
83.26	0.337	0.103	-1.58933	0	-1.58132	350.059	0	348.331	0	0	-3.30597	
83.27	0.337	0.103	1.58959	0	1.58106	-350.103	0	-348.189	0	0	-3.30597	
83.28	0.337	0.103	-1.58933	0	-1.58132	350.059	0	348.331	0	0	-3.30597	
83.29	0.337	0.103	1.58959	0	1.58106	-350.103	0	-348.189	0	0	-3.30597	
83.3	0.337	0.103	-1.58933	0	-1.58132	350.059	0	348.331	0	0	-3.30597	
83.31	0.337	0.103	1.58959	0	1.58106	-350.103	0	-348.189	0	0	-3.30597	
83.32	0.337	0.103	-1.58933	0	-1.58132	350.059	0	348.331	0	0	-3.30597	
83.33	0.337	0.103	1.58959	0	1.58106	-350.103	0	-348.189	0	0	-3.30597	
83.34	0.337	0.103	-1.58933	0	-1.58132	350.059	0	348.331	0	0	-3.30597	
83.35	0.337	0.103	1.58959	0	1.58106	-350.103	0	-348.189	0	0	-3.30597	
83.36	0.337	0.103	-1.58933	0	-1.58132	350.059	0	348.331	0	0	-3.30597	
83.37	0.337	0.103	1.58959	0	1.58106	-350.103	0	-348.189	0	0	-3.30597	
83.38	0.337	0.103	-1.58933	0	-1.58132	350.059	0	348.331	0	0	-3.30597	
83.39	0.337	0.103	1.58959	0	1.58106	-350.103	0	-348.189	0	0	-3.30597	
83.4	0.337	0.103	-1.58933	0	-1.58132	350.059	0	348.331	0	0	-3.30597	
83.41	0.337	0.103	1.58959	0	1.58106	-350.103	0	-348.189	0	0	-3.30597	
83.42	0.337	0.103	-1.58933	0	-1.58132	350.059	0	348.331	0	0	-3.30597	
83.43	0.337	0.103	1.58959	0	1.58106	-350.103	0	-348.189	0	0	-3.30597	
83.44	0.337	0.103	-1.58933	0	-1.58132	350.059	0	348.331	0	0	-3.30597	
83.45	0.337	0.103	1.58959	0	1.58106	-350.103	0	-348.189	0	0	-3.30597	
83.46	0.337	0.103	-1.58933	0	-1.58132	350.059	0	348.331	0	0	-3.30597	
83.47	0.337	0.103	1.58959	0	1.58106	-350.103	0	-348.189	0	0	-3.30597	
83.48	0.337	0.103	-1.58933	0	-1.58132	350.059	0	348.331	0	0	-3.30597	
83.49	0.337	0.103	1.58959	0	1.58106	-350.103	0	-348.189	0	0	-3.30597	
83.5	0.337	0.103	-1.58933	0	-1.58132	350.059	0	348.331	0	0	-3.30597	
83.51	0.337	0.103	1.58959	0	1.58106	-350.103	0	-348.189	0	0	-3.30597	
83.52	0.337	0.103	-1.58933	0	-1.58132	350.059	0	348.331	0	0	-3.30597	
83.53	0.337	0.103	1.58959	0	1.58106	-350.103	0	-348.189	0	0	-3.30597	
83.54	0.337	0.103	-1.58933	0	-1.58132	350.059	0	348.331	0	0	-3.30597	
83.55	0.337	0.103	1.58959	0	1.58106	-350.103	0	-348.189	0	0	-3.30597	
83.56	0.337	0.103	-1.58933	0	-1.58132	350.059	0	348.331	0	0	-3.30597	
83.57	0.337	0.103	1.58959	0	1.58106	-350.103	0	-348.189	0	0	-3.30597	
83.58	0.337	0.103	-1.58933	0	-1.58132	350.059	0	348.331	0	0	-3.30597	
83.59	0.337	0.103	1.58959	0	1.58106	-350.103	0	-348.189	0	0	-3.30597	
83.6	0.337	0.103	-1.58933	0	-1.58132	350.059	0	348.331	0	0	-3.30597	
83.61	0.337	0.103	1.58959	0	1.58106	-350.103	0	-348.189	0	0	-3.30597	
83.62	0.337	0.103	-1.58933	0	-1.58132	350.059	0	348.331	0	0	-3.30597	
83.63	0.337	0.103	1.58959	0	1.58106	-350.103	0	-348.189	0	0	-3.30597	
83.64	0.337	0.103	-1.58933	0	-1.58132	350.059	0	348.331	0	0	-3.30597	
83.65	0.337	0.103	1.58959	0	1.58106	-350.103	0	-348.189	0	0	-3.30597	
83.66	0.337	0.103	-1.58933	0	-1.58132	350.059	0	348.331	0	0	-3.30597	
83.67	0.337	0.103	1.58959	0	1.58106	-350.103	0	-348.189	0	0	-3.30597	
83.68	0.337	0.103	-1.58933	0	-1.58132	350.059	0	348.331	0	0	-3.30597	
83.69	0.337	0.103	1.58959	0	1.58106	-350.103	0	-348.189	0	0	-3.30597	
83.7	0.337	0.103	-1.58933	0	-1.58132	350.059	0	348.331	0	0	-3.30597	
83.71	0.337	0.103	1.58959	0	1.58106	-350.103	0	-348.189	0	0	-3.30597	
83.72	0.337	0.103	-1.58933	0	-1.58132	350.059	0	348.331	0	0	-3.30597	
83.73	0.337	0.103	1.58959	0	1.58106	-350.103	0	-348.189	0	0	-3.30597	
83.74	0.337	0.103	-1.58933	0	-1.58132	350.059	0	348.331	0	0	-3.30597	
83.75	0.337	0.103	1.58959	0	1.58106	-350.103	0	-348.189	0	0	-3.30597	
83.76	0.337	0.103	-1.58933	0	-1.58132	350.059	0	348.331	0	0	-3.30597	
83.77	0.337	0.103	1.58959	0	1.58106	-350.103	0	-348.189	0	0	-3.30597	
83.78	0.337	0.103	-1.58933	0	-1.58132	350.059	0	348.331	0	0	-3.30597	
83.79	0.337	0.103	1.58959	0	1.58106	-350.103	0	-348.189	0	0	-3.30597	
83.8	0.337	0.103	-1.58933	0	-1.58132	350.059	0	348.331	0	0	-3.30597	
83.81	0.337	0.103	1.58959	0	1.58106	-350.103	0	-348.189	0	0	-3.30597	
83.82	0.337	0.103	-1.58933	0	-1.58132	350.059	0	348.331	0	0	-3.30597	
83.83	0.337	0.103	1.58959	0	1.58106	-350.103	0	-348.189	0	0	-3.30597	
83.84	0.337	0.103	-1.58933	0	-1.58132	350.059	0	348.331	0	0	-3.30597	
83.85	0.337	0.103	1.58959	0	1.58106	-350.103	0	-348.189	0	0	-3.30597	
83.86	0.337	0.103	-1.58933	0	-1.58132	350.059	0	348.331	0	0	-3.30597	
83.87	0.337	0.103	1.58959	0	1.58106	-350.103	0	-348.189	0	0	-3.30597	
83.88	0.337	0.103	-1.58933	0	-1.58132	350.059	0	348.331	0	0	-3.30597	
83.89	0.337	0.103	1.58959	0	1.58106	-350.103	0	-348.189	0	0	-3.30597	
83.9	0.337	0.103	-1.58933	0	-1.58132	350.059	0	348.331	0	0	-3.30597	
83.91	0.337	0.103	1.58959	0	1.58106	-350.103	0	-348.189	0	0	-3.30597	
83.92	0.337	0.103	-1.58933	0	-1.58132	350.059	0	348.331	0	0	-3.30597	
83.93	0.337	0.103	1.58959	0	1.58106	-350.103	0	-348.189	0	0	-3.30597	
83.94	0.337	0.103	-1.58933	0	-1.58132	350.059	0	348.331	0	0	-3.30597	
83.95	0.337	0.103	1.58959	0	1.58106	-350.103	0	-348.189	0	0	-3.30597	
83.96	0.337	0.103	-1.58933	0	-1.58132	350.059	0	348.331	0	0	-3.30597	
83.97	0.337	0.103	1.58959	0	1.58106	-350.103	0	-348.189	0	0	-3.30597	
83.98	0.337	0.103	-1.58933	0	-1.58132	350.059	0	348.331	0	0	-3.30597	
83.99	0.337	0.103	1.58959	0	1.58106	-350.103	0	-348.189	0	0	-3.30597	
84	0.337	0.103	-1.58933	0	-1.58132	350.059	0	348.331	0	0	-3.30597	
84.01	0.337	0.103	1.58959	0	1.58106	-350.103	0	-348.189	0	0	-3.30597	
84.02	0.337	0.103	-1.58933	0	-1.58132	350.059	0	348.331	0	0	-3.30597	
84.03	0.337	0.103	1.58959	0	1.58106	-350.103	0	-348.189	0	0	-3.30597	
84.04	0.337	0.103	-1.58933	0	-1.58132	350.059	0	348.331	0	0	-3.30597	
84.05	0.337	0.103	1.58959	0	1.58106	-350.103	0	-348.189	0	0	-3.30597	
84.06	0.337	0.103	-1.58933	0	-1.58132	350.059	0	348.331	0	0	-3.30597	
84.07	0.337	0.103	1.58959	0	1.58106	-350.103	0	-348.189	0	0	-3.30597	
84.08	0.337	0.103	-1.58933	0	-1.58132	350.059	0	348.331	0	0	-3.30597	
84.09	0.337	0.103	1.58959	0	1.58106	-350.103	0	-348.189	0	0	-3.30597	
84.1	0.337	0.103	-1.58933	0	-1.58132	350.059	0	348.331	0	0	-3.30597	
84.11	0.337	0.103	1.58959	0	1.58106	-350.103	0	-348.189	0	0	-3.30597	
84.12	0.337	0.103	-1.58933	0	-1.58132	350.059	0	348.331	0	0	-3.30597	
84.13	0.337	0.103	1.58959	0	1.58106	-350.103	0	-348.189	0	0	-3.30597	
84.14	0.337	0.103	-1.58933	0	-1.58132	350.059	0	348.331	0	0	-3.30597	
84.15	0.337	0.103	1.58959	0	1.58106	-350.103	0	-348.189	0	0	-3.30597	
84.16	0.337	0.103	-1.58933	0	-1.58132	350.059	0	348.331	0	0	-3.30597	
84.17	0.337	0.103	1.58959	0	1.58106	-350.103	0	-348.189	0	0	-3.30597	
84.18	0.337	0.103	-1.58933	0	-1.58132	350.059	0	348.331	0	0	-3.30597	
84.19	0.337	0.103	1.58959	0	1.58106	-350.103	0	-348.189	0	0	-3.30597	
84.2	0.337	0.103	-1.58933	0	-1.58132	350.059	0	348.331	0	0	-3.30597	
84.21	0.337	0.103	1.58959	0	1.58106	-350.103	0	-348.189	0	0	-3.30597	
84.22	0.337	0.103	-1.58933	0	-1.58132	350.059	0	348.331	0	0	-3.30597	
84.23	0.337	0.103	1.58959	0	1.58106	-350.103	0	-348.189	0	0	-3.30597	
84.24	0.337	0.103	-1.58933	0	-1.58132	350.059	0	348.331	0	0	-3.30597	
84.25	0.337	0.103	1.58959	0	1.58106	-350.103	0	-348.189	0	0	-3.30597	
84.26	0.337	0.103	-1.58933	0	-1.58132	350.059	0	348.331	0	0	-3.30597	
84.27	0.337	0.103	1.58959	0	1.58106	-350.103	0	-348.189	0	0	-3.30597	
84.28	0.337	0.103	-1.58933	0	-1.58132	350.059	0	348.331	0	0	-3.30597	
84.29	0.337	0.103	1.58959	0	1.58106	-350.103	0	-348.189	0	0	-3.30597	
84.3	0.337	0.103	-1.58933	0	-1.58132	350.059	0	348.331	0	0	-3.30597	
84.31	0.337	0.103	1.58959	0	1.58106	-350.103	0	-348.189	0	0	-3.30597	
84.32	0.337	0.103	-1.58933	0	-1.58132	350.059	0	348.331	0	0	-3.30597	
84.33	0.337	0.103	1.58959	0	1.58106	-350.103	0	-348.189	0	0	-3.30597	
84.34	0.337	0.103	-1.58933	0	-1.58132	350.059	0	348.331	0	0	-3.30597	
84.35	0.337	0.103	1.58959	0	1.58106	-350.103	0	-348.189	0	0	-3.30597	
84.36	0.337	0.103	-1.58933	0	-1.58132	350.059	0	348.331	0	0	-3.30597	
84.37	0.337	0.103	1.58959	0	1.58106	-350.103	0	-348.189	0	0	-3.30597	
84.38	0.337	0.103	-1.58933	0	-1.58132	350.059	0	348.331	0	0	-3.30597	
84.39	0.337	0.103	1.58959	0	1.58106	-350.103	0	-348.189	0	0	-3.30597	
84.4	0.337	0.103	-1.58933	0	-1.58132	350.059	0	348.331	0	0	-3.30597	
84.41	0.337	0.103	1.58959	0	1.58106	-350.103	0	-348.189	0	0	-3.30597	
84.42	0.337	0.103	-1.58933	0	-1.58132	350.059	0	348.331	0	0	-3.30597	
84.43	0.337	0.103	1.58959	0	1.58106	-350.103	0	-348.189	0	0	-3.30597	
84.44	0.337	0.103	-1.58933	0	-1.58132	350.059	0	348.331	0	0	-3.30597	
84.45	0.337	0.103	1.58959	0	1.58106	-350.103	0	-348.189	0	0	-3.30597	
84.46	0.337	0.103	-1.58933	0	-1.58132	350.059	0	348.331	0	0	-3.30597	
84.47	0.337	0.103	1.58959	0	1.58106	-350.103	0	-348.189	0	0	-3.30597	
84.48	0.337	0.103	-1.58933	0	-1.58132	350.059	0	348.331	0	0	-3.30597	
84.49	0.337	0.103	1.58959	0	1.58106	-350.103	0	-348.189	0	0	-3.30597	
84.5	0.337	0.103	-1.58933	0	-1.58132	350.059	0	348.331	0	0	-3.30597	
84.51	0.337	0.103	1.58959	0	1.58106	-350.103	0	-348.189	0	0	-3.30597	
84.52	0.337	0.103	-1.58933	0	-1.58132	350.059	0	348.331	0	0	-3.30597	
84.53	0.337	0.103	1.58959	0	1.58106	-350.103	0	-348.189	0	0	-3.30597	
84.54	0.337	0.103	-1.58933	0	-1.58132	350.059	0	348.331	0	0	-3.30597	
84.55	0.337	0.103	1.58959	0	1.58106	-350.103	0	-348.189	0	0	-3.30597	
84.56	0.337	0.103	-1.58933	0	-1.58132	350.059	0	348.331	0	0	-3.30597	
84.57	0.337	0.103	1.58959	0	1.58106	-350.103	0	-348.189	0	0	-3.30597	
84.58	0.337	0.103	-1.58933	0	-1.58132	350.059	0	348.331	0	0	-3.30597	
84.59	0.337	0.103	1.58959	0	1.58106	-350.103	0	-348.189	0	0	-3.30597	
84.6	0.337	0.103	-1.58933	0	-1.58132	350.059	0	348.331	0	0	-3.30597	
84.61	0.337	0.103	1.58959	0	1.58106	-350.103	0	-348.189	0	0	-3.30597	
84.62	0.337	0.103	-1.58933	0	-1.58132	350.059	0	348.331	0	0	-3.30597	
84.63	0.337	0.103	1.58959	0	1.58106	-350.103	0	-348.189	0	0	-3.30597	
84.64	0.337	0.103	-1.58933	0	-1.58132	350.059	0	348.331	0	0	-3.30597	
84.65	0.337	0.103	1.58959	0	1.58106	-350.103	0	-348.189	0	0	-3.30597	
84.66	0.337	0.103	-1.58933	0	-1.58132	350.059	0	348.331	0	0	-3.30597	
84.67	0.337	0.103	1.58959	0	1.58106	-350.103	0	-348.189	0	0	-3.30597	
84.68	0.337	0.103	-1.58933	0	-1.58132	350.059	0	348.331	0	0	-3.30597	
84.69	0.337	0.103	1.58959	0	1.58106	-350.103	0	-348.189	0	0	-3.30597	
84.7	0.337	0.103	-1.58933	0	-1.58132	350.059	0	348.331	0	0	-3.30597	
84.71	0.337	0.103	1.58959	0	1.58106	-350.103	0	-348.189	0	0	-3.30597	
84.72	0.337	0.103	-1.58933	0	-1.58132	350.059	0	348.331	0	0	-3.30597	
84.73	0.337	0.103	1.58959	0	1.58106	-350.103	0	-348.189	0	0	-3.30597	
84.74	0.337	0.103	-1.58933	0	-1.58132	350.059	0	348.331	0	0	-3.30597	
84.75	0.337	0.103	1.58959	0	1.58106	-350.103	0	-348.189	0	0	-3.30597	
84.76	0.337	0.103	-1.58933	0	-1.58132	350.059	0	348.331	0	0	-3.30597	
84.77	0.337	0.103	1.58959	0	1.58106	-350.103	0	-348.189	0	0	-3.30597	
84.78	0.337	0.103	-1.58933	0	-1.58132	350.059	0	348.331	0	0	-3.30597	
84.79	0.337	0.103	1.58959	0	1.58106	-350.103	0	-348.189	0	0	-3.30597	
84.8	0.337	0.103	-1.58933	0	-1.58132	350.059	0	348.331	0	0	-3.30597	
84.81	0.337	0.103	1.58959	0	1.58106	-350.103	0	-348.189	0	0	-3.30597	
84.82	0.337	0.103	-1.58933	0	-1.58132	350.059	0	348.331	0	0	-3.30597	
84.83	0.337	0.103	1.58959	0	1.58106	-350.103	0	-348.189	0	0	-3.30597	
84.84	0.337	0.103	-1.58933	0	-1.58132	350.059	0	348.331	0	0	-3.30597	
84.85	0.337	0.103	1.58959	0	1.58106	-350.103	0	-348.189	0	0	-3.30597	
84.86	0.337	0.103	-1.58933	0	-1.58132	350.059	0	348.331	0	0	-3.30597	
84.87	0.337	0.103	1.58959	0	1.58106	-350.103	0	-348.189	0	0	-3.30597	
84.88	0.337	0.103	-1.58933	0	-1.58132	350.059	0	348.331	0	0	-3.30597	
84.89	0.337	0.103	1.58959	0	1.58106	-350.103	0	-348.189	0	0	-3.30597	
84.9	0.337	0.103	-1.58933	0	-1.58132	350.059	0	348.331	0	0	-3.30597	
84.91	0.337	0.103	1.58959	0	1.58106	-350.103	0	-348.189	0	0	-3.30597	
84.92	0.337	0.103	-1.58933	0	-1.58132	350.059	0	348.331	0	0	-3.30597	
84.93	0.337	0.103	1.58959	0	1.58106	-350.103	0	-348.189	0	0	-3.30597	
84.94	0.337	0.103	-1.58933	0	-1.58132	350.059	0	348.331	0	0	-3.30597	
84.95	0.337	0.103	1.58959	0	1.58106	-350.103	0	-348.189	0	0	-3.30597	
84.96	0.337	0.103	-1.58933	0	-1.58132	350.059	0	348.331	0	0	-3.30597	
84.97	0.337	0.103	1.58959	0	1.58106	-350.103	0	-348.189	0	0	-3.30597	
84.98	0.337	0.103	-1.58933	0	-1.58132	350.059	0	348.331	0	0	-3.30597	
84.99	0.337	0.103	1.58959	0	1.58106	-350.103	0	-348.189	0	0	-3.30597	
85	0.337	0.103	-1.58933	0	-1.58132	350.059	0	348.331	0	0	-3.30597	
85.01	0.337	0.103	1.58959	0	1.58106	-350.103	0	-348.189	0	0	-3.30597	
85.02	0.337	0.103	-1.58933	0	-1.58132	350.059	0	348.331	0	0	-3.30597	
85.03	0.337	0.103	1.58959	0	1.58106	-350.103	0	-348.189	0	0	-3.30597	
85.04	0.337	0.103	-1.58933	0	-1.58132	350.059	0	348.331	0	0	-3.30597	
85.05	0.337	0.103	1.58959	0	1.58106	-350.103	0	-348.189	0	0	-3.30597	
85.06	0.337	0.103	-1.58933	0	-1.58132	350.059	0	348.331	0	0	-3.30597	
85.07	0.337	0.103	1.58959	0	1.58106	-350.103	0	-348.189	0	0	-3.30597	
85.08	0.337	0.103	-1.58933	0	-1.58132	350.059	0	348.331	0	0	-3.30597	
85.09	0.337	0.103	1.58959	0	1.58106	-350.102	0	-348.189	0	0	-3.30597	
85.1	0.337	0.103	-1.58933	0	-1.58132	350.059	0	348.331	0	0	-3.30597	
85.11	0.337	0.103	1.58959	0	1.58106	-350.102	0	-348.189	0	0	-3.30597	
85.12	0.337	0.103	-1.58933	0	-1.58132	350.059	0	348.331	0	0	-3.30597	
85.13	0.337	0.103	1.58959	0	1.58106	-350.102	0	-348.189	0	0	-3.30597	
85.14	0.337	0.103	-1.58933	0	-1.58132	350.059	0	348.331	0	0	-3.30597	
85.15	0.337	0.103	1.58959	0	1.58106	-350.102	0	-348.189	0	0	-3.30597	
85.16	0.337	0.103	-1.58933	0	-1.58132	350.059	0	348.331	0	0	-3.30597	
85.17	0.337	0.103	1.58959	0	1.58106	-350.102	0	-348.189	0	0	-3.30597	
85.18	0.337	0.103	-1.58933	0	-1.58132	350.059	0	348.331	0	0	-3.30597	
85.19	0.337	0.103	1.58959	0	1.58106	-350.102	0	-348.189	0	0	-3.30597	
85.2	0.337	0.103	-1.58933	0	-1.58132	350.059	0	348.331	0	0	-3.30597	
85.21	0.337	0.103	1.58959	0	1.58106	-350.102	0	-348.189	0	0	-3.30597	
85.22	0.337	0.103	-1.58933	0	-1.58132	350.059	0	348.331	0	0	-3.30597	
85.23	0.337	0.103	1.58959	0	1.58106	-350.102	0	-348.189	0	0	-3.30597	
85.24	0.337	0.103	-1.58933	0	-1.58132	350.059	0	348.331	0	0	-3.30597	
85.25	0.337	0.103	1.58959	0	1.58106	-350.102	0	-348.189	0	0	-3.30597	
85.26	0.337	0.103	-1.58933	0	-1.58132	350.059	0	348.331	0	0	-3.30597	
85.27	0.337	0.103	1.58959	0	1.58106	-350.102	0	-348.189	0	0	-3.30597	
85.28	0.337	0.103	-1.58933	0	-1.58132	350.059	0	348.331	0	0	-3.30597	
85.29	0.337	0.103	1.58959	0	1.58106	-350.102	0	-348.189	0	0	-3.30597	
85.3	0.337	0.103	-1.58933	0	-1.58132	350.059	0	348.331	0	0	-3.30597	
85.31	0.337	0.103	1.58959	0	1.58106	-350.102	0	-348.188	0	0	-3.30597	
85.32	0.337	0.103	-1.58933	0	-1.58132	350.059	0	348.331	0	0	-3.30597	
85.33	0.337	0.103	1.58959	0	1.58106	-350.102	0	-348.188	0	0	-3.30597	
85.34	0.337	0.103	-1.58933	0	-1.58132	350.059	0	348.331	0	0	-3.30597	
85.35	0.337	0.103	1.58959	0	1.58106	-350.102	0	-348.188	0	0	-3.30597	
85.36	0.337	0.103	-1.58933	0	-1.58132	350.059	0	348.331	0	0	-3.30597	
85.37	0.337	0.103	1.58959	0	1.58106	-350.102	0	-348.188	0	0	-3.30597	
85.38	0.337	0.103	-1.58933	0	-1.58132	350.059	0	348.331	0	0	-3.30597	
85.39	0.337	0.103	1.58959	0	1.58106	-350.102	0	-348.188	0	0	-3.30597	
85.4	0.337	0.103	-1.58933	0	-1.58132	350.059	0	348.331	0	0	-3.30597	
85.41	0.337	0.103	1.58959	0	1.58106	-350.102	0	-348.188	0	0	-3.30597	
85.42	0.337	0.103	-1.58933	0	-1.58132	350.059	0	348.331	0	0	-3.30597	
85.43	0.337	0.103	1.58959	0	1.58106	-350.102	0	-348.188	0	0	-3.30597	
85.44	0.337	0.103	-1.58933	0	-1.58132	350.059	0	348.331	0	0	-3.30597	
85.45	0.337	0.103	1.58959	0	1.58106	-350.102	0	-348.188	0	0	-3.30597	
85.46	0.337	0.103	-1.58933	0	-1.58132	350.059	0	348.331	0	0	-3.30597	
85.47	0.337	0.103	1.58959	0	1.58106	-350.102	0	-348.188	0	0	-3.30597	
85.48	0.337	0.103	-1.58933	0	-1.58132	350.059	0	348.331	0	0	-3.30597	
85.49	0.337	0.103	1.58959	0	1.58106	-350.102	0	-348.188	0	0	-3.30597	
85.5	0.337	0.103	-1.58933	0	-1.58132	350.059	0	348.331	0	0	-3.30597	
85.51	0.337	0.103	1.58959	0	1.58106	-350.102	0	-348.188	0	0	-3.30597	
85.52	0.337	0.103	-1.58933	0	-1.58132	350.059	0	348.331	0	0	-3.30597	
85.53	0.337	0.103	1.58959	0	1.58106	-350.102	0	-348.188	0	0	-3.30597	
85.54	0.337	0.103	-1.58933	0	-1.58132	350.059	0	348.331	0	0	-3.30597	
85.55	0.337	0.103	1.58959	0	1.58106	-350.102	0	-348.188	0	0	-3.30597	
85.56	0.337	0.103	-1.58933	0	-1.58132	350.058	0	348.331	0	0	-3.30597	
85.57	0.337	0.103	1.58959	0	1.58106	-350.102	0	-348.188	0	0	-3.30597	
85.58	0.337	0.103	-1.58933	0	-1.58132	350.058	0	348.331	0	0	-3.30597	
85.59	0.337	0.103	1.58959	0	1.58106	-350.102	0	-348.188	0	0	-3.30597	
85.6	0.337	0.103	-1.58933	0	-1.58132	350.058	0	348.331	0	0	-3.30597	
85.61	0.337	0.103	1.58959	0	1.58106	-350.102	0	-348.188	0	0	-3.30597	
85.62	0.337	0.103	-1.58933	0	-1.58132	350.058	0	348.331	0	0	-3.30597	
85.63	0.337	0.103	1.58959	0	1.58106	-350.102	0	-348.188	0	0	-3.30597	
85.64	0.337	0.103	-1.58933	0	-1.58132	350.058	0	348.331	0	0	-3.30597	
85.65	0.337	0.103	1.58959	0	1.58106	-350.102	0	-348.188	0	0	-3.30597	
85.66	0.337	0.103	-1.58933	0	-1.58132	350.058	0	348.331	0	0	-3.30597	
85.67	0.337	0.103	1.58959	0	1.58106	-350.102	0	-348.188	0	0	-3.30597	
85.68	0.337	0.103	-1.58933	0	-1.58132	350.058	0	348.331	0	0	-3.30597	
85.69	0.337	0.103	1.58959	0	1.58106	-350.102	0	-348.188	0	0	-3.30597	
85.7	0.337	0.103	-1.58933	0	-1.58132	350.058	0	348.331	0	0	-3.30597	
85.71	0.337	0.103	1.58959	0	1.58106	-350.102	0	-348.188	0	0	-3.30597	
85.72	0.337	0.103	-1.58933	0	-1.58132	350.058	0	348.331	0	0	-3.30597	
85.73	0.337	0.103	1.58959	0	1.58106	-350.102	0	-348.188	0	0	-3.30597	
85.74	0.337	0.103	-1.58933	0	-1.58132	350.058	0	348.331	0	0	-3.30597	
85.75	0.337	0.103	1.58959	0	1.58106	-350.102	0	-348.188	0	0	-3.30597	
85.76	0.337	0.103	-1.58933	0	-1.58132	350.058	0	348.33	0	0	-3.30597	
85.77	0.337	0.103	1.58959	0	1.58106	-350.102	0	-348.188	0	0	-3.30597	
85.78	0.337	0.103	-1.58933	0	-1.58132	350.058	0	348.33	0	0	-3.30597	
85.79	0.337	0.103	1.58959	0	1.58106	-350.102	0	-348.188	0	0	-3.30597	
85.8	0.337	0.103	-1.58933	0	-1.58132	350.058	0	348.33	0	0	-3.30597	
85.81	0.337	0.103	1.58959	0	1.58106	-350.102	0	-348.188	0	0	-3.30597	
85.82	0.337	0.103	-1.58933	0	-1.58132	350.058	0	348.33	0	0	-3.30597	
85.83	0.337	0.103	1.58959	0	1.58106	-350.102	0	-348.188	0	0	-3.30597	
85.84	0.337	0.103	-1.58933	0	-1.58132	350.058	0	348.33	0	0	-3.30597	
85.85	0.337	0.103	1.58959	0	1.58106	-350.102	0	-348.188	0	0	-3.30597	
85.86	0.337	0.103	-1.58933	0	-1.58132	350.058	0	348.33	0	0	-3.30597	
85.87	0.337	0.103	1.58959	0	1.58106	-350.102	0	-348.188	0	0	-3.30597	
85.88	0.337	0.103	-1.58933	0	-1.58132	350.058	0	348.33	0	0	-3.30597	
85.89	0.337	0.103	1.58959	0	1.58106	-350.102	0	-348.188	0	0	-3.30597	
85.9	0.337	0.103	-1.58933	0	-1.58132	350.058	0	348.33	0	0	-3.30597	
85.91	0.337	0.103	1.58959	0	1.58106	-350.102	0	-348.188	0	0	-3.30597	
85.92	0.337	0.103	-1.58933	0	-1.58132	350.058	0	348.33	0	0	-3.30597	
85.93	0.337	0.103	1.58959	0	1.58106	-350.102	0	-348.188	0	0	-3.30597	
85.94	0.337	0.103	-1.58933	0	-1.58132	350.058	0	348.33	0	0	-3.30597	
85.95	0.337	0.103	1.58959	0	1.58106	-350.102	0	-348.188	0	0	-3.30597	
85.96	0.337	0.103	-1.58933	0	-1.58132	350.058	0	348.33	0	0	-3.30597	
85.97	0.337	0.103	1.58959	0	1.58106	-350.102	0	-348.188	0	0	-3.30597	
85.98	0.337	0.103	-1.58933	0	-1.58132	350.058	0	348.33	0	0	-3.30597	
85.99	0.337	0.103	1.58959	0	1.58106	-350.102	0	-348.188	0	0	-3.30597	
86	0.337	0.103	-1.58933	0	-1.58132	350.058	0	348.33	0	0	-3.30597	
86.01	0.337	0.103	1.58959	0	1.58106	-350.102	0	-348.188	0	0	-3.30597	
86.02	0.337	0.103	-1.58933	0	-1.58132	350.058	0	348.33	0	0	-3.30597	
86.03	0.337	0.103	1.58959	0	1.58106	-350.102	0	-348.188	0	0	-3.30597	
86.04	0.337	0.103	-1.58933	0	-1.58132	350.058	0	348.33	0	0	-3.30597	
86.05	0.337	0.103	1.58959	0	1.58106	-350.102	0	-348.188	0	0	-3.30597	
86.06	0.337	0.103	-1.58933	0	-1.58132	350.058	0	348.33	0	0	-3.30597	
86.07	0.337	0.103	1.58959	0	1.58106	-350.102	0	-348.188	0	0	-3.30597	
86.08	0.337	0.103	-1.58933	0	-1.58132	350.058	0	348.33	0	0	-3.30597	
86.09	0.337	0.103	1.58959	0	1.58106	-350.102	0	-348.188	0	0	-3.30597	
86.1	0.337	0.103	-1.58933	0	-1.58132	350.058	0	348.33	0	0	-3.30597	
86.11	0.337	0.103	1.58959	0	1.58106	-350.102	0	-348.188	0	0	-3.30597	
86.12	0.337	0.103	-1.58933	0	-1.58132	350.058	0	348.33	0	0	-3.30597	
86.13	0.337	0.103	1.58959	0	1.58106	-350.102	0	-348.188	0	0	-3.30597	
86.14	0.337	0.103	-1.58933	0	-1.58132	350.058	0	348.33	0	0	-3.30597	
86.15	0.337	0.103	1.58959	0	1.58106	-350.102	0	-348.188	0	0	-3.30597	
86.16	0.337	0.103	-1.58933	0	-1.58132	350.058	0	348.33	0	0	-3.30597	
86.17	0.337	0.103	1.58959	0	1.58106	-350.102	0	-348.188	0	0	-3.30597	
86.18	0.337	0.103	-1.58933	0	-1.58132	350.058	0	348.33	0	0	-3.30597	
86.19	0.337	0.103	1.58959	0	1.58106	-350.102	0	-348.188	0	0	-3.30597	
86.2	0.337	0.103	-1.58933	0	-1.58132	350.058	0	348.33	0	0	-3.30597	
86.21	0.337	0.103	1.58959	0	1.58106	-350.102	0	-348.188	0	0	-3.30597	
86.22	0.337	0.103	-1.58933	0	-1.58132	350.058	0	348.33	0	0	-3.30597	
86.23	0.337	0.103	1.58959	0	1.58106	-350.102	0	-348.188	0	0	-3.30597	
86.24	0.337	0.103	-1.58933	0	-1.58132	350.058	0	348.33	0	0	-3.30597	
86.25	0.337	0.103	1.58959	0	1.58106	-350.102	0	-348.188	0	0	-3.30597	
86.26	0.337	0.103	-1.58933	0	-1.58132	350.058	0	348.33	0	0	-3.30597	
86.27	0.337	0.103	1.58959	0	1.58106	-350.102	0	-348.188	0	0	-3.30597	
86.28	0.337	0.103	-1.58933	0	-1.58132	350.058	0	348.33	0	0	-3.30597	
86.29	0.337	0.103	1.58959	0	1.58106	-350.102	0	-348.188	0	0	-3.30597	
86.3	0.337	0.103	-1.58933	0	-1.58132	350.058	0	348.33	0	0	-3.30597	
86.31	0.337	0.103	1.58959	0	1.58106	-350.102	0	-348.188	0	0	-3.30597	
86.32	0.337	0.103	-1.58933	0	-1.58132	350.058	0	348.33	0	0	-3.30597	
86.33	0.337	0.103	1.58959	0	1.58106	-350.102	0	-348.188	0	0	-3.30597	
86.34	0.337	0.103	-1.58933	0	-1.58132	350.058	0	348.33	0	0	-3.30597	
86.35	0.337	0.103	1.58959	0	1.58106	-350.102	0	-348.188	0	0	-3.30597	
86.36	0.337	0.103	-1.58933	0	-1.58132	350.058	0	348.33	0	0	-3.30597	
86.37	0.337	0.103	1.58959	0	1.58106	-350.102	0	-348.188	0	0	-3.30597	
86.38	0.337	0.103	-1.58933	0	-1.58132	350.058	0	348.33	0	0	-3.30597	
86.39	0.337	0.103	1.58959	0	1.58106	-350.102	0	-348.188	0	0	-3.30597	
86.4	0.337	0.103	-1.58933	0	-1.58132	350.058	0	348.33	0	0	-3.30597	
86.41	0.337	0.103	1.58959	0	1.58106	-350.102	0	-348.188	0	0	-3.30597	
86.42	0.337	0.103	-1.58933	0	-1.58132	350.058	0	348.33	0	0	-3.30597	
86.43	0.337	0.103	1.58959	0	1.58106	-350.102	0	-348.188	0	0	-3.30597	
86.44	0.337	0.103	-1.58933	0	-1.58132	350.058	0	348.33	0	0	-3.30597	
86.45	0.337	0.103	1.58959	0	1.58106	-350.102	0	-348.188	0	0	-3.30597	
86.46	0.337	0.103	-1.58933	0	-1.58132	350.058	0	348.33	0	0	-3.30597	
86.47	0.337	0.103	1.58959	0	1.58106	-350.102	0	-348.188	0	0	-3.30597	
86.48	0.337	0.103	-1.58933	0	-1.58132	350.058	0	348.33	0	0	-3.30597	
86.49	0.337	0.103	1.58959	0	1.58106	-350.102	0	-348.188	0	0	-3.30597	
86.5	0.337	0.103	-1.58933	0	-1.58132	350.058	0	348.33	0	0	-3.30597	
86.51	0.337	0.103	1.58959	0	1.58106	-350.102	0	-348.188	0	0	-3.30597	
86.52	0.337	0.103	-1.58933	0	-1.58132	350.058	0	348.33	0	0	-3.30597	
86.53	0.337	0.103	1.58959	0	1.58106	-350.102	0	-348.188	0	0	-3.30597	
86.54	0.337	0.103	-1.58933	0	-1.58132	350.058	0	348.33	0	0	-3.30597	
86.55	0.337	0.103	1.58959	0	1.58106	-350.102	0	-348.188	0	0	-3.30597	
86.56	0.337	0.103	-1.58933	0	-1.58132	350.058	0	348.33	0	0	-3.30597	
86.57	0.337	0.103	1.58959	0	1.58106	-350.102	0	-348.188	0	0	-3.30597	
86.58	0.337	0.103	-1.58933	0	-1.58132	350.058	0	348.33	0	0	-3.30597	
86.59	0.337	0.103	1.58959	0	1.58106	-350.102	0	-348.188	0	0	-3.30597	
86.6	0.337	0.103	-1.58933	0	-1.58132	350.058	0	348.33	0	0	-3.30597	
86.61	0.337	0.103	1.58959	0	1.58106	-350.102	0	-348.188	0	0	-3.30597	
86.62	0.337	0.103	-1.58933	0	-1.58132	350.058	0	348.33	0	0	-3.30597	
86.63	0.337	0.103	1.58959	0	1.58106	-350.102	0	-348.188	0	0	-3.30597	
86.64	0.337	0.103	-1.58933	0	-1.58132	350.058	0	348.33	0	0	-3.30597	
86.65	0.337	0.103	1.58959	0	1.58106	-350.102	0	-348.188	0	0	-3.30597	
86.66	0.337	0.103	-1.58933	0	-1.58132	350.058	0	348.33	0	0	-3.30597	
86.67	0.337	0.103	1.58959	0	1.58106	-350.102	0	-348.188	0	0	-3.30597	
86.68	0.337	0.103	-1.58933	0	-1.58132	350.058	0	348.33	0	0	-3.30597	
86.69	0.337	0.103	1.58959	0	1.58106	-350.102	0	-348.188	0	0	-3.30597	
86.7	0.337	0.103	-1.58933	0	-1.58132	350.058	0	348.33	0	0	-3.30597	
86.71	0.337	0.103	1.58959	0	1.58106	-350.102	0	-348.188	0	0	-3.30597	
86.72	0.337	0.103	-1.58933	0	-1.58132	350.058	0	348.33	0	0	-3.30597	
86.73	0.337	0.103	1.58959	0	1.58106	-350.102	0	-348.188	0	0	-3.30597	
86.74	0.337	0.103	-1.58933	0	-1.58132	350.058	0	348.33	0	0	-3.30597	
86.75	0.337	0.103	1.58959	0	1.58106	-350.102	0	-348.188	0	0	-3.30597	
86.76	0.337	0.103	-1.58933	0	-1.58132	350.058	0	348.33	0	0	-3.30597	
86.77	0.337	0.103	1.58959	0	1.58106	-350.102	0	-348.188	0	0	-3.30597	
86.78	0.337	0.103	-1.58933	0	-1.58132	350.058	0	348.33	0	0	-3.30597	
86.79	0.337	0.103	1.58959	0	1.58106	-350.102	0	-348.188	0	0	-3.30597	
86.8	0.337	0.103	-1.58933	0	-1.58132	350.058	0	348.33	0	0	-3.30597	
86.81	0.337	0.103	1.58959	0	1.58106	-350.102	0	-348.188	0	0	-3.30597	
86.82	0.337	0.103	-1.58933	0	-1.58132	350.058	0	348.33	0	0	-3.30597	
86.83	0.337	0.103	1.58959	0	1.58106	-350.102	0	-348.188	0	0	-3.30597	
86.84	0.337	0.103	-1.58933	0	-1.58132	350.058	0	348.33	0	0	-3.30597	
86.85	0.337	0.103	1.58959	0	1.58106	-350.102	0	-348.188	0	0	-3.30597	
86.86	0.337	0.103	-1.58933	0	-1.58132	350.058	0	348.33	0	0	-3.30597	
86.87	0.337	0.103	1.58959	0	1.58106	-350.102	0	-348.188	0	0	-3.30597	
86.88	0.337	0.103	-1.58933	0	-1.58132	350.058	0	348.33	0	0	-3.30597	
86.89	0.337	0.103	1.58959	0	1.58106	-350.102	0	-348.188	0	0	-3.30597	
86.9	0.337	0.103	-1.58933	0	-1.58132	350.058	0	348.33	0	0	-3.30597	
86.91	0.337	0.103	1.58959	0	1.58106	-350.102	0	-348.188	0	0	-3.30597	
86.92	0.337	0.103	-1.58933	0	-1.58132	350.058	0	348.33	0	0	-3.30597	
86.93	0.337	0.103	1.58959	0	1.58106	-350.102	0	-348.188	0	0	-3.30597	
86.94	0.337	0.103	-1.58933	0	-1.58132	350.058	0	348.33	0	0	-3.30597	
86.95	0.337	0.103	1.58959	0	1.58106	-350.102	0	-348.188	0	0	-3.30597	
86.96	0.337	0.103	-1.58933	0	-1.58132	350.058	0	348.33	0	0	-3.30597	
86.97	0.337	0.103	1.58959	0	1.58106	-350.102	0	-348.188	0	0	-3.30597	
86.98	0.337	0.103	-1.58933	0	-1.58132	350.058	0	348.33	0	0	-3.30597	
86.99	0.337	0.103	1.58959	0	1.58106	-350.102	0	-348.188	0	0	-3.30597	
87	0.337	0.103	-1.58933	0	-1.58132	350.058	0	348.33	0	0	-3.30597	
87.01	0.337	0.103	1.58959	0	1.58106	-350.102	0	-348.188	0	0	-3.30597	
87.02	0.337	0.103	-1.58933	0	-1.58132	350.058	0	348.33	0	0	-3.30597	
87.03	0.337	0.103	1.58959	0	1.58106	-350.102	0	-348.188	0	0	-3.30597	
87.04	0.337	0.103	-1.58933	0	-1.58132	350.058	0	348.33	0	0	-3.30597	
87.05	0.337	0.103	1.58959	0	1.58106	-350.102	0	-348.188	0	0	-3.30597	
87.06	0.337	0.103	-1.58933	0	-1.58132	350.058	0	348.33	0	0	-3.30597	
87.07	0.337	0.103	1.58959	0	1.58106	-350.102	0	-348.188	0	0	-3.30597	
87.08	0.337	0.103	-1.58933	0	-1.58132	350.058	0	348.33	0	0	-3.30597	
87.09	0.337	0.103	1.58959	0	1.58106	-350.102	0	-348.188	0	0	-3.30597	
87.1	0.337	0.103	-1.58933	0	-1.58132	350.058	0	348.33	0	0	-3.30597	
87.11	0.337	0.103	1.58959	0	1.58106	-350.102	0	-348.188	0	0	-3.30597	
87.12	0.337	0.103	-1.58933	0	-1.58132	350.058	0	348.33	0	0	-3.30597	
87.13	0.337	0.103	1.58959	0	1.58106	-350.102	0	-348.188	0	0	-3.30597	
87.14	0.337	0.103	-1.58933	0	-1.58132	350.058	0	348.33	0	0	-3.30597	
87.15	0.337	0.103	1.58959	0	1.58106	-350.102	0	-348.188	0	0	-3.30597	
87.16	0.337	0.103	-1.58933	0	-1.58132	350.058	0	348.33	0	0	-3.30597	
87.17	0.337	0.103	1.58959	0	1.58106	-350.102	0	-348.188	0	0	-3.30597	
87.18	0.337	0.103	-1.58933	0	-1.58132	350.058	0	348.33	0	0	-3.30597	
87.19	0.337	0.103	1.58959	0	1.58106	-350.102	0	-348.188	0	0	-3.30597	
87.2	0.337	0.103	-1.58933	0	-1.58132	350.058	0	348.33	0	0	-3.30597	
87.21	0.337	0.103	1.58959	0	1.58106	-350.102	0	-348.188	0	0	-3.30597	
87.22	0.337	0.103	-1.58933	0	-1.58132	350.058	0	348.33	0	0	-3.30597	
87.23	0.337	0.103	1.58959	0	1.58106	-350.102	0	-348.188	0	0	-3.30597	
87.24	0.337	0.103	-1.58933	0	-1.58132	350.058	0	348.33	0	0	-3.30597	
87.25	0.337	0.103	1.58959	0	1.58106	-350.102	0	-348.188	0	0	-3.30597	
87.26	0.337	0.103	-1.58933	0	-1.58132	350.058	0	348.33	0	0	-3.30597	
87.27	0.337	0.103	1.58959	0	1.58106	-350.102	0	-348.188	0	0	-3.30597	
87.28	0.337	0.103	-1.58933	0	-1.58132	350.058	0	348.33	0	0	-3.30597	
87.29	0.337	0.103	1.58959	0	1.58106	-350.102	0	-348.188	0	0	-3.30597	
87.3	0.337	0.103	-1.58933	0	-1.58132	350.058	0	348.33	0	0	-3.30597	
87.31	0.337	0.103	1.58959	0	1.58106	-350.102	0	-348.188	0	0	-3.30597	
87.32	0.337	0.103	-1.58933	0	-1.58132	350.058	0	348.33	0	0	-3.30597	
87.33	0.337	0.103	1.58959	0	1.58106	-350.102	0	-348.188	0	0	-3.30597	
87.34	0.337	0.103	-1.58933	0	-1.58132	350.058	0	348.33	0	0	-3.30597	
87.35	0.337	0.103	1.58959	0	1.58106	-350.102	0	-348.188	0	0	-3.30597	
87.36	0.337	0.103	-1.58933	0	-1.58132	350.058	0	348.33	0	0	-3.30597	
87.37	0.337	0.103	1.58959	0	1.58106	-350.102	0	-348.188	0	0	-3.30597	
87.38	0.337	0.103	-1.58933	0	-1.58132	350.058	0	348.33	0	0	-3.30597	
87.39	0.337	0.103	1.58959	0	1.58106	-350.102	0	-348.188	0	0	-3.30597	
87.4	0.337	0.103	-1.58933	0	-1.58132	350.058	0	348.33	0	0	-3.30597	
87.41	0.337	0.103	1.58959	0	1.58106	-350.102	0	-348.188	0	0	-3.30597	
87.42	0.337	0.103	-1.58933	0	-1.58132	350.058	0	348.33	0	0	-3.30597	
87.43	0.337	0.103	1.58959	0	1.58106	-350.102	0	-348.188	0	0	-3.30597	
87.44	0.337	0.103	-1.58933	0	-1.58132	350.058	0	348.33	0	0	-3.30597	
87.45	0.337	0.103	1.58959	0	1.58106	-350.102	0	-348.188	0	0	-3.30597	
87.46	0.337	0.103	-1.58933	0	-1.58132	350.058	0	348.33	0	0	-3.30597	
87.47	0.337	0.103	1.58959	0	1.58106	-350.102	0	-348.188	0	0	-3.30597	
87.48	0.337	0.103	-1.58933	0	-1.58132	350.058	0	348.33	0	0	-3.30597	
87.49	0.337	0.103	1.58959	0	1.58106	-350.102	0	-348.188	0	0	-3.30597	
87.5	0.337	0.103	-1.58933	0	-1.58132	350.058	0	348.33	0	0	-3.30597	
87.51	0.337	0.103	1.58959	0	1.58106	-350.102	0	-348.188	0	0	-3.30597	
87.52	0.337	0.103	-1.58933	0	-1.58132	350.058	0	348.33	0	0	-3.30597	
87.53	0.337	0.103	1.58959	0	1.58106	-350.102	0	-348.188	0	0	-3.30597	
87.54	0.337	0.103	-1.58933	0	-1.58132	350.058	0	348.33	0	0	-3.30597	
87.55	0.337	0.103	1.58959	0	1.58106	-350.102	0	-348.188	0	0	-3.30597	
87.56	0.337	0.103	-1.58933	0	-1.58132	350.058	0	348.33	0	0	-3.30597	
87.57	0.337	0.103	1.58959	0	1.58106	-350.102	0	-348.188	0	0	-3.30597	
87.58	0.337	0.103	-1.58933	0	-1.58132	350.058	0	348.33	0	0	-3.30597	
87.59	0.337	0.103	1.58959	0	1.58106	-350.102	0	-348.188	0	0	-3.30597	
87.6	0.337	0.103	-1.58933	0	-1.58132	350.058	0	348.33	0	0	-3.30597	
87.61	0.337	0.103	1.58959	0	1.58106	-350.102	0	-348.188	0	0	-3.30597	
87.62	0.337	0.103	-1.58933	0	-1.58132	350.058	0	348.33	0	0	-3.30597	
87.63	0.337	0.103	1.58959	0	1.58106	-350.102	0	-348.188	0	0	-3.30597	
87.64	0.337	0.103	-1.58933	0	-1.58132	350.058	0	348.33	0	0	-3.30597	
87.65	0.337	0.103	1.58959	0	1.58106	-350.102	0	-348.188	0	0	-3.30597	
87.66	0.337	0.103	-1.58933	0	-1.58132	350.058	0	348.33	0	0	-3.30597	
87.67	0.337	0.103	1.58959	0	1.58106	-350.102	0	-348.188	0	0	-3.30597	
87.68	0.337	0.103	-1.58933	0	-1.58132	350.058	0	348.33	0	0	-3.30597	
87.69	0.337	0.103	1.58959	0	1.58106	-350.102	0	-348.188	0	0	-3.30597	
87.7	0.337	0.103	-1.58933	0	-1.58132	350.058	0	348.33	0	0	-3.30597	
87.71	0.337	0.103	1.58959	0	1.58106	-350.102	0	-348.188	0	0	-3.30597	
87.72	0.337	0.103	-1.58933	0	-1.58132	350.058	0	348.33	0	0	-3.30597	
87.73	0.337	0.103	1.58959	0	1.58106	-350.102	0	-348.188	0	0	-3.30597	
87.74	0.337	0.103	-1.58933	0	-1.58132	350.058	0	348.33	0	0	-3.30597	
87.75	0.337	0.103	1.58959	0	1.58106	-350.102	0	-348.188	0	0	-3.30597	
87.76	0.337	0.103	-1.58933	0	-1.58132	350.058	0	348.33	0	0	-3.30597	
87.77	0.337	0.103	1.58959	0	1.58106	-350.102	0	-348.188	0	0	-3.30597	
87.78	0.337	0.103	-1.58933	0	-1.58132	350.058	0	348.33	0	0	-3.30597	
87.79	0.337	0.103	1.58959	0	1.58106	-350.102	0	-348.188	0	0	-3.30597	
87.8	0.337	0.103	-1.58933	0	-1.58132	350.058	0	348.33	0	0	-3.30597	
87.81	0.337	0.103	1.58959	0	1.58106	-350.102	0	-348.188	0	0	-3.30597	
87.82	0.337	0.103	-1.58933	0	-1.58132	350.058	0	348.33	0	0	-3.30597	
87.83	0.337	0.103	1.58959	0	1.58106	-350.102	0	-348.188	0	0	-3.30597	
87.84	0.337	0.103	-1.58933	0	-1.58132	350.058	0	348.33	0	0	-3.30597	
87.85	0.337	0.103	1.58959	0	1.58106	-350.102	0	-348.188	0	0	-3.30597	
87.86	0.337	0.103	-1.58933	0	-1.58132	350.058	0	348.33	0	0	-3.30597	
87.87	0.337	0.103	1.58959	0	1.58106	-350.101	0	-348.188	0	0	-3.30597	
87.88	0.337	0.103	-1.58933	0	-1.58132	350.058	0	348.33	0	0	-3.30597	
87.89	0.337	0.103	1.58959	0	1.58106	-350.101	0	-348.188	0	0	-3.30597	
87.9	0.337	0.103	-1.58933	0	-1.58132	350.058	0	348.33	0	0	-3.30597	
87.91	0.337	0.103	1.58959	0	1.58106	-350.101	0	-348.188	0	0	-3.30597	
87.92	0.337	0.103	-1.58933	0	-1.58132	350.058	0	348.33	0	0	-3.30597	
87.93	0.337	0.103	1.58959	0	1.58106	-350.101	0	-348.188	0	0	-3.30597	
87.94	0.337	0.103	-1.58933	0	-1.58132	350.058	0	348.33	0	0	-3.30597	
87.95	0.337	0.103	1.58959	0	1.58106	-350.101	0	-348.188	0	0	-3.30597	
87.96	0.337	0.103	-1.58933	0	-1.58132	350.058	0	348.33	0	0	-3.30597	
87.97	0.337	0.103	1.58959	0	1.58106	-350.101	0	-348.188	0	0	-3.30597	
87.98	0.337	0.103	-1.58933	0	-1.58132	350.058	0	348.33	0	0	-3.30597	
87.99	0.337	0.103	1.58959	0	1.58106	-350.101	0	-348.188	0	0	-3.30597	
88	0.337	0.103	-1.58933	0	-1.58132	350.058	0	348.33	0	0	-3.30597	
88.01	0.337	0.103	1.58959	0	1.58106	-350.101	0	-348.188	0	0	-3.30597	
88.02	0.337	0.103	-1.58933	0	-1.58132	350.058	0	348.33	0	0	-3.30597	
88.03	0.337	0.103	1.58959	0	1.58106	-350.101	0	-348.188	0	0	-3.30597	
88.04	0.337	0.103	-1.58933	0	-1.58132	350.058	0	348.33	0	0	-3.30597	
88.05	0.337	0.103	1.58959	0	1.58106	-350.101	0	-348.188	0	0	-3.30597	
88.06	0.337	0.103	-1.58933	0	-1.58132	350.058	0	348.33	0	0	-3.30597	
88.07	0.337	0.103	1.58959	0	1.58106	-350.101	0	-348.188	0	0	-3.30597	
88.08	0.337	0.103	-1.58933	0	-1.58132	350.058	0	348.33	0	0	-3.30597	
88.09	0.337	0.103	1.58959	0	1.58106	-350.101	0	-348.188	0	0	-3.30597	
88.1	0.337	0.103	-1.58933	0	-1.58132	350.058	0	348.33	0	0	-3.30597	
88.11	0.337	0.103	1.58959	0	1.58106	-350.101	0	-348.187	0	0	-3.30597	
88.12	0.337	0.103	-1.58933	0	-1.58132	350.058	0	348.33	0	0	-3.30597	
88.13	0.337	0.103	1.58959	0	1.58106	-350.101	0	-348.187	0	0	-3.30597	
88.14	0.337	0.103	-1.58933	0	-1.58132	350.058	0	348.33	0	0	-3.30597	
88.15	0.337	0.103	1.58959	0	1.58106	-350.101	0	-348.187	0	0	-3.30597	
88.16	0.337	0.103	-1.58933	0	-1.58132	350.058	0	348.33	0	0	-3.30597	
88.17	0.337	0.103	1.58959	0	1.58106	-350.101	0	-348.187	0	0	-3.30597	
88.18	0.337	0.103	-1.58933	0	-1.58132	350.058	0	348.33	0	0	-3.30597	
88.19	0.337	0.103	1.58959	0	1.58106	-350.101	0	-348.187	0	0	-3.30597	
88.2	0.337	0.103	-1.58933	0	-1.58132	350.058	0	348.33	0	0	-3.30597	
88.21	0.337	0.103	1.58959	0	1.58106	-350.101	0	-348.187	0	0	-3.30597	
88.22	0.337	0.103	-1.58933	0	-1.58132	350.058	0	348.33	0	0	-3.30597	
88.23	0.337	0.103	1.58959	0	1.58106	-350.101	0	-348.187	0	0	-3.30597	
88.24	0.337	0.103	-1.58933	0	-1.58132	350.058	0	348.33	0	0	-3.30597	
88.25	0.337	0.103	1.58959	0	1.58106	-350.101	0	-348.187	0	0	-3.30597	
88.26	0.337	0.103	-1.58933	0	-1.58132	350.058	0	348.33	0	0	-3.30597	
88.27	0.337	0.103	1.58959	0	1.58106	-350.101	0	-348.187	0	0	-3.30597	
88.28	0.337	0.103	-1.58933	0	-1.58132	350.058	0	348.33	0	0	-3.30597	
88.29	0.337	0.103	1.58959	0	1.58106	-350.101	0	-348.187	0	0	-3.30597	
88.3	0.337	0.103	-1.58933	0	-1.58132	350.058	0	348.33	0	0	-3.30597	
88.31	0.337	0.103	1.58959	0	1.58106	-350.101	0	-348.187	0	0	-3.30597	
88.32	0.337	0.103	-1.58933	0	-1.58132	350.058	0	348.33	0	0	-3.30597	
88.33	0.337	0.103	1.58959	0	1.58106	-350.101	0	-348.187	0	0	-3.30597	
88.34	0.337	0.103	-1.58933	0	-1.58132	350.057	0	348.33	0	0	-3.30597	
88.35	0.337	0.103	1.58959	0	1.58106	-350.101	0	-348.187	0	0	-3.30597	
88.36	0.337	0.103	-1.58933	0	-1.58132	350.057	0	348.33	0	0	-3.30597	
88.37	0.337	0.103	1.58959	0	1.58106	-350.101	0	-348.187	0	0	-3.30597	
88.38	0.337	0.103	-1.58933	0	-1.58132	350.057	0	348.33	0	0	-3.30597	
88.39	0.337	0.103	1.58959	0	1.58106	-350.101	0	-348.187	0	0	-3.30597	
88.4	0.337	0.103	-1.58933	0	-1.58132	350.057	0	348.33	0	0	-3.30597	
88.41	0.337	0.103	1.58959	0	1.58106	-350.101	0	-348.187	0	0	-3.30597	
88.42	0.337	0.103	-1.58933	0	-1.58132	350.057	0	348.33	0	0	-3.30597	
88.43	0.337	0.103	1.58959	0	1.58106	-350.101	0	-348.187	0	0	-3.30597	
88.44	0.337	0.103	-1.58933	0	-1.58132	350.057	0	348.33	0	0	-3.30597	
88.45	0.337	0.103	1.58959	0	1.58106	-350.101	0	-348.187	0	0	-3.30597	
88.46	0.337	0.103	-1.58933	0	-1.58132	350.057	0	348.33	0	0	-3.30597	
88.47	0.337	0.103	1.58959	0	1.58106	-350.101	0	-348.187	0	0	-3.30597	
88.48	0.337	0.103	-1.58933	0	-1.58132	350.057	0	348.33	0	0	-3.30597	
88.49	0.337	0.103	1.58959	0	1.58106	-350.101	0	-348.187	0	0	-3.30597	
88.5	0.337	0.103	-1.58933	0	-1.58132	350.057	0	348.33	0	0	-3.30597	
88.51	0.337	0.103	1.58959	0	1.58106	-350.101	0	-348.187	0	0	-3.30597	
88.52	0.337	0.103	-1.58933	0	-1.58132	350.057	0	348.33	0	0	-3.30597	
88.53	0.337	0.103	1.58959	0	1.58106	-350.101	0	-348.187	0	0	-3.30597	
88.54	0.337	0.103	-1.58933	0	-1.58132	350.057	0	348.33	0	0	-3.30597	
88.55	0.337	0.103	1.58959	0	1.58106	-350.101	0	-348.187	0	0	-3.30597	
88.56	0.337	0.103	-1.58933	0	-1.58132	350.057	0	348.329	0	0	-3.30597	
88.57	0.337	0.103	1.58959	0	1.58106	-350.101	0	-348.187	0	0	-3.30597	
88.58	0.337	0.103	-1.58933	0	-1.58132	350.057	0	348.329	0	0	-3.30597	
88.59	0.337	0.103	1.58959	0	1.58106	-350.101	0	-348.187	0	0	-3.30597	
88.6	0.337	0.103	-1.58933	0	-1.58132	350.057	0	348.329	0	0	-3.30597	
88.61	0.337	0.103	1.58959	0	1.58106	-350.101	0	-348.187	0	0	-3.30597	
88.62	0.337	0.103	-1.58933	0	-1.58132	350.057	0	348.329	0	0	-3.30597	
88.63	0.337	0.103	1.58959	0	1.58106	-350.101	0	-348.187	0	0	-3.30597	
88.64	0.337	0.103	-1.58933	0	-1.58132	350.057	0	348.329	0	0	-3.30597	
88.65	0.337	0.103	1.58959	0	1.58106	-350.101	0	-348.187	0	0	-3.30597	
88.66	0.337	0.103	-1.58933	0	-1.58132	350.057	0	348.329	0	0	-3.30597	
88.67	0.337	0.103	1.58959	0	1.58106	-350.101	0	-348.187	0	0	-3.30597	
88.68	0.337	0.103	-1.58933	0	-1.58132	350.057	0	348.329	0	0	-3.30597	
88.69	0.337	0.103	1.58959	0	1.58106	-350.101	0	-348.187	0	0	-3.30597	
88.7	0.337	0.103	-1.58933	0	-1.58132	350.057	0	348.329	0	0	-3.30597	
88.71	0.337	0.103	1.58959	0	1.58106	-350.101	0	-348.187	0	0	-3.30597	
88.72	0.337	0.103	-1.58933	0	-1.58132	350.057	0	348.329	0	0	-3.30597	
88.73	0.337	0.103	1.58959	0	1.58106	-350.101	0	-348.187	0	0	-3.30597	
88.74	0.337	0.103	-1.58933	0	-1.58132	350.057	0	348.329	0	0	-3.30597	
88.75	0.337	0.103	1.58959	0	1.58106	-350.101	0	-348.187	0	0	-3.30597	
88.76	0.337	0.103	-1.58933	0	-1.58132	350.057	0	348.329	0	0	-3.30597	
88.77	0.337	0.103	1.58959	0	1.58106	-350.101	0	-348.187	0	0	-3.30597	
88.78	0.337	0.103	-1.58933	0	-1.58132	350.057	0	348.329	0	0	-3.30597	
88.79	0.337	0.103	1.58959	0	1.58106	-350.101	0	-348.187	0	0	-3.30597	
88.8	0.337	0.103	-1.58933	0	-1.58132	350.057	0	348.329	0	0	-3.30597	
88.81	0.337	0.103	1.58959	0	1.58106	-350.101	0	-348.187	0	0	-3.30597	
88.82	0.337	0.103	-1.58933	0	-1.58132	350.057	0	348.329	0	0	-3.30597	
88.83	0.337	0.103	1.58959	0	1.58106	-350.101	0	-348.187	0	0	-3.30597	
88.84	0.337	0.103	-1.58933	0	-1.58132	350.057	0	348.329	0	0	-3.30597	
88.85	0.337	0.103	1.58959	0	1.58106	-350.101	0	-348.187	0	0	-3.30597	
88.86	0.337	0.103	-1.58933	0	-1.58132	350.057	0	348.329	0	0	-3.30597	
88.87	0.337	0.103	1.58959	0	1.58106	-350.101	0	-348.187	0	0	-3.30597	
88.88	0.337	0.103	-1.58933	0	-1.58132	350.057	0	348.329	0	0	-3.30597	
88.89	0.337	0.103	1.58959	0	1.58106	-350.101	0	-348.187	0	0	-3.30597	
88.9	0.337	0.103	-1.58933	0	-1.58132	350.057	0	348.329	0	0	-3.30597	
88.91	0.337	0.103	1.58959	0	1.58106	-350.101	0	-348.187	0	0	-3.30597	
88.92	0.337	0.103	-1.58933	0	-1.58132	350.057	0	348.329	0	0	-3.30597	
88.93	0.337	0.103	1.58959	0	1.58106	-350.101	0	-348.187	0	0	-3.30597	
88.94	0.337	0.103	-1.58933	0	-1.58132	350.057	0	348.329	0	0	-3.30597	
88.95	0.337	0.103	1.58959	0	1.58106	-350.101	0	-348.187	0	0	-3.30597	
88.96	0.337	0.103	-1.58933	0	-1.58132	350.057	0	348.329	0	0	-3.30597	
88.97	0.337	0.103	1.58959	0	1.58106	-350.101	0	-348.187	0	0	-3.30597	
88.98	0.337	0.103	-1.58933	0	-1.58132	350.057	0	348.329	0	0	-3.30597	
88.99	0.337	0.103	1.58959	0	1.58106	-350.101	0	-348.187	0	0	-3.30597	
89	0.337	0.103	-1.58933	0	-1.58132	350.057	0	348.329	0	0	-3.30597	
89.01	0.337	0.103	1.58959	0	1.58106	-350.101	0	-348.187	0	0	-3.30597	
89.02	0.337	0.103	-1.58933	0	-1.58132	350.057	0	348.329	0	0	-3.30597	
89.03	0.337	0.103	1.58959	0	1.58106	-350.101	0	-348.187	0	0	-3.30597	
89.04	0.337	0.103	-1.58933	0	-1.58132	350.057	0	348.329	0	0	-3.30597	
89.05	0.337	0.103	1.58959	0	1.58106	-350.101	0	-348.187	0	0	-3.30597	
89.06	0.337	0.103	-1.58933	0	-1.58132	350.057	0	348.329	0	0	-3.30597	
89.07	0.337	0.103	1.58959	0	1.58106	-350.101	0	-348.187	0	0	-3.30597	
89.08	0.337	0.103	-1.58933	0	-1.58132	350.057	0	348.329	0	0	-3.30597	
89.09	0.337	0.103	1.58959	0	1.58106	-350.101	0	-348.187	0	0	-3.30597	
89.1	0.337	0.103	-1.58933	0	-1.58132	350.057	0	348.329	0	0	-3.30597	
89.11	0.337	0.103	1.58959	0	1.58106	-350.101	0	-348.187	0	0	-3.30597	
89.12	0.337	0.103	-1.58933	0	-1.58132	350.057	0	348.329	0	0	-3.30597	
89.13	0.337	0.103	1.58959	0	1.58106	-350.101	0	-348.187	0	0	-3.30597	
89.14	0.337	0.103	-1.58933	0	-1.58132	350.057	0	348.329	0	0	-3.30597	
89.15	0.337	0.103	1.58959	0	1.58106	-350.101	0	-348.187	0	0	-3.30597	
89.16	0.337	0.103	-1.58933	0	-1.58132	350.057	0	348.329	0	0	-3.30597	
89.17	0.337	0.103	1.58959	0	1.58106	-350.101	0	-348.187	0	0	-3.30597	
89.18	0.337	0.103	-1.58933	0	-1.58132	350.057	0	348.329	0	0	-3.30597	
89.19	0.337	0.103	1.58959	0	1.58106	-350.101	0	-348.187	0	0	-3.30597	
89.2	0.337	0.103	-1.58933	0	-1.58132	350.057	0	348.329	0	0	-3.30597	
89.21	0.337	0.103	1.58959	0	1.58106	-350.101	0	-348.187	0	0	-3.30597	
89.22	0.337	0.103	-1.58933	0	-1.58132	350.057	0	348.329	0	0	-3.30597	
89.23	0.337	0.103	1.58959	0	1.58106	-350.101	0	-348.187	0	0	-3.30597	
89.24	0.337	0.103	-1.58933	0	-1.58132	350.057	0	348.329	0	0	-3.30597	
89.25	0.337	0.103	1.58959	0	1.58106	-350.101	0	-348.187	0	0	-3.30597	
89.26	0.337	0.103	-1.58933	0	-1.58132	350.057	0	348.329	0	0	-3.30597	
89.27	0.337	0.103	1.58959	0	1.58106	-350.101	0	-348.187	0	0	-3.30597	
89.28	0.337	0.103	-1.58933	0	-1.58132	350.057	0	348.329	0	0	-3.30597	
89.29	0.337	0.103	1.58959	0	1.58106	-350.101	0	-348.187	0	0	-3.30597	
89.3	0.337	0.103	-1.58933	0	-1.58132	350.057	0	348.329	0	0	-3.30597	
89.31	0.337	0.103	1.58959	0	1.58106	-350.101	0	-348.187	0	0	-3.30597	
89.32	0.337	0.103	-1.58933	0	-1.58132	350.057	0	348.329	0	0	-3.30597	
89.33	0.337	0.103	1.58959	0	1.58106	-350.101	0	-348.187	0	0	-3.30597	
89.34	0.337	0.103	-1.58933	0	-1.58132	350.057	0	348.329	0	0	-3.30597	
89.35	0.337	0.103	1.58959	0	1.58106	-350.101	0	-348.187	0	0	-3.30597	
89.36	0.337	0.103	-1.58933	0	-1.58132	350.057	0	348.329	0	0	-3.30597	
89.37	0.337	0.103	1.58959	0	1.58106	-350.101	0	-348.187	0	0	-3.30597	
89.38	0.337	0.103	-1.58933	0	-1.58132	350.057	0	348.329	0	0	-3.30597	
89.39	0.337	0.103	1.58959	0	1.58106	-350.101	0	-348.187	0	0	-3.30597	
89.4	0.337	0.103	-1.58933	0	-1.58132	350.057	0	348.329	0	0	-3.30597	
89.41	0.337	0.103	1.58959	0	1.58106	-350.101	0	-348.187	0	0	-3.30597	
89.42	0.337	0.103	-1.58933	0	-1.58132	350.057	0	348.329	0	0	-3.30597	
89.43	0.337	0.103	1.58959	0	1.58106	-350.101	0	-348.187	0	0	-3.30597	
89.44	0.337	0.103	-1.58933	0	-1.58132	350.057	0	348.329	0	0	-3.30597	
89.45	0.337	0.103	1.58959	0	1.58106	-350.101	0	-348.187	0	0	-3.30597	
89.46	0.337	0.103	-1.58933	0	-1.58132	350.057	0	348.329	0	0	-3.30597	
89.47	0.337	0.103	1.58959	0	1.58106	-350.101	0	-348.187	0	0	-3.30597	
89.48	0.337	0.103	-1.58933	0	-1.58132	350.057	0	348.329	0	0	-3.30597	
89.49	0.337	0.103	1.58959	0	1.58106	-350.101	0	-348.187	0	0	-3.30597	
89.5	0.337	0.103	-1.58933	0	-1.58132	350.057	0	348.329	0	0	-3.30597	
89.51	0.337	0.103	1.58959	0	1.58106	-350.101	0	-348.187	0	0	-3.30597	
89.52	0.337	0.103	-1.58933	0	-1.58132	350.057	0	348.329	0	0	-3.30597	
89.53	0.337	0.103	1.58959	0	1.58106	-350.101	0	-348.187	0	0	-3.30597	
89.54	0.337	0.103	-1.58933	0	-1.58132	350.057	0	348.329	0	0	-3.30597	
89.55	0.337	0.103	1.58959	0	1.58106	-350.101	0	-348.187	0	0	-3.30597	
89.56	0.337	0.103	-1.58933	0	-1.58132	350.057	0	348.329	0	0	-3.30597	
89.57	0.337	0.103	1.58959	0	1.58106	-350.101	0	-348.187	0	0	-3.30597	
89.58	0.337	0.103	-1.58933	0	-1.58132	350.057	0	348.329	0	0	-3.30597	
89.59	0.337	0.103	1.58959	0	1.58106	-350.101	0	-348.187	0	0	-3.30597	
89.6	0.337	0.103	-1.58933	0	-1.58132	350.057	0	348.329	0	0	-3.30597	
89.61	0.337	0.103	1.58959	0	1.58106	-350.101	0	-348.187	0	0	-3.30597	
89.62	0.337	0.103	-1.58933	0	-1.58132	350.057	0	348.329	0	0	-3.30597	
89.63	0.337	0.103	1.58959	0	1.58106	-350.101	0	-348.187	0	0	-3.30597	
89.64	0.337	0.103	-1.58933	0	-1.58132	350.057	0	348.329	0	0	-3.30597	
89.65	0.337	0.103	1.58959	0	1.58106	-350.101	0	-348.187	0	0	-3.30597	
89.66	0.337	0.103	-1.58933	0	-1.58132	350.057	0	348.329	0	0	-3.30597	
89.67	0.337	0.103	1.58959	0	1.58106	-350.101	0	-348.187	0	0	-3.30597	
89.68	0.337	0.103	-1.58933	0	-1.58132	350.057	0	348.329	0	0	-3.30597	
89.69	0.337	0.103	1.58959	0	1.58106	-350.101	0	-348.187	0	0	-3.30597	
89.7	0.337	0.103	-1.58933	0	-1.58132	350.057	0	348.329	0	0	-3.30597	
89.71	0.337	0.103	1.58959	0	1.58106	-350.101	0	-348.187	0	0	-3.30597	
89.72	0.337	0.103	-1.58933	0	-1.58132	350.057	0	348.329	0	0	-3.30597	
89.73	0.337	0.103	1.58959	0	1.58106	-350.101	0	-348.187	0	0	-3.30597	
89.74	0.337	0.103	-1.58933	0	-1.58132	350.057	0	348.329	0	0	-3.30597	
89.75	0.337	0.103	1.58959	0	1.58106	-350.101	0	-348.187	0	0	-3.30597	
89.76	0.337	0.103	-1.58933	0	-1.58132	350.057	0	348.329	0	0	-3.30597	
89.77	0.337	0.103	1.58959	0	1.58106	-350.101	0	-348.187	0	0	-3.30597	
89.78	0.337	0.103	-1.58933	0	-1.58132	350.057	0	348.329	0	0	-3.30597	
89.79	0.337	0.103	1.58959	0	1.58106	-350.101	0	-348.187	0	0	-3.30597	
89.8	0.337	0.103	-1.58933	0	-1.58132	350.057	0	348.329	0	0	-3.30597	
89.81	0.337	0.103	1.58959	0	1.58106	-350.101	0	-348.187	0	0	-3.30597	
89.82	0.337	0.103	-1.58933	0	-1.58132	350.057	0	348.329	0	0	-3.30597	
89.83	0.337	0.103	1.58959	0	1.58106	-350.101	0	-348.187	0	0	-3.30597	
89.84	0.337	0.103	-1.58933	0	-1.58132	350.057	0	348.329	0	0	-3.30597	
89.85	0.337	0.103	1.58959	0	1.58106	-350.101	0	-348.187	0	0	-3.30597	
89.86	0.337	0.103	-1.58933	0	-1.58132	350.057	0	348.329	0	0	-3.30597	
89.87	0.337	0.103	1.58959	0	1.58106	-350.101	0	-348.187	0	0	-3.30597	
89.88	0.337	0.103	-1.58933	0	-1.58132	350.057	0	348.329	0	0	-3.30597	
89.89	0.337	0.103	1.58959	0	1.58106	-350.101	0	-348.187	0	0	-3.30597	
89.9	0.337	0.103	-1.58933	0	-1.58132	350.057	0	348.329	0	0	-3.30597	
89.91	0.337	0.103	1.58959	0	1.58106	-350.101	0	-348.187	0	0	-3.30597	
89.92	0.337	0.103	-1.58933	0	-1.58132	350.057	0	348.329	0	0	-3.30597	
89.93	0.337	0.103	1.58959	0	1.58106	-350.101	0	-348.187	0	0	-3.30597	
89.94	0.337	0.103	-1.58933	0	-1.58132	350.057	0	348.329	0	0	-3.30597	
89.95	0.337	0.103	1.58959	0	1.58106	-350.101	0	-348.187	0	0	-3.30597	
89.96	0.337	0.103	-1.58933	0	-1.58132	350.057	0	348.329	0	0	-3.30597	
89.97	0.337	0.103	1.58959	0	1.58106	-350.101	0	-348.187	0	0	-3.30597	
89.98	0.337	0.103	-1.58933	0	-1.58132	350.057	0	348.329	0	0	-3.30597	
89.99	0.337	0.103	1.58959	0	1.58106	-350.101	0	-348.187	0	0	-3.30597	
90	0.337	0.103	-1.58933	0	-1.58132	350.057	0	348.329	0	0	-3.30597	
90.01	0.337	0.103	1.58959	0	1.58106	-350.101	0	-348.187	0	0	-3.30597	
90.02	0.337	0.103	-1.58933	0	-1.58132	350.057	0	348.329	0	0	-3.30597	
90.03	0.337	0.103	1.58959	0	1.58106	-350.101	0	-348.187	0	0	-3.30597	
90.04	0.337	0.103	-1.58933	0	-1.58132	350.057	0	348.329	0	0	-3.30597	
90.05	0.337	0.103	1.58959	0	1.58106	-350.101	0	-348.187	0	0	-3.30597	
90.06	0.337	0.103	-1.58933	0	-1.58132	350.057	0	348.329	0	0	-3.30597	
90.07	0.337	0.103	1.58959	0	1.58106	-350.101	0	-348.187	0	0	-3.30597	
90.08	0.337	0.103	-1.58933	0	-1.58132	350.057	0	348.329	0	0	-3.30597	
90.09	0.337	0.103	1.58959	0	1.58106	-350.101	0	-348.187	0	0	-3.30597	
90.1	0.337	0.103	-1.58933	0	-1.58132	350.057	0	348.329	0	0	-3.30597	
90.11	0.337	0.103	1.58959	0	1.58106	-350.101	0	-348.187	0	0	-3.30597	
90.12	0.337	0.103	-1.58933	0	-1.58132	350.057	0	348.329	0	0	-3.30597	
90.13	0.337	0.103	1.58959	0	1.58106	-350.101	0	-348.187	0	0	-3.30597	
90.14	0.337	0.103	-1.58933	0	-1.58132	350.057	0	348.329	0	0	-3.30597	
90.15	0.337	0.103	1.58959	0	1.58106	-350.101	0	-348.187	0	0	-3.30597	
90.16	0.337	0.103	-1.58933	0	-1.58132	350.057	0	348.329	0	0	-3.30597	
90.17	0.337	0.103	1.58959	0	1.58106	-350.101	0	-348.187	0	0	-3.30597	
90.18	0.337	0.103	-1.58933	0	-1.58132	350.057	0	348.329	0	0	-3.30597	
90.19	0.337	0.103	1.58959	0	1.58106	-350.101	0	-348.187	0	0	-3.30597	
90.2	0.337	0.103	-1.58933	0	-1.58132	350.057	0	348.329	0	0	-3.30597	
90.21	0.337	0.103	1.58959	0	1.58106	-350.101	0	-348.187	0	0	-3.30597	
90.22	0.337	0.103	-1.58933	0	-1.58132	350.057	0	348.329	0	0	-3.30597	
90.23	0.337	0.103	1.58959	0	1.58106	-350.101	0	-348.187	0	0	-3.30597	
90.24	0.337	0.103	-1.58933	0	-1.58132	350.057	0	348.329	0	0	-3.30597	
90.25	0.337	0.103	1.58959	0	1.58106	-350.101	0	-348.187	0	0	-3.30597	
90.26	0.337	0.103	-1.58933	0	-1.58132	350.057	0	348.329	0	0	-3.30597	
90.27	0.337	0.103	1.58959	0	1.58106	-350.101	0	-348.187	0	0	-3.30597	
90.28	0.337	0.103	-1.58933	0	-1.58132	350.057	0	348.329	0	0	-3.30597	
90.29	0.337	0.103	1.58959	0	1.58106	-350.101	0	-348.187	0	0	-3.30597	
90.3	0.337	0.103	-1.58933	0	-1.58132	350.057	0	348.329	0	0	-3.30597	
90.31	0.337	0.103	1.58959	0	1.58106	-350.101	0	-348.187	0	0	-3.30597	
90.32	0.337	0.103	-1.58933	0	-1.58132	350.057	0	348.329	0	0	-3.30597	
90.33	0.337	0.103	1.58959	0	1.58106	-350.101	0	-348.187	0	0	-3.30597	
90.34	0.337	0.103	-1.58933	0	-1.58132	350.057	0	348.329	0	0	-3.30597	
90.35	0.337	0.103	1.58959	0	1.58106	-350.101	0	-348.187	0	0	-3.30597	
90.36	0.337	0.103	-1.58933	0	-1.58132	350.057	0	348.329	0	0	-3.30597	
90.37	0.337	0.103	1.58959	0	1.58106	-350.101	0	-348.187	0	0	-3.30597	
90.38	0.337	0.103	-1.58933	0	-1.58132	350.057	0	348.329	0	0	-3.30597	
90.39	0.337	0.103	1.58959	0	1.58106	-350.101	0	-348.187	0	0	-3.30597	
90.4	0.337	0.103	-1.58933	0	-1.58132	350.057	0	348.329	0	0	-3.30597	
90.41	0.337	0.103	1.58959	0	1.58106	-350.101	0	-348.187	0	0	-3.30597	
90.42	0.337	0.103	-1.58933	0	-1.58132	350.057	0	348.329	0	0	-3.30597	
90.43	0.337	0.103	1.58959	0	1.58106	-350.101	0	-348.187	0	0	-3.30597	
90.44	0.337	0.103	-1.58933	0	-1.58132	350.057	0	348.329	0	0	-3.30597	
90.45	0.337	0.103	1.58959	0	1.58106	-350.101	0	-348.187	0	0	-3.30597	
90.46	0.337	0.103	-1.58933	0	-1.58132	350.057	0	348.329	0	0	-3.30597	
90.47	0.337	0.103	1.58959	0	1.58106	-350.101	0	-348.187	0	0	-3.30597	
90.48	0.337	0.103	-1.58933	0	-1.58132	350.057	0	348.329	0	0	-3.30597	
90.49	0.337	0.103	1.58959	0	1.58106	-350.101	0	-348.187	0	0	-3.30597	
90.5	0.337	0.103	-1.58933	0	-1.58132	350.057	0	348.329	0	0	-3.30597	
90.51	0.337	0.103	1.58959	0	1.58106	-350.101	0	-348.187	0	0	-3.30597	
90.52	0.337	0.103	-1.58933	0	-1.58132	350.057	0	348.329	0	0	-3.30597	
90.53	0.337	0.103	1.58959	0	1.58106	-350.101	0	-348.187	0	0	-3.30597	
90.54	0.337	0.103	-1.58933	0	-1.58132	350.057	0	348.329	0	0	-3.30597	
90.55	0.337	0.103	1.58959	0	1.58106	-350.101	0	-348.187	0	0	-3.30597	
90.56	0.337	0.103	-1.58933	0	-1.58132	350.057	0	348.329	0	0	-3.30597	
90.57	0.337	0.103	1.58959	0	1.58106	-350.101	0	-348.187	0	0	-3.30597	
90.58	0.337	0.103	-1.58933	0	-1.58132	350.057	0	348.329	0	0	-3.30597	
90.59	0.337	0.103	1.58959	0	1.58106	-350.101	0	-348.187	0	0	-3.30597	
90.6	0.337	0.103	-1.58933	0	-1.58132	350.057	0	348.329	0	0	-3.30597	
90.61	0.337	0.103	1.58959	0	1.58106	-350.101	0	-348.187	0	0	-3.30597	
90.62	0.337	0.103	-1.58933	0	-1.58132	350.057	0	348.329	0	0	-3.30597	
90.63	0.337	0.103	1.58959	0	1.58106	-350.101	0	-348.187	0	0	-3.30597	
90.64	0.337	0.103	-1.58933	0	-1.58132	350.057	0	348.329	0	0	-3.30597	
90.65	0.337	0.103	1.58959	0	1.58106	-350.1	0	-348.187	0	0	-3.30597	
90.66	0.337	0.103	-1.58933	0	-1.58132	350.057	0	348.329	0	0	-3.30597	
90.67	0.337	0.103	1.58959	0	1.58106	-350.1	0	-348.187	0	0	-3.30597	
90.68	0.337	0.103	-1.58933	0	-1.58132	350.057	0	348.329	0	0	-3.30597	
90.69	0.337	0.103	1.58959	0	1.58106	-350.1	0	-348.187	0	0	-3.30597	
90.7	0.337	0.103	-1.58933	0	-1.58132	350.057	0	348.329	0	0	-3.30597	
90.71	0.337	0.103	1.58959	0	1.58106	-350.1	0	-348.187	0	0	-3.30597	
90.72	0.337	0.103	-1.58933	0	-1.58132	350.057	0	348.329	0	0	-3.30597	
90.73	0.337	0.103	1.58959	0	1.58106	-350.1	0	-348.187	0	0	-3.30597	
90.74	0.337	0.103	-1.58933	0	-1.58132	350.057	0	348.329	0	0	-3.30597	
90.75	0.337	0.103	1.58959	0	1.58106	-350.1	0	-348.187	0	0	-3.30597	
90.76	0.337	0.103	-1.58933	0	-1.58132	350.057	0	348.329	0	0	-3.30597	
90.77	0.337	0.103	1.58959	0	1.58106	-350.1	0	-348.187	0	0	-3.30597	
90.78	0.337	0.103	-1.58933	0	-1.58132	350.057	0	348.329	0	0	-3.30597	
90.79	0.337	0.103	1.58959	0	1.58106	-350.1	0	-348.187	0	0	-3.30597	
90.8	0.337	0.103	-1.58933	0	-1.58132	350.057	0	348.329	0	0	-3.30597	
90.81	0.337	0.103	1.58959	0	1.58106	-350.1	0	-348.187	0	0	-3.30597	
90.82	0.337	0.103	-1.58933	0	-1.58132	350.057	0	348.329	0	0	-3.30597	
90.83	0.337	0.103	1.58959	0	1.58106	-350.1	0	-348.187	0	0	-3.30597	
90.84	0.337	0.103	-1.58933	0	-1.58132	350.057	0	348.329	0	0	-3.30597	
90.85	0.337	0.103	1.58959	0	1.58106	-350.1	0	-348.187	0	0	-3.30597	
90.86	0.337	0.103	-1.58933	0	-1.58132	350.057	0	348.329	0	0	-3.30597	
90.87	0.337	0.103	1.58959	0	1.58106	-350.1	0	-348.187	0	0	-3.30597	
90.88	0.337	0.103	-1.58933	0	-1.58132	350.057	0	348.329	0	0	-3.30597	
90.89	0.337	0.103	1.58959	0	1.58106	-350.1	0	-348.187	0	0	-3.30597	
90.9	0.337	0.103	-1.58933	0	-1.58132	350.057	0	348.329	0	0	-3.30597	
90.91	0.337	0.103	1.58959	0	1.58106	-350.1	0	-348.186	0	0	-3.30597	
90.92	0.337	0.103	-1.58933	0	-1.58132	350.057	0	348.329	0	0	-3.30597	
90.93	0.337	0.103	1.58959	0	1.58106	-350.1	0	-348.186	0	0	-3.30597	
90.94	0.337	0.103	-1.58933	0	-1.58132	350.057	0	348.329	0	0	-3.30597	
90.95	0.337	0.103	1.58959	0	1.58106	-350.1	0	-348.186	0	0	-3.30597	
90.96	0.337	0.103	-1.58933	0	-1.58132	350.057	0	348.329	0	0	-3.30597	
90.97	0.337	0.103	1.58959	0	1.58106	-350.1	0	-348.186	0	0	-3.30597	
90.98	0.337	0.103	-1.58933	0	-1.58132	350.057	0	348.329	0	0	-3.30597	
90.99	0.337	0.103	1.58959	0	1.58106	-350.1	0	-348.186	0	0	-3.30597	
91	0.337	0.103	-1.58933	0	-1.58132	350.057	0	348.329	0	0	-3.30597	
91.01	0.337	0.103	1.58959	0	1.58106	-350.1	0	-348.186	0	0	-3.30597	
91.02	0.337	0.103	-1.58933	0	-1.58132	350.057	0	348.329	0	0	-3.30597	
91.03	0.337	0.103	1.58959	0	1.58106	-350.1	0	-348.186	0	0	-3.30597	
91.04	0.337	0.103	-1.58933	0	-1.58132	350.057	0	348.329	0	0	-3.30597	
91.05	0.337	0.103	1.58959	0	1.58106	-350.1	0	-348.186	0	0	-3.30597	
91.06	0.337	0.103	-1.58933	0	-1.58132	350.057	0	348.329	0	0	-3.30597	
91.07	0.337	0.103	1.58959	0	1.58106	-350.1	0	-348.186	0	0	-3.30597	
91.08	0.337	0.103	-1.58933	0	-1.58132	350.057	0	348.329	0	0	-3.30597	
91.09	0.337	0.103	1.58959	0	1.58106	-350.1	0	-348.186	0	0	-3.30597	
91.1	0.337	0.103	-1.58933	0	-1.58132	350.057	0	348.329	0	0	-3.30597	
91.11	0.337	0.103	1.58959	0	1.58106	-350.1	0	-348.186	0	0	-3.30597	
91.12	0.337	0.103	-1.58933	0	-1.58132	350.056	0	348.329	0	0	-3.30597	
91.13	0.337	0.103	1.58959	0	1.58106	-350.1	0	-348.186	0	0	-3.30597	
91.14	0.337	0.103	-1.58933	0	-1.58132	350.056	0	348.329	0	0	-3.30597	
91.15	0.337	0.103	1.58959	0	1.58106	-350.1	0	-348.186	0	0	-3.30597	
91.16	0.337	0.103	-1.58933	0	-1.58132	350.056	0	348.329	0	0	-3.30597	
91.17	0.337	0.103	1.58959	0	1.58106	-350.1	0	-348.186	0	0	-3.30597	
91.18	0.337	0.103	-1.58933	0	-1.58132	350.056	0	348.329	0	0	-3.30597	
91.19	0.337	0.103	1.58959	0	1.58106	-350.1	0	-348.186	0	0	-3.30597	
91.2	0.337	0.103	-1.58933	0	-1.58132	350.056	0	348.329	0	0	-3.30597	
91.21	0.337	0.103	1.58959	0	1.58106	-350.1	0	-348.186	0	0	-3.30597	
91.22	0.337	0.103	-1.58933	0	-1.58132	350.056	0	348.329	0	0	-3.30597	
91.23	0.337	0.103	1.58959	0	1.58106	-350.1	0	-348.186	0	0	-3.30597	
91.24	0.337	0.103	-1.58933	0	-1.58132	350.056	0	348.329	0	0	-3.30597	
91.25	0.337	0.103	1.58959	0	1.58106	-350.1	0	-348.186	0	0	-3.30597	
91.26	0.337	0.103	-1.58933	0	-1.58132	350.056	0	348.329	0	0	-3.30597	
91.27	0.337	0.103	1.58959	0	1.58106	-350.1	0	-348.186	0	0	-3.30597	
91.28	0.337	0.103	-1.58933	0	-1.58132	350.056	0	348.329	0	0	-3.30597	
91.29	0.337	0.103	1.58959	0	1.58106	-350.1	0	-348.186	0	0	-3.30597	
91.3	0.337	0.103	-1.58933	0	-1.58132	350.056	0	348.329	0	0	-3.30597	
91.31	0.337	0.103	1.58959	0	1.58106	-350.1	0	-348.186	0	0	-3.30597	
91.32	0.337	0.103	-1.58933	0	-1.58132	350.056	0	348.329	0	0	-3.30597	
91.33	0.337	0.103	1.58959	0	1.58106	-350.1	0	-348.186	0	0	-3.30597	
91.34	0.337	0.103	-1.58933	0	-1.58132	350.056	0	348.328	0	0	-3.30597	
91.35	0.337	0.103	1.58959	0	1.58106	-350.1	0	-348.186	0	0	-3.30597	
91.36	0.337	0.103	-1.58933	0	-1.58132	350.056	0	348.328	0	0	-3.30597	
91.37	0.337	0.103	1.58959	0	1.58106	-350.1	0	-348.186	0	0	-3.30597	
91.38	0.337	0.103	-1.58933	0	-1.58132	350.056	0	348.328	0	0	-3.30597	
91.39	0.337	0.103	1.58959	0	1.58106	-350.1	0	-348.186	0	0	-3.30597	
91.4	0.337	0.103	-1.58933	0	-1.58132	350.056	0	348.328	0	0	-3.30597	
91.41	0.337	0.103	1.58959	0	1.58106	-350.1	0	-348.186	0	0	-3.30597	
91.42	0.337	0.103	-1.58933	0	-1.58132	350.056	0	348.328	0	0	-3.30597	
91.43	0.337	0.103	1.58959	0	1.58106	-350.1	0	-348.186	0	0	-3.30597	
91.44	0.337	0.103	-1.58933	0	-1.58132	350.056	0	348.328	0	0	-3.30597	
91.45	0.337	0.103	1.58959	0	1.58106	-350.1	0	-348.186	0	0	-3.30597	
91.46	0.337	0.103	-1.58933	0	-1.58132	350.056	0	348.328	0	0	-3.30597	
91.47	0.337	0.103	1.58959	0	1.58106	-350.1	0	-348.186	0	0	-3.30597	
91.48	0.337	0.103	-1.58933	0	-1.58132	350.056	0	348.328	0	0	-3.30597	
91.49	0.337	0.103	1.58959	0	1.58106	-350.1	0	-348.186	0	0	-3.30597	
91.5	0.337	0.103	-1.58933	0	-1.58132	350.056	0	348.328	0	0	-3.30597	
91.51	0.337	0.103	1.58959	0	1.58106	-350.1	0	-348.186	0	0	-3.30597	
91.52	0.337	0.103	-1.58933	0	-1.58132	350.056	0	348.328	0	0	-3.30597	
91.53	0.337	0.103	1.58959	0	1.58106	-350.1	0	-348.186	0	0	-3.30597	
91.54	0.337	0.103	-1.58933	0	-1.58132	350.056	0	348.328	0	0	-3.30597	
91.55	0.337	0.103	1.58959	0	1.58106	-350.1	0	-348.186	0	0	-3.30597	
91.56	0.337	0.103	-1.58933	0	-1.58132	350.056	0	348.328	0	0	-3.30597	
91.57	0.337	0.103	1.58959	0	1.58106	-350.1	0	-348.186	0	0	-3.30597	
91.58	0.337	0.103	-1.58933	0	-1.58132	350.056	0	348.328	0	0	-3.30597	
91.59	0.337	0.103	1.58959	0	1.58106	-350.1	0	-348.186	0	0	-3.30597	
91.6	0.337	0.103	-1.58933	0	-1.58132	350.056	0	348.328	0	0	-3.30597	
91.61	0.337	0.103	1.58959	0	1.58106	-350.1	0	-348.186	0	0	-3.30597	
91.62	0.337	0.103	-1.58933	0	-1.58132	350.056	0	348.328	0	0	-3.30597	
91.63	0.337	0.103	1.58959	0	1.58106	-350.1	0	-348.186	0	0	-3.30597	
91.64	0.337	0.103	-1.58933	0	-1.58132	350.056	0	348.328	0	0	-3.30597	
91.65	0.337	0.103	1.58959	0	1.58106	-350.1	0	-348.186	0	0	-3.30597	
91.66	0.337	0.103	-1.58933	0	-1.58132	350.056	0	348.328	0	0	-3.30597	
91.67	0.337	0.103	1.58959	0	1.58106	-350.1	0	-348.186	0	0	-3.30597	
91.68	0.337	0.103	-1.58933	0	-1.58132	350.056	0	348.328	0	0	-3.30597	
91.69	0.337	0.103	1.58959	0	1.58106	-350.1	0	-348.186	0	0	-3.30597	
91.7	0.337	0.103	-1.58933	0	-1.58132	350.056	0	348.328	0	0	-3.30597	
91.71	0.337	0.103	1.58959	0	1.58106	-350.1	0	-348.186	0	0	-3.30597	
91.72	0.337	0.103	-1.58933	0	-1.58132	350.056	0	348.328	0	0	-3.30597	
91.73	0.337	0.103	1.58959	0	1.58106	-350.1	0	-348.186	0	0	-3.30597	
91.74	0.337	0.103	-1.58933	0	-1.58132	350.056	0	348.328	0	0	-3.30597	
91.75	0.337	0.103	1.58959	0	1.58106	-350.1	0	-348.186	0	0	-3.30597	
91.76	0.337	0.103	-1.58933	0	-1.58132	350.056	0	348.328	0	0	-3.30597	
91.77	0.337	0.103	1.58959	0	1.58106	-350.1	0	-348.186	0	0	-3.30597	
91.78	0.337	0.103	-1.58933	0	-1.58132	350.056	0	348.328	0	0	-3.30597	
91.79	0.337	0.103	1.58959	0	1.58106	-350.1	0	-348.186	0	0	-3.30597	
91.8	0.337	0.103	-1.58933	0	-1.58132	350.056	0	348.328	0	0	-3.30597	
91.81	0.337	0.103	1.58959	0	1.58106	-350.1	0	-348.186	0	0	-3.30597	
91.82	0.337	0.103	-1.58933	0	-1.58132	350.056	0	348.328	0	0	-3.30597	
91.83	0.337	0.103	1.58959	0	1.58106	-350.1	0	-348.186	0	0	-3.30597	
91.84	0.337	0.103	-1.58933	0	-1.58132	350.056	0	348.328	0	0	-3.30597	
91.85	0.337	0.103	1.58959	0	1.58106	-350.1	0	-348.186	0	0	-3.30597	
91.86	0.337	0.103	-1.58933	0	-1.58132	350.056	0	348.328	0	0	-3.30597	
91.87	0.337	0.103	1.58959	0	1.58106	-350.1	0	-348.186	0	0	-3.30597	
91.88	0.337	0.103	-1.58933	0	-1.58132	350.056	0	348.328	0	0	-3.30597	
91.89	0.337	0.103	1.58959	0	1.58106	-350.1	0	-348.186	0	0	-3.30597	
91.9	0.337	0.103	-1.58933	0	-1.58132	350.056	0	348.328	0	0	-3.30597	
91.91	0.337	0.103	1.58959	0	1.58106	-350.1	0	-348.186	0	0	-3.30597	
91.92	0.337	0.103	-1.58933	0	-1.58132	350.056	0	348.328	0	0	-3.30597	
91.93	0.337	0.103	1.58959	0	1.58106	-350.1	0	-348.186	0	0	-3.30597	
91.94	0.337	0.103	-1.58933	0	-1.58132	350.056	0	348.328	0	0	-3.30597	
91.95	0.337	0.103	1.58959	0	1.58106	-350.1	0	-348.186	0	0	-3.30597	
91.96	0.337	0.103	-1.58933	0	-1.58132	350.056	0	348.328	0	0	-3.30597	
91.97	0.337	0.103	1.58959	0	1.58106	-350.1	0	-348.186	0	0	-3.30597	
91.98	0.337	0.103	-1.58933	0	-1.58132	350.056	0	348.328	0	0	-3.30597	
91.99	0.337	0.103	1.58959	0	1.58106	-350.1	0	-348.186	0	0	-3.30597	
92	0.337	0.103	-1.58933	0	-1.58132	350.056	0	348.328	0	0	-3.30597	
92.01	0.337	0.103	1.58959	0	1.58106	-350.1	0	-348.186	0	0	-3.30597	
92.02	0.337	0.103	-1.58933	0	-1.58132	350.056	0	348.328	0	0	-3.30597	
92.03	0.337	0.103	1.58959	0	1.58106	-350.1	0	-348.186	0	0	-3.30597	
92.04	0.337	0.103	-1.58933	0	-1.58132	350.056	0	348.328	0	0	-3.30597	
92.05	0.337	0.103	1.58959	0	1.58106	-350.1	0	-348.186	0	0	-3.30597	
92.06	0.337	0.103	-1.58933	0	-1.58132	350.056	0	348.328	0	0	-3.30597	
92.07	0.337	0.103	1.58959	0	1.58106	-350.1	0	-348.186	0	0	-3.30597	
92.08	0.337	0.103	-1.58933	0	-1.58132	350.056	0	348.328	0	0	-3.30597	
92.09	0.337	0.103	1.58959	0	1.58106	-350.1	0	-348.186	0	0	-3.30597	
92.1	0.337	0.103	-1.58933	0	-1.58132	350.056	0	348.328	0	0	-3.30597	
92.11	0.337	0.103	1.58959	0	1.58106	-350.1	0	-348.186	0	0	-3.30597	
92.12	0.337	0.103	-1.58933	0	-1.58132	350.056	0	348.328	0	0	-3.30597	
92.13	0.337	0.103	1.58959	0	1.58106	-350.1	0	-348.186	0	0	-3.30597	
92.14	0.337	0.103	-1.58933	0	-1.58132	350.056	0	348.328	0	0	-3.30597	
92.15	0.337	0.103	1.58959	0	1.58106	-350.1	0	-348.186	0	0	-3.30597	
92.16	0.337	0.103	-1.58933	0	-1.58132	350.056	0	348.328	0	0	-3.30597	
92.17	0.337	0.103	1.58959	0	1.58106	-350.1	0	-348.186	0	0	-3.30597	
92.18	0.337	0.103	-1.58933	0	-1.58132	350.056	0	348.328	0	0	-3.30597	
92.19	0.337	0.103	1.58959	0	1.58106	-350.1	0	-348.186	0	0	-3.30597	
92.2	0.337	0.103	-1.58933	0	-1.58132	350.056	0	348.328	0	0	-3.30597	
92.21	0.337	0.103	1.58959	0	1.58106	-350.1	0	-348.186	0	0	-3.30597	
92.22	0.337	0.103	-1.58933	0	-1.58132	350.056	0	348.328	0	0	-3.30597	
92.23	0.337	0.103	1.58959	0	1.58106	-350.1	0	-348.186	0	0	-3.30597	
92.24	0.337	0.103	-1.58933	0	-1.58132	350.056	0	348.328	0	0	-3.30597	
92.25	0.337	0.103	1.58959	0	1.58106	-350.1	0	-348.186	0	0	-3.30597	
92.26	0.337	0.103	-1.58933	0	-1.58132	350.056	0	348.328	0	0	-3.30597	
92.27	0.337	0.103	1.58959	0	1.58106	-350.1	0	-348.186	0	0	-3.30597	
92.28	0.337	0.103	-1.58933	0	-1.58132	350.056	0	348.328	0	0	-3.30597	
92.29	0.337	0.103	1.58959	0	1.58106	-350.1	0	-348.186	0	0	-3.30597	
92.3	0.337	0.103	-1.58933	0	-1.58132	350.056	0	348.328	0	0	-3.30597	
92.31	0.337	0.103	1.58959	0	1.58106	-350.1	0	-348.186	0	0	-3.30597	
92.32	0.337	0.103	-1.58933	0	-1.58132	350.056	0	348.328	0	0	-3.30597	
92.33	0.337	0.103	1.58959	0	1.58106	-350.1	0	-348.186	0	0	-3.30597	
92.34	0.337	0.103	-1.58933	0	-1.58132	350.056	0	348.328	0	0	-3.30597	
92.35	0.337	0.103	1.58959	0	1.58106	-350.1	0	-348.186	0	0	-3.30597	
92.36	0.337	0.103	-1.58933	0	-1.58132	350.056	0	348.328	0	0	-3.30597	
92.37	0.337	0.103	1.58959	0	1.58106	-350.1	0	-348.186	0	0	-3.30597	
92.38	0.337	0.103	-1.58933	0	-1.58132	350.056	0	348.328	0	0	-3.30597	
92.39	0.337	0.103	1.58959	0	1.58106	-350.1	0	-348.186	0	0	-3.30597	
92.4	0.337	0.103	-1.58933	0	-1.58132	350.056	0	348.328	0	0	-3.30597	
92.41	0.337	0.103	1.58959	0	1.58106	-350.1	0	-348.186	0	0	-3.30597	
92.42	0.337	0.103	-1.58933	0	-1.58132	350.056	0	348.328	0	0	-3.30597	
92.43	0.337	0.103	1.58959	0	1.58106	-350.1	0	-348.186	0	0	-3.30597	
92.44	0.337	0.103	-1.58933	0	-1.58132	350.056	0	348.328	0	0	-3.30597	
92.45	0.337	0.103	1.58959	0	1.58106	-350.1	0	-348.186	0	0	-3.30597	
92.46	0.337	0.103	-1.58933	0	-1.58132	350.056	0	348.328	0	0	-3.30597	
92.47	0.337	0.103	1.58959	0	1.58106	-350.1	0	-348.186	0	0	-3.30597	
92.48	0.337	0.103	-1.58933	0	-1.58132	350.056	0	348.328	0	0	-3.30597	
92.49	0.337	0.103	1.58959	0	1.58106	-350.1	0	-348.186	0	0	-3.30597	
92.5	0.337	0.103	-1.58933	0	-1.58132	350.056	0	348.328	0	0	-3.30597	
92.51	0.337	0.103	1.58959	0	1.58106	-350.1	0	-348.186	0	0	-3.30597	
92.52	0.337	0.103	-1.58933	0	-1.58132	350.056	0	348.328	0	0	-3.30597	
92.53	0.337	0.103	1.58959	0	1.58106	-350.1	0	-348.186	0	0	-3.30597	
92.54	0.337	0.103	-1.58933	0	-1.58132	350.056	0	348.328	0	0	-3.30597	
92.55	0.337	0.103	1.58959	0	1.58106	-350.1	0	-348.186	0	0	-3.30597	
92.56	0.337	0.103	-1.58933	0	-1.58132	350.056	0	348.328	0	0	-3.30597	
92.57	0.337	0.103	1.58959	0	1.58106	-350.1	0	-348.186	0	0	-3.30597	
92.58	0.337	0.103	-1.58933	0	-1.58132	350.056	0	348.328	0	0	-3.30597	
92.59	0.337	0.103	1.58959	0	1.58106	-350.1	0	-348.186	0	0	-3.30597	
92.6	0.337	0.103	-1.58933	0	-1.58132	350.056	0	348.328	0	0	-3.30597	
92.61	0.337	0.103	1.58959	0	1.58106	-350.1	0	-348.186	0	0	-3.30597	
92.62	0.337	0.103	-1.58933	0	-1.58132	350.056	0	348.328	0	0	-3.30597	
92.63	0.337	0.103	1.58959	0	1.58106	-350.1	0	-348.186	0	0	-3.30597	
92.64	0.337	0.103	-1.58933	0	-1.58132	350.056	0	348.328	0	0	-3.30597	
92.65	0.337	0.103	1.58959	0	1.58106	-350.1	0	-348.186	0	0	-3.30597	
92.66	0.337	0.103	-1.58933	0	-1.58132	350.056	0	348.328	0	0	-3.30597	
92.67	0.337	0.103	1.58959	0	1.58106	-350.1	0	-348.186	0	0	-3.30597	
92.68	0.337	0.103	-1.58933	0	-1.58132	350.056	0	348.328	0	0	-3.30597	
92.69	0.337	0.103	1.58959	0	1.58106	-350.1	0	-348.186	0	0	-3.30597	
92.7	0.337	0.103	-1.58933	0	-1.58132	350.056	0	348.328	0	0	-3.30597	
92.71	0.337	0.103	1.58959	0	1.58106	-350.1	0	-348.186	0	0	-3.30597	
92.72	0.337	0.103	-1.58933	0	-1.58132	350.056	0	348.328	0	0	-3.30597	
92.73	0.337	0.103	1.58959	0	1.58106	-350.1	0	-348.186	0	0	-3.30597	
92.74	0.337	0.103	-1.58933	0	-1.58132	350.056	0	348.328	0	0	-3.30597	
92.75	0.337	0.103	1.58959	0	1.58106	-350.1	0	-348.186	0	0	-3.30597	
92.76	0.337	0.103	-1.58933	0	-1.58132	350.056	0	348.328	0	0	-3.30597	
92.77	0.337	0.103	1.58959	0	1.58106	-350.1	0	-348.186	0	0	-3.30597	
92.78	0.337	0.103	-1.58933	0	-1.58132	350.056	0	348.328	0	0	-3.30597	
92.79	0.337	0.103	1.58959	0	1.58106	-350.1	0	-348.186	0	0	-3.30597	
92.8	0.337	0.103	-1.58933	0	-1.58132	350.056	0	348.328	0	0	-3.30597	
92.81	0.337	0.103	1.58959	0	1.58106	-350.1	0	-348.186	0	0	-3.30597	
92.82	0.337	0.103	-1.58933	0	-1.58132	350.056	0	348.328	0	0	-3.30597	
92.83	0.337	0.103	1.58959	0	1.58106	-350.1	0	-348.186	0	0	-3.30597	
92.84	0.337	0.103	-1.58933	0	-1.58132	350.056	0	348.328	0	0	-3.30597	
92.85	0.337	0.103	1.58959	0	1.58106	-350.1	0	-348.186	0	0	-3.30597	
92.86	0.337	0.103	-1.58933	0	-1.58132	350.056	0	348.328	0	0	-3.30597	
92.87	0.337	0.103	1.58959	0	1.58106	-350.1	0	-348.186	0	0	-3.30597	
92.88	0.337	0.103	-1.58933	0	-1.58132	350.056	0	348.328	0	0	-3.30597	
92.89	0.337	0.103	1.58959	0	1.58106	-350.1	0	-348.186	0	0	-3.30597	
92.9	0.337	0.103	-1.58933	0	-1.58132	350.056	0	348.328	0	0	-3.30597	
92.91	0.337	0.103	1.58959	0	1.58106	-350.1	0	-348.186	0	0	-3.30597	
92.92	0.337	0.103	-1.58933	0	-1.58132	350.056	0	348.328	0	0	-3.30597	
92.93	0.337	0.103	1.58959	0	1.58106	-350.1	0	-348.186	0	0	-3.30597	
92.94	0.337	0.103	-1.58933	0	-1.58132	350.056	0	348.328	0	0	-3.30597	
92.95	0.337	0.103	1.58959	0	1.58106	-350.1	0	-348.186	0	0	-3.30597	
92.96	0.337	0.103	-1.58933	0	-1.58132	350.056	0	348.328	0	0	-3.30597	
92.97	0.337	0.103	1.58959	0	1.58106	-350.1	0	-348.186	0	0	-3.30597	
92.98	0.337	0.103	-1.58933	0	-1.58132	350.056	0	348.328	0	0	-3.30597	
92.99	0.337	0.103	1.58959	0	1.58106	-350.1	0	-348.186	0	0	-3.30597	
93	0.337	0.103	-1.58933	0	-1.58132	350.056	0	348.328	0	0	-3.30597	
93.01	0.337	0.103	1.58959	0	1.58106	-350.1	0	-348.186	0	0	-3.30597	
93.02	0.337	0.103	-1.58933	0	-1.58132	350.056	0	348.328	0	0	-3.30597	
93.03	0.337	0.103	1.58959	0	1.58106	-350.1	0	-348.186	0	0	-3.30597	
93.04	0.337	0.103	-1.58933	0	-1.58132	350.056	0	348.328	0	0	-3.30597	
93.05	0.337	0.103	1.58959	0	1.58106	-350.1	0	-348.186	0	0	-3.30597	
93.06	0.337	0.103	-1.58933	0	-1.58132	350.056	0	348.328	0	0	-3.30597	
93.07	0.337	0.103	1.58959	0	1.58106	-350.1	0	-348.186	0	0	-3.30597	
93.08	0.337	0.103	-1.58933	0	-1.58132	350.056	0	348.328	0	0	-3.30597	
93.09	0.337	0.103	1.58959	0	1.58106	-350.1	0	-348.186	0	0	-3.30597	
93.1	0.337	0.103	-1.58933	0	-1.58132	350.056	0	348.328	0	0	-3.30597	
93.11	0.337	0.103	1.58959	0	1.58106	-350.1	0	-348.186	0	0	-3.30597	
93.12	0.337	0.103	-1.58933	0	-1.58132	350.056	0	348.328	0	0	-3.30597	
93.13	0.337	0.103	1.58959	0	1.58106	-350.1	0	-348.186	0	0	-3.30597	
93.14	0.337	0.103	-1.58933	0	-1.58132	350.056	0	348.328	0	0	-3.30597	
93.15	0.337	0.103	1.58959	0	1.58106	-350.1	0	-348.186	0	0	-3.30597	
93.16	0.337	0.103	-1.58933	0	-1.58132	350.056	0	348.328	0	0	-3.30597	
93.17	0.337	0.103	1.58959	0	1.58106	-350.1	0	-348.186	0	0	-3.30597	
93.18	0.337	0.103	-1.58933	0	-1.58132	350.056	0	348.328	0	0	-3.30597	
93.19	0.337	0.103	1.58959	0	1.58106	-350.1	0	-348.186	0	0	-3.30597	
93.2	0.337	0.103	-1.58933	0	-1.58132	350.056	0	348.328	0	0	-3.30597	
93.21	0.337	0.103	1.58959	0	1.58106	-350.1	0	-348.186	0	0	-3.30597	
93.22	0.337	0.103	-1.58933	0	-1.58132	350.056	0	348.328	0	0	-3.30597	
93.23	0.337	0.103	1.58959	0	1.58106	-350.1	0	-348.186	0	0	-3.30597	
93.24	0.337	0.103	-1.58933	0	-1.58132	350.056	0	348.328	0	0	-3.30597	
93.25	0.337	0.103	1.58959	0	1.58106	-350.1	0	-348.186	0	0	-3.30597	
93.26	0.337	0.103	-1.58933	0	-1.58132	350.056	0	348.328	0	0	-3.30597	
93.27	0.337	0.103	1.58959	0	1.58106	-350.1	0	-348.186	0	0	-3.30597	
93.28	0.337	0.103	-1.58933	0	-1.58132	350.056	0	348.328	0	0	-3.30597	
93.29	0.337	0.103	1.58959	0	1.58106	-350.1	0	-348.186	0	0	-3.30597	
93.3	0.337	0.103	-1.58933	0	-1.58132	350.056	0	348.328	0	0	-3.30597	
93.31	0.337	0.103	1.58959	0	1.58106	-350.1	0	-348.186	0	0	-3.30597	
93.32	0.337	0.103	-1.58933	0	-1.58132	350.056	0	348.328	0	0	-3.30597	
93.33	0.337	0.103	1.58959	0	1.58106	-350.1	0	-348.186	0	0	-3.30597	
93.34	0.337	0.103	-1.58933	0	-1.58132	350.056	0	348.328	0	0	-3.30597	
93.35	0.337	0.103	1.58959	0	1.58106	-350.1	0	-348.186	0	0	-3.30597	
93.36	0.337	0.103	-1.58933	0	-1.58132	350.056	0	348.328	0	0	-3.30597	
93.37	0.337	0.103	1.58959	0	1.58106	-350.1	0	-348.186	0	0	-3.30597	
93.38	0.337	0.103	-1.58933	0	-1.58132	350.056	0	348.328	0	0	-3.30597	
93.39	0.337	0.103	1.58959	0	1.58106	-350.1	0	-348.186	0	0	-3.30597	
93.4	0.337	0.103	-1.58933	0	-1.58132	350.056	0	348.328	0	0	-3.30597	
93.41	0.337	0.103	1.58959	0	1.58106	-350.1	0	-348.186	0	0	-3.30597	
93.42	0.337	0.103	-1.58933	0	-1.58132	350.056	0	348.328	0	0	-3.30597	
93.43	0.337	0.103	1.58959	0	1.58106	-350.099	0	-348.186	0	0	-3.30597	
93.44	0.337	0.103	-1.58933	0	-1.58132	350.056	0	348.328	0	0	-3.30597	
93.45	0.337	0.103	1.58959	0	1.58106	-350.099	0	-348.186	0	0	-3.30597	
93.46	0.337	0.103	-1.58933	0	-1.58132	350.056	0	348.328	0	0	-3.30597	
93.47	0.337	0.103	1.58959	0	1.58106	-350.099	0	-348.186	0	0	-3.30597	
93.48	0.337	0.103	-1.58933	0	-1.58132	350.056	0	348.328	0	0	-3.30597	
93.49	0.337	0.103	1.58959	0	1.58106	-350.099	0	-348.186	0	0	-3.30597	
93.5	0.337	0.103	-1.58933	0	-1.58132	350.056	0	348.328	0	0	-3.30597	
93.51	0.337	0.103	1.58959	0	1.58106	-350.099	0	-348.186	0	0	-3.30597	
93.52	0.337	0.103	-1.58933	0	-1.58132	350.056	0	348.328	0	0	-3.30597	
93.53	0.337	0.103	1.58959	0	1.58106	-350.099	0	-348.186	0	0	-3.30597	
93.54	0.337	0.103	-1.58933	0	-1.58132	350.056	0	348.328	0	0	-3.30597	
93.55	0.337	0.103	1.58959	0	1.58106	-350.099	0	-348.186	0	0	-3.30597	
93.56	0.337	0.103	-1.58933	0	-1.58132	350.056	0	348.328	0	0	-3.30597	
93.57	0.337	0.103	1.58959	0	1.58106	-350.099	0	-348.186	0	0	-3.30597	
93.58	0.337	0.103	-1.58933	0	-1.58132	350.056	0	348.328	0	0	-3.30597	
93.59	0.337	0.103	1.58959	0	1.58106	-350.099	0	-348.186	0	0	-3.30597	
93.6	0.337	0.103	-1.58933	0	-1.58132	350.056	0	348.328	0	0	-3.30597	
93.61	0.337	0.103	1.58959	0	1.58106	-350.099	0	-348.186	0	0	-3.30597	
93.62	0.337	0.103	-1.58933	0	-1.58132	350.056	0	348.328	0	0	-3.30597	
93.63	0.337	0.103	1.58959	0	1.58106	-350.099	0	-348.186	0	0	-3.30597	
93.64	0.337	0.103	-1.58933	0	-1.58132	350.056	0	348.328	0	0	-3.30597	
93.65	0.337	0.103	1.58959	0	1.58106	-350.099	0	-348.186	0	0	-3.30597	
93.66	0.337	0.103	-1.58933	0	-1.58132	350.056	0	348.328	0	0	-3.30597	
93.67	0.337	0.103	1.58959	0	1.58106	-350.099	0	-348.186	0	0	-3.30597	
93.68	0.337	0.103	-1.58933	0	-1.58132	350.056	0	348.328	0	0	-3.30597	
93.69	0.337	0.103	1.58959	0	1.58106	-350.099	0	-348.186	0	0	-3.30597	
93.7	0.337	0.103	-1.58933	0	-1.58132	350.056	0	348.328	0	0	-3.30597	
93.71	0.337	0.103	1.58959	0	1.58106	-350.099	0	-348.185	0	0	-3.30597	
93.72	0.337	0.103	-1.58933	0	-1.58132	350.056	0	348.328	0	0	-3.30597	
93.73	0.337	0.103	1.58959	0	1.58106	-350.099	0	-348.185	0	0	-3.30597	
93.74	0.337	0.103	-1.58933	0	-1.58132	350.056	0	348.328	0	0	-3.30597	
93.75	0.337	0.103	1.58959	0	1.58106	-350.099	0	-348.185	0	0	-3.30597	
93.76	0.337	0.103	-1.58933	0	-1.58132	350.056	0	348.328	0	0	-3.30597	
93.77	0.337	0.103	1.58959	0	1.58106	-350.099	0	-348.185	0	0	-3.30597	
93.78	0.337	0.103	-1.58933	0	-1.58132	350.056	0	348.328	0	0	-3.30597	
93.79	0.337	0.103	1.58959	0	1.58106	-350.099	0	-348.185	0	0	-3.30597	
93.8	0.337	0.103	-1.58933	0	-1.58132	350.056	0	348.328	0	0	-3.30597	
93.81	0.337	0.103	1.58959	0	1.58106	-350.099	0	-348.185	0	0	-3.30597	
93.82	0.337	0.103	-1.58933	0	-1.58132	350.056	0	348.328	0	0	-3.30597	
93.83	0.337	0.103	1.58959	0	1.58106	-350.099	0	-348.185	0	0	-3.30597	
93.84	0.337	0.103	-1.58933	0	-1.58132	350.056	0	348.328	0	0	-3.30597	
93.85	0.337	0.103	1.58959	0	1.58106	-350.099	0	-348.185	0	0	-3.30597	
93.86	0.337	0.103	-1.58933	0	-1.58132	350.056	0	348.328	0	0	-3.30597	
93.87	0.337	0.103	1.58959	0	1.58106	-350.099	0	-348.185	0	0	-3.30597	
93.88	0.337	0.103	-1.58933	0	-1.58132	350.056	0	348.328	0	0	-3.30597	
93.89	0.337	0.103	1.58959	0	1.58106	-350.099	0	-348.185	0	0	-3.30597	
93.9	0.337	0.103	-1.58933	0	-1.58132	350.055	0	348.328	0	0	-3.30597	
93.91	0.337	0.103	1.58959	0	1.58106	-350.099	0	-348.185	0	0	-3.30597	
93.92	0.337	0.103	-1.58933	0	-1.58132	350.055	0	348.328	0	0	-3.30597	
93.93	0.337	0.103	1.58959	0	1.58106	-350.099	0	-348.185	0	0	-3.30597	
93.94	0.337	0.103	-1.58933	0	-1.58132	350.055	0	348.328	0	0	-3.30597	
93.95	0.337	0.103	1.58959	0	1.58106	-350.099	0	-348.185	0	0	-3.30597	
93.96	0.337	0.103	-1.58933	0	-1.58132	350.055	0	348.328	0	0	-3.30597	
93.97	0.337	0.103	1.58959	0	1.58106	-350.099	0	-348.185	0	0	-3.30597	
93.98	0.337	0.103	-1.58933	0	-1.58132	350.055	0	348.328	0	0	-3.30597	
93.99	0.337	0.103	1.58959	0	1.58106	-350.099	0	-348.185	0	0	-3.30597	
94	0.337	0.103	-1.58933	0	-1.58132	350.055	0	348.328	0	0	-3.30597	
94.01	0.337	0.103	1.58959	0	1.58106	-350.099	0	-348.185	0	0	-3.30597	
94.02	0.337	0.103	-1.58933	0	-1.58132	350.055	0	348.328	0	0	-3.30597	
94.03	0.337	0.103	1.58959	0	1.58106	-350.099	0	-348.185	0	0	-3.30597	
94.04	0.337	0.103	-1.58933	0	-1.58132	350.055	0	348.328	0	0	-3.30597	
94.05	0.337	0.103	1.58959	0	1.58106	-350.099	0	-348.185	0	0	-3.30597	
94.06	0.337	0.103	-1.58933	0	-1.58132	350.055	0	348.328	0	0	-3.30597	
94.07	0.337	0.103	1.58959	0	1.58106	-350.099	0	-348.185	0	0	-3.30597	
94.08	0.337	0.103	-1.58933	0	-1.58132	350.055	0	348.328	0	0	-3.30597	
94.09	0.337	0.103	1.58959	0	1.58106	-350.099	0	-348.185	0	0	-3.30597	
94.1	0.337	0.103	-1.58933	0	-1.58132	350.055	0	348.328	0	0	-3.30597	
94.11	0.337	0.103	1.58959	0	1.58106	-350.099	0	-348.185	0	0	-3.30597	
94.12	0.337	0.103	-1.58933	0	-1.58132	350.055	0	348.328	0	0	-3.30597	
94.13	0.337	0.103	1.58959	0	1.58106	-350.099	0	-348.185	0	0	-3.30597	
94.14	0.337	0.103	-1.58933	0	-1.58132	350.055	0	348.327	0	0	-3.30597	
94.15	0.337	0.103	1.58959	0	1.58106	-350.099	0	-348.185	0	0	-3.30597	
94.16	0.337	0.103	-1.58933	0	-1.58132	350.055	0	348.327	0	0	-3.30597	
94.17	0.337	0.103	1.58959	0	1.58106	-350.099	0	-348.185	0	0	-3.30597	
94.18	0.337	0.103	-1.58933	0	-1.58132	350.055	0	348.327	0	0	-3.30597	
94.19	0.337	0.103	1.58959	0	1.58106	-350.099	0	-348.185	0	0	-3.30597	
94.2	0.337	0.103	-1.58933	0	-1.58132	350.055	0	348.327	0	0	-3.30597	
94.21	0.337	0.103	1.58959	0	1.58106	-350.099	0	-348.185	0	0	-3.30597	
94.22	0.337	0.103	-1.58933	0	-1.58132	350.055	0	348.327	0	0	-3.30597	
94.23	0.337	0.103	1.58959	0	1.58106	-350.099	0	-348.185	0	0	-3.30597	
94.24	0.337	0.103	-1.58933	0	-1.58132	350.055	0	348.327	0	0	-3.30597	
94.25	0.337	0.103	1.58959	0	1.58106	-350.099	0	-348.185	0	0	-3.30597	
94.26	0.337	0.103	-1.58933	0	-1.58132	350.055	0	348.327	0	0	-3.30597	
94.27	0.337	0.103	1.58959	0	1.58106	-350.099	0	-348.185	0	0	-3.30597	
94.28	0.337	0.103	-1.58933	0	-1.58132	350.055	0	348.327	0	0	-3.30597	
94.29	0.337	0.103	1.58959	0	1.58106	-350.099	0	-348.185	0	0	-3.30597	
94.3	0.337	0.103	-1.58933	0	-1.58132	350.055	0	348.327	0	0	-3.30597	
94.31	0.337	0.103	1.58959	0	1.58106	-350.099	0	-348.185	0	0	-3.30597	
94.32	0.337	0.103	-1.58933	0	-1.58132	350.055	0	348.327	0	0	-3.30597	
94.33	0.337	0.103	1.58959	0	1.58106	-350.099	0	-348.185	0	0	-3.30597	
94.34	0.337	0.103	-1.58933	0	-1.58132	350.055	0	348.327	0	0	-3.30597	
94.35	0.337	0.103	1.58959	0	1.58106	-350.099	0	-348.185	0	0	-3.30597	
94.36	0.337	0.103	-1.58933	0	-1.58132	350.055	0	348.327	0	0	-3.30597	
94.37	0.337	0.103	1.58959	0	1.58106	-350.099	0	-348.185	0	0	-3.30597	
94.38	0.337	0.103	-1.58933	0	-1.58132	350.055	0	348.327	0	0	-3.30597	
94.39	0.337	0.103	1.58959	0	1.58106	-350.099	0	-348.185	0	0	-3.30597	
94.4	0.337	0.103	-1.58933	0	-1.58132	350.055	0	348.327	0	0	-3.30597	
94.41	0.337	0.103	1.58959	0	1.58106	-350.099	0	-348.185	0	0	-3.30597	
94.42	0.337	0.103	-1.58933	0	-1.58132	350.055	0	348.327	0	0	-3.30597	
94.43	0.337	0.103	1.58959	0	1.58106	-350.099	0	-348.185	0	0	-3.30597	
94.44	0.337	0.103	-1.58933	0	-1.58132	350.055	0	348.327	0	0	-3.30597	
94.45	0.337	0.103	1.58959	0	1.58106	-350.099	0	-348.185	0	0	-3.30597	
94.46	0.337	0.103	-1.58933	0	-1.58132	350.055	0	348.327	0	0	-3.30597	
94.47	0.337	0.103	1.58959	0	1.58106	-350.099	0	-348.185	0	0	-3.30597	
94.48	0.337	0.103	-1.58933	0	-1.58132	350.055	0	348.327	0	0	-3.30597	
94.49	0.337	0.103	1.58959	0	1.58106	-350.099	0	-348.185	0	0	-3.30597	
94.5	0.337	0.103	-1.58933	0	-1.58132	350.055	0	348.327	0	0	-3.30597	
94.51	0.337	0.103	1.58959	0	1.58106	-350.099	0	-348.185	0	0	-3.30597	
94.52	0.337	0.103	-1.58933	0	-1.58132	350.055	0	348.327	0	0	-3.30597	
94.53	0.337	0.103	1.58959	0	1.58106	-350.099	0	-348.185	0	0	-3.30597	
94.54	0.337	0.103	-1.58933	0	-1.58132	350.055	0	348.327	0	0	-3.30597	
94.55	0.337	0.103	1.58959	0	1.58106	-350.099	0	-348.185	0	0	-3.30597	
94.56	0.337	0.103	-1.58933	0	-1.58132	350.055	0	348.327	0	0	-3.30597	
94.57	0.337	0.103	1.58959	0	1.58106	-350.099	0	-348.185	0	0	-3.30597	
94.58	0.337	0.103	-1.58933	0	-1.58132	350.055	0	348.327	0	0	-3.30597	
94.59	0.337	0.103	1.58959	0	1.58106	-350.099	0	-348.185	0	0	-3.30597	
94.6	0.337	0.103	-1.58933	0	-1.58132	350.055	0	348.327	0	0	-3.30597	
94.61	0.337	0.103	1.58959	0	1.58106	-350.099	0	-348.185	0	0	-3.30597	
94.62	0.337	0.103	-1.58933	0	-1.58132	350.055	0	348.327	0	0	-3.30597	
94.63	0.337	0.103	1.58959	0	1.58106	-350.099	0	-348.185	0	0	-3.30597	
94.64	0.337	0.103	-1.58933	0	-1.58132	350.055	0	348.327	0	0	-3.30597	
94.65	0.337	0.103	1.58959	0	1.58106	-350.099	0	-348.185	0	0	-3.30597	
94.66	0.337	0.103	-1.58933	0	-1.58132	350.055	0	348.327	0	0	-3.30597	
94.67	0.337	0.103	1.58959	0	1.58106	-350.099	0	-348.185	0	0	-3.30597	
94.68	0.337	0.103	-1.58933	0	-1.58132	350.055	0	348.327	0	0	-3.30597	
94.69	0.337	0.103	1.58959	0	1.58106	-350.099	0	-348.185	0	0	-3.30597	
94.7	0.337	0.103	-1.58933	0	-1.58132	350.055	0	348.327	0	0	-3.30597	
94.71	0.337	0.103	1.58959	0	1.58106	-350.099	0	-348.185	0	0	-3.30597	
94.72	0.337	0.103	-1.58933	0	-1.58132	350.055	0	348.327	0	0	-3.30597	
94.73	0.337	0.103	1.58959	0	1.58106	-350.099	0	-348.185	0	0	-3.30597	
94.74	0.337	0.103	-1.58933	0	-1.58132	350.055	0	348.327	0	0	-3.30597	
94.75	0.337	0.103	1.58959	0	1.58106	-350.099	0	-348.185	0	0	-3.30597	
94.76	0.337	0.103	-1.58933	0	-1.58132	350.055	0	348.327	0	0	-3.30597	
94.77	0.337	0.103	1.58959	0	1.58106	-350.099	0	-348.185	0	0	-3.30597	
94.78	0.337	0.103	-1.58933	0	-1.58132	350.055	0	348.327	0	0	-3.30597	
94.79	0.337	0.103	1.58959	0	1.58106	-350.099	0	-348.185	0	0	-3.30597	
94.8	0.337	0.103	-1.58933	0	-1.58132	350.055	0	348.327	0	0	-3.30597	
94.81	0.337	0.103	1.58959	0	1.58106	-350.099	0	-348.185	0	0	-3.30597	
94.82	0.337	0.103	-1.58933	0	-1.58132	350.055	0	348.327	0	0	-3.30597	
94.83	0.337	0.103	1.58959	0	1.58106	-350.099	0	-348.185	0	0	-3.30597	
94.84	0.337	0.103	-1.58933	0	-1.58132	350.055	0	348.327	0	0	-3.30597	
94.85	0.337	0.103	1.58959	0	1.58106	-350.099	0	-348.185	0	0	-3.30597	
94.86	0.337	0.103	-1.58933	0	-1.58132	350.055	0	348.327	0	0	-3.30597	
94.87	0.337	0.103	1.58959	0	1.58106	-350.099	0	-348.185	0	0	-3.30597	
94.88	0.337	0.103	-1.58933	0	-1.58132	350.055	0	348.327	0	0	-3.30597	
94.89	0.337	0.103	1.58959	0	1.58106	-350.099	0	-348.185	0	0	-3.30597	
94.9	0.337	0.103	-1.58933	0	-1.58132	350.055	0	348.327	0	0	-3.30597	
94.91	0.337	0.103	1.58959	0	1.58106	-350.099	0	-348.185	0	0	-3.30597	
94.92	0.337	0.103	-1.58933	0	-1.58132	350.055	0	348.327	0	0	-3.30597	
94.93	0.337	0.103	1.58959	0	1.58106	-350.099	0	-348.185	0	0	-3.30597	
94.94	0.337	0.103	-1.58933	0	-1.58132	350.055	0	348.327	0	0	-3.30597	
94.95	0.337	0.103	1.58959	0	1.58106	-350.099	0	-348.185	0	0	-3.30597	
94.96	0.337	0.103	-1.58933	0	-1.58132	350.055	0	348.327	0	0	-3.30597	
94.97	0.337	0.103	1.58959	0	1.58106	-350.099	0	-348.185	0	0	-3.30597	
94.98	0.337	0.103	-1.58933	0	-1.58132	350.055	0	348.327	0	0	-3.30597	
94.99	0.337	0.103	1.58959	0	1.58106	-350.099	0	-348.185	0	0	-3.30597	
95	0.337	0.103	-1.58933	0	-1.58132	350.055	0	348.327	0	0	-3.30597	
95.01	0.337	0.103	1.58959	0	1.58106	-350.099	0	-348.185	0	0	-3.30597	
95.02	0.337	0.103	-1.58933	0	-1.58132	350.055	0	348.327	0	0	-3.30597	
95.03	0.337	0.103	1.58959	0	1.58106	-350.099	0	-348.185	0	0	-3.30597	
95.04	0.337	0.103	-1.58933	0	-1.58132	350.055	0	348.327	0	0	-3.30597	
95.05	0.337	0.103	1.58959	0	1.58106	-350.099	0	-348.185	0	0	-3.30597	
95.06	0.337	0.103	-1.58933	0	-1.58132	350.055	0	348.327	0	0	-3.30597	
95.07	0.337	0.103	1.58959	0	1.58106	-350.099	0	-348.185	0	0	-3.30597	
95.08	0.337	0.103	-1.58933	0	-1.58132	350.055	0	348.327	0	0	-3.30597	
95.09	0.337	0.103	1.58959	0	1.58106	-350.099	0	-348.185	0	0	-3.30597	
95.1	0.337	0.103	-1.58933	0	-1.58132	350.055	0	348.327	0	0	-3.30597	
95.11	0.337	0.103	1.58959	0	1.58106	-350.099	0	-348.185	0	0	-3.30597	
95.12	0.337	0.103	-1.58933	0	-1.58132	350.055	0	348.327	0	0	-3.30597	
95.13	0.337	0.103	1.58959	0	1.58106	-350.099	0	-348.185	0	0	-3.30597	
95.14	0.337	0.103	-1.58933	0	-1.58132	350.055	0	348.327	0	0	-3.30597	
95.15	0.337	0.103	1.58959	0	1.58106	-350.099	0	-348.185	0	0	-3.30597	
95.16	0.337	0.103	-1.58933	0	-1.58132	350.055	0	348.327	0	0	-3.30597	
95.17	0.337	0.103	1.58959	0	1.58106	-350.099	0	-348.185	0	0	-3.30597	
95.18	0.337	0.103	-1.58933	0	-1.58132	350.055	0	348.327	0	0	-3.30597	
95.19	0.337	0.103	1.58959	0	1.58106	-350.099	0	-348.185	0	0	-3.30597	
95.2	0.337	0.103	-1.58933	0	-1.58132	350.055	0	348.327	0	0	-3.30597	
95.21	0.337	0.103	1.58959	0	1.58106	-350.099	0	-348.185	0	0	-3.30597	
95.22	0.337	0.103	-1.58933	0	-1.58132	350.055	0	348.327	0	0	-3.30597	
95.23	0.337	0.103	1.58959	0	1.58106	-350.099	0	-348.185	0	0	-3.30597	
95.24	0.337	0.103	-1.58933	0	-1.58132	350.055	0	348.327	0	0	-3.30597	
95.25	0.337	0.103	1.58959	0	1.58106	-350.099	0	-348.185	0	0	-3.30597	
95.26	0.337	0.103	-1.58933	0	-1.58132	350.055	0	348.327	0	0	-3.30597	
95.27	0.337	0.103	1.58959	0	1.58106	-350.099	0	-348.185	0	0	-3.30597	
95.28	0.337	0.103	-1.58933	0	-1.58132	350.055	0	348.327	0	0	-3.30597	
95.29	0.337	0.103	1.58959	0	1.58106	-350.099	0	-348.185	0	0	-3.30597	
95.3	0.337	0.103	-1.58933	0	-1.58132	350.055	0	348.327	0	0	-3.30597	
95.31	0.337	0.103	1.58959	0	1.58106	-350.099	0	-348.185	0	0	-3.30597	
95.32	0.337	0.103	-1.58933	0	-1.58132	350.055	0	348.327	0	0	-3.30597	
95.33	0.337	0.103	1.58959	0	1.58106	-350.099	0	-348.185	0	0	-3.30597	
95.34	0.337	0.103	-1.58933	0	-1.58132	350.055	0	348.327	0	0	-3.30597	
95.35	0.337	0.103	1.58959	0	1.58106	-350.099	0	-348.185	0	0	-3.30597	
95.36	0.337	0.103	-1.58933	0	-1.58132	350.055	0	348.327	0	0	-3.30597	
95.37	0.337	0.103	1.58959	0	1.58106	-350.099	0	-348.185	0	0	-3.30597	
95.38	0.337	0.103	-1.58933	0	-1.58132	350.055	0	348.327	0	0	-3.30597	
95.39	0.337	0.103	1.58959	0	1.58106	-350.099	0	-348.185	0	0	-3.30597	
95.4	0.337	0.103	-1.58933	0	-1.58132	350.055	0	348.327	0	0	-3.30597	
95.41	0.337	0.103	1.58959	0	1.58106	-350.099	0	-348.185	0	0	-3.30597	
95.42	0.337	0.103	-1.58933	0	-1.58132	350.055	0	348.327	0	0	-3.30597	
95.43	0.337	0.103	1.58959	0	1.58106	-350.099	0	-348.185	0	0	-3.30597	
95.44	0.337	0.103	-1.58933	0	-1.58132	350.055	0	348.327	0	0	-3.30597	
95.45	0.337	0.103	1.58959	0	1.58106	-350.099	0	-348.185	0	0	-3.30597	
95.46	0.337	0.103	-1.58933	0	-1.58132	350.055	0	348.327	0	0	-3.30597	
95.47	0.337	0.103	1.58959	0	1.58106	-350.099	0	-348.185	0	0	-3.30597	
95.48	0.337	0.103	-1.58933	0	-1.58132	350.055	0	348.327	0	0	-3.30597	
95.49	0.337	0.103	1.58959	0	1.58106	-350.099	0	-348.185	0	0	-3.30597	
95.5	0.337	0.103	-1.58933	0	-1.58132	350.055	0	348.327	0	0	-3.30597	
95.51	0.337	0.103	1.58959	0	1.58106	-350.099	0	-348.185	0	0	-3.30597	
95.52	0.337	0.103	-1.58933	0	-1.58132	350.055	0	348.327	0	0	-3.30597	
95.53	0.337	0.103	1.58959	0	1.58106	-350.099	0	-348.185	0	0	-3.30597	
95.54	0.337	0.103	-1.58933	0	-1.58132	350.055	0	348.327	0	0	-3.30597	
95.55	0.337	0.103	1.58959	0	1.58106	-350.099	0	-348.185	0	0	-3.30597	
95.56	0.337	0.103	-1.58933	0	-1.58132	350.055	0	348.327	0	0	-3.30597	
95.57	0.337	0.103	1.58959	0	1.58106	-350.099	0	-348.185	0	0	-3.30597	
95.58	0.337	0.103	-1.58933	0	-1.58132	350.055	0	348.327	0	0	-3.30597	
95.59	0.337	0.103	1.58959	0	1.58106	-350.099	0	-348.185	0	0	-3.30597	
95.6	0.337	0.103	-1.58933	0	-1.58132	350.055	0	348.327	0	0	-3.30597	
95.61	0.337	0.103	1.58959	0	1.58106	-350.099	0	-348.185	0	0	-3.30597	
95.62	0.337	0.103	-1.58933	0	-1.58132	350.055	0	348.327	0	0	-3.30597	
95.63	0.337	0.103	1.58959	0	1.58106	-350.099	0	-348.185	0	0	-3.30597	
95.64	0.337	0.103	-1.58933	0	-1.58132	350.055	0	348.327	0	0	-3.30597	
95.65	0.337	0.103	1.58959	0	1.58106	-350.099	0	-348.185	0	0	-3.30597	
95.66	0.337	0.103	-1.58933	0	-1.58132	350.055	0	348.327	0	0	-3.30597	
95.67	0.337	0.103	1.58959	0	1.58106	-350.099	0	-348.185	0	0	-3.30597	
95.68	0.337	0.103	-1.58933	0	-1.58132	350.055	0	348.327	0	0	-3.30597	
95.69	0.337	0.103	1.58959	0	1.58106	-350.099	0	-348.185	0	0	-3.30597	
95.7	0.337	0.103	-1.58933	0	-1.58132	350.055	0	348.327	0	0	-3.30597	
95.71	0.337	0.103	1.58959	0	1.58106	-350.099	0	-348.185	0	0	-3.30597	
95.72	0.337	0.103	-1.58933	0	-1.58132	350.055	0	348.327	0	0	-3.30597	
95.73	0.337	0.103	1.58959	0	1.58106	-350.099	0	-348.185	0	0	-3.30597	
95.74	0.337	0.103	-1.58933	0	-1.58132	350.055	0	348.327	0	0	-3.30597	
95.75	0.337	0.103	1.58959	0	1.58106	-350.099	0	-348.185	0	0	-3.30597	
95.76	0.337	0.103	-1.58933	0	-1.58132	350.055	0	348.327	0	0	-3.30597	
95.77	0.337	0.103	1.58959	0	1.58106	-350.099	0	-348.185	0	0	-3.30597	
95.78	0.337	0.103	-1.58933	0	-1.58132	350.055	0	348.327	0	0	-3.30597	
95.79	0.337	0.103	1.58959	0	1.58106	-350.099	0	-348.185	0	0	-3.30597	
95.8	0.337	0.103	-1.58933	0	-1.58132	350.055	0	348.327	0	0	-3.30597	
95.81	0.337	0.103	1.58959	0	1.58106	-350.099	0	-348.185	0	0	-3.30597	
95.82	0.337	0.103	-1.58933	0	-1.58132	350.055	0	348.327	0	0	-3.30597	
95.83	0.337	0.103	1.58959	0	1.58106	-350.099	0	-348.185	0	0	-3.30597	
95.84	0.337	0.103	-1.58933	0	-1.58132	350.055	0	348.327	0	0	-3.30597	
95.85	0.337	0.103	1.58959	0	1.58106	-350.099	0	-348.185	0	0	-3.30597	
95.86	0.337	0.103	-1.58933	0	-1.58132	350.055	0	348.327	0	0	-3.30597	
95.87	0.337	0.103	1.58959	0	1.58106	-350.099	0	-348.185	0	0	-3.30597	
95.88	0.337	0.103	-1.58933	0	-1.58132	350.055	0	348.327	0	0	-3.30597	
95.89	0.337	0.103	1.58959	0	1.58106	-350.099	0	-348.185	0	0	-3.30597	
95.9	0.337	0.103	-1.58933	0	-1.58132	350.055	0	348.327	0	0	-3.30597	
95.91	0.337	0.103	1.58959	0	1.58106	-350.099	0	-348.185	0	0	-3.30597	
95.92	0.337	0.103	-1.58933	0	-1.58132	350.055	0	348.327	0	0	-3.30597	
95.93	0.337	0.103	1.58959	0	1.58106	-350.099	0	-348.185	0	0	-3.30597	
95.94	0.337	0.103	-1.58933	0	-1.58132	350.055	0	348.327	0	0	-3.30597	
95.95	0.337	0.103	1.58959	0	1.58106	-350.099	0	-348.185	0	0	-3.30597	
95.96	0.337	0.103	-1.58933	0	-1.58132	350.055	0	348.327	0	0	-3.30597	
95.97	0.337	0.103	1.58959	0	1.58106	-350.099	0	-348.185	0	0	-3.30597	
95.98	0.337	0.103	-1.58933	0	-1.58132	350.055	0	348.327	0	0	-3.30597	
95.99	0.337	0.103	1.58959	0	1.58106	-350.099	0	-348.185	0	0	-3.30597	
96	0.337	0.103	-1.58933	0	-1.58132	350.055	0	348.327	0	0	-3.30597	
96.01	0.337	0.103	1.58959	0	1.58106	-350.099	0	-348.185	0	0	-3.30597	
96.02	0.337	0.103	-1.58933	0	-1.58132	350.055	0	348.327	0	0	-3.30597	
96.03	0.337	0.103	1.58959	0	1.58106	-350.099	0	-348.185	0	0	-3.30597	
96.04	0.337	0.103	-1.58933	0	-1.58132	350.055	0	348.327	0	0	-3.30597	
96.05	0.337	0.103	1.58959	0	1.58106	-350.099	0	-348.185	0	0	-3.30597	
96.06	0.337	0.103	-1.58933	0	-1.58132	350.055	0	348.327	0	0	-3.30597	
96.07	0.337	0.103	1.58959	0	1.58106	-350.099	0	-348.185	0	0	-3.30597	
96.08	0.337	0.103	-1.58933	0	-1.58132	350.055	0	348.327	0	0	-3.30597	
96.09	0.337	0.103	1.58959	0	1.58106	-350.099	0	-348.185	0	0	-3.30597	
96.1	0.337	0.103	-1.58933	0	-1.58132	350.055	0	348.327	0	0	-3.30597	
96.11	0.337	0.103	1.58959	0	1.58106	-350.099	0	-348.185	0	0	-3.30597	
96.12	0.337	0.103	-1.58933	0	-1.58132	350.055	0	348.327	0	0	-3.30597	
96.13	0.337	0.103	1.58959	0	1.58106	-350.099	0	-348.185	0	0	-3.30597	
96.14	0.337	0.103	-1.58933	0	-1.58132	350.055	0	348.327	0	0	-3.30597	
96.15	0.337	0.103	1.58959	0	1.58106	-350.099	0	-348.185	0	0	-3.30597	
96.16	0.337	0.103	-1.58933	0	-1.58132	350.055	0	348.327	0	0	-3.30597	
96.17	0.337	0.103	1.58959	0	1.58106	-350.099	0	-348.185	0	0	-3.30597	
96.18	0.337	0.103	-1.58933	0	-1.58132	350.055	0	348.327	0	0	-3.30597	
96.19	0.337	0.103	1.58959	0	1.58106	-350.099	0	-348.185	0	0	-3.30597	
96.2	0.337	0.103	-1.58933	0	-1.58132	350.055	0	348.327	0	0	-3.30597	
96.21	0.337	0.103	1.58959	0	1.58106	-350.098	0	-348.185	0	0	-3.30597	
96.22	0.337	0.103	-1.58933	0	-1.58132	350.055	0	348.327	0	0	-3.30597	
96.23	0.337	0.103	1.58959	0	1.58106	-350.098	0	-348.185	0	0	-3.30597	
96.24	0.337	0.103	-1.58933	0	-1.58132	350.055	0	348.327	0	0	-3.30597	
96.25	0.337	0.103	1.58959	0	1.58106	-350.098	0	-348.185	0	0	-3.30597	
96.26	0.337	0.103	-1.58933	0	-1.58132	350.055	0	348.327	0	0	-3.30597	
96.27	0.337	0.103	1.58959	0	1.58106	-350.098	0	-348.185	0	0	-3.30597	
96.28	0.337	0.103	-1.58933	0	-1.58132	350.055	0	348.327	0	0	-3.30597	
96.29	0.337	0.103	1.58959	0	1.58106	-350.098	0	-348.185	0	0	-3.30597	
96.3	0.337	0.103	-1.58933	0	-1.58132	350.055	0	348.327	0	0	-3.30597	
96.31	0.337	0.103	1.58959	0	1.58106	-350.098	0	-348.185	0	0	-3.30597	
96.32	0.337	0.103	-1.58933	0	-1.58132	350.055	0	348.327	0	0	-3.30597	
96.33	0.337	0.103	1.58959	0	1.58106	-350.098	0	-348.185	0	0	-3.30597	
96.34	0.337	0.103	-1.58933	0	-1.58132	350.055	0	348.327	0	0	-3.30597	
96.35	0.337	0.103	1.58959	0	1.58106	-350.098	0	-348.185	0	0	-3.30597	
96.36	0.337	0.103	-1.58933	0	-1.58132	350.055	0	348.327	0	0	-3.30597	
96.37	0.337	0.103	1.58959	0	1.58106	-350.098	0	-348.185	0	0	-3.30597	
96.38	0.337	0.103	-1.58933	0	-1.58132	350.055	0	348.327	0	0	-3.30597	
96.39	0.337	0.103	1.58959	0	1.58106	-350.098	0	-348.185	0	0	-3.30597	
96.4	0.337	0.103	-1.58933	0	-1.58132	350.055	0	348.327	0	0	-3.30597	
96.41	0.337	0.103	1.58959	0	1.58106	-350.098	0	-348.185	0	0	-3.30597	
96.42	0.337	0.103	-1.58933	0	-1.58132	350.055	0	348.327	0	0	-3.30597	
96.43	0.337	0.103	1.58959	0	1.58106	-350.098	0	-348.185	0	0	-3.30597	
96.44	0.337	0.103	-1.58933	0	-1.58132	350.055	0	348.327	0	0	-3.30597	
96.45	0.337	0.103	1.58959	0	1.58106	-350.098	0	-348.185	0	0	-3.30597	
96.46	0.337	0.103	-1.58933	0	-1.58132	350.055	0	348.327	0	0	-3.30597	
96.47	0.337	0.103	1.58959	0	1.58106	-350.098	0	-348.185	0	0	-3.30597	
96.48	0.337	0.103	-1.58933	0	-1.58132	350.055	0	348.327	0	0	-3.30597	
96.49	0.337	0.103	1.58959	0	1.58106	-350.098	0	-348.185	0	0	-3.30597	
96.5	0.337	0.103	-1.58933	0	-1.58132	350.055	0	348.327	0	0	-3.30597	
96.51	0.337	0.103	1.58959	0	1.58106	-350.098	0	-348.184	0	0	-3.30597	
96.52	0.337	0.103	-1.58933	0	-1.58132	350.055	0	348.327	0	0	-3.30597	
96.53	0.337	0.103	1.58959	0	1.58106	-350.098	0	-348.184	0	0	-3.30597	
96.54	0.337	0.103	-1.58933	0	-1.58132	350.055	0	348.327	0	0	-3.30597	
96.55	0.337	0.103	1.58959	0	1.58106	-350.098	0	-348.184	0	0	-3.30597	
96.56	0.337	0.103	-1.58933	0	-1.58132	350.055	0	348.327	0	0	-3.30597	
96.57	0.337	0.103	1.58959	0	1.58106	-350.098	0	-348.184	0	0	-3.30597	
96.58	0.337	0.103	-1.58933	0	-1.58132	350.055	0	348.327	0	0	-3.30597	
96.59	0.337	0.103	1.58959	0	1.58106	-350.098	0	-348.184	0	0	-3.30597	
96.6	0.337	0.103	-1.58933	0	-1.58132	350.055	0	348.327	0	0	-3.30597	
96.61	0.337	0.103	1.58959	0	1.58106	-350.098	0	-348.184	0	0	-3.30597	
96.62	0.337	0.103	-1.58933	0	-1.58132	350.055	0	348.327	0	0	-3.30597	
96.63	0.337	0.103	1.58959	0	1.58106	-350.098	0	-348.184	0	0	-3.30597	
96.64	0.337	0.103	-1.58933	0	-1.58132	350.055	0	348.327	0	0	-3.30597	
96.65	0.337	0.103	1.58959	0	1.58106	-350.098	0	-348.184	0	0	-3.30597	
96.66	0.337	0.103	-1.58933	0	-1.58132	350.055	0	348.327	0	0	-3.30597	
96.67	0.337	0.103	1.58959	0	1.58106	-350.098	0	-348.184	0	0	-3.30597	
96.68	0.337	0.103	-1.58933	0	-1.58132	350.055	0	348.327	0	0	-3.30597	
96.69	0.337	0.103	1.58959	0	1.58106	-350.098	0	-348.184	0	0	-3.30597	
96.7	0.337	0.103	-1.58933	0	-1.58132	350.054	0	348.327	0	0	-3.30597	
96.71	0.337	0.103	1.58959	0	1.58106	-350.098	0	-348.184	0	0	-3.30597	
96.72	0.337	0.103	-1.58933	0	-1.58132	350.054	0	348.327	0	0	-3.30597	
96.73	0.337	0.103	1.58959	0	1.58106	-350.098	0	-348.184	0	0	-3.30597	
96.74	0.337	0.103	-1.58933	0	-1.58132	350.054	0	348.327	0	0	-3.30597	
96.75	0.337	0.103	1.58959	0	1.58106	-350.098	0	-348.184	0	0	-3.30597	
96.76	0.337	0.103	-1.58933	0	-1.58132	350.054	0	348.327	0	0	-3.30597	
96.77	0.337	0.103	1.58959	0	1.58106	-350.098	0	-348.184	0	0	-3.30597	
96.78	0.337	0.103	-1.58933	0	-1.58132	350.054	0	348.327	0	0	-3.30597	
96.79	0.337	0.103	1.58959	0	1.58106	-350.098	0	-348.184	0	0	-3.30597	
96.8	0.337	0.103	-1.58933	0	-1.58132	350.054	0	348.327	0	0	-3.30597	
96.81	0.337	0.103	1.58959	0	1.58106	-350.098	0	-348.184	0	0	-3.30597	
96.82	0.337	0.103	-1.58933	0	-1.58132	350.054	0	348.327	0	0	-3.30597	
96.83	0.337	0.103	1.58959	0	1.58106	-350.098	0	-348.184	0	0	-3.30597	
96.84	0.337	0.103	-1.58933	0	-1.58132	350.054	0	348.327	0	0	-3.30597	
96.85	0.337	0.103	1.58959	0	1.58106	-350.098	0	-348.184	0	0	-3.30597	
96.86	0.337	0.103	-1.58933	0	-1.58132	350.054	0	348.327	0	0	-3.30597	
96.87	0.337	0.103	1.58959	0	1.58106	-350.098	0	-348.184	0	0	-3.30597	
96.88	0.337	0.103	-1.58933	0	-1.58132	350.054	0	348.327	0	0	-3.30597	
96.89	0.337	0.103	1.58959	0	1.58106	-350.098	0	-348.184	0	0	-3.30597	
96.9	0.337	0.103	-1.58933	0	-1.58132	350.054	0	348.327	0	0	-3.30597	
96.91	0.337	0.103	1.58959	0	1.58106	-350.098	0	-348.184	0	0	-3.30597	
96.92	0.337	0.103	-1.58933	0	-1.58132	350.054	0	348.327	0	0	-3.30597	
96.93	0.337	0.103	1.58959	0	1.58106	-350.098	0	-348.184	0	0	-3.30597	
96.94	0.337	0.103	-1.58933	0	-1.58132	350.054	0	348.326	0	0	-3.30597	
96.95	0.337	0.103	1.58959	0	1.58106	-350.098	0	-348.184	0	0	-3.30597	
96.96	0.337	0.103	-1.58933	0	-1.58132	350.054	0	348.326	0	0	-3.30597	
96.97	0.337	0.103	1.58959	0	1.58106	-350.098	0	-348.184	0	0	-3.30597	
96.98	0.337	0.103	-1.58933	0	-1.58132	350.054	0	348.326	0	0	-3.30597	
96.99	0.337	0.103	1.58959	0	1.58106	-350.098	0	-348.184	0	0	-3.30597	
97	0.337	0.103	-1.58933	0	-1.58132	350.054	0	348.326	0	0	-3.30597	
97.01	0.337	0.103	1.58959	0	1.58106	-350.098	0	-348.184	0	0	-3.30597	
97.02	0.337	0.103	-1.58933	0	-1.58132	350.054	0	348.326	0	0	-3.30597	
97.03	0.337	0.103	1.58959	0	1.58106	-350.098	0	-348.184	0	0	-3.30597	
97.04	0.337	0.103	-1.58933	0	-1.58132	350.054	0	348.326	0	0	-3.30597	
97.05	0.337	0.103	1.58959	0	1.58106	-350.098	0	-348.184	0	0	-3.30597	
97.06	0.337	0.103	-1.58933	0	-1.58132	350.054	0	348.326	0	0	-3.30597	
97.07	0.337	0.103	1.58959	0	1.58106	-350.098	0	-348.184	0	0	-3.30597	
97.08	0.337	0.103	-1.58933	0	-1.58132	350.054	0	348.326	0	0	-3.30597	
97.09	0.337	0.103	1.58959	0	1.58106	-350.098	0	-348.184	0	0	-3.30597	
97.1	0.337	0.103	-1.58933	0	-1.58132	350.054	0	348.326	0	0	-3.30597	
97.11	0.337	0.103	1.58959	0	1.58106	-350.098	0	-348.184	0	0	-3.30597	
97.12	0.337	0.103	-1.58933	0	-1.58132	350.054	0	348.326	0	0	-3.30597	
97.13	0.337	0.103	1.58959	0	1.58106	-350.098	0	-348.184	0	0	-3.30597	
97.14	0.337	0.103	-1.58933	0	-1.58132	350.054	0	348.326	0	0	-3.30597	
97.15	0.337	0.103	1.58959	0	1.58106	-350.098	0	-348.184	0	0	-3.30597	
97.16	0.337	0.103	-1.58933	0	-1.58132	350.054	0	348.326	0	0	-3.30597	
97.17	0.337	0.103	1.58959	0	1.58106	-350.098	0	-348.184	0	0	-3.30597	
97.18	0.337	0.103	-1.58933	0	-1.58132	350.054	0	348.326	0	0	-3.30597	
97.19	0.337	0.103	1.58959	0	1.58106	-350.098	0	-348.184	0	0	-3.30597	
97.2	0.337	0.103	-1.58933	0	-1.58132	350.054	0	348.326	0	0	-3.30597	
97.21	0.337	0.103	1.58959	0	1.58106	-350.098	0	-348.184	0	0	-3.30597	
97.22	0.337	0.103	-1.58933	0	-1.58132	350.054	0	348.326	0	0	-3.30597	
97.23	0.337	0.103	1.58959	0	1.58106	-350.098	0	-348.184	0	0	-3.30597	
97.24	0.337	0.103	-1.58933	0	-1.58132	350.054	0	348.326	0	0	-3.30597	
97.25	0.337	0.103	1.58959	0	1.58106	-350.098	0	-348.184	0	0	-3.30597	
97.26	0.337	0.103	-1.58933	0	-1.58132	350.054	0	348.326	0	0	-3.30597	
97.27	0.337	0.103	1.58959	0	1.58106	-350.098	0	-348.184	0	0	-3.30597	
97.28	0.337	0.103	-1.58933	0	-1.58132	350.054	0	348.326	0	0	-3.30597	
97.29	0.337	0.103	1.58959	0	1.58106	-350.098	0	-348.184	0	0	-3.30597	
97.3	0.337	0.103	-1.58933	0	-1.58132	350.054	0	348.326	0	0	-3.30597	
97.31	0.337	0.103	1.58959	0	1.58106	-350.098	0	-348.184	0	0	-3.30597	
97.32	0.337	0.103	-1.58933	0	-1.58132	350.054	0	348.326	0	0	-3.30597	
97.33	0.337	0.103	1.58959	0	1.58106	-350.098	0	-348.184	0	0	-3.30597	
97.34	0.337	0.103	-1.58933	0	-1.58132	350.054	0	348.326	0	0	-3.30597	
97.35	0.337	0.103	1.58959	0	1.58106	-350.098	0	-348.184	0	0	-3.30597	
97.36	0.337	0.103	-1.58933	0	-1.58132	350.054	0	348.326	0	0	-3.30597	
97.37	0.337	0.103	1.58959	0	1.58106	-350.098	0	-348.184	0	0	-3.30597	
97.38	0.337	0.103	-1.58933	0	-1.58132	350.054	0	348.326	0	0	-3.30597	
97.39	0.337	0.103	1.58959	0	1.58106	-350.098	0	-348.184	0	0	-3.30597	
97.4	0.337	0.103	-1.58933	0	-1.58132	350.054	0	348.326	0	0	-3.30597	
97.41	0.337	0.103	1.58959	0	1.58106	-350.098	0	-348.184	0	0	-3.30597	
97.42	0.337	0.103	-1.58933	0	-1.58132	350.054	0	348.326	0	0	-3.30597	
97.43	0.337	0.103	1.58959	0	1.58106	-350.098	0	-348.184	0	0	-3.30597	
97.44	0.337	0.103	-1.58933	0	-1.58132	350.054	0	348.326	0	0	-3.30597	
97.45	0.337	0.103	1.58959	0	1.58106	-350.098	0	-348.184	0	0	-3.30597	
97.46	0.337	0.103	-1.58933	0	-1.58132	350.054	0	348.326	0	0	-3.30597	
97.47	0.337	0.103	1.58959	0	1.58106	-350.098	0	-348.184	0	0	-3.30597	
97.48	0.337	0.103	-1.58933	0	-1.58132	350.054	0	348.326	0	0	-3.30597	
97.49	0.337	0.103	1.58959	0	1.58106	-350.098	0	-348.184	0	0	-3.30597	
97.5	0.337	0.103	-1.58933	0	-1.58132	350.054	0	348.326	0	0	-3.30597	
97.51	0.337	0.103	1.58959	0	1.58106	-350.098	0	-348.184	0	0	-3.30597	
97.52	0.337	0.103	-1.58933	0	-1.58132	350.054	0	348.326	0	0	-3.30597	
97.53	0.337	0.103	1.58959	0	1.58106	-350.098	0	-348.184	0	0	-3.30597	
97.54	0.337	0.103	-1.58933	0	-1.58132	350.054	0	348.326	0	0	-3.30597	
97.55	0.337	0.103	1.58959	0	1.58106	-350.098	0	-348.184	0	0	-3.30597	
97.56	0.337	0.103	-1.58933	0	-1.58132	350.054	0	348.326	0	0	-3.30597	
97.57	0.337	0.103	1.58959	0	1.58106	-350.098	0	-348.184	0	0	-3.30597	
97.58	0.337	0.103	-1.58933	0	-1.58132	350.054	0	348.326	0	0	-3.30597	
97.59	0.337	0.103	1.58959	0	1.58106	-350.098	0	-348.184	0	0	-3.30597	
97.6	0.337	0.103	-1.58933	0	-1.58132	350.054	0	348.326	0	0	-3.30597	
97.61	0.337	0.103	1.58959	0	1.58106	-350.098	0	-348.184	0	0	-3.30597	
97.62	0.337	0.103	-1.58933	0	-1.58132	350.054	0	348.326	0	0	-3.30597	
97.63	0.337	0.103	1.58959	0	1.58106	-350.098	0	-348.184	0	0	-3.30597	
97.64	0.337	0.103	-1.58933	0	-1.58132	350.054	0	348.326	0	0	-3.30597	
97.65	0.337	0.103	1.58959	0	1.58106	-350.098	0	-348.184	0	0	-3.30597	
97.66	0.337	0.103	-1.58933	0	-1.58132	350.054	0	348.326	0	0	-3.30597	
97.67	0.337	0.103	1.58959	0	1.58106	-350.098	0	-348.184	0	0	-3.30597	
97.68	0.337	0.103	-1.58933	0	-1.58132	350.054	0	348.326	0	0	-3.30597	
97.69	0.337	0.103	1.58959	0	1.58106	-350.098	0	-348.184	0	0	-3.30597	
97.7	0.337	0.103	-1.58933	0	-1.58132	350.054	0	348.326	0	0	-3.30597	
97.71	0.337	0.103	1.58959	0	1.58106	-350.098	0	-348.184	0	0	-3.30597	
97.72	0.337	0.103	-1.58933	0	-1.58132	350.054	0	348.326	0	0	-3.30597	
97.73	0.337	0.103	1.58959	0	1.58106	-350.098	0	-348.184	0	0	-3.30597	
97.74	0.337	0.103	-1.58933	0	-1.58132	350.054	0	348.326	0	0	-3.30597	
97.75	0.337	0.103	1.58959	0	1.58106	-350.098	0	-348.184	0	0	-3.30597	
97.76	0.337	0.103	-1.58933	0	-1.58132	350.054	0	348.326	0	0	-3.30597	
97.77	0.337	0.103	1.58959	0	1.58106	-350.098	0	-348.184	0	0	-3.30597	
97.78	0.337	0.103	-1.58933	0	-1.58132	350.054	0	348.326	0	0	-3.30597	
97.79	0.337	0.103	1.58959	0	1.58106	-350.098	0	-348.184	0	0	-3.30597	
97.8	0.337	0.103	-1.58933	0	-1.58132	350.054	0	348.326	0	0	-3.30597	
97.81	0.337	0.103	1.58959	0	1.58106	-350.098	0	-348.184	0	0	-3.30597	
97.82	0.337	0.103	-1.58933	0	-1.58132	350.054	0	348.326	0	0	-3.30597	
97.83	0.337	0.103	1.58959	0	1.58106	-350.098	0	-348.184	0	0	-3.30597	
97.84	0.337	0.103	-1.58933	0	-1.58132	350.054	0	348.326	0	0	-3.30597	
97.85	0.337	0.103	1.58959	0	1.58106	-350.098	0	-348.184	0	0	-3.30597	
97.86	0.337	0.103	-1.58933	0	-1.58132	350.054	0	348.326	0	0	-3.30597	
97.87	0.337	0.103	1.58959	0	1.58106	-350.098	0	-348.184	0	0	-3.30597	
97.88	0.337	0.103	-1.58933	0	-1.58132	350.054	0	348.326	0	0	-3.30597	
97.89	0.337	0.103	1.58959	0	1.58106	-350.098	0	-348.184	0	0	-3.30597	
97.9	0.337	0.103	-1.58933	0	-1.58132	350.054	0	348.326	0	0	-3.30597	
97.91	0.337	0.103	1.58959	0	1.58106	-350.098	0	-348.184	0	0	-3.30597	
97.92	0.337	0.103	-1.58933	0	-1.58132	350.054	0	348.326	0	0	-3.30597	
97.93	0.337	0.103	1.58959	0	1.58106	-350.098	0	-348.184	0	0	-3.30597	
97.94	0.337	0.103	-1.58933	0	-1.58132	350.054	0	348.326	0	0	-3.30597	
97.95	0.337	0.103	1.58959	0	1.58106	-350.098	0	-348.184	0	0	-3.30597	
97.96	0.337	0.103	-1.58933	0	-1.58132	350.054	0	348.326	0	0	-3.30597	
97.97	0.337	0.103	1.58959	0	1.58106	-350.098	0	-348.184	0	0	-3.30597	
97.98	0.337	0.103	-1.58933	0	-1.58132	350.054	0	348.326	0	0	-3.30597	
97.99	0.337	0.103	1.58959	0	1.58106	-350.098	0	-348.184	0	0	-3.30597	
98	0.337	0.103	-1.58933	0	-1.58132	350.054	0	348.326	0	0	-3.30597	
98.01	0.337	0.103	1.58959	0	1.58106	-350.098	0	-348.184	0	0	-3.30597	
98.02	0.337	0.103	-1.58933	0	-1.58132	350.054	0	348.326	0	0	-3.30597	
98.03	0.337	0.103	1.58959	0	1.58106	-350.098	0	-348.184	0	0	-3.30597	
98.04	0.337	0.103	-1.58933	0	-1.58132	350.054	0	348.326	0	0	-3.30597	
98.05	0.337	0.103	1.58959	0	1.58106	-350.098	0	-348.184	0	0	-3.30597	
98.06	0.337	0.103	-1.58933	0	-1.58132	350.054	0	348.326	0	0	-3.30597	
98.07	0.337	0.103	1.58959	0	1.58106	-350.098	0	-348.184	0	0	-3.30597	
98.08	0.337	0.103	-1.58933	0	-1.58132	350.054	0	348.326	0	0	-3.30597	
98.09	0.337	0.103	1.58959	0	1.58106	-350.098	0	-348.184	0	0	-3.30597	
98.1	0.337	0.103	-1.58933	0	-1.58132	350.054	0	348.326	0	0	-3.30597	
98.11	0.337	0.103	1.58959	0	1.58106	-350.098	0	-348.184	0	0	-3.30597	
98.12	0.337	0.103	-1.58933	0	-1.58132	350.054	0	348.326	0	0	-3.30597	
98.13	0.337	0.103	1.58959	0	1.58106	-350.098	0	-348.184	0	0	-3.30597	
98.14	0.337	0.103	-1.58933	0	-1.58132	350.054	0	348.326	0	0	-3.30597	
98.15	0.337	0.103	1.58959	0	1.58106	-350.098	0	-348.184	0	0	-3.30597	
98.16	0.337	0.103	-1.58933	0	-1.58132	350.054	0	348.326	0	0	-3.30597	
98.17	0.337	0.103	1.58959	0	1.58106	-350.098	0	-348.184	0	0	-3.30597	
98.18	0.337	0.103	-1.58933	0	-1.58132	350.054	0	348.326	0	0	-3.30597	
98.19	0.337	0.103	1.58959	0	1.58106	-350.098	0	-348.184	0	0	-3.30597	
98.2	0.337	0.103	-1.58933	0	-1.58132	350.054	0	348.326	0	0	-3.30597	
98.21	0.337	0.103	1.58959	0	1.58106	-350.098	0	-348.184	0	0	-3.30597	
98.22	0.337	0.103	-1.58933	0	-1.58132	350.054	0	348.326	0	0	-3.30597	
98.23	0.337	0.103	1.58959	0	1.58106	-350.098	0	-348.184	0	0	-3.30597	
98.24	0.337	0.103	-1.58933	0	-1.58132	350.054	0	348.326	0	0	-3.30597	
98.25	0.337	0.103	1.58959	0	1.58106	-350.098	0	-348.184	0	0	-3.30597	
98.26	0.337	0.103	-1.58933	0	-1.58132	350.054	0	348.326	0	0	-3.30597	
98.27	0.337	0.103	1.58959	0	1.58106	-350.098	0	-348.184	0	0	-3.30597	
98.28	0.337	0.103	-1.58933	0	-1.58132	350.054	0	348.326	0	0	-3.30597	
98.29	0.337	0.103	1.58959	0	1.58106	-350.098	0	-348.184	0	0	-3.30597	
98.3	0.337	0.103	-1.58933	0	-1.58132	350.054	0	348.326	0	0	-3.30597	
98.31	0.337	0.103	1.58959	0	1.58106	-350.098	0	-348.184	0	0	-3.30597	
98.32	0.337	0.103	-1.58933	0	-1.58132	350.054	0	348.326	0	0	-3.30597	
98.33	0.337	0.103	1.58959	0	1.58106	-350.098	0	-348.184	0	0	-3.30597	
98.34	0.337	0.103	-1.58933	0	-1.58132	350.054	0	348.326	0	0	-3.30597	
98.35	0.337	0.103	1.58959	0	1.58106	-350.098	0	-348.184	0	0	-3.30597	
98.36	0.337	0.103	-1.58933	0	-1.58132	350.054	0	348.326	0	0	-3.30597	
98.37	0.337	0.103	1.58959	0	1.58106	-350.098	0	-348.184	0	0	-3.30597	
98.38	0.337	0.103	-1.58933	0	-1.58132	350.054	0	348.326	0	0	-3.30597	
98.39	0.337	0.103	1.58959	0	1.58106	-350.098	0	-348.184	0	0	-3.30597	
98.4	0.337	0.103	-1.58933	0	-1.58132	350.054	0	348.326	0	0	-3.30597	
98.41	0.337	0.103	1.58959	0	1.58106	-350.098	0	-348.184	0	0	-3.30597	
98.42	0.337	0.103	-1.58933	0	-1.58132	350.054	0	348.326	0	0	-3.30597	
98.43	0.337	0.103	1.58959	0	1.58106	-350.098	0	-348.184	0	0	-3.30597	
98.44	0.337	0.103	-1.58933	0	-1.58132	350.054	0	348.326	0	0	-3.30597	
98.45	0.337	0.103	1.58959	0	1.58106	-350.098	0	-348.184	0	0	-3.30597	
98.46	0.337	0.103	-1.58933	0	-1.58132	350.054	0	348.326	0	0	-3.30597	
98.47	0.337	0.103	1.58959	0	1.58106	-350.098	0	-348.184	0	0	-3.30597	
98.48	0.337	0.103	-1.58933	0	-1.58132	350.054	0	348.326	0	0	-3.30597	
98.49	0.337	0.103	1.58959	0	1.58106	-350.098	0	-348.184	0	0	-3.30597	
98.5	0.337	0.103	-1.58933	0	-1.58132	350.054	0	348.326	0	0	-3.30597	
98.51	0.337	0.103	1.58959	0	1.58106	-350.098	0	-348.184	0	0	-3.30597	
98.52	0.337	0.103	-1.58933	0	-1.58132	350.054	0	348.326	0	0	-3.30597	
98.53	0.337	0.103	1.58959	0	1.58106	-350.098	0	-348.184	0	0	-3.30597	
98.54	0.337	0.103	-1.58933	0	-1.58132	350.054	0	348.326	0	0	-3.30597	
98.55	0.337	0.103	1.58959	0	1.58106	-350.098	0	-348.184	0	0	-3.30597	
98.56	0.337	0.103	-1.58933	0	-1.58132	350.054	0	348.326	0	0	-3.30597	
98.57	0.337	0.103	1.58959	0	1.58106	-350.098	0	-348.184	0	0	-3.30597	
98.58	0.337	0.103	-1.58933	0	-1.58132	350.054	0	348.326	0	0	-3.30597	
98.59	0.337	0.103	1.58959	0	1.58106	-350.098	0	-348.184	0	0	-3.30597	
98.6	0.337	0.103	-1.58933	0	-1.58132	350.054	0	348.326	0	0	-3.30597	
98.61	0.337	0.103	1.58959	0	1.58106	-350.098	0	-348.184	0	0	-3.30597	
98.62	0.337	0.103	-1.58933	0	-1.58132	350.054	0	348.326	0	0	-3.30597	
98.63	0.337	0.103	1.58959	0	1.58106	-350.098	0	-348.184	0	0	-3.30597	
98.64	0.337	0.103	-1.58933	0	-1.58132	350.054	0	348.326	0	0	-3.30597	
98.65	0.337	0.103	1.58959	0	1.58106	-350.098	0	-348.184	0	0	-3.30597	
98.66	0.337	0.103	-1.58933	0	-1.58132	350.054	0	348.326	0	0	-3.30597	
98.67	0.337	0.103	1.58959	0	1.58106	-350.098	0	-348.184	0	0	-3.30597	
98.68	0.337	0.103	-1.58933	0	-1.58132	350.054	0	348.326	0	0	-3.30597	
98.69	0.337	0.103	1.58959	0	1.58106	-350.098	0	-348.184	0	0	-3.30597	
98.7	0.337	0.103	-1.58933	0	-1.58132	350.054	0	348.326	0	0	-3.30597	
98.71	0.337	0.103	1.58959	0	1.58106	-350.098	0	-348.184	0	0	-3.30597	
98.72	0.337	0.103	-1.58933	0	-1.58132	350.054	0	348.326	0	0	-3.30597	
98.73	0.337	0.103	1.58959	0	1.58106	-350.098	0	-348.184	0	0	-3.30597	
98.74	0.337	0.103	-1.58933	0	-1.58132	350.054	0	348.326	0	0	-3.30597	
98.75	0.337	0.103	1.58959	0	1.58106	-350.098	0	-348.184	0	0	-3.30597	
98.76	0.337	0.103	-1.58933	0	-1.58132	350.054	0	348.326	0	0	-3.30597	
98.77	0.337	0.103	1.58959	0	1.58106	-350.098	0	-348.184	0	0	-3.30597	
98.78	0.337	0.103	-1.58933	0	-1.58132	350.054	0	348.326	0	0	-3.30597	
98.79	0.337	0.103	1.58959	0	1.58106	-350.098	0	-348.184	0	0	-3.30597	
98.8	0.337	0.103	-1.58933	0	-1.58132	350.054	0	348.326	0	0	-3.30597	
98.81	0.337	0.103	1.58959	0	1.58106	-350.098	0	-348.184	0	0	-3.30597	
98.82	0.337	0.103	-1.58933	0	-1.58132	350.054	0	348.326	0	0	-3.30597	
98.83	0.337	0.103	1.58959	0	1.58106	-350.098	0	-348.184	0	0	-3.30597	
98.84	0.337	0.103	-1.58933	0	-1.58132	350.054	0	348.326	0	0	-3.30597	
98.85	0.337	0.103	1.58959	0	1.58106	-350.098	0	-348.184	0	0	-3.30597	
98.86	0.337	0.103	-1.58933	0	-1.58132	350.054	0	348.326	0	0	-3.30597	
98.87	0.337	0.103	1.58959	0	1.58106	-350.098	0	-348.184	0	0	-3.30597	
98.88	0.337	0.103	-1.58933	0	-1.58132	350.054	0	348.326	0	0	-3.30597	
98.89	0.337	0.103	1.58959	0	1.58106	-350.098	0	-348.184	0	0	-3.30597	
98.9	0.337	0.103	-1.58933	0	-1.58132	350.054	0	348.326	0	0	-3.30597	
98.91	0.337	0.103	1.58959	0	1.58106	-350.098	0	-348.184	0	0	-3.30597	
98.92	0.337	0.103	-1.58933	0	-1.58132	350.054	0	348.326	0	0	-3.30597	
98.93	0.337	0.103	1.58959	0	1.58106	-350.098	0	-348.184	0	0	-3.30597	
98.94	0.337	0.103	-1.58933	0	-1.58132	350.054	0	348.326	0	0	-3.30597	
98.95	0.337	0.103	1.58959	0	1.58106	-350.098	0	-348.184	0	0	-3.30597	
98.96	0.337	0.103	-1.58933	0	-1.58132	350.054	0	348.326	0	0	-3.30597	
98.97	0.337	0.103	1.58959	0	1.58106	-350.098	0	-348.184	0	0	-3.30597	
98.98	0.337	0.103	-1.58933	0	-1.58132	350.054	0	348.326	0	0	-3.30597	
98.99	0.337	0.103	1.58959	0	1.58106	-350.098	0	-348.184	0	0	-3.30597	
99	0.337	0.103	-1.58933	0	-1.58132	350.054	0	348.326	0	0	-3.30597	
99.01	0.337	0.103	1.58959	0	1.58106	-350.097	0	-348.184	0	0	-3.30597	
99.02	0.337	0.103	-1.58933	0	-1.58132	350.054	0	348.326	0	0	-3.30597	
99.03	0.337	0.103	1.58959	0	1.58106	-350.097	0	-348.184	0	0	-3.30597	
99.04	0.337	0.103	-1.58933	0	-1.58132	350.054	0	348.326	0	0	-3.30597	
99.05	0.337	0.103	1.58959	0	1.58106	-350.097	0	-348.184	0	0	-3.30597	
99.06	0.337	0.103	-1.58933	0	-1.58132	350.054	0	348.326	0	0	-3.30597	
99.07	0.337	0.103	1.58959	0	1.58106	-350.097	0	-348.184	0	0	-3.30597	
99.08	0.337	0.103	-1.58933	0	-1.58132	350.054	0	348.326	0	0	-3.30597	
99.09	0.337	0.103	1.58959	0	1.58106	-350.097	0	-348.184	0	0	-3.30597	
99.1	0.337	0.103	-1.58933	0	-1.58132	350.054	0	348.326	0	0	-3.30597	
99.11	0.337	0.103	1.58959	0	1.58106	-350.097	0	-348.184	0	0	-3.30597	
99.12	0.337	0.103	-1.58933	0	-1.58132	350.054	0	348.326	0	0	-3.30597	
99.13	0.337	0.103	1.58959	0	1.58106	-350.097	0	-348.184	0	0	-3.30597	
99.14	0.337	0.103	-1.58933	0	-1.58132	350.054	0	348.326	0	0	-3.30597	
99.15	0.337	0.103	1.58959	0	1.58106	-350.097	0	-348.184	0	0	-3.30597	
99.16	0.337	0.103	-1.58933	0	-1.58132	350.054	0	348.326	0	0	-3.30597	
99.17	0.337	0.103	1.58959	0	1.58106	-350.097	0	-348.184	0	0	-3.30597	
99.18	0.337	0.103	-1.58933	0	-1.58132	350.054	0	348.326	0	0	-3.30597	
99.19	0.337	0.103	1.58959	0	1.58106	-350.097	0	-348.184	0	0	-3.30597	
99.2	0.337	0.103	-1.58933	0	-1.58132	350.054	0	348.326	0	0	-3.30597	
99.21	0.337	0.103	1.58959	0	1.58106	-350.097	0	-348.184	0	0	-3.30597	
99.22	0.337	0.103	-1.58933	0	-1.58132	350.054	0	348.326	0	0	-3.30597	
99.23	0.337	0.103	1.58959	0	1.58106	-350.097	0	-348.184	0	0	-3.30597	
99.24	0.337	0.103	-1.58933	0	-1.58132	350.054	0	348.326	0	0	-3.30597	
99.25	0.337	0.103	1.58959	0	1.58106	-350.097	0	-348.184	0	0	-3.30597	
99.26	0.337	0.103	-1.58933	0	-1.58132	350.054	0	348.326	0	0	-3.30597	
99.27	0.337	0.103	1.58959	0	1.58106	-350.097	0	-348.184	0	0	-3.30597	
99.28	0.337	0.103	-1.58933	0	-1.58132	350.054	0	348.326	0	0	-3.30597	
99.29	0.337	0.103	1.58959	0	1.58106	-350.097	0	-348.184	0	0	-3.30597	
99.3	0.337	0.103	-1.58933	0	-1.58132	350.054	0	348.326	0	0	-3.30597	
99.31	0.337	0.103	1.58959	0	1.58106	-350.097	0	-348.183	0	0	-3.30597	
99.32	0.337	0.103	-1.58933	0	-1.58132	350.054	0	348.326	0	0	-3.30597	
99.33	0.337	0.103	1.58959	0	1.58106	-350.097	0	-348.183	0	0	-3.30597	
99.34	0.337	0.103	-1.58933	0	-1.58132	350.054	0	348.326	0	0	-3.30597	
99.35	0.337	0.103	1.58959	0	1.58106	-350.097	0	-348.183	0	0	-3.30597	
99.36	0.337	0.103	-1.58933	0	-1.58132	350.054	0	348.326	0	0	-3.30597	
99.37	0.337	0.103	1.58959	0	1.58106	-350.097	0	-348.183	0	0	-3.30597	
99.38	0.337	0.103	-1.58933	0	-1.58132	350.054	0	348.326	0	0	-3.30597	
99.39	0.337	0.103	1.58959	0	1.58106	-350.097	0	-348.183	0	0	-3.30597	
99.4	0.337	0.103	-1.58933	0	-1.58132	350.054	0	348.326	0	0	-3.30597	
99.41	0.337	0.103	1.58959	0	1.58106	-350.097	0	-348.183	0	0	-3.30597	
99.42	0.337	0.103	-1.58933	0	-1.58132	350.054	0	348.326	0	0	-3.30597	
99.43	0.337	0.103	1.58959	0	1.58106	-350.097	0	-348.183	0	0	-3.30597	
99.44	0.337	0.103	-1.58933	0	-1.58132	350.054	0	348.326	0	0	-3.30597	
99.45	0.337	0.103	1.58959	0	1.58106	-350.097	0	-348.183	0	0	-3.30597	
99.46	0.337	0.103	-1.58933	0	-1.58132	350.054	0	348.326	0	0	-3.30597	
99.47	0.337	0.103	1.58959	0	1.58106	-350.097	0	-348.183	0	0	-3.30597	
99.48	0.337	0.103	-1.58933	0	-1.58132	350.053	0	348.326	0	0	-3.30597	
99.49	0.337	0.103	1.58959	0	1.58106	-350.097	0	-348.183	0	0	-3.30597	
99.5	0.337	0.103	-1.58933	0	-1.58132	350.053	0	348.326	0	0	-3.30597	
99.51	0.337	0.103	1.58959	0	1.58106	-350.097	0	-348.183	0	0	-3.30597	
99.52	0.337	0.103	-1.58933	0	-1.58132	350.053	0	348.326	0	0	-3.30597	
99.53	0.337	0.103	1.58959	0	1.58106	-350.097	0	-348.183	0	0	-3.30597	
99.54	0.337	0.103	-1.58933	0	-1.58132	350.053	0	348.326	0	0	-3.30597	
99.55	0.337	0.103	1.58959	0	1.58106	-350.097	0	-348.183	0	0	-3.30597	
99.56	0.337	0.103	-1.58933	0	-1.58132	350.053	0	348.326	0	0	-3.30597	
99.57	0.337	0.103	1.58959	0	1.58106	-350.097	0	-348.183	0	0	-3.30597	
99.58	0.337	0.103	-1.58933	0	-1.58132	350.053	0	348.326	0	0	-3.30597	
99.59	0.337	0.103	1.58959	0	1.58106	-350.097	0	-348.183	0	0	-3.30597	
99.6	0.337	0.103	-1.58933	0	-1.58132	350.053	0	348.326	0	0	-3.30597	
99.61	0.337	0.103	1.58959	0	1.58106	-350.097	0	-348.183	0	0	-3.30597	
99.62	0.337	0.103	-1.58933	0	-1.58132	350.053	0	348.326	0	0	-3.30597	
99.63	0.337	0.103	1.58959	0	1.58106	-350.097	0	-348.183	0	0	-3.30597	
99.64	0.337	0.103	-1.58933	0	-1.58132	350.053	0	348.326	0	0	-3.30597	
99.65	0.337	0.103	1.58959	0	1.58106	-350.097	0	-348.183	0	0	-3.30597	
99.66	0.337	0.103	-1.58933	0	-1.58132	350.053	0	348.326	0	0	-3.30597	
99.67	0.337	0.103	1.58959	0	1.58106	-350.097	0	-348.183	0	0	-3.30597	
99.68	0.337	0.103	-1.58933	0	-1.58132	350.053	0	348.326	0	0	-3.30597	
99.69	0.337	0.103	1.58959	0	1.58106	-350.097	0	-348.183	0	0	-3.30597	
99.7	0.337	0.103	-1.58933	0	-1.58132	350.053	0	348.326	0	0	-3.30597	
99.71	0.337	0.103	1.58959	0	1.58106	-350.097	0	-348.183	0	0	-3.30597	
99.72	0.337	0.103	-1.58933	0	-1.58132	350.053	0	348.326	0	0	-3.30597	
99.73	0.337	0.103	1.58959	0	1.58106	-350.097	0	-348.183	0	0	-3.30597	
99.74	0.337	0.103	-1.58933	0	-1.58132	350.053	0	348.325	0	0	-3.30597	
99.75	0.337	0.103	1.58959	0	1.58106	-350.097	0	-348.183	0	0	-3.30597	
99.76	0.337	0.103	-1.58933	0	-1.58132	350.053	0	348.325	0	0	-3.30597	
99.77	0.337	0.103	1.58959	0	1.58106	-350.097	0	-348.183	0	0	-3.30597	
99.78	0.337	0.103	-1.58933	0	-1.58132	350.053	0	348.325	0	0	-3.30597	
99.79	0.337	0.103	1.58959	0	1.58106	-350.097	0	-348.183	0	0	-3.30597	
99.8	0.337	0.103	-1.58933	0	-1.58132	350.053	0	348.325	0	0	-3.30597	
99.81	0.337	0.103	1.58959	0	1.58106	-350.097	0	-348.183	0	0	-3.30597	
99.82	0.337	0.103	-1.58933	0	-1.58132	350.053	0	348.325	0	0	-3.30597	
99.83	0.337	0.103	1.58959	0	1.58106	-350.097	0	-348.183	0	0	-3.30597	
99.84	0.337	0.103	-1.58933	0	-1.58132	350.053	0	348.325	0	0	-3.30597	
99.85	0.337	0.103	1.58959	0	1.58106	-350.097	0	-348.183	0	0	-3.30597	
99.86	0.337	0.103	-1.58933	0	-1.58132	350.053	0	348.325	0	0	-3.30597	
99.87	0.337	0.103	1.58959	0	1.58106	-350.097	0	-348.183	0	0	-3.30597	
99.88	0.337	0.103	-1.58933	0	-1.58132	350.053	0	348.325	0	0	-3.30597	
99.89	0.337	0.103	1.58959	0	1.58106	-350.097	0	-348.183	0	0	-3.30597	
99.9	0.337	0.103	-1.58933	0	-1.58132	350.053	0	348.325	0	0	-3.30597	
99.91	0.337	0.103	1.58959	0	1.58106	-350.097	0	-348.183	0	0	-3.30597	
99.92	0.337	0.103	-1.58933	0	-1.58132	350.053	0	348.325	0	0	-3.30597	
99.93	0.337	0.103	1.58959	0	1.58106	-350.097	0	-348.183	0	0	-3.30597	
99.94	0.337	0.103	-1.58933	0	-1.58132	350.053	0	348.325	0	0	-3.30597	
99.95	0.337	0.103	1.58959	0	1.58106	-350.097	0	-348.183	0	0	-3.30597	
99.96	0.337	0.103	-1.58933	0	-1.58132	350.053	0	348.325	0	0	-3.30597	
99.97	0.337	0.103	1.58959	0	1.58106	-350.097	0	-348.183	0	0	-3.30597	
99.98	0.337	0.103	-1.58933	0	-1.58132	350.053	0	348.325	0	0	-3.30597	
99.99	0.337	0.103	1.58959	0	1.58106	-350.097	0	-348.183	0	0	-3.30597	
100	0.337	0.103	-1.58933	0	-1.58132	350.053	0	348.325	0	0	-3.30597	
100.01	0.337	0.103	1.58959	0	1.58106	-350.097	0	-348.183	0	0	-3.30597	
100.02	0.337	0.103	-1.58933	0	-1.58132	350.053	0	348.325	0	0	-3.30597	
100.03	0.337	0.103	1.58959	0	1.58106	-350.097	0	-348.183	0	0	-3.30597	
100.04	0.337	0.103	-1.58933	0	-1.58132	350.053	0	348.325	0	0	-3.30597	
100.05	0.337	0.103	1.58959	0	1.58106	-350.097	0	-348.183	0	0	-3.30597	
100.06	0.337	0.103	-1.58933	0	-1.58132	350.053	0	348.325	0	0	-3.30597	
100.07	0.337	0.103	1.58959	0	1.58106	-350.097	0	-348.183	0	0	-3.30597	
100.08	0.337	0.103	-1.58933	0	-1.58132	350.053	0	348.325	0	0	-3.30597	
100.09	0.337	0.103	1.58959	0	1.58106	-350.097	0	-348.183	0	0	-3.30597	
100.1	0.337	0.103	-1.58933	0	-1.58132	350.053	0	348.325	0	0	-3.30597	
100.11	0.337	0.103	1.58959	0	1.58106	-350.097	0	-348.183	0	0	-3.30597	
100.12	0.337	0.103	-1.58933	0	-1.58132	350.053	0	348.325	0	0	-3.30597	
100.13	0.337	0.103	1.58959	0	1.58106	-350.097	0	-348.183	0	0	-3.30597	
100.14	0.337	0.103	-1.58933	0	-1.58132	350.053	0	348.325	0	0	-3.30597	
100.15	0.337	0.103	1.58959	0	1.58106	-350.097	0	-348.183	0	0	-3.30597	
100.16	0.337	0.103	-1.58933	0	-1.58132	350.053	0	348.325	0	0	-3.30597	
100.17	0.337	0.103	1.58959	0	1.58106	-350.097	0	-348.183	0	0	-3.30597	
100.18	0.337	0.103	-1.58933	0	-1.58132	350.053	0	348.325	0	0	-3.30597	
100.19	0.337	0.103	1.58959	0	1.58106	-350.097	0	-348.183	0	0	-3.30597	
100.2	0.337	0.103	-1.58933	0	-1.58132	350.053	0	348.325	0	0	-3.30597	
100.21	0.337	0.103	1.58959	0	1.58106	-350.097	0	-348.183	0	0	-3.30597	
100.22	0.337	0.103	-1.58933	0	-1.58132	350.053	0	348.325	0	0	-3.30597	
100.23	0.337	0.103	1.58959	0	1.58106	-350.097	0	-348.183	0	0	-3.30597	
100.24	0.337	0.103	-1.58933	0	-1.58132	350.053	0	348.325	0	0	-3.30597	
100.25	0.337	0.103	1.58959	0	1.58106	-350.097	0	-348.183	0	0	-3.30597	
100.26	0.337	0.103	-1.58933	0	-1.58132	350.053	0	348.325	0	0	-3.30597	
100.27	0.337	0.103	1.58959	0	1.58106	-350.097	0	-348.183	0	0	-3.30597	
100.28	0.337	0.103	-1.58933	0	-1.58132	350.053	0	348.325	0	0	-3.30597	
100.29	0.337	0.103	1.58959	0	1.58106	-350.097	0	-348.183	0	0	-3.30597	
100.3	0.337	0.103	-1.58933	0	-1.58132	350.053	0	348.325	0	0	-3.30597	
100.31	0.337	0.103	1.58959	0	1.58106	-350.097	0	-348.183	0	0	-3.30597	
100.32	0.337	0.103	-1.58933	0	-1.58132	350.053	0	348.325	0	0	-3.30597	
100.33	0.337	0.103	1.58959	0	1.58106	-350.097	0	-348.183	0	0	-3.30597	
100.34	0.337	0.103	-1.58933	0	-1.58132	350.053	0	348.325	0	0	-3.30597	
100.35	0.337	0.103	1.58959	0	1.58106	-350.097	0	-348.183	0	0	-3.30597	
100.36	0.337	0.103	-1.58933	0	-1.58132	350.053	0	348.325	0	0	-3.30597	
100.37	0.337	0.103	1.58959	0	1.58106	-350.097	0	-348.183	0	0	-3.30597	
100.38	0.337	0.103	-1.58933	0	-1.58132	350.053	0	348.325	0	0	-3.30597	
100.39	0.337	0.103	1.58959	0	1.58106	-350.097	0	-348.183	0	0	-3.30597	
100.4	0.337	0.103	-1.58933	0	-1.58132	350.053	0	348.325	0	0	-3.30597	
100.41	0.337	0.103	1.58959	0	1.58106	-350.097	0	-348.183	0	0	-3.30597	
100.42	0.337	0.103	-1.58933	0	-1.58132	350.053	0	348.325	0	0	-3.30597	
100.43	0.337	0.103	1.58959	0	1.58106	-350.097	0	-348.183	0	0	-3.30597	
100.44	0.337	0.103	-1.58933	0	-1.58132	350.053	0	348.325	0	0	-3.30597	
100.45	0.337	0.103	1.58959	0	1.58106	-350.097	0	-348.183	0	0	-3.30597	
100.46	0.337	0.103	-1.58933	0	-1.58132	350.053	0	348.325	0	0	-3.30597	
100.47	0.337	0.103	1.58959	0	1.58106	-350.097	0	-348.183	0	0	-3.30597	
100.48	0.337	0.103	-1.58933	0	-1.58132	350.053	0	348.325	0	0	-3.30597	
100.49	0.337	0.103	1.58959	0	1.58106	-350.097	0	-348.183	0	0	-3.30597	
100.5	0.337	0.103	-1.58933	0	-1.58132	350.053	0	348.325	0	0	-3.30597	
100.51	0.337	0.103	1.58959	0	1.58106	-350.097	0	-348.183	0	0	-3.30597	
100.52	0.337	0.103	-1.58933	0	-1.58132	350.053	0	348.325	0	0	-3.30597	
100.53	0.337	0.103	1.58959	0	1.58106	-350.097	0	-348.183	0	0	-3.30597	
100.54	0.337	0.103	-1.58933	0	-1.58132	350.053	0	348.325	0	0	-3.30597	
100.55	0.337	0.103	1.58959	0	1.58106	-350.097	0	-348.183	0	0	-3.30597	
100.56	0.337	0.103	-1.58933	0	-1.58132	350.053	0	348.325	0	0	-3.30597	
100.57	0.337	0.103	1.58959	0	1.58106	-350.097	0	-348.183	0	0	-3.30597	
100.58	0.337	0.103	-1.58933	0	-1.58132	350.053	0	348.325	0	0	-3.30597	
100.59	0.337	0.103	1.58959	0	1.58106	-350.097	0	-348.183	0	0	-3.30597	
100.6	0.337	0.103	-1.58933	0	-1.58132	350.053	0	348.325	0	0	-3.30597	
100.61	0.337	0.103	1.58959	0	1.58106	-350.097	0	-348.183	0	0	-3.30597	
100.62	0.337	0.103	-1.58933	0	-1.58132	350.053	0	348.325	0	0	-3.30597	
100.63	0.337	0.103	1.58959	0	1.58106	-350.097	0	-348.183	0	0	-3.30597	
100.64	0.337	0.103	-1.58933	0	-1.58132	350.053	0	348.325	0	0	-3.30597	
100.65	0.337	0.103	1.58959	0	1.58106	-350.097	0	-348.183	0	0	-3.30597	
100.66	0.337	0.103	-1.58933	0	-1.58132	350.053	0	348.325	0	0	-3.30597	
100.67	0.337	0.103	1.58959	0	1.58106	-350.097	0	-348.183	0	0	-3.30597	
100.68	0.337	0.103	-1.58933	0	-1.58132	350.053	0	348.325	0	0	-3.30597	
100.69	0.337	0.103	1.58959	0	1.58106	-350.097	0	-348.183	0	0	-3.30597	
100.7	0.337	0.103	-1.58933	0	-1.58132	350.053	0	348.325	0	0	-3.30597	
100.71	0.337	0.103	1.58959	0	1.58106	-350.097	0	-348.183	0	0	-3.30597	
100.72	0.337	0.103	-1.58933	0	-1.58132	350.053	0	348.325	0	0	-3.30597	
100.73	0.337	0.103	1.58959	0	1.58106	-350.097	0	-348.183	0	0	-3.30597	
100.74	0.337	0.103	-1.58933	0	-1.58132	350.053	0	348.325	0	0	-3.30597	
100.75	0.337	0.103	1.58959	0	1.58106	-350.097	0	-348.183	0	0	-3.30597	
100.76	0.337	0.103	-1.58933	0	-1.58132	350.053	0	348.325	0	0	-3.30597	
100.77	0.337	0.103	1.58959	0	1.58106	-350.097	0	-348.183	0	0	-3.30597	
100.78	0.337	0.103	-1.58933	0	-1.58132	350.053	0	348.325	0	0	-3.30597	
100.79	0.337	0.103	1.58959	0	1.58106	-350.097	0	-348.183	0	0	-3.30597	
100.8	0.337	0.103	-1.58933	0	-1.58132	350.053	0	348.325	0	0	-3.30597	
100.81	0.337	0.103	1.58959	0	1.58106	-350.097	0	-348.183	0	0	-3.30597	
100.82	0.337	0.103	-1.58933	0	-1.58132	350.053	0	348.325	0	0	-3.30597	
100.83	0.337	0.103	1.58959	0	1.58106	-350.097	0	-348.183	0	0	-3.30597	
100.84	0.337	0.103	-1.58933	0	-1.58132	350.053	0	348.325	0	0	-3.30597	
100.85	0.337	0.103	1.58959	0	1.58106	-350.097	0	-348.183	0	0	-3.30597	
100.86	0.337	0.103	-1.58933	0	-1.58132	350.053	0	348.325	0	0	-3.30597	
