0	0.337	0.103	0	0	0.987	500.988	0	0	0	0	0	
0.01	0.337	0.103	2.19972	0	0.433368	-318.87	0	-161.521	0	0	0	
0.02	0.337	0.103	-0.988982	0	-1.18184	-318.87	0	-161.521	0	0	0	
0.03	0.337	0.103	-1.863	0	-1.24732	182.366	0	174.068	0	0	0	
0.04	0.337	0.103	-0.0393369	0	0.493358	182.366	0	174.068	0	0	0	
0.05	0.337	0.103	1.39918	0	1.75182	-82.6755	0	-157.773	0	0	0	
0.06	0.337	0.103	0.572423	0	0.174083	-82.6755	0	-157.773	0	0	0	
0.07	0.337	0.103	-0.254333	0	-1.40365	-82.6755	0	-157.773	0	0	0	
0.08	0.337	0.103	-0.764282	0	-2.10771	19.6132	0	124.315	0	0	0	
0.09	0.337	0.103	-0.568149	0	-0.86456	19.6132	0	124.315	0	0	0	
0.1	0.337	0.103	-0.372017	0	0.378588	19.6132	0	124.315	0	0	0	
0.11	0.337	0.103	-0.175885	0	1.62174	19.6132	0	124.315	0	0	0	
0.12	0.337	0.103	0.0158449	0	2.24194	18.118	0	-87.2455	0	0	0	
0.13	0.337	0.103	0.197025	0	1.36949	18.118	0	-87.2455	0	0	0	
0.14	0.337	0.103	0.378206	0	0.497034	18.118	0	-87.2455	0	0	0	
0.15	0.337	0.103	0.559386	0	-0.37542	18.118	0	-87.2455	0	0	0	
0.16	0.337	0.103	0.740566	0	-1.24788	18.118	0	-87.2455	0	0	0	
0.17	0.337	0.103	0.893833	0	-2.05612	-41.0057	0	48.7593	0	0	0	
0.18	0.337	0.103	0.483776	0	-1.56853	-41.0057	0	48.7593	0	0	0	
0.19	0.337	0.103	0.0737183	0	-1.08093	-41.0057	0	48.7593	0	0	0	
0.2	0.337	0.103	-0.336339	0	-0.593341	-41.0057	0	48.7593	0	0	0	
0.21	0.337	0.103	-0.746396	0	-0.105749	-41.0057	0	48.7593	0	0	0	
0.22	0.337	0.103	-1.15645	0	0.381844	-41.0057	0	48.7593	0	0	0	
0.23	0.337	0.103	-1.56651	0	0.869436	-41.0057	0	48.7593	0	0	0	
0.24	0.337	0.103	-1.84831	0	1.26898	45.0499	0	-10.323	0	0	0	
0.25	0.337	0.103	-1.39781	0	1.16575	45.0499	0	-10.323	0	0	0	
0.26	0.337	0.103	-0.947315	0	1.06252	45.0499	0	-10.323	0	0	0	
0.27	0.337	0.103	-0.496816	0	0.959286	45.0499	0	-10.323	0	0	0	
0.28	0.337	0.103	-0.0463165	0	0.856057	45.0499	0	-10.323	0	0	0	
0.29	0.337	0.103	0.404183	0	0.752827	45.0499	0	-10.323	0	0	0	
0.3	0.337	0.103	0.854682	0	0.649598	45.0499	0	-10.323	0	0	0	
0.31	0.337	0.103	1.30518	0	0.546368	45.0499	0	-10.323	0	0	0	
0.32	0.337	0.103	1.75568	0	0.443138	45.0499	0	-10.323	0	0	0	
0.33	0.337	0.103	2.20618	0	0.339909	45.0499	0	-10.323	0	0	0	
0.34	0.337	0.103	2.23316	0	0.198948	-29.3808	0	-16.9539	0	0	0	
0.35	0.337	0.103	1.93935	0	0.0294093	-29.3808	0	-16.9539	0	0	0	
0.36	0.337	0.103	1.64554	0	-0.140129	-29.3808	0	-16.9539	0	0	0	
0.37	0.337	0.103	1.35173	0	-0.309668	-29.3808	0	-16.9539	0	0	0	
0.38	0.337	0.103	1.05792	0	-0.479207	-29.3808	0	-16.9539	0	0	0	
0.39	0.337	0.103	0.764115	0	-0.648746	-29.3808	0	-16.9539	0	0	0	
0.4	0.337	0.103	0.470307	0	-0.818284	-29.3808	0	-16.9539	0	0	0	
0.41	0.337	0.103	0.176499	0	-0.987823	-29.3808	0	-16.9539	0	0	0	
0.42	0.337	0.103	-0.117309	0	-1.15736	-29.3808	0	-16.9539	0	0	0	
0.43	0.337	0.103	-0.411118	0	-1.3269	-29.3808	0	-16.9539	0	0	0	
0.44	0.337	0.103	-0.704926	0	-1.49644	-29.3808	0	-16.9539	0	0	0	
0.45	0.337	0.103	-0.998734	0	-1.66598	-29.3808	0	-16.9539	0	0	0	
0.46	0.337	0.103	-1.29085	0	-1.83311	0.744282	0	25.8263	0	0	0	
0.47	0.337	0.103	-1.2834	0	-1.57484	0.744282	0	25.8263	0	0	0	
0.48	0.337	0.103	-1.27596	0	-1.31658	0.744282	0	25.8263	0	0	0	
0.49	0.337	0.103	-1.26852	0	-1.05832	0.744282	0	25.8263	0	0	0	
0.5	0.337	0.103	-1.26107	0	-0.800057	0.744282	0	25.8263	0	0	0	
0.51	0.337	0.103	-1.25363	0	-0.541795	0.744282	0	25.8263	0	0	0	
0.52	0.337	0.103	-1.24619	0	-0.283532	0.744282	0	25.8263	0	0	0	
0.53	0.337	0.103	-1.23875	0	-0.0252695	0.744282	0	25.8263	0	0	0	
0.54	0.337	0.103	-1.2313	0	0.232993	0.744282	0	25.8263	0	0	0	
0.55	0.337	0.103	-1.22386	0	0.491256	0.744282	0	25.8263	0	0	0	
0.56	0.337	0.103	-1.21642	0	0.749518	0.744282	0	25.8263	0	0	0	
0.57	0.337	0.103	-1.20897	0	1.00778	0.744282	0	25.8263	0	0	0	
0.58	0.337	0.103	-1.20153	0	1.26604	0.744282	0	25.8263	0	0	0	
0.59	0.337	0.103	-1.19409	0	1.52431	0.744282	0	25.8263	0	0	0	
0.6	0.337	0.103	-1.18665	0	1.78257	0.744282	0	25.8263	0	0	0	
0.61	0.337	0.103	-1.12166	0	1.94125	19.4463	0	-6.54114	0	0	0	
0.62	0.337	0.103	-0.927199	0	1.87583	19.4463	0	-6.54114	0	0	0	
0.63	0.337	0.103	-0.732736	0	1.81042	19.4463	0	-6.54114	0	0	0	
0.64	0.337	0.103	-0.538272	0	1.74501	19.4463	0	-6.54114	0	0	0	
0.65	0.337	0.103	-0.343809	0	1.6796	19.4463	0	-6.54114	0	0	0	
0.66	0.337	0.103	-0.149346	0	1.61419	19.4463	0	-6.54114	0	0	0	
0.67	0.337	0.103	0.0451177	0	1.54878	19.4463	0	-6.54114	0	0	0	
0.68	0.337	0.103	0.239581	0	1.48337	19.4463	0	-6.54114	0	0	0	
0.69	0.337	0.103	0.434044	0	1.41795	19.4463	0	-6.54114	0	0	0	
0.7	0.337	0.103	0.628508	0	1.35254	19.4463	0	-6.54114	0	0	0	
0.71	0.337	0.103	0.822971	0	1.28713	19.4463	0	-6.54114	0	0	0	
0.72	0.337	0.103	1.01743	0	1.22172	19.4463	0	-6.54114	0	0	0	
0.73	0.337	0.103	1.2119	0	1.15631	19.4463	0	-6.54114	0	0	0	
0.74	0.337	0.103	1.40636	0	1.0909	19.4463	0	-6.54114	0	0	0	
0.75	0.337	0.103	1.60082	0	1.02549	19.4463	0	-6.54114	0	0	0	
0.76	0.337	0.103	1.79529	0	0.960075	19.4463	0	-6.54114	0	0	0	
0.77	0.337	0.103	1.98975	0	0.894664	19.4463	0	-6.54114	0	0	0	
0.78	0.337	0.103	2.09602	0	0.79577	-5.75777	0	-16.1101	0	0	0	
0.79	0.337	0.103	2.03845	0	0.634669	-5.75777	0	-16.1101	0	0	0	
0.8	0.337	0.103	1.98087	0	0.473569	-5.75777	0	-16.1101	0	0	0	
0.81	0.337	0.103	1.92329	0	0.312468	-5.75777	0	-16.1101	0	0	0	
0.82	0.337	0.103	1.86571	0	0.151367	-5.75777	0	-16.1101	0	0	0	
0.83	0.337	0.103	1.80813	0	-0.00973307	-5.75777	0	-16.1101	0	0	0	
0.84	0.337	0.103	1.75056	0	-0.170834	-5.75777	0	-16.1101	0	0	0	
0.85	0.337	0.103	1.69298	0	-0.331934	-5.75777	0	-16.1101	0	0	0	
0.86	0.337	0.103	1.6354	0	-0.493035	-5.75777	0	-16.1101	0	0	0	
0.87	0.337	0.103	1.57782	0	-0.654135	-5.75777	0	-16.1101	0	0	0	
0.88	0.337	0.103	1.52025	0	-0.815236	-5.75777	0	-16.1101	0	0	0	
0.89	0.337	0.103	1.46267	0	-0.976336	-5.75777	0	-16.1101	0	0	0	
0.9	0.337	0.103	1.40509	0	-1.13744	-5.75777	0	-16.1101	0	0	0	
0.91	0.337	0.103	1.34751	0	-1.29854	-5.75777	0	-16.1101	0	0	0	
0.92	0.337	0.103	1.28994	0	-1.45964	-5.75777	0	-16.1101	0	0	0	
0.93	0.337	0.103	1.23236	0	-1.62074	-5.75777	0	-16.1101	0	0	0	
0.94	0.337	0.103	1.17478	0	-1.78184	-5.75777	0	-16.1101	0	0	0	
0.95	0.337	0.103	1.1172	0	-1.94294	-5.75777	0	-16.1101	0	0	0	
0.96	0.337	0.103	1.00844	0	-2.0024	-14.7796	0	1.80405	0	0	0	
0.97	0.337	0.103	0.860643	0	-1.98436	-14.7796	0	1.80405	0	0	0	
0.98	0.337	0.103	0.712847	0	-1.96632	-14.7796	0	1.80405	0	0	0	
0.99	0.337	0.103	0.565051	0	-1.94828	-14.7796	0	1.80405	0	0	0	
1	0.337	0.103	0.417256	0	-1.93024	-14.7796	0	1.80405	0	0	0	
1.01	0.337	0.103	0.26946	0	-1.9122	-14.7796	0	1.80405	0	0	0	
1.02	0.337	0.103	0.121664	0	-1.89416	-14.7796	0	1.80405	0	0	0	
1.03	0.337	0.103	-0.0261316	0	-1.87612	-14.7796	0	1.80405	0	0	0	
1.04	0.337	0.103	-0.173927	0	-1.85808	-14.7796	0	1.80405	0	0	0	
1.05	0.337	0.103	-0.321723	0	-1.84004	-14.7796	0	1.80405	0	0	0	
1.06	0.337	0.103	-0.469519	0	-1.822	-14.7796	0	1.80405	0	0	0	
1.07	0.337	0.103	-0.617314	0	-1.80396	-14.7796	0	1.80405	0	0	0	
1.08	0.337	0.103	-0.76511	0	-1.78592	-14.7796	0	1.80405	0	0	0	
1.09	0.337	0.103	-0.912906	0	-1.76788	-14.7796	0	1.80405	0	0	0	
1.1	0.337	0.103	-1.0607	0	-1.74984	-14.7796	0	1.80405	0	0	0	
1.11	0.337	0.103	-1.2085	0	-1.7318	-14.7796	0	1.80405	0	0	0	
1.12	0.337	0.103	-1.35629	0	-1.71375	-14.7796	0	1.80405	0	0	0	
1.13	0.337	0.103	-1.48773	0	-1.67727	-5.23871	0	12.5604	0	0	0	
1.14	0.337	0.103	-1.54011	0	-1.55166	-5.23871	0	12.5604	0	0	0	
1.15	0.337	0.103	-1.5925	0	-1.42606	-5.23871	0	12.5604	0	0	0	
1.16	0.337	0.103	-1.64489	0	-1.30046	-5.23871	0	12.5604	0	0	0	
1.17	0.337	0.103	-1.69728	0	-1.17485	-5.23871	0	12.5604	0	0	0	
1.18	0.337	0.103	-1.74966	0	-1.04925	-5.23871	0	12.5604	0	0	0	
1.19	0.337	0.103	-1.80205	0	-0.923642	-5.23871	0	12.5604	0	0	0	
1.2	0.337	0.103	-1.85444	0	-0.798038	-5.23871	0	12.5604	0	0	0	
1.21	0.337	0.103	-1.90682	0	-0.672433	-5.23871	0	12.5604	0	0	0	
1.22	0.337	0.103	-1.95921	0	-0.546829	-5.23871	0	12.5604	0	0	0	
1.23	0.337	0.103	-2.0116	0	-0.421224	-5.23871	0	12.5604	0	0	0	
1.24	0.337	0.103	-2.06399	0	-0.29562	-5.23871	0	12.5604	0	0	0	
1.25	0.337	0.103	-2.11637	0	-0.170015	-5.23871	0	12.5604	0	0	0	
1.26	0.337	0.103	-2.16876	0	-0.0444108	-5.23871	0	12.5604	0	0	0	
1.27	0.337	0.103	-2.22115	0	0.0811936	-5.23871	0	12.5604	0	0	0	
1.28	0.337	0.103	-2.23278	0	0.203091	5.5203	0	11.5818	0	0	0	
1.29	0.337	0.103	-2.17758	0	0.31891	5.5203	0	11.5818	0	0	0	
1.3	0.337	0.103	-2.12238	0	0.434728	5.5203	0	11.5818	0	0	0	
1.31	0.337	0.103	-2.06717	0	0.550546	5.5203	0	11.5818	0	0	0	
1.32	0.337	0.103	-2.01197	0	0.666364	5.5203	0	11.5818	0	0	0	
1.33	0.337	0.103	-1.95677	0	0.782182	5.5203	0	11.5818	0	0	0	
1.34	0.337	0.103	-1.90156	0	0.898	5.5203	0	11.5818	0	0	0	
1.35	0.337	0.103	-1.84636	0	1.01382	5.5203	0	11.5818	0	0	0	
1.36	0.337	0.103	-1.79116	0	1.12964	5.5203	0	11.5818	0	0	0	
1.37	0.337	0.103	-1.73596	0	1.24545	5.5203	0	11.5818	0	0	0	
1.38	0.337	0.103	-1.68075	0	1.36127	5.5203	0	11.5818	0	0	0	
1.39	0.337	0.103	-1.62555	0	1.47709	5.5203	0	11.5818	0	0	0	
1.4	0.337	0.103	-1.57035	0	1.59291	5.5203	0	11.5818	0	0	0	
1.41	0.337	0.103	-1.48746	0	1.67751	11.1633	0	5.21779	0	0	0	
1.42	0.337	0.103	-1.37583	0	1.72968	11.1633	0	5.21779	0	0	0	
1.43	0.337	0.103	-1.26419	0	1.78186	11.1633	0	5.21779	0	0	0	
1.44	0.337	0.103	-1.15256	0	1.83404	11.1633	0	5.21779	0	0	0	
1.45	0.337	0.103	-1.04093	0	1.88622	11.1633	0	5.21779	0	0	0	
1.46	0.337	0.103	-0.929292	0	1.9384	11.1633	0	5.21779	0	0	0	
1.47	0.337	0.103	-0.817659	0	1.99057	11.1633	0	5.21779	0	0	0	
1.48	0.337	0.103	-0.706025	0	2.04275	11.1633	0	5.21779	0	0	0	
1.49	0.337	0.103	-0.594392	0	2.09493	11.1633	0	5.21779	0	0	0	
1.5	0.337	0.103	-0.482758	0	2.14711	11.1633	0	5.21779	0	0	0	
1.51	0.337	0.103	-0.371125	0	2.19929	11.1633	0	5.21779	0	0	0	
1.52	0.337	0.103	-0.256701	0	2.22726	11.9235	0	-1.37758	0	0	0	
1.53	0.337	0.103	-0.137467	0	2.21348	11.9235	0	-1.37758	0	0	0	
1.54	0.337	0.103	-0.0182316	0	2.1997	11.9235	0	-1.37758	0	0	0	
1.55	0.337	0.103	0.101003	0	2.18593	11.9235	0	-1.37758	0	0	0	
1.56	0.337	0.103	0.220238	0	2.17215	11.9235	0	-1.37758	0	0	0	
1.57	0.337	0.103	0.339473	0	2.15838	11.9235	0	-1.37758	0	0	0	
1.58	0.337	0.103	0.458708	0	2.1446	11.9235	0	-1.37758	0	0	0	
1.59	0.337	0.103	0.577943	0	2.13083	11.9235	0	-1.37758	0	0	0	
1.6	0.337	0.103	0.697178	0	2.11705	11.9235	0	-1.37758	0	0	0	
1.61	0.337	0.103	0.811286	0	2.09007	10.0593	0	-6.18013	0	0	0	
1.62	0.337	0.103	0.911879	0	2.02827	10.0593	0	-6.18013	0	0	0	
1.63	0.337	0.103	1.01247	0	1.96646	10.0593	0	-6.18013	0	0	0	
1.64	0.337	0.103	1.11307	0	1.90466	10.0593	0	-6.18013	0	0	0	
1.65	0.337	0.103	1.21366	0	1.84286	10.0593	0	-6.18013	0	0	0	
1.66	0.337	0.103	1.31425	0	1.78106	10.0593	0	-6.18013	0	0	0	
1.67	0.337	0.103	1.41485	0	1.71926	10.0593	0	-6.18013	0	0	0	
1.68	0.337	0.103	1.51286	0	1.65464	7.50491	0	-8.97393	0	0	0	
1.69	0.337	0.103	1.58791	0	1.5649	7.50491	0	-8.97393	0	0	0	
1.7	0.337	0.103	1.66296	0	1.47516	7.50491	0	-8.97393	0	0	0	
1.71	0.337	0.103	1.73801	0	1.38542	7.50491	0	-8.97393	0	0	0	
1.72	0.337	0.103	1.81306	0	1.29568	7.50491	0	-8.97393	0	0	0	
1.73	0.337	0.103	1.8881	0	1.20594	7.50491	0	-8.97393	0	0	0	
1.74	0.337	0.103	1.94899	0	1.10815	4.41838	0	-10.7289	0	0	0	
1.75	0.337	0.103	1.99318	0	1.00086	4.41838	0	-10.7289	0	0	0	
1.76	0.337	0.103	2.03736	0	0.893572	4.41838	0	-10.7289	0	0	0	
1.77	0.337	0.103	2.08154	0	0.786284	4.41838	0	-10.7289	0	0	0	
1.78	0.337	0.103	2.12573	0	0.678995	4.41838	0	-10.7289	0	0	0	
1.79	0.337	0.103	2.16801	0	0.571207	1.88822	0	-11.3955	0	0	0	
1.8	0.337	0.103	2.1869	0	0.457252	1.88822	0	-11.3955	0	0	0	
1.81	0.337	0.103	2.20578	0	0.343298	1.88822	0	-11.3955	0	0	0	
1.82	0.337	0.103	2.22466	0	0.229343	1.88822	0	-11.3955	0	0	0	
1.83	0.337	0.103	2.23904	0	0.115157	-0.319569	0	-11.509	0	0	0	
1.84	0.337	0.103	2.23584	0	6.64127e-05	-0.319569	0	-11.509	0	0	0	
1.85	0.337	0.103	2.23265	0	-0.115024	-0.319569	0	-11.509	0	0	0	
1.86	0.337	0.103	2.22945	0	-0.230114	-0.319569	0	-11.509	0	0	0	
1.87	0.337	0.103	2.21552	0	-0.34354	-2.75163	0	-11.1319	0	0	0	
1.88	0.337	0.103	2.18801	0	-0.454859	-2.75163	0	-11.1319	0	0	0	
1.89	0.337	0.103	2.16049	0	-0.566178	-2.75163	0	-11.1319	0	0	0	
1.9	0.337	0.103	2.13297	0	-0.677497	-2.75163	0	-11.1319	0	0	0	
1.91	0.337	0.103	2.09949	0	-0.78658	-4.86696	0	-10.3394	0	0	0	
1.92	0.337	0.103	2.05082	0	-0.889974	-4.86696	0	-10.3394	0	0	0	
1.93	0.337	0.103	2.00215	0	-0.993368	-4.86696	0	-10.3394	0	0	0	
1.94	0.337	0.103	1.95348	0	-1.09676	-4.86696	0	-10.3394	0	0	0	
1.95	0.337	0.103	1.89688	0	-1.19516	-6.87186	0	-9.07618	0	0	0	
1.96	0.337	0.103	1.82816	0	-1.28592	-6.87186	0	-9.07618	0	0	0	
1.97	0.337	0.103	1.75944	0	-1.37668	-6.87186	0	-9.07618	0	0	0	
1.98	0.337	0.103	1.69073	0	-1.46744	-6.87186	0	-9.07618	0	0	0	
1.99	0.337	0.103	1.61681	0	-1.55322	-8.50505	0	-7.50722	0	0	0	
2	0.337	0.103	1.53176	0	-1.62829	-8.50505	0	-7.50722	0	0	0	
2.01	0.337	0.103	1.44671	0	-1.70336	-8.50505	0	-7.50722	0	0	0	
2.02	0.337	0.103	1.36166	0	-1.77843	-8.50505	0	-7.50722	0	0	0	
2.03	0.337	0.103	1.27173	0	-1.84642	-9.81487	0	-5.60551	0	0	0	
2.04	0.337	0.103	1.17358	0	-1.90247	-9.81487	0	-5.60551	0	0	0	
2.05	0.337	0.103	1.07543	0	-1.95853	-9.81487	0	-5.60551	0	0	0	
2.06	0.337	0.103	0.977284	0	-2.01458	-9.81487	0	-5.60551	0	0	0	
2.07	0.337	0.103	0.876189	0	-2.0637	-10.6945	0	-3.53371	0	0	0	
2.08	0.337	0.103	0.769244	0	-2.09904	-10.6945	0	-3.53371	0	0	0	
2.09	0.337	0.103	0.662299	0	-2.13437	-10.6945	0	-3.53371	0	0	0	
2.1	0.337	0.103	0.555354	0	-2.16971	-10.6945	0	-3.53371	0	0	0	
2.11	0.337	0.103	0.446779	0	-2.19703	-11.1456	0	-1.31528	0	0	0	
2.12	0.337	0.103	0.335323	0	-2.21019	-11.1456	0	-1.31528	0	0	0	
2.13	0.337	0.103	0.223867	0	-2.22334	-11.1456	0	-1.31528	0	0	0	
2.14	0.337	0.103	0.112411	0	-2.23649	-11.1456	0	-1.31528	0	0	0	
2.15	0.337	0.103	0.00095125	0	-2.242	-11.1466	0	0.912658	0	0	0	
2.16	0.337	0.103	-0.110514	0	-2.23287	-11.1466	0	0.912658	0	0	0	
2.17	0.337	0.103	-0.22198	0	-2.22375	-11.1466	0	0.912658	0	0	0	
2.18	0.337	0.103	-0.333446	0	-2.21462	-11.1466	0	0.912658	0	0	0	
2.19	0.337	0.103	-0.443345	0	-2.19773	-10.7063	0	3.09493	0	0	0	
2.2	0.337	0.103	-0.550408	0	-2.16678	-10.7063	0	3.09493	0	0	0	
2.21	0.337	0.103	-0.657472	0	-2.13583	-10.7063	0	3.09493	0	0	0	
2.22	0.337	0.103	-0.764535	0	-2.10488	-10.7063	0	3.09493	0	0	0	
2.23	0.337	0.103	-0.868639	0	-2.06689	-9.85349	0	5.12426	0	0	0	
2.24	0.337	0.103	-0.967174	0	-2.01565	-9.85349	0	5.12426	0	0	0	
2.25	0.337	0.103	-1.06571	0	-1.9644	-9.85349	0	5.12426	0	0	0	
2.26	0.337	0.103	-1.16424	0	-1.91316	-9.85349	0	5.12426	0	0	0	
2.27	0.337	0.103	-1.25843	0	-1.85551	-8.62271	0	6.93899	0	0	0	
2.28	0.337	0.103	-1.34466	0	-1.78612	-8.62271	0	6.93899	0	0	0	
2.29	0.337	0.103	-1.43089	0	-1.71673	-8.62271	0	6.93899	0	0	0	
2.3	0.337	0.103	-1.51711	0	-1.64734	-8.62271	0	6.93899	0	0	0	
2.31	0.337	0.103	-1.59794	0	-1.57263	-7.07381	0	8.46336	0	0	0	
2.32	0.337	0.103	-1.66867	0	-1.488	-7.07381	0	8.46336	0	0	0	
2.33	0.337	0.103	-1.73941	0	-1.40336	-7.07381	0	8.46336	0	0	0	
2.34	0.337	0.103	-1.81015	0	-1.31873	-7.07381	0	8.46336	0	0	0	
2.35	0.337	0.103	-1.87453	0	-1.22992	-5.2665	0	9.64918	0	0	0	
2.36	0.337	0.103	-1.92719	0	-1.13343	-5.2665	0	9.64918	0	0	0	
2.37	0.337	0.103	-1.97986	0	-1.03694	-5.2665	0	9.64918	0	0	0	
2.38	0.337	0.103	-2.03252	0	-0.940447	-5.2665	0	9.64918	0	0	0	
2.39	0.337	0.103	-2.07823	0	-0.84114	-3.27831	0	10.4539	0	0	0	
2.4	0.337	0.103	-2.11101	0	-0.736601	-3.27831	0	10.4539	0	0	0	
2.41	0.337	0.103	-2.1438	0	-0.632062	-3.27831	0	10.4539	0	0	0	
2.42	0.337	0.103	-2.17658	0	-0.527524	-3.27831	0	10.4539	0	0	0	
2.43	0.337	0.103	-2.20201	0	-0.421576	-1.18432	0	10.8548	0	0	0	
2.44	0.337	0.103	-2.21385	0	-0.313029	-1.18432	0	10.8548	0	0	0	
2.45	0.337	0.103	-2.22569	0	-0.204481	-1.18432	0	10.8548	0	0	0	
2.46	0.337	0.103	-2.23754	0	-0.0959331	-1.18432	0	10.8548	0	0	0	
2.47	0.337	0.103	-2.24196	0	0.012573	0.932446	0	10.8429	0	0	0	
2.48	0.337	0.103	-2.23264	0	0.121002	0.932446	0	10.8429	0	0	0	
2.49	0.337	0.103	-2.22332	0	0.229431	0.932446	0	10.8429	0	0	0	
2.5	0.337	0.103	-2.21399	0	0.33786	0.932446	0	10.8429	0	0	0	
2.51	0.337	0.103	-2.19743	0	0.444824	2.99417	0	10.4256	0	0	0	
2.52	0.337	0.103	-2.16749	0	0.54908	2.99417	0	10.4256	0	0	0	
2.53	0.337	0.103	-2.13755	0	0.653335	2.99417	0	10.4256	0	0	0	
2.54	0.337	0.103	-2.1076	0	0.757591	2.99417	0	10.4256	0	0	0	
2.55	0.337	0.103	-2.0709	0	0.85904	4.92397	0	9.62504	0	0	0	
2.56	0.337	0.103	-2.02166	0	0.95529	4.92397	0	9.62504	0	0	0	
2.57	0.337	0.103	-1.97242	0	1.05154	4.92397	0	9.62504	0	0	0	
2.58	0.337	0.103	-1.92318	0	1.14779	4.92397	0	9.62504	0	0	0	
2.59	0.337	0.103	-1.86787	0	1.24001	6.65351	0	8.47686	0	0	0	
2.6	0.337	0.103	-1.80133	0	1.32478	6.65351	0	8.47686	0	0	0	
2.61	0.337	0.103	-1.7348	0	1.40955	6.65351	0	8.47686	0	0	0	
2.62	0.337	0.103	-1.66826	0	1.49432	6.65351	0	8.47686	0	0	0	
2.63	0.337	0.103	-1.59658	0	1.57401	8.12212	0	7.02902	0	0	0	
2.64	0.337	0.103	-1.51536	0	1.6443	8.12212	0	7.02902	0	0	0	
2.65	0.337	0.103	-1.43414	0	1.71459	8.12212	0	7.02902	0	0	0	
2.66	0.337	0.103	-1.35291	0	1.78488	8.12212	0	7.02902	0	0	0	
2.67	0.337	0.103	-1.26763	0	1.84924	9.28072	0	5.33882	0	0	0	
2.68	0.337	0.103	-1.17482	0	1.90263	9.28072	0	5.33882	0	0	0	
2.69	0.337	0.103	-1.08201	0	1.95602	9.28072	0	5.33882	0	0	0	
2.7	0.337	0.103	-0.989206	0	2.0094	9.28072	0	5.33882	0	0	0	
2.71	0.337	0.103	-0.893552	0	2.05624	10.0922	0	3.47154	0	0	0	
2.72	0.337	0.103	-0.792631	0	2.09096	10.0922	0	3.47154	0	0	0	
2.73	0.337	0.103	-0.691709	0	2.12567	10.0922	0	3.47154	0	0	0	
2.74	0.337	0.103	-0.590788	0	2.16039	10.0922	0	3.47154	0	0	0	
2.75	0.337	0.103	-0.48832	0	2.18817	10.5328	0	1.497	0	0	0	
2.76	0.337	0.103	-0.382992	0	2.20314	10.5328	0	1.497	0	0	0	
2.77	0.337	0.103	-0.277664	0	2.21811	10.5328	0	1.497	0	0	0	
2.78	0.337	0.103	-0.172336	0	2.23308	10.5328	0	1.497	0	0	0	
2.79	0.337	0.103	-0.0667974	0	2.241	10.5927	0	-0.512396	0	0	0	
2.8	0.337	0.103	0.0391296	0	2.23588	10.5927	0	-0.512396	0	0	0	
2.81	0.337	0.103	0.145057	0	2.23076	10.5927	0	-0.512396	0	0	0	
2.82	0.337	0.103	0.250984	0	2.22563	10.5927	0	-0.512396	0	0	0	
2.83	0.337	0.103	0.355798	0	2.21359	10.2757	0	-2.48479	0	0	0	
2.84	0.337	0.103	0.458555	0	2.18874	10.2757	0	-2.48479	0	0	0	
2.85	0.337	0.103	0.561312	0	2.16389	10.2757	0	-2.48479	0	0	0	
2.86	0.337	0.103	0.664068	0	2.13904	10.2757	0	-2.48479	0	0	0	
2.87	0.337	0.103	0.76445	0	2.10765	9.59877	0	-4.35106	0	0	0	
2.88	0.337	0.103	0.860438	0	2.06414	9.59877	0	-4.35106	0	0	0	
2.89	0.337	0.103	0.956425	0	2.02063	9.59877	0	-4.35106	0	0	0	
2.9	0.337	0.103	1.05241	0	1.97712	9.59877	0	-4.35106	0	0	0	
2.91	0.337	0.103	1.14487	0	1.92765	8.59129	0	-6.04738	0	0	0	
2.92	0.337	0.103	1.23078	0	1.86718	8.59129	0	-6.04738	0	0	0	
2.93	0.337	0.103	1.31669	0	1.80671	8.59129	0	-6.04738	0	0	0	
2.94	0.337	0.103	1.4026	0	1.74623	8.59129	0	-6.04738	0	0	0	
2.95	0.337	0.103	1.48396	0	1.6806	7.29346	0	-7.51719	0	0	0	
2.96	0.337	0.103	1.5569	0	1.60543	7.29346	0	-7.51719	0	0	0	
2.97	0.337	0.103	1.62983	0	1.53026	7.29346	0	-7.51719	0	0	0	
2.98	0.337	0.103	1.70277	0	1.45508	7.29346	0	-7.51719	0	0	0	
2.99	0.337	0.103	1.7703	0	1.37572	5.75468	0	-8.71299	0	0	0	
3	0.337	0.103	1.82785	0	1.28859	5.75468	0	-8.71299	0	0	0	
3.01	0.337	0.103	1.8854	0	1.20146	5.75468	0	-8.71299	0	0	0	
3.02	0.337	0.103	1.94294	0	1.11433	5.75468	0	-8.71299	0	0	0	
3.03	0.337	0.103	1.99444	0	1.02409	4.03162	0	-9.59773	0	0	0	
3.04	0.337	0.103	2.03476	0	0.928115	4.03162	0	-9.59773	0	0	0	
3.05	0.337	0.103	2.07507	0	0.832138	4.03162	0	-9.59773	0	0	0	
3.06	0.337	0.103	2.11539	0	0.73616	4.03162	0	-9.59773	0	0	0	
3.07	0.337	0.103	2.14923	0	0.638259	2.18606	0	-10.1458	0	0	0	
3.08	0.337	0.103	2.17109	0	0.536801	2.18606	0	-10.1458	0	0	0	
3.09	0.337	0.103	2.19295	0	0.435343	2.18606	0	-10.1458	0	0	0	
3.1	0.337	0.103	2.21481	0	0.333885	2.18606	0	-10.1458	0	0	0	
3.11	0.337	0.103	2.22999	0	0.231733	0.282653	0	-10.3436	0	0	0	
3.12	0.337	0.103	2.23282	0	0.128297	0.282653	0	-10.3436	0	0	0	
3.13	0.337	0.103	2.23564	0	0.0248606	0.282653	0	-10.3436	0	0	0	
3.14	0.337	0.103	2.23847	0	-0.0785754	0.282653	0	-10.3436	0	0	0	
3.15	0.337	0.103	2.23464	0	-0.181471	-1.61333	0	-10.1896	0	0	0	
3.16	0.337	0.103	2.21851	0	-0.283367	-1.61333	0	-10.1896	0	0	0	
3.17	0.337	0.103	2.20238	0	-0.385264	-1.61333	0	-10.1896	0	0	0	
3.18	0.337	0.103	2.18624	0	-0.48716	-1.61333	0	-10.1896	0	0	0	
3.19	0.337	0.103	2.16371	0	-0.587318	-3.43822	0	-9.69429	0	0	0	
3.2	0.337	0.103	2.12932	0	-0.684261	-3.43822	0	-9.69429	0	0	0	
3.21	0.337	0.103	2.09494	0	-0.781204	-3.43822	0	-9.69429	0	0	0	
3.22	0.337	0.103	2.06056	0	-0.878147	-3.43822	0	-9.69429	0	0	0	
3.23	0.337	0.103	2.02023	0	-0.972228	-5.13204	0	-8.87914	0	0	0	
3.24	0.337	0.103	1.96891	0	-1.06102	-5.13204	0	-8.87914	0	0	0	
3.25	0.337	0.103	1.91759	0	-1.14981	-5.13204	0	-8.87914	0	0	0	
3.26	0.337	0.103	1.86627	0	-1.2386	-5.13204	0	-8.87914	0	0	0	
3.27	0.337	0.103	1.80966	0	-1.32352	-6.6404	0	-7.77598	0	0	0	
3.28	0.337	0.103	1.74325	0	-1.40128	-6.6404	0	-7.77598	0	0	0	
3.29	0.337	0.103	1.67685	0	-1.47904	-6.6404	0	-7.77598	0	0	0	
3.3	0.337	0.103	1.61044	0	-1.5568	-6.6404	0	-7.77598	0	0	0	
3.31	0.337	0.103	1.53956	0	-1.62982	-7.91615	0	-6.42543	0	0	0	
3.32	0.337	0.103	1.4604	0	-1.69407	-7.91615	0	-6.42543	0	0	0	
3.33	0.337	0.103	1.38124	0	-1.75833	-7.91615	0	-6.42543	0	0	0	
3.34	0.337	0.103	1.30208	0	-1.82258	-7.91615	0	-6.42543	0	0	0	
3.35	0.337	0.103	1.21939	0	-1.8814	-8.92073	0	-4.87547	0	0	0	
3.36	0.337	0.103	1.13018	0	-1.93015	-8.92073	0	-4.87547	0	0	0	
3.37	0.337	0.103	1.04097	0	-1.97891	-8.92073	0	-4.87547	0	0	0	
3.38	0.337	0.103	0.951767	0	-2.02766	-8.92073	0	-4.87547	0	0	0	
3.39	0.337	0.103	0.860087	0	-2.07046	-9.62521	0	-3.17958	0	0	0	
3.4	0.337	0.103	0.763835	0	-2.10226	-9.62521	0	-3.17958	0	0	0	
3.41	0.337	0.103	0.667583	0	-2.13405	-9.62521	0	-3.17958	0	0	0	
3.42	0.337	0.103	0.57133	0	-2.16585	-9.62521	0	-3.17958	0	0	0	
3.43	0.337	0.103	0.473724	0	-2.19138	-10.011	0	-1.39495	0	0	0	
3.44	0.337	0.103	0.373614	0	-2.20533	-10.011	0	-1.39495	0	0	0	
3.45	0.337	0.103	0.273504	0	-2.21928	-10.011	0	-1.39495	0	0	0	
3.46	0.337	0.103	0.173394	0	-2.23323	-10.011	0	-1.39495	0	0	0	
3.47	0.337	0.103	0.0730758	0	-2.24081	-10.0702	0	0.419531	0	0	0	
3.48	0.337	0.103	-0.027626	0	-2.23661	-10.0702	0	0.419531	0	0	0	
3.49	0.337	0.103	-0.128328	0	-2.23242	-10.0702	0	0.419531	0	0	0	
3.5	0.337	0.103	-0.22903	0	-2.22822	-10.0702	0	0.419531	0	0	0	
3.51	0.337	0.103	-0.328802	0	-2.21776	-9.80545	0	2.20517	0	0	0	
3.52	0.337	0.103	-0.426856	0	-2.19571	-9.80545	0	2.20517	0	0	0	
3.53	0.337	0.103	-0.524911	0	-2.17366	-9.80545	0	2.20517	0	0	0	
3.54	0.337	0.103	-0.622965	0	-2.1516	-9.80545	0	2.20517	0	0	0	
3.55	0.337	0.103	-0.718999	0	-2.12358	-9.22981	0	3.90533	0	0	0	
3.56	0.337	0.103	-0.811297	0	-2.08453	-9.22981	0	3.90533	0	0	0	
3.57	0.337	0.103	-0.903595	0	-2.04548	-9.22981	0	3.90533	0	0	0	
3.58	0.337	0.103	-0.995893	0	-2.00642	-9.22981	0	3.90533	0	0	0	
3.59	0.337	0.103	-1.08516	0	-1.96189	-8.36589	0	5.46724	0	0	0	
3.6	0.337	0.103	-1.16882	0	-1.90721	-8.36589	0	5.46724	0	0	0	
3.61	0.337	0.103	-1.25248	0	-1.85254	-8.36589	0	5.46724	0	0	0	
3.62	0.337	0.103	-1.33613	0	-1.79787	-8.36589	0	5.46724	0	0	0	
3.63	0.337	0.103	-1.41586	0	-1.73836	-7.24497	0	6.84347	0	0	0	
3.64	0.337	0.103	-1.48831	0	-1.66993	-7.24497	0	6.84347	0	0	0	
3.65	0.337	0.103	-1.56076	0	-1.60149	-7.24497	0	6.84347	0	0	0	
3.66	0.337	0.103	-1.63321	0	-1.53306	-7.24497	0	6.84347	0	0	0	
3.67	0.337	0.103	-1.70095	0	-1.46059	-5.90582	0	7.99339	0	0	0	
3.68	0.337	0.103	-1.76001	0	-1.38065	-5.90582	0	7.99339	0	0	0	
3.69	0.337	0.103	-1.81907	0	-1.30072	-5.90582	0	7.99339	0	0	0	
3.7	0.337	0.103	-1.87813	0	-1.22079	-5.90582	0	7.99339	0	0	0	
3.71	0.337	0.103	-1.93188	0	-1.13772	-4.39325	0	8.88417	0	0	0	
3.72	0.337	0.103	-1.97581	0	-1.04888	-4.39325	0	8.88417	0	0	0	
3.73	0.337	0.103	-2.01974	0	-0.960041	-4.39325	0	8.88417	0	0	0	
3.74	0.337	0.103	-2.06367	0	-0.871199	-4.39325	0	8.88417	0	0	0	
3.75	0.337	0.103	-2.10186	0	-0.780224	-2.75661	0	9.4917	0	0	0	
3.76	0.337	0.103	-2.12943	0	-0.685307	-2.75661	0	9.4917	0	0	0	
3.77	0.337	0.103	-2.15699	0	-0.59039	-2.75661	0	9.4917	0	0	0	
3.78	0.337	0.103	-2.18456	0	-0.495473	-2.75661	0	9.4917	0	0	0	
3.79	0.337	0.103	-2.20613	0	-0.39947	-1.04816	0	9.80106	0	0	0	
3.8	0.337	0.103	-2.21661	0	-0.301459	-1.04816	0	9.80106	0	0	0	
3.81	0.337	0.103	-2.22709	0	-0.203449	-1.04816	0	9.80106	0	0	0	
3.82	0.337	0.103	-2.23757	0	-0.105438	-1.04816	0	9.80106	0	0	0	
3.83	0.337	0.103	-2.24199	0	-0.00740765	0.678644	0	9.80676	0	0	0	
3.84	0.337	0.103	-2.2352	0	0.09066	0.678644	0	9.80676	0	0	0	
3.85	0.337	0.103	-2.22841	0	0.188728	0.678644	0	9.80676	0	0	0	
3.86	0.337	0.103	-2.22163	0	0.286795	0.678644	0	9.80676	0	0	0	
3.87	0.337	0.103	-2.2089	0	0.38383	2.37079	0	9.51273	0	0	0	
3.88	0.337	0.103	-2.18519	0	0.478958	2.37079	0	9.51273	0	0	0	
3.89	0.337	0.103	-2.16148	0	0.574085	2.37079	0	9.51273	0	0	0	
3.9	0.337	0.103	-2.13778	0	0.669212	2.37079	0	9.51273	0	0	0	
3.91	0.337	0.103	-2.10843	0	0.7623	3.97729	0	8.9319	0	0	0	
3.92	0.337	0.103	-2.06865	0	0.851619	3.97729	0	8.9319	0	0	0	
3.93	0.337	0.103	-2.02888	0	0.940938	3.97729	0	8.9319	0	0	0	
3.94	0.337	0.103	-1.98911	0	1.03026	3.97729	0	8.9319	0	0	0	
3.95	0.337	0.103	-1.94416	0	1.1166	5.45073	0	8.08565	0	0	0	
3.96	0.337	0.103	-1.88965	0	1.19746	5.45073	0	8.08565	0	0	0	
3.97	0.337	0.103	-1.83515	0	1.27832	5.45073	0	8.08565	0	0	0	
3.98	0.337	0.103	-1.78064	0	1.35917	5.45073	0	8.08565	0	0	0	
3.99	0.337	0.103	-1.72157	0	1.43623	6.74854	0	7.00294	0	0	0	
4	0.337	0.103	-1.65409	0	1.50626	6.74854	0	7.00294	0	0	0	
4.01	0.337	0.103	-1.5866	0	1.57629	6.74854	0	7.00294	0	0	0	
4.02	0.337	0.103	-1.51912	0	1.64632	6.74854	0	7.00294	0	0	0	
4.03	0.337	0.103	-1.44782	0	1.71184	7.83422	0	5.71928	0	0	0	
4.04	0.337	0.103	-1.36948	0	1.76903	7.83422	0	5.71928	0	0	0	
4.05	0.337	0.103	-1.29113	0	1.82622	7.83422	0	5.71928	0	0	0	
4.06	0.337	0.103	-1.21279	0	1.88342	7.83422	0	5.71928	0	0	0	
4.07	0.337	0.103	-1.13149	0	1.93554	8.67823	0	4.2755	0	0	0	
4.08	0.337	0.103	-1.0447	0	1.97829	8.67823	0	4.2755	0	0	0	
4.09	0.337	0.103	-0.957921	0	2.02105	8.67823	0	4.2755	0	0	0	
4.1	0.337	0.103	-0.871139	0	2.0638	8.67823	0	4.2755	0	0	0	
4.11	0.337	0.103	-0.782317	0	2.10108	9.25874	0	2.71643	0	0	0	
4.12	0.337	0.103	-0.68973	0	2.12825	9.25874	0	2.71643	0	0	0	
4.13	0.337	0.103	-0.597143	0	2.15541	9.25874	0	2.71643	0	0	0	
4.14	0.337	0.103	-0.504555	0	2.18257	9.25874	0	2.71643	0	0	0	
4.15	0.337	0.103	-0.410903	0	2.20402	9.56206	0	1.08947	0	0	0	
4.16	0.337	0.103	-0.315282	0	2.21492	9.56206	0	1.08947	0	0	0	
4.17	0.337	0.103	-0.219661	0	2.22581	9.56206	0	1.08947	0	0	0	
4.18	0.337	0.103	-0.124041	0	2.23671	9.56206	0	1.08947	0	0	0	
4.19	0.337	0.103	-0.0283471	0	2.24182	9.58288	0	-0.556823	0	0	0	
4.2	0.337	0.103	0.0674817	0	2.23625	9.58288	0	-0.556823	0	0	0	
4.21	0.337	0.103	0.16331	0	2.23068	9.58288	0	-0.556823	0	0	0	
4.22	0.337	0.103	0.259139	0	2.22512	9.58288	0	-0.556823	0	0	0	
4.23	0.337	0.103	0.354059	0	2.21387	9.32421	0	-2.17423	0	0	0	
4.24	0.337	0.103	0.447301	0	2.19212	9.32421	0	-2.17423	0	0	0	
4.25	0.337	0.103	0.540543	0	2.17038	9.32421	0	-2.17423	0	0	0	
4.26	0.337	0.103	0.633786	0	2.14864	9.32421	0	-2.17423	0	0	0	
4.27	0.337	0.103	0.725176	0	2.12148	8.79712	0	-3.7162	0	0	0	
4.28	0.337	0.103	0.813147	0	2.08432	8.79712	0	-3.7162	0	0	0	
4.29	0.337	0.103	0.901119	0	2.04716	8.79712	0	-3.7162	0	0	0	
4.3	0.337	0.103	0.98909	0	2.01	8.79712	0	-3.7162	0	0	0	
4.31	0.337	0.103	1.07433	0	1.96783	8.02023	0	-5.13921	0	0	0	
4.32	0.337	0.103	1.15453	0	1.91644	8.02023	0	-5.13921	0	0	0	
4.33	0.337	0.103	1.23474	0	1.86505	8.02023	0	-5.13921	0	0	0	
4.34	0.337	0.103	1.31494	0	1.81366	8.02023	0	-5.13921	0	0	0	
4.35	0.337	0.103	1.39162	0	1.75782	7.019	0	-6.40391	0	0	0	
4.36	0.337	0.103	1.46181	0	1.69378	7.019	0	-6.40391	0	0	0	
4.37	0.337	0.103	1.532	0	1.62975	7.019	0	-6.40391	0	0	0	
4.38	0.337	0.103	1.60219	0	1.56571	7.019	0	-6.40391	0	0	0	
4.39	0.337	0.103	1.66819	0	1.4979	5.82484	0	-7.47617	0	0	0	
4.4	0.337	0.103	1.72644	0	1.42314	5.82484	0	-7.47617	0	0	0	
4.41	0.337	0.103	1.78469	0	1.34838	5.82484	0	-7.47617	0	0	0	
4.42	0.337	0.103	1.84293	0	1.27362	5.82484	0	-7.47617	0	0	0	
4.43	0.337	0.103	1.89644	0	1.19586	4.4741	0	-8.32792	0	0	0	
4.44	0.337	0.103	1.94118	0	1.11258	4.4741	0	-8.32792	0	0	0	
4.45	0.337	0.103	1.98592	0	1.0293	4.4741	0	-8.32792	0	0	0	
4.46	0.337	0.103	2.03066	0	0.946024	4.4741	0	-8.32792	0	0	0	
4.47	0.337	0.103	2.07025	0	0.860602	3.00693	0	-8.93783	0	0	0	
4.48	0.337	0.103	2.10032	0	0.771224	3.00693	0	-8.93783	0	0	0	
4.49	0.337	0.103	2.13039	0	0.681846	3.00693	0	-8.93783	0	0	0	
4.5	0.337	0.103	2.16046	0	0.592468	3.00693	0	-8.93783	0	0	0	
4.51	0.337	0.103	2.18511	0	0.501846	1.46604	0	-9.29172	0	0	0	
4.52	0.337	0.103	2.19977	0	0.408929	1.46604	0	-9.29172	0	0	0	
4.53	0.337	0.103	2.21443	0	0.316012	1.46604	0	-9.29172	0	0	0	
4.54	0.337	0.103	2.22909	0	0.223095	1.46604	0	-9.29172	0	0	0	
4.55	0.337	0.103	2.23824	0	0.129857	-0.104501	0	-9.38284	0	0	0	
4.56	0.337	0.103	2.23719	0	0.0360289	-0.104501	0	-9.38284	0	0	0	
4.57	0.337	0.103	2.23615	0	-0.0577995	-0.104501	0	-9.38284	0	0	0	
4.58	0.337	0.103	2.2351	0	-0.151628	-0.104501	0	-9.38284	0	0	0	
4.59	0.337	0.103	2.22859	0	-0.244856	-1.66059	0	-9.21187	0	0	0	
4.6	0.337	0.103	2.21198	0	-0.336974	-1.66059	0	-9.21187	0	0	0	
4.61	0.337	0.103	2.19538	0	-0.429093	-1.66059	0	-9.21187	0	0	0	
4.62	0.337	0.103	2.17877	0	-0.521212	-1.66059	0	-9.21187	0	0	0	
4.63	0.337	0.103	2.1569	0	-0.611837	-3.15924	0	-8.78675	0	0	0	
4.64	0.337	0.103	2.12531	0	-0.699704	-3.15924	0	-8.78675	0	0	0	
4.65	0.337	0.103	2.09372	0	-0.787572	-3.15924	0	-8.78675	0	0	0	
4.66	0.337	0.103	2.06212	0	-0.875439	-3.15924	0	-8.78675	0	0	0	
4.67	0.337	0.103	2.02561	0	-0.960972	-4.55982	0	-8.1223	0	0	0	
4.68	0.337	0.103	1.98001	0	-1.0422	-4.55982	0	-8.1223	0	0	0	
4.69	0.337	0.103	1.93441	0	-1.12342	-4.55982	0	-8.1223	0	0	0	
4.7	0.337	0.103	1.88882	0	-1.20464	-4.55982	0	-8.1223	0	0	0	
4.71	0.337	0.103	1.83877	0	-1.28276	-5.82505	0	-7.23966	0	0	0	
4.72	0.337	0.103	1.78052	0	-1.35516	-5.82505	0	-7.23966	0	0	0	
4.73	0.337	0.103	1.72227	0	-1.42756	-5.82505	0	-7.23966	0	0	0	
4.74	0.337	0.103	1.66402	0	-1.49995	-5.82505	0	-7.23966	0	0	0	
4.75	0.337	0.103	1.60192	0	-1.56858	-6.92198	0	-6.16555	0	0	0	
4.76	0.337	0.103	1.5327	0	-1.63023	-6.92198	0	-6.16555	0	0	0	
4.77	0.337	0.103	1.46348	0	-1.69189	-6.92198	0	-6.16555	0	0	0	
4.78	0.337	0.103	1.39426	0	-1.75354	-6.92198	0	-6.16555	0	0	0	
4.79	0.337	0.103	1.32187	0	-1.81086	-7.82281	0	-4.93149	0	0	0	
4.8	0.337	0.103	1.24364	0	-1.86018	-7.82281	0	-4.93149	0	0	0	
4.81	0.337	0.103	1.16542	0	-1.90949	-7.82281	0	-4.93149	0	0	0	
4.82	0.337	0.103	1.08719	0	-1.95881	-7.82281	0	-4.93149	0	0	0	
4.83	0.337	0.103	1.00656	0	-2.00335	-8.50548	0	-3.57278	0	0	0	
4.84	0.337	0.103	0.921506	0	-2.03908	-8.50548	0	-3.57278	0	0	0	
4.85	0.337	0.103	0.836451	0	-2.0748	-8.50548	0	-3.57278	0	0	0	
4.86	0.337	0.103	0.751396	0	-2.11053	-8.50548	0	-3.57278	0	0	0	
4.87	0.337	0.103	0.664765	0	-2.14118	-8.95419	0	-2.12749	0	0	0	
4.88	0.337	0.103	0.575223	0	-2.16245	-8.95419	0	-2.12749	0	0	0	
4.89	0.337	0.103	0.485681	0	-2.18373	-8.95419	0	-2.12749	0	0	0	
4.9	0.337	0.103	0.396139	0	-2.205	-8.95419	0	-2.12749	0	0	0	
4.91	0.337	0.103	0.305875	0	-2.22104	-9.15968	0	-0.635402	0	0	0	
4.92	0.337	0.103	0.214278	0	-2.22739	-9.15968	0	-0.635402	0	0	0	
4.93	0.337	0.103	0.122682	0	-2.23374	-9.15968	0	-0.635402	0	0	0	
4.94	0.337	0.103	0.0310848	0	-2.2401	-9.15968	0	-0.635402	0	0	0	
4.95	0.337	0.103	-0.0603701	0	-2.24119	-9.11931	0	0.863136	0	0	0	
4.96	0.337	0.103	-0.151563	0	-2.23256	-9.11931	0	0.863136	0	0	0	
4.97	0.337	0.103	-0.242756	0	-2.22392	-9.11931	0	0.863136	0	0	0	
4.98	0.337	0.103	-0.333949	0	-2.21529	-9.11931	0	0.863136	0	0	0	
4.99	0.337	0.103	-0.424151	0	-2.20151	-8.83704	0	2.32825	0	0	0	
5	0.337	0.103	-0.512521	0	-2.17823	-8.83704	0	2.32825	0	0	0	
5.01	0.337	0.103	-0.600891	0	-2.15495	-8.83704	0	2.32825	0	0	0	
5.02	0.337	0.103	-0.689262	0	-2.13167	-8.83704	0	2.32825	0	0	0	
5.03	0.337	0.103	-0.775826	0	-2.10349	-8.32313	0	3.72158	0	0	0	
5.04	0.337	0.103	-0.859057	0	-2.06627	-8.32313	0	3.72158	0	0	0	
5.05	0.337	0.103	-0.942289	0	-2.02906	-8.32313	0	3.72158	0	0	0	
5.06	0.337	0.103	-1.02552	0	-1.99184	-8.32313	0	3.72158	0	0	0	
5.07	0.337	0.103	-1.10619	0	-1.95011	-7.5938	0	5.00732	0	0	0	
5.08	0.337	0.103	-1.18213	0	-1.90003	-7.5938	0	5.00732	0	0	0	
5.09	0.337	0.103	-1.25806	0	-1.84996	-7.5938	0	5.00732	0	0	0	
5.1	0.337	0.103	-1.334	0	-1.79989	-7.5938	0	5.00732	0	0	0	
5.11	0.337	0.103	-1.4067	0	-1.74579	-6.67063	0	6.15303	0	0	0	
5.12	0.337	0.103	-1.4734	0	-1.68426	-6.67063	0	6.15303	0	0	0	
5.13	0.337	0.103	-1.54011	0	-1.62273	-6.67063	0	6.15303	0	0	0	
5.14	0.337	0.103	-1.60682	0	-1.5612	-6.67063	0	6.15303	0	0	0	
5.15	0.337	0.103	-1.66969	0	-1.49623	-5.57991	0	7.13044	0	0	0	
5.16	0.337	0.103	-1.72549	0	-1.42493	-5.57991	0	7.13044	0	0	0	
5.17	0.337	0.103	-1.78129	0	-1.35362	-5.57991	0	7.13044	0	0	0	
5.18	0.337	0.103	-1.83709	0	-1.28232	-5.57991	0	7.13044	0	0	0	
5.19	0.337	0.103	-1.88857	0	-1.20825	-4.35186	0	7.91611	0	0	0	
5.2	0.337	0.103	-1.93209	0	-1.12909	-4.35186	0	7.91611	0	0	0	
5.21	0.337	0.103	-1.97561	0	-1.04993	-4.35186	0	7.91611	0	0	0	
5.22	0.337	0.103	-2.01912	0	-0.970768	-4.35186	0	7.91611	0	0	0	
5.23	0.337	0.103	-2.05796	0	-0.889583	-3.01976	0	8.49193	0	0	0	
5.24	0.337	0.103	-2.08816	0	-0.804664	-3.01976	0	8.49193	0	0	0	
5.25	0.337	0.103	-2.11836	0	-0.719744	-3.01976	0	8.49193	0	0	0	
5.26	0.337	0.103	-2.14855	0	-0.634825	-3.01976	0	8.49193	0	0	0	
5.27	0.337	0.103	-2.17383	0	-0.548663	-1.61904	0	8.84547	0	0	0	
5.28	0.337	0.103	-2.19002	0	-0.460208	-1.61904	0	8.84547	0	0	0	
5.29	0.337	0.103	-2.20621	0	-0.371754	-1.61904	0	8.84547	0	0	0	
5.3	0.337	0.103	-2.2224	0	-0.283299	-1.61904	0	8.84547	0	0	0	
5.31	0.337	0.103	-2.23356	0	-0.194406	-0.186352	0	8.97017	0	0	0	
5.32	0.337	0.103	-2.23542	0	-0.104704	-0.186352	0	8.97017	0	0	0	
5.33	0.337	0.103	-2.23728	0	-0.0150028	-0.186352	0	8.97017	0	0	0	
5.34	0.337	0.103	-2.23915	0	0.0746989	-0.186352	0	8.97017	0	0	0	
5.35	0.337	0.103	-2.23599	0	0.164032	1.24145	0	8.86542	0	0	0	
5.36	0.337	0.103	-2.22358	0	0.252687	1.24145	0	8.86542	0	0	0	
5.37	0.337	0.103	-2.21116	0	0.341341	1.24145	0	8.86542	0	0	0	
5.38	0.337	0.103	-2.19875	0	0.429995	1.24145	0	8.86542	0	0	0	
5.39	0.337	0.103	-2.18146	0	0.517493	2.62819	0	8.53645	0	0	0	
5.4	0.337	0.103	-2.15518	0	0.602858	2.62819	0	8.53645	0	0	0	
5.41	0.337	0.103	-2.1289	0	0.688222	2.62819	0	8.53645	0	0	0	
5.42	0.337	0.103	-2.10261	0	0.773587	2.62819	0	8.53645	0	0	0	
5.43	0.337	0.103	-2.07172	0	0.857045	3.9393	0	7.99407	0	0	0	
5.44	0.337	0.103	-2.03233	0	0.936986	3.9393	0	7.99407	0	0	0	
5.45	0.337	0.103	-1.99294	0	1.01693	3.9393	0	7.99407	0	0	0	
5.46	0.337	0.103	-1.95354	0	1.09687	3.9393	0	7.99407	0	0	0	
5.47	0.337	0.103	-1.90992	0	1.17421	5.14265	0	7.25426	0	0	0	
5.48	0.337	0.103	-1.8585	0	1.24675	5.14265	0	7.25426	0	0	0	
5.49	0.337	0.103	-1.80707	0	1.31929	5.14265	0	7.25426	0	0	0	
5.5	0.337	0.103	-1.75564	0	1.39183	5.14265	0	7.25426	0	0	0	
5.51	0.337	0.103	-1.70047	0	1.46116	6.20929	0	6.33772	0	0	0	
5.52	0.337	0.103	-1.63837	0	1.52453	6.20929	0	6.33772	0	0	0	
5.53	0.337	0.103	-1.57628	0	1.58791	6.20929	0	6.33772	0	0	0	
5.54	0.337	0.103	-1.51419	0	1.65129	6.20929	0	6.33772	0	0	0	
5.55	0.337	0.103	-1.44891	0	1.71091	7.11415	0	5.26925	0	0	0	
5.56	0.337	0.103	-1.37777	0	1.7636	7.11415	0	5.26925	0	0	0	
5.57	0.337	0.103	-1.30663	0	1.81629	7.11415	0	5.26925	0	0	0	
5.58	0.337	0.103	-1.23549	0	1.86899	7.11415	0	5.26925	0	0	0	
5.59	0.337	0.103	-1.16181	0	1.91749	7.83652	0	4.07702	0	0	0	
5.6	0.337	0.103	-1.08344	0	1.95826	7.83652	0	4.07702	0	0	0	
5.61	0.337	0.103	-1.00508	0	1.99903	7.83652	0	4.07702	0	0	0	
5.62	0.337	0.103	-0.926714	0	2.0398	7.83652	0	4.07702	0	0	0	
5.63	0.337	0.103	-0.846507	0	2.07605	8.36056	0	2.79182	0	0	0	
5.64	0.337	0.103	-0.762901	0	2.10397	8.36056	0	2.79182	0	0	0	
5.65	0.337	0.103	-0.679296	0	2.13189	8.36056	0	2.79182	0	0	0	
5.66	0.337	0.103	-0.59569	0	2.15981	8.36056	0	2.79182	0	0	0	
5.67	0.337	0.103	-0.510977	0	2.18299	8.67551	0	1.44629	0	0	0	
5.68	0.337	0.103	-0.424222	0	2.19746	8.67551	0	1.44629	0	0	0	
5.69	0.337	0.103	-0.337467	0	2.21192	8.67551	0	1.44629	0	0	0	
5.7	0.337	0.103	-0.250712	0	2.22638	8.67551	0	1.44629	0	0	0	
5.71	0.337	0.103	-0.163604	0	2.23602	8.77591	0	0.0740399	0	0	0	
5.72	0.337	0.103	-0.0758448	0	2.23676	8.77591	0	0.0740399	0	0	0	
5.73	0.337	0.103	0.0119143	0	2.2375	8.77591	0	0.0740399	0	0	0	
5.74	0.337	0.103	0.0996735	0	2.23824	8.77591	0	0.0740399	0	0	0	
5.75	0.337	0.103	0.187031	0	2.23419	8.66163	0	-1.29118	0	0	0	
5.76	0.337	0.103	0.273647	0	2.22127	8.66163	0	-1.29118	0	0	0	
5.77	0.337	0.103	0.360263	0	2.20836	8.66163	0	-1.29118	0	0	0	
5.78	0.337	0.103	0.44688	0	2.19545	8.66163	0	-1.29118	0	0	0	
5.79	0.337	0.103	0.532357	0	2.17788	8.33772	0	-2.61629	0	0	0	
5.8	0.337	0.103	0.615734	0	2.15172	8.33772	0	-2.61629	0	0	0	
5.81	0.337	0.103	0.699112	0	2.12555	8.33772	0	-2.61629	0	0	0	
5.82	0.337	0.103	0.782489	0	2.09939	8.33772	0	-2.61629	0	0	0	
5.83	0.337	0.103	0.864026	0	2.06882	7.81425	0	-3.86968	0	0	0	
5.84	0.337	0.103	0.942168	0	2.03013	7.81425	0	-3.86968	0	0	0	
5.85	0.337	0.103	1.02031	0	1.99143	7.81425	0	-3.86968	0	0	0	
5.86	0.337	0.103	1.09845	0	1.95273	7.81425	0	-3.86968	0	0	0	
5.87	0.337	0.103	1.17411	0	1.90998	7.10595	0	-5.02191	0	0	0	
5.88	0.337	0.103	1.24517	0	1.85977	7.10595	0	-5.02191	0	0	0	
5.89	0.337	0.103	1.31622	0	1.80955	7.10595	0	-5.02191	0	0	0	
5.9	0.337	0.103	1.38728	0	1.75933	7.10595	0	-5.02191	0	0	0	
5.91	0.337	0.103	1.45527	0	1.70551	6.23175	0	-6.04643	0	0	0	
5.92	0.337	0.103	1.51759	0	1.64504	6.23175	0	-6.04643	0	0	0	
5.93	0.337	0.103	1.57991	0	1.58458	6.23175	0	-6.04643	0	0	0	
5.94	0.337	0.103	1.64222	0	1.52411	6.23175	0	-6.04643	0	0	0	
5.95	0.337	0.103	1.70096	0	1.46058	5.21427	0	-6.92012	0	0	0	
5.96	0.337	0.103	1.75311	0	1.39138	5.21427	0	-6.92012	0	0	0	
5.97	0.337	0.103	1.80525	0	1.32217	5.21427	0	-6.92012	0	0	0	
5.98	0.337	0.103	1.85739	0	1.25297	5.21427	0	-6.92012	0	0	0	
5.99	0.337	0.103	1.90554	0	1.1813	4.07919	0	-7.62379	0	0	0	
6	0.337	0.103	1.94634	0	1.10506	4.07919	0	-7.62379	0	0	0	
6.01	0.337	0.103	1.98713	0	1.02882	4.07919	0	-7.62379	0	0	0	
6.02	0.337	0.103	2.02792	0	0.952585	4.07919	0	-7.62379	0	0	0	
6.03	0.337	0.103	2.06441	0	0.874523	2.85462	0	-8.14254	0	0	0	
6.04	0.337	0.103	2.09295	0	0.793098	2.85462	0	-8.14254	0	0	0	
6.05	0.337	0.103	2.1215	0	0.711673	2.85462	0	-8.14254	0	0	0	
6.06	0.337	0.103	2.15004	0	0.630247	2.85462	0	-8.14254	0	0	0	
6.07	0.337	0.103	2.17408	0	0.547685	1.57037	0	-8.46606	0	0	0	
6.08	0.337	0.103	2.18978	0	0.463024	1.57037	0	-8.46606	0	0	0	
6.09	0.337	0.103	2.20548	0	0.378363	1.57037	0	-8.46606	0	0	0	
6.1	0.337	0.103	2.22119	0	0.293703	1.57037	0	-8.46606	0	0	0	
6.11	0.337	0.103	2.23227	0	0.208611	0.257202	0	-8.58878	0	0	0	
6.12	0.337	0.103	2.23485	0	0.122723	0.257202	0	-8.58878	0	0	0	
6.13	0.337	0.103	2.23742	0	0.0368351	0.257202	0	-8.58878	0	0	0	
6.14	0.337	0.103	2.23999	0	-0.0490527	0.257202	0	-8.58878	0	0	0	
6.15	0.337	0.103	2.23795	0	-0.134663	-1.05387	0	-8.50989	0	0	0	
6.16	0.337	0.103	2.22741	0	-0.219762	-1.05387	0	-8.50989	0	0	0	
6.17	0.337	0.103	2.21687	0	-0.304861	-1.05387	0	-8.50989	0	0	0	
6.18	0.337	0.103	2.20634	0	-0.38996	-1.05387	0	-8.50989	0	0	0	
6.19	0.337	0.103	2.1913	0	-0.474086	-2.33233	0	-8.23329	0	0	0	
6.2	0.337	0.103	2.16798	0	-0.556419	-2.33233	0	-8.23329	0	0	0	
6.21	0.337	0.103	2.14466	0	-0.638752	-2.33233	0	-8.23329	0	0	0	
6.22	0.337	0.103	2.12133	0	-0.721085	-2.33233	0	-8.23329	0	0	0	
6.23	0.337	0.103	2.09373	0	-0.80178	-3.54887	0	-7.76743	0	0	0	
6.24	0.337	0.103	2.05824	0	-0.879454	-3.54887	0	-7.76743	0	0	0	
6.25	0.337	0.103	2.02275	0	-0.957129	-3.54887	0	-7.76743	0	0	0	
6.26	0.337	0.103	1.98727	0	-1.0348	-3.54887	0	-7.76743	0	0	0	
6.27	0.337	0.103	1.94781	0	-1.11022	-4.67601	0	-7.12498	0	0	0	
6.28	0.337	0.103	1.90105	0	-1.18147	-4.67601	0	-7.12498	0	0	0	
6.29	0.337	0.103	1.85429	0	-1.25272	-4.67601	0	-7.12498	0	0	0	
6.3	0.337	0.103	1.80753	0	-1.32397	-4.67601	0	-7.12498	0	0	0	
6.31	0.337	0.103	1.75721	0	-1.3924	-5.68872	0	-6.32252	0	0	0	
6.32	0.337	0.103	1.70033	0	-1.45562	-5.68872	0	-6.32252	0	0	0	
6.33	0.337	0.103	1.64344	0	-1.51885	-5.68872	0	-6.32252	0	0	0	
6.34	0.337	0.103	1.58655	0	-1.58207	-5.68872	0	-6.32252	0	0	0	
6.35	0.337	0.103	1.52658	0	-1.64198	-6.56496	0	-5.38004	0	0	0	
6.36	0.337	0.103	1.46093	0	-1.69578	-6.56496	0	-5.38004	0	0	0	
6.37	0.337	0.103	1.39528	0	-1.74958	-6.56496	0	-5.38004	0	0	0	
6.38	0.337	0.103	1.32963	0	-1.80338	-6.56496	0	-5.38004	0	0	0	
6.39	0.337	0.103	1.26145	0	-1.85346	-7.2861	0	-4.32047	0	0	0	
6.4	0.337	0.103	1.18859	0	-1.89666	-7.2861	0	-4.32047	0	0	0	
6.41	0.337	0.103	1.11573	0	-1.93987	-7.2861	0	-4.32047	0	0	0	
6.42	0.337	0.103	1.04287	0	-1.98307	-7.2861	0	-4.32047	0	0	0	
6.43	0.337	0.103	0.968067	0	-2.02223	-7.83729	0	-3.16905	0	0	0	
6.44	0.337	0.103	0.889694	0	-2.05392	-7.83729	0	-3.16905	0	0	0	
6.45	0.337	0.103	0.811321	0	-2.08561	-7.83729	0	-3.16905	0	0	0	
6.46	0.337	0.103	0.732948	0	-2.1173	-7.83729	0	-3.16905	0	0	0	
6.47	0.337	0.103	0.653273	0	-2.14471	-8.20777	0	-1.95277	0	0	0	
6.48	0.337	0.103	0.571195	0	-2.16424	-8.20777	0	-1.95277	0	0	0	
6.49	0.337	0.103	0.489117	0	-2.18377	-8.20777	0	-1.95277	0	0	0	
6.5	0.337	0.103	0.40704	0	-2.2033	-8.20777	0	-1.95277	0	0	0	
6.51	0.337	0.103	0.324318	0	-2.21842	-8.39096	0	-0.699704	0	0	0	
6.52	0.337	0.103	0.240408	0	-2.22542	-8.39096	0	-0.699704	0	0	0	
6.53	0.337	0.103	0.156498	0	-2.23241	-8.39096	0	-0.699704	0	0	0	
6.54	0.337	0.103	0.0725889	0	-2.23941	-8.39096	0	-0.699704	0	0	0	
6.55	0.337	0.103	-0.0112984	0	-2.24197	-8.3846	0	0.561647	0	0	0	
6.56	0.337	0.103	-0.0951444	0	-2.23636	-8.3846	0	0.561647	0	0	0	
6.57	0.337	0.103	-0.17899	0	-2.23074	-8.3846	0	0.561647	0	0	0	
6.58	0.337	0.103	-0.262836	0	-2.22512	-8.3846	0	0.561647	0	0	0	
6.59	0.337	0.103	-0.346001	0	-2.21514	-8.19071	0	1.80298	0	0	0	
6.6	0.337	0.103	-0.427908	0	-2.19711	-8.19071	0	1.80298	0	0	0	
6.61	0.337	0.103	-0.509815	0	-2.17908	-8.19071	0	1.80298	0	0	0	
6.62	0.337	0.103	-0.591722	0	-2.16105	-8.19071	0	1.80298	0	0	0	
6.63	0.337	0.103	-0.672309	0	-2.13882	-7.81544	0	2.99683	0	0	0	
6.64	0.337	0.103	-0.750464	0	-2.10885	-7.81544	0	2.99683	0	0	0	
6.65	0.337	0.103	-0.828618	0	-2.07889	-7.81544	0	2.99683	0	0	0	
6.66	0.337	0.103	-0.906772	0	-2.04892	-7.81544	0	2.99683	0	0	0	
6.67	0.337	0.103	-0.983005	0	-2.01501	-7.26889	0	4.11717	0	0	0	
6.68	0.337	0.103	-1.05569	0	-1.97384	-7.26889	0	4.11717	0	0	0	
6.69	0.337	0.103	-1.12838	0	-1.93267	-7.26889	0	4.11717	0	0	0	
6.7	0.337	0.103	-1.20107	0	-1.8915	-7.26889	0	4.11717	0	0	0	
6.71	0.337	0.103	-1.27128	0	-1.84673	-6.56482	0	5.13993	0	0	0	
6.72	0.337	0.103	-1.33693	0	-1.79533	-6.56482	0	5.13993	0	0	0	
6.73	0.337	0.103	-1.40258	0	-1.74393	-6.56482	0	5.13993	0	0	0	
6.74	0.337	0.103	-1.46823	0	-1.69253	-6.56482	0	5.13993	0	0	0	
6.75	0.337	0.103	-1.53091	0	-1.63795	-5.72027	0	6.04354	0	0	0	
6.76	0.337	0.103	-1.58811	0	-1.57752	-5.72027	0	6.04354	0	0	0	
6.77	0.337	0.103	-1.64531	0	-1.51708	-5.72027	0	6.04354	0	0	0	
6.78	0.337	0.103	-1.70252	0	-1.45665	-5.72027	0	6.04354	0	0	0	
6.79	0.337	0.103	-1.75632	0	-1.39352	-4.75511	0	6.80933	0	0	0	
6.8	0.337	0.103	-1.80388	0	-1.32542	-4.75511	0	6.80933	0	0	0	
6.81	0.337	0.103	-1.85143	0	-1.25733	-4.75511	0	6.80933	0	0	0	
6.82	0.337	0.103	-1.89898	0	-1.18924	-4.75511	0	6.80933	0	0	0	
6.83	0.337	0.103	-1.94279	0	-1.11899	-3.6916	0	7.42188	0	0	0	
6.84	0.337	0.103	-1.9797	0	-1.04477	-3.6916	0	7.42188	0	0	0	
6.85	0.337	0.103	-2.01662	0	-0.970552	-3.6916	0	7.42188	0	0	0	
6.86	0.337	0.103	-2.05354	0	-0.896334	-3.6916	0	7.42188	0	0	0	
6.87	0.337	0.103	-2.08645	0	-0.820541	-2.55383	0	7.86933	0	0	0	
6.88	0.337	0.103	-2.11199	0	-0.741848	-2.55383	0	7.86933	0	0	0	
6.89	0.337	0.103	-2.13753	0	-0.663155	-2.55383	0	7.86933	0	0	0	
6.9	0.337	0.103	-2.16307	0	-0.584461	-2.55383	0	7.86933	0	0	0	
6.91	0.337	0.103	-2.18443	0	-0.504804	-1.3672	0	8.14355	0	0	0	
6.92	0.337	0.103	-2.1981	0	-0.423368	-1.3672	0	8.14355	0	0	0	
6.93	0.337	0.103	-2.21177	0	-0.341933	-1.3672	0	8.14355	0	0	0	
6.94	0.337	0.103	-2.22545	0	-0.260497	-1.3672	0	8.14355	0	0	0	
6.95	0.337	0.103	-2.23487	0	-0.178722	-0.157799	0	8.24026	0	0	0	
6.96	0.337	0.103	-2.23644	0	-0.096319	-0.157799	0	8.24026	0	0	0	
6.97	0.337	0.103	-2.23802	0	-0.0139164	-0.157799	0	8.24026	0	0	0	
6.98	0.337	0.103	-2.2396	0	0.0684862	-0.157799	0	8.24026	0	0	0	
6.99	0.337	0.103	-2.23694	0	0.150603	1.04812	0	8.15907	0	0	0	
7	0.337	0.103	-2.22645	0	0.232194	1.04812	0	8.15907	0	0	0	
7.01	0.337	0.103	-2.21597	0	0.313785	1.04812	0	8.15907	0	0	0	
7.02	0.337	0.103	-2.20549	0	0.395376	1.04812	0	8.15907	0	0	0	
7.03	0.337	0.103	-2.19087	0	0.476067	2.22474	0	7.9034	0	0	0	
7.04	0.337	0.103	-2.16863	0	0.555101	2.22474	0	7.9034	0	0	0	
7.05	0.337	0.103	-2.14638	0	0.634135	2.22474	0	7.9034	0	0	0	
7.06	0.337	0.103	-2.12413	0	0.713169	2.22474	0	7.9034	0	0	0	
7.07	0.337	0.103	-2.09794	0	0.790715	3.3472	0	7.48034	0	0	0	
7.08	0.337	0.103	-2.06446	0	0.865519	3.3472	0	7.48034	0	0	0	
7.09	0.337	0.103	-2.03099	0	0.940322	3.3472	0	7.48034	0	0	0	
7.1	0.337	0.103	-1.99752	0	1.01513	3.3472	0	7.48034	0	0	0	
7.11	0.337	0.103	-1.96037	0	1.08789	4.39211	0	6.90048	0	0	0	
7.12	0.337	0.103	-1.91645	0	1.15689	4.39211	0	6.90048	0	0	0	
7.13	0.337	0.103	-1.87253	0	1.2259	4.39211	0	6.90048	0	0	0	
7.14	0.337	0.103	-1.82861	0	1.2949	4.39211	0	6.90048	0	0	0	
7.15	0.337	0.103	-1.78136	0	1.36137	5.33806	0	6.17756	0	0	0	
7.16	0.337	0.103	-1.72798	0	1.42314	5.33806	0	6.17756	0	0	0	
7.17	0.337	0.103	-1.6746	0	1.48492	5.33806	0	6.17756	0	0	0	
7.18	0.337	0.103	-1.62122	0	1.54669	5.33806	0	6.17756	0	0	0	
7.19	0.337	0.103	-1.56493	0	1.60548	6.16598	0	5.32819	0	0	0	
7.2	0.337	0.103	-1.50327	0	1.65876	6.16598	0	5.32819	0	0	0	
7.21	0.337	0.103	-1.44161	0	1.71204	6.16598	0	5.32819	0	0	0	
7.22	0.337	0.103	-1.37995	0	1.76533	6.16598	0	5.32819	0	0	0	
7.23	0.337	0.103	-1.31585	0	1.81524	6.85953	0	4.37141	0	0	0	
7.24	0.337	0.103	-1.24725	0	1.85896	6.85953	0	4.37141	0	0	0	
7.25	0.337	0.103	-1.17866	0	1.90267	6.85953	0	4.37141	0	0	0	
7.26	0.337	0.103	-1.11006	0	1.94639	6.85953	0	4.37141	0	0	0	
7.27	0.337	0.103	-1.03955	0	1.98643	7.40543	0	3.32828	0	0	0	
7.28	0.337	0.103	-0.965492	0	2.01971	7.40543	0	3.32828	0	0	0	
7.29	0.337	0.103	-0.891438	0	2.053	7.40543	0	3.32828	0	0	0	
7.3	0.337	0.103	-0.817384	0	2.08628	7.40543	0	3.32828	0	0	0	
7.31	0.337	0.103	-0.741964	0	2.11567	7.79362	0	2.22138	0	0	0	
7.32	0.337	0.103	-0.664028	0	2.13788	7.79362	0	2.22138	0	0	0	
7.33	0.337	0.103	-0.586092	0	2.1601	7.79362	0	2.22138	0	0	0	
7.34	0.337	0.103	-0.508156	0	2.18231	7.79362	0	2.22138	0	0	0	
7.35	0.337	0.103	-0.429432	0	2.20049	8.01747	0	1.07433	0	0	0	
7.36	0.337	0.103	-0.349257	0	2.21123	8.01747	0	1.07433	0	0	0	
7.37	0.337	0.103	-0.269083	0	2.22198	8.01747	0	1.07433	0	0	0	
7.38	0.337	0.103	-0.188908	0	2.23272	8.01747	0	1.07433	0	0	0	
7.39	0.337	0.103	-0.108535	0	2.23937	8.07384	0	-0.0887123	0	0	0	
7.4	0.337	0.103	-0.0277968	0	2.23848	8.07384	0	-0.0887123	0	0	0	
7.41	0.337	0.103	0.0529416	0	2.2376	8.07384	0	-0.0887123	0	0	0	
7.42	0.337	0.103	0.13368	0	2.23671	8.07384	0	-0.0887123	0	0	0	
7.43	0.337	0.103	0.214029	0	2.23176	7.96308	0	-1.24358	0	0	0	
7.44	0.337	0.103	0.29366	0	2.21932	7.96308	0	-1.24358	0	0	0	
7.45	0.337	0.103	0.37329	0	2.20689	7.96308	0	-1.24358	0	0	0	
7.46	0.337	0.103	0.452921	0	2.19445	7.96308	0	-1.24358	0	0	0	
7.47	0.337	0.103	0.531588	0	2.17807	7.689	0	-2.36656	0	0	0	
7.48	0.337	0.103	0.608478	0	2.1544	7.689	0	-2.36656	0	0	0	
7.49	0.337	0.103	0.685368	0	2.13074	7.689	0	-2.36656	0	0	0	
7.5	0.337	0.103	0.762258	0	2.10707	7.689	0	-2.36656	0	0	0	
7.51	0.337	0.103	0.837635	0	2.07965	7.25869	0	-3.43491	0	0	0	
7.52	0.337	0.103	0.910221	0	2.0453	7.25869	0	-3.43491	0	0	0	
7.53	0.337	0.103	0.982808	0	2.01095	7.25869	0	-3.43491	0	0	0	
7.54	0.337	0.103	1.0554	0	1.9766	7.25869	0	-3.43491	0	0	0	
7.55	0.337	0.103	1.12595	0	1.93876	6.68236	0	-4.4273	0	0	0	
7.56	0.337	0.103	1.19278	0	1.89449	6.68236	0	-4.4273	0	0	0	
7.57	0.337	0.103	1.2596	0	1.85021	6.68236	0	-4.4273	0	0	0	
7.58	0.337	0.103	1.32643	0	1.80594	6.68236	0	-4.4273	0	0	0	
7.59	0.337	0.103	1.39075	0	1.75851	5.97303	0	-5.32419	0	0	0	
7.6	0.337	0.103	1.45048	0	1.70527	5.97303	0	-5.32419	0	0	0	
7.61	0.337	0.103	1.51021	0	1.65203	5.97303	0	-5.32419	0	0	0	
7.62	0.337	0.103	1.56995	0	1.59879	5.97303	0	-5.32419	0	0	0	
7.63	0.337	0.103	1.62677	0	1.54279	5.14631	0	-6.10823	0	0	0	
7.64	0.337	0.103	1.67823	0	1.4817	5.14631	0	-6.10823	0	0	0	
7.65	0.337	0.103	1.72969	0	1.42062	5.14631	0	-6.10823	0	0	0	
7.66	0.337	0.103	1.78116	0	1.35954	5.14631	0	-6.10823	0	0	0	
7.67	0.337	0.103	1.82936	0	1.29615	4.21995	0	-6.76458	0	0	0	
7.68	0.337	0.103	1.87156	0	1.2285	4.21995	0	-6.76458	0	0	0	
7.69	0.337	0.103	1.91376	0	1.16086	4.21995	0	-6.76458	0	0	0	
7.7	0.337	0.103	1.95596	0	1.09321	4.21995	0	-6.76458	0	0	0	
7.71	0.337	0.103	1.99462	0	1.02375	3.2135	0	-7.28115	0	0	0	
7.72	0.337	0.103	2.02675	0	0.950937	3.2135	0	-7.28115	0	0	0	
7.73	0.337	0.103	2.05889	0	0.878125	3.2135	0	-7.28115	0	0	0	
7.74	0.337	0.103	2.09102	0	0.805314	3.2135	0	-7.28115	0	0	0	
7.75	0.337	0.103	2.11941	0	0.731209	2.14786	0	-7.6488	0	0	0	
7.76	0.337	0.103	2.14089	0	0.654721	2.14786	0	-7.6488	0	0	0	
7.77	0.337	0.103	2.16237	0	0.578233	2.14786	0	-7.6488	0	0	0	
7.78	0.337	0.103	2.18385	0	0.501745	2.14786	0	-7.6488	0	0	0	
7.79	0.337	0.103	2.20144	0	0.424509	1.04489	0	-7.86149	0	0	0	
7.8	0.337	0.103	2.21189	0	0.345894	1.04489	0	-7.86149	0	0	0	
7.81	0.337	0.103	2.22234	0	0.267279	1.04489	0	-7.86149	0	0	0	
7.82	0.337	0.103	2.23279	0	0.188664	1.04489	0	-7.86149	0	0	0	
7.83	0.337	0.103	2.23931	0	0.109856	-0.0730965	0	-7.91634	0	0	0	
7.84	0.337	0.103	2.23858	0	0.0306929	-0.0730965	0	-7.91634	0	0	0	
7.85	0.337	0.103	2.23785	0	-0.0484705	-0.0730965	0	-7.91634	0	0	0	
7.86	0.337	0.103	2.23711	0	-0.127634	-0.0730965	0	-7.91634	0	0	0	
7.87	0.337	0.103	2.23248	0	-0.206436	-1.18377	0	-7.81363	0	0	0	
7.88	0.337	0.103	2.22064	0	-0.284572	-1.18377	0	-7.81363	0	0	0	
7.89	0.337	0.103	2.2088	0	-0.362709	-1.18377	0	-7.81363	0	0	0	
7.9	0.337	0.103	2.19696	0	-0.440845	-1.18377	0	-7.81363	0	0	0	
7.91	0.337	0.103	2.18132	0	-0.518078	-2.2652	0	-7.55679	0	0	0	
7.92	0.337	0.103	2.15867	0	-0.593645	-2.2652	0	-7.55679	0	0	0	
7.93	0.337	0.103	2.13602	0	-0.669213	-2.2652	0	-7.55679	0	0	0	
7.94	0.337	0.103	2.11336	0	-0.744781	-2.2652	0	-7.55679	0	0	0	
7.95	0.337	0.103	2.08709	0	-0.818926	-3.29631	0	-7.1522	0	0	0	
7.96	0.337	0.103	2.05412	0	-0.890448	-3.29631	0	-7.1522	0	0	0	
7.97	0.337	0.103	2.02116	0	-0.96197	-3.29631	0	-7.1522	0	0	0	
7.98	0.337	0.103	1.9882	0	-1.03349	-3.29631	0	-7.1522	0	0	0	
7.99	0.337	0.103	1.95185	0	-1.1031	-4.25726	0	-6.60911	0	0	0	
8	0.337	0.103	1.90928	0	-1.16919	-4.25726	0	-6.60911	0	0	0	
8.01	0.337	0.103	1.86671	0	-1.23529	-4.25726	0	-6.60911	0	0	0	
8.02	0.337	0.103	1.82413	0	-1.30138	-4.25726	0	-6.60911	0	0	0	
8.03	0.337	0.103	1.77849	0	-1.36511	-5.12983	0	-5.93936	0	0	0	
8.04	0.337	0.103	1.72719	0	-1.42451	-5.12983	0	-5.93936	0	0	0	
8.05	0.337	0.103	1.6759	0	-1.4839	-5.12983	0	-5.93936	0	0	0	
8.06	0.337	0.103	1.6246	0	-1.54329	-5.12983	0	-5.93936	0	0	0	
8.07	0.337	0.103	1.5706	0	-1.59993	-5.89775	0	-5.1571	0	0	0	
8.08	0.337	0.103	1.51162	0	-1.6515	-5.89775	0	-5.1571	0	0	0	
8.09	0.337	0.103	1.45264	0	-1.70308	-5.89775	0	-5.1571	0	0	0	
8.1	0.337	0.103	1.39367	0	-1.75465	-5.89775	0	-5.1571	0	0	0	
8.11	0.337	0.103	1.3324	0	-1.80313	-6.54697	0	-4.27851	0	0	0	
8.12	0.337	0.103	1.26693	0	-1.84591	-6.54697	0	-4.27851	0	0	0	
8.13	0.337	0.103	1.20146	0	-1.8887	-6.54697	0	-4.27851	0	0	0	
8.14	0.337	0.103	1.13599	0	-1.93148	-6.54697	0	-4.27851	0	0	0	
8.15	0.337	0.103	1.0687	0	-1.9709	-7.06591	0	-3.32147	0	0	0	
8.16	0.337	0.103	0.99804	0	-2.00411	-7.06591	0	-3.32147	0	0	0	
8.17	0.337	0.103	0.927381	0	-2.03733	-7.06591	0	-3.32147	0	0	0	
8.18	0.337	0.103	0.856722	0	-2.07054	-7.06591	0	-3.32147	0	0	0	
8.19	0.337	0.103	0.784726	0	-2.10018	-7.44567	0	-2.30513	0	0	0	
8.2	0.337	0.103	0.71027	0	-2.12323	-7.44567	0	-2.30513	0	0	0	
8.21	0.337	0.103	0.635813	0	-2.14629	-7.44567	0	-2.30513	0	0	0	
8.22	0.337	0.103	0.561356	0	-2.16934	-7.44567	0	-2.30513	0	0	0	
8.23	0.337	0.103	0.486075	0	-2.18867	-7.68009	0	-1.24956	0	0	0	
8.24	0.337	0.103	0.409274	0	-2.20117	-7.68009	0	-1.24956	0	0	0	
8.25	0.337	0.103	0.332473	0	-2.21367	-7.68009	0	-1.24956	0	0	0	
8.26	0.337	0.103	0.255672	0	-2.22616	-7.68009	0	-1.24956	0	0	0	
8.27	0.337	0.103	0.178569	0	-2.23488	-7.76592	0	-0.175366	0	0	0	
8.28	0.337	0.103	0.10091	0	-2.23663	-7.76592	0	-0.175366	0	0	0	
8.29	0.337	0.103	0.0232509	0	-2.23838	-7.76592	0	-0.175366	0	0	0	
8.3	0.337	0.103	-0.0544083	0	-2.24014	-7.76592	0	-0.175366	0	0	0	
8.31	0.337	0.103	-0.131845	0	-2.23812	-7.70276	0	0.896756	0	0	0	
8.32	0.337	0.103	-0.208873	0	-2.22915	-7.70276	0	0.896756	0	0	0	
8.33	0.337	0.103	-0.285901	0	-2.22018	-7.70276	0	0.896756	0	0	0	
8.34	0.337	0.103	-0.362928	0	-2.21122	-7.70276	0	0.896756	0	0	0	
8.35	0.337	0.103	-0.439218	0	-2.19856	-7.49307	0	1.94638	0	0	0	
8.36	0.337	0.103	-0.514149	0	-2.17909	-7.49307	0	1.94638	0	0	0	
8.37	0.337	0.103	-0.58908	0	-2.15963	-7.49307	0	1.94638	0	0	0	
8.38	0.337	0.103	-0.66401	0	-2.14017	-7.49307	0	1.94638	0	0	0	
8.39	0.337	0.103	-0.737706	0	-2.11716	-7.14206	0	2.95376	0	0	0	
8.4	0.337	0.103	-0.809127	0	-2.08762	-7.14206	0	2.95376	0	0	0	
8.41	0.337	0.103	-0.880547	0	-2.05808	-7.14206	0	2.95376	0	0	0	
8.42	0.337	0.103	-0.951968	0	-2.02854	-7.14206	0	2.95376	0	0	0	
8.43	0.337	0.103	-1.02168	0	-1.99568	-6.65756	0	3.90016	0	0	0	
8.44	0.337	0.103	-1.08826	0	-1.95668	-6.65756	0	3.90016	0	0	0	
8.45	0.337	0.103	-1.15484	0	-1.91767	-6.65756	0	3.90016	0	0	0	
8.46	0.337	0.103	-1.22141	0	-1.87867	-6.65756	0	3.90016	0	0	0	
8.47	0.337	0.103	-1.28585	0	-1.83662	-6.04981	0	4.76822	0	0	0	
8.48	0.337	0.103	-1.34635	0	-1.78893	-6.04981	0	4.76822	0	0	0	
8.49	0.337	0.103	-1.40684	0	-1.74125	-6.04981	0	4.76822	0	0	0	
8.5	0.337	0.103	-1.46734	0	-1.69357	-6.04981	0	4.76822	0	0	0	
8.51	0.337	0.103	-1.52531	0	-1.64316	-5.33127	0	5.54227	0	0	0	
8.52	0.337	0.103	-1.57862	0	-1.58774	-5.33127	0	5.54227	0	0	0	
8.53	0.337	0.103	-1.63194	0	-1.53232	-5.33127	0	5.54227	0	0	0	
8.54	0.337	0.103	-1.68525	0	-1.4769	-5.33127	0	5.54227	0	0	0	
8.55	0.337	0.103	-1.7357	0	-1.41913	-4.51634	0	6.20858	0	0	0	
8.56	0.337	0.103	-1.78086	0	-1.35704	-4.51634	0	6.20858	0	0	0	
8.57	0.337	0.103	-1.82602	0	-1.29496	-4.51634	0	6.20858	0	0	0	
8.58	0.337	0.103	-1.87119	0	-1.23287	-4.51634	0	6.20858	0	0	0	
8.59	0.337	0.103	-1.9132	0	-1.16886	-3.62102	0	6.75556	0	0	0	
8.6	0.337	0.103	-1.94941	0	-1.10131	-3.62102	0	6.75556	0	0	0	
8.61	0.337	0.103	-1.98562	0	-1.03375	-3.62102	0	6.75556	0	0	0	
8.62	0.337	0.103	-2.02183	0	-0.966194	-3.62102	0	6.75556	0	0	0	
8.63	0.337	0.103	-2.05467	0	-0.897166	-2.66267	0	7.17403	0	0	0	
8.64	0.337	0.103	-2.08129	0	-0.825425	-2.66267	0	7.17403	0	0	0	
8.65	0.337	0.103	-2.10792	0	-0.753685	-2.66267	0	7.17403	0	0	0	
8.66	0.337	0.103	-2.13455	0	-0.681945	-2.66267	0	7.17403	0	0	0	
8.67	0.337	0.103	-2.15764	0	-0.609208	-1.65958	0	7.45725	0	0	0	
8.68	0.337	0.103	-2.17424	0	-0.534636	-1.65958	0	7.45725	0	0	0	
8.69	0.337	0.103	-2.19084	0	-0.460063	-1.65958	0	7.45725	0	0	0	
8.7	0.337	0.103	-2.20743	0	-0.385491	-1.65958	0	7.45725	0	0	0	
8.71	0.337	0.103	-2.22041	0	-0.310412	-0.630686	0	7.60109	0	0	0	
8.72	0.337	0.103	-2.22671	0	-0.234401	-0.630686	0	7.60109	0	0	0	
8.73	0.337	0.103	-2.23302	0	-0.15839	-0.630686	0	7.60109	0	0	0	
8.74	0.337	0.103	-2.23933	0	-0.0823794	-0.630686	0	7.60109	0	0	0	
8.75	0.337	0.103	-2.24199	0	-0.00635815	0.404827	0	7.60402	0	0	0	
8.76	0.337	0.103	-2.23794	0	0.0696821	0.404827	0	7.60402	0	0	0	
8.77	0.337	0.103	-2.23389	0	0.145722	0.404827	0	7.60402	0	0	0	
8.78	0.337	0.103	-2.22985	0	0.221763	0.404827	0	7.60402	0	0	0	
8.79	0.337	0.103	-2.2222	0	0.297321	1.42787	0	7.46715	0	0	0	
8.8	0.337	0.103	-2.20792	0	0.371993	1.42787	0	7.46715	0	0	0	
8.81	0.337	0.103	-2.19364	0	0.446664	1.42787	0	7.46715	0	0	0	
8.82	0.337	0.103	-2.17936	0	0.521336	1.42787	0	7.46715	0	0	0	
8.83	0.337	0.103	-2.16159	0	0.595046	2.41979	0	7.19409	0	0	0	
8.84	0.337	0.103	-2.1374	0	0.666987	2.41979	0	7.19409	0	0	0	
8.85	0.337	0.103	-2.1132	0	0.738928	2.41979	0	7.19409	0	0	0	
8.86	0.337	0.103	-2.089	0	0.810869	2.41979	0	7.19409	0	0	0	
8.87	0.337	0.103	-2.06148	0	0.881391	3.36272	0	6.79094	0	0	0	
8.88	0.337	0.103	-2.02786	0	0.9493	3.36272	0	6.79094	0	0	0	
8.89	0.337	0.103	-1.99423	0	1.01721	3.36272	0	6.79094	0	0	0	
8.9	0.337	0.103	-1.9606	0	1.08512	3.36272	0	6.79094	0	0	0	
8.91	0.337	0.103	-1.92389	0	1.15118	4.23988	0	6.26607	0	0	0	
8.92	0.337	0.103	-1.88149	0	1.21384	4.23988	0	6.26607	0	0	0	
8.93	0.337	0.103	-1.83909	0	1.2765	4.23988	0	6.26607	0	0	0	
8.94	0.337	0.103	-1.79669	0	1.33916	4.23988	0	6.26607	0	0	0	
8.95	0.337	0.103	-1.75149	0	1.39959	5.03589	0	5.63	0	0	0	
8.96	0.337	0.103	-1.70113	0	1.45589	5.03589	0	5.63	0	0	0	
8.97	0.337	0.103	-1.65077	0	1.51219	5.03589	0	5.63	0	0	0	
8.98	0.337	0.103	-1.60041	0	1.56849	5.03589	0	5.63	0	0	0	
8.99	0.337	0.103	-1.54759	0	1.6222	5.73698	0	4.89511	0	0	0	
9	0.337	0.103	-1.49022	0	1.67115	5.73698	0	4.89511	0	0	0	
9.01	0.337	0.103	-1.43285	0	1.7201	5.73698	0	4.89511	0	0	0	
9.02	0.337	0.103	-1.37548	0	1.76905	5.73698	0	4.89511	0	0	0	
9.03	0.337	0.103	-1.31602	0	1.81512	6.33127	0	4.07544	0	0	0	
9.04	0.337	0.103	-1.25271	0	1.85587	6.33127	0	4.07544	0	0	0	
9.05	0.337	0.103	-1.18939	0	1.89663	6.33127	0	4.07544	0	0	0	
9.06	0.337	0.103	-1.12608	0	1.93738	6.33127	0	4.07544	0	0	0	
9.07	0.337	0.103	-1.06109	0	1.97501	6.80891	0	3.18639	0	0	0	
9.08	0.337	0.103	-0.992997	0	2.00687	6.80891	0	3.18639	0	0	0	
9.09	0.337	0.103	-0.924908	0	2.03874	6.80891	0	3.18639	0	0	0	
9.1	0.337	0.103	-0.856819	0	2.0706	6.80891	0	3.18639	0	0	0	
9.11	0.337	0.103	-0.787486	0	2.09915	7.16228	0	2.24446	0	0	0	
9.12	0.337	0.103	-0.715864	0	2.12159	7.16228	0	2.24446	0	0	0	
9.13	0.337	0.103	-0.644241	0	2.14404	7.16228	0	2.24446	0	0	0	
9.14	0.337	0.103	-0.572618	0	2.16648	7.16228	0	2.24446	0	0	0	
9.15	0.337	0.103	-0.500208	0	2.18549	7.38602	0	1.26687	0	0	0	
9.16	0.337	0.103	-0.426348	0	2.19816	7.38602	0	1.26687	0	0	0	
9.17	0.337	0.103	-0.352487	0	2.21082	7.38602	0	1.26687	0	0	0	
9.18	0.337	0.103	-0.278627	0	2.22349	7.38602	0	1.26687	0	0	0	
9.19	0.337	0.103	-0.204446	0	2.23266	7.47719	0	0.271323	0	0	0	
9.2	0.337	0.103	-0.129674	0	2.23537	7.47719	0	0.271323	0	0	0	
9.21	0.337	0.103	-0.0549024	0	2.23809	7.47719	0	0.271323	0	0	0	
9.22	0.337	0.103	0.0198695	0	2.2408	7.47719	0	0.271323	0	0	0	
9.23	0.337	0.103	0.0944935	0	2.24001	7.43518	0	-0.72437	0	0	0	
9.24	0.337	0.103	0.168845	0	2.23276	7.43518	0	-0.72437	0	0	0	
9.25	0.337	0.103	0.243197	0	2.22552	7.43518	0	-0.72437	0	0	0	
9.26	0.337	0.103	0.317549	0	2.21828	7.43518	0	-0.72437	0	0	0	
9.27	0.337	0.103	0.391291	0	2.20759	7.2618	0	-1.70259	0	0	0	
9.28	0.337	0.103	0.463909	0	2.19056	7.2618	0	-1.70259	0	0	0	
9.29	0.337	0.103	0.536527	0	2.17354	7.2618	0	-1.70259	0	0	0	
9.3	0.337	0.103	0.609145	0	2.15651	7.2618	0	-1.70259	0	0	0	
9.31	0.337	0.103	0.680704	0	2.13617	6.96111	0	-2.64621	0	0	0	
9.32	0.337	0.103	0.750315	0	2.1097	6.96111	0	-2.64621	0	0	0	
9.33	0.337	0.103	0.819927	0	2.08324	6.96111	0	-2.64621	0	0	0	
9.34	0.337	0.103	0.889538	0	2.05678	6.96111	0	-2.64621	0	0	0	
9.35	0.337	0.103	0.957665	0	2.02718	6.53938	0	-3.53891	0	0	0	
9.36	0.337	0.103	1.02306	0	1.99179	6.53938	0	-3.53891	0	0	0	
9.37	0.337	0.103	1.08845	0	1.9564	6.53938	0	-3.53891	0	0	0	
9.38	0.337	0.103	1.15385	0	1.92101	6.53938	0	-3.53891	0	0	0	
9.39	0.337	0.103	1.21736	0	1.88271	6.00496	0	-4.36542	0	0	0	
9.4	0.337	0.103	1.27741	0	1.83906	6.00496	0	-4.36542	0	0	0	
9.41	0.337	0.103	1.33746	0	1.7954	6.00496	0	-4.36542	0	0	0	
9.42	0.337	0.103	1.39751	0	1.75175	6.00496	0	-4.36542	0	0	0	
9.43	0.337	0.103	1.45532	0	1.70547	5.36805	0	-5.11181	0	0	0	
9.44	0.337	0.103	1.509	0	1.65435	5.36805	0	-5.11181	0	0	0	
9.45	0.337	0.103	1.56268	0	1.60323	5.36805	0	-5.11181	0	0	0	
9.46	0.337	0.103	1.61636	0	1.55211	5.36805	0	-5.11181	0	0	0	
9.47	0.337	0.103	1.66748	0	1.49869	4.64052	0	-5.76569	0	0	0	
9.48	0.337	0.103	1.71388	0	1.44104	4.64052	0	-5.76569	0	0	0	
9.49	0.337	0.103	1.76029	0	1.38338	4.64052	0	-5.76569	0	0	0	
9.5	0.337	0.103	1.80669	0	1.32572	4.64052	0	-5.76569	0	0	0	
9.51	0.337	0.103	1.85027	0	1.26613	3.83573	0	-6.31641	0	0	0	
9.52	0.337	0.103	1.88862	0	1.20296	3.83573	0	-6.31641	0	0	0	
9.53	0.337	0.103	1.92698	0	1.1398	3.83573	0	-6.31641	0	0	0	
9.54	0.337	0.103	1.96534	0	1.07664	3.83573	0	-6.31641	0	0	0	
9.55	0.337	0.103	2.00064	0	1.01193	2.96818	0	-6.75522	0	0	0	
9.56	0.337	0.103	2.03032	0	0.944375	2.96818	0	-6.75522	0	0	0	
9.57	0.337	0.103	2.06001	0	0.876823	2.96818	0	-6.75522	0	0	0	
9.58	0.337	0.103	2.08969	0	0.80927	2.96818	0	-6.75522	0	0	0	
9.59	0.337	0.103	2.11615	0	0.740591	2.05335	0	-7.07538	0	0	0	
9.6	0.337	0.103	2.13668	0	0.669837	2.05335	0	-7.07538	0	0	0	
9.61	0.337	0.103	2.15722	0	0.599084	2.05335	0	-7.07538	0	0	0	
9.62	0.337	0.103	2.17775	0	0.52833	2.05335	0	-7.07538	0	0	0	
9.63	0.337	0.103	2.19495	0	0.456883	1.10732	0	-7.2723	0	0	0	
9.64	0.337	0.103	2.20603	0	0.38416	1.10732	0	-7.2723	0	0	0	
9.65	0.337	0.103	2.2171	0	0.311437	1.10732	0	-7.2723	0	0	0	
9.66	0.337	0.103	2.22817	0	0.238714	1.10732	0	-7.2723	0	0	0	
9.67	0.337	0.103	2.23587	0	0.16574	0.14659	0	-7.34352	0	0	0	
9.68	0.337	0.103	2.23733	0	0.0923051	0.14659	0	-7.34352	0	0	0	
9.69	0.337	0.103	2.2388	0	0.0188699	0.14659	0	-7.34352	0	0	0	
9.7	0.337	0.103	2.24026	0	-0.0545653	0.14659	0	-7.34352	0	0	0	
9.71	0.337	0.103	2.23835	0	-0.127808	-0.812309	0	-7.28877	0	0	0	
9.72	0.337	0.103	2.23023	0	-0.200695	-0.812309	0	-7.28877	0	0	0	
9.73	0.337	0.103	2.22211	0	-0.273583	-0.812309	0	-7.28877	0	0	0	
9.74	0.337	0.103	2.21398	0	-0.346471	-0.812309	0	-7.28877	0	0	0	
9.75	0.337	0.103	2.20255	0	-0.418729	-1.75303	0	-7.10992	0	0	0	
9.76	0.337	0.103	2.18502	0	-0.489828	-1.75303	0	-7.10992	0	0	0	
9.77	0.337	0.103	2.16749	0	-0.560927	-1.75303	0	-7.10992	0	0	0	
9.78	0.337	0.103	2.14996	0	-0.632027	-1.75303	0	-7.10992	0	0	0	
9.79	0.337	0.103	2.12924	0	-0.702074	-2.65971	0	-6.81097	0	0	0	
9.8	0.337	0.103	2.10264	0	-0.770183	-2.65971	0	-6.81097	0	0	0	
9.81	0.337	0.103	2.07604	0	-0.838293	-2.65971	0	-6.81097	0	0	0	
9.82	0.337	0.103	2.04945	0	-0.906403	-2.65971	0	-6.81097	0	0	0	
9.83	0.337	0.103	2.01983	0	-0.973058	-3.51722	0	-6.39786	0	0	0	
9.84	0.337	0.103	1.98466	0	-1.03704	-3.51722	0	-6.39786	0	0	0	
9.85	0.337	0.103	1.94949	0	-1.10102	-3.51722	0	-6.39786	0	0	0	
9.86	0.337	0.103	1.91432	0	-1.16499	-3.51722	0	-6.39786	0	0	0	
9.87	0.337	0.103	1.87635	0	-1.22714	-4.31145	0	-5.87843	0	0	0	
9.88	0.337	0.103	1.83323	0	-1.28593	-4.31145	0	-5.87843	0	0	0	
9.89	0.337	0.103	1.79012	0	-1.34471	-4.31145	0	-5.87843	0	0	0	
9.9	0.337	0.103	1.747	0	-1.4035	-4.31145	0	-5.87843	0	0	0	
9.91	0.337	0.103	1.70136	0	-1.46011	-5.02946	0	-5.26223	0	0	0	
9.92	0.337	0.103	1.65107	0	-1.51273	-5.02946	0	-5.26223	0	0	0	
9.93	0.337	0.103	1.60077	0	-1.56536	-5.02946	0	-5.26223	0	0	0	
9.94	0.337	0.103	1.55048	0	-1.61798	-5.02946	0	-5.26223	0	0	0	
9.95	0.337	0.103	1.49797	0	-1.66813	-5.65976	0	-4.56033	0	0	0	
9.96	0.337	0.103	1.44137	0	-1.71373	-5.65976	0	-4.56033	0	0	0	
9.97	0.337	0.103	1.38477	0	-1.75934	-5.65976	0	-4.56033	0	0	0	
9.98	0.337	0.103	1.32817	0	-1.80494	-5.65976	0	-4.56033	0	0	0	
9.99	0.337	0.103	1.2697	0	-1.84782	-6.19243	0	-3.78512	0	0	0	
10	0.337	0.103	1.20778	0	-1.88567	-6.19243	0	-3.78512	0	0	0	
10.01	0.337	0.103	1.14585	0	-1.92352	-6.19243	0	-3.78512	0	0	0	
10.02	0.337	0.103	1.08393	0	-1.96137	-6.19243	0	-3.78512	0	0	0	
10.03	0.337	0.103	1.0205	0	-1.99628	-6.61929	0	-2.9501	0	0	0	
10.04	0.337	0.103	0.954308	0	-2.02578	-6.61929	0	-2.9501	0	0	0	
10.05	0.337	0.103	0.888115	0	-2.05528	-6.61929	0	-2.9501	0	0	0	
10.06	0.337	0.103	0.821923	0	-2.08478	-6.61929	0	-2.9501	0	0	0	
10.07	0.337	0.103	0.754622	0	-2.11119	-6.93401	0	-2.06962	0	0	0	
10.08	0.337	0.103	0.685282	0	-2.13188	-6.93401	0	-2.06962	0	0	0	
10.09	0.337	0.103	0.615942	0	-2.15258	-6.93401	0	-2.06962	0	0	0	
10.1	0.337	0.103	0.546601	0	-2.17328	-6.93401	0	-2.06962	0	0	0	
10.11	0.337	0.103	0.476564	0	-2.19076	-7.13218	0	-1.15862	0	0	0	
10.12	0.337	0.103	0.405242	0	-2.20235	-7.13218	0	-1.15862	0	0	0	
10.13	0.337	0.103	0.33392	0	-2.21394	-7.13218	0	-1.15862	0	0	0	
10.14	0.337	0.103	0.262598	0	-2.22552	-7.13218	0	-1.15862	0	0	0	
10.15	0.337	0.103	0.190998	0	-2.23385	-7.21138	0	-0.23242	0	0	0	
10.16	0.337	0.103	0.118884	0	-2.23617	-7.21138	0	-0.23242	0	0	0	
10.17	0.337	0.103	0.0467701	0	-2.2385	-7.21138	0	-0.23242	0	0	0	
10.18	0.337	0.103	-0.0253436	0	-2.24082	-7.21138	0	-0.23242	0	0	0	
10.19	0.337	0.103	-0.0973158	0	-2.23989	-7.17114	0	0.693574	0	0	0	
10.2	0.337	0.103	-0.169027	0	-2.23295	-7.17114	0	0.693574	0	0	0	
10.21	0.337	0.103	-0.240739	0	-2.22602	-7.17114	0	0.693574	0	0	0	
10.22	0.337	0.103	-0.31245	0	-2.21908	-7.17114	0	0.693574	0	0	0	
10.23	0.337	0.103	-0.383605	0	-2.20894	-7.01302	0	1.60412	0	0	0	
10.24	0.337	0.103	-0.453735	0	-2.1929	-7.01302	0	1.60412	0	0	0	
10.25	0.337	0.103	-0.523865	0	-2.17686	-7.01302	0	1.60412	0	0	0	
10.26	0.337	0.103	-0.593996	0	-2.16082	-7.01302	0	1.60412	0	0	0	
10.27	0.337	0.103	-0.663166	0	-2.14168	-6.74045	0	2.48438	0	0	0	
10.28	0.337	0.103	-0.730571	0	-2.11683	-6.74045	0	2.48438	0	0	0	
10.29	0.337	0.103	-0.797975	0	-2.09199	-6.74045	0	2.48438	0	0	0	
10.3	0.337	0.103	-0.86538	0	-2.06714	-6.74045	0	2.48438	0	0	0	
10.31	0.337	0.103	-0.93144	0	-2.03936	-6.35872	0	3.32017	0	0	0	
10.32	0.337	0.103	-0.995028	0	-2.00616	-6.35872	0	3.32017	0	0	0	
10.33	0.337	0.103	-1.05861	0	-1.97296	-6.35872	0	3.32017	0	0	0	
10.34	0.337	0.103	-1.1222	0	-1.93975	-6.35872	0	3.32017	0	0	0	
10.35	0.337	0.103	-1.18409	0	-1.90381	-5.87484	0	4.09816	0	0	0	
10.36	0.337	0.103	-1.24283	0	-1.86283	-5.87484	0	4.09816	0	0	0	
10.37	0.337	0.103	-1.30158	0	-1.82185	-5.87484	0	4.09816	0	0	0	
10.38	0.337	0.103	-1.36033	0	-1.78087	-5.87484	0	4.09816	0	0	0	
10.39	0.337	0.103	-1.41705	0	-1.73739	-5.29744	0	4.8061	0	0	0	
10.4	0.337	0.103	-1.47002	0	-1.68933	-5.29744	0	4.8061	0	0	0	
10.41	0.337	0.103	-1.523	0	-1.64127	-5.29744	0	4.8061	0	0	0	
10.42	0.337	0.103	-1.57597	0	-1.59321	-5.29744	0	4.8061	0	0	0	
10.43	0.337	0.103	-1.62662	0	-1.54294	-4.63653	0	5.433	0	0	0	
10.44	0.337	0.103	-1.67298	0	-1.48861	-4.63653	0	5.433	0	0	0	
10.45	0.337	0.103	-1.71935	0	-1.43428	-4.63653	0	5.433	0	0	0	
10.46	0.337	0.103	-1.76571	0	-1.37995	-4.63653	0	5.433	0	0	0	
10.47	0.337	0.103	-1.8095	0	-1.32374	-3.90342	0	5.96931	0	0	0	
10.48	0.337	0.103	-1.84853	0	-1.26404	-3.90342	0	5.96931	0	0	0	
10.49	0.337	0.103	-1.88757	0	-1.20435	-3.90342	0	5.96931	0	0	0	
10.5	0.337	0.103	-1.9266	0	-1.14466	-3.90342	0	5.96931	0	0	0	
10.51	0.337	0.103	-1.96284	0	-1.08342	-3.11045	0	6.407	0	0	0	
10.52	0.337	0.103	-1.99395	0	-1.01935	-3.11045	0	6.407	0	0	0	
10.53	0.337	0.103	-2.02505	0	-0.955283	-3.11045	0	6.407	0	0	0	
10.54	0.337	0.103	-2.05616	0	-0.891213	-3.11045	0	6.407	0	0	0	
10.55	0.337	0.103	-2.08431	0	-0.825972	-2.2708	0	6.73974	0	0	0	
10.56	0.337	0.103	-2.10701	0	-0.758574	-2.2708	0	6.73974	0	0	0	
10.57	0.337	0.103	-2.12972	0	-0.691177	-2.2708	0	6.73974	0	0	0	
10.58	0.337	0.103	-2.15243	0	-0.62378	-2.2708	0	6.73974	0	0	0	
10.59	0.337	0.103	-2.17207	0	-0.555597	-1.39828	0	6.96292	0	0	0	
10.6	0.337	0.103	-2.18605	0	-0.485967	-1.39828	0	6.96292	0	0	0	
10.61	0.337	0.103	-2.20003	0	-0.416338	-1.39828	0	6.96292	0	0	0	
10.62	0.337	0.103	-2.21402	0	-0.346709	-1.39828	0	6.96292	0	0	0	
10.63	0.337	0.103	-2.22486	0	-0.276689	-0.507067	0	7.07376	0	0	0	
10.64	0.337	0.103	-2.22993	0	-0.205952	-0.507067	0	7.07376	0	0	0	
10.65	0.337	0.103	-2.235	0	-0.135214	-0.507067	0	7.07376	0	0	0	
10.66	0.337	0.103	-2.24007	0	-0.0644768	-0.507067	0	7.07376	0	0	0	
10.67	0.337	0.103	-2.24199	0	0.00625203	0.388474	0	7.07126	0	0	0	
10.68	0.337	0.103	-2.23811	0	0.0769646	0.388474	0	7.07126	0	0	0	
10.69	0.337	0.103	-2.23422	0	0.147677	0.388474	0	7.07126	0	0	0	
10.7	0.337	0.103	-2.23034	0	0.21839	0.388474	0	7.07126	0	0	0	
10.71	0.337	0.103	-2.22333	0	0.288698	1.27407	0	6.95627	0	0	0	
10.72	0.337	0.103	-2.21059	0	0.35826	1.27407	0	6.95627	0	0	0	
10.73	0.337	0.103	-2.19785	0	0.427823	1.27407	0	6.95627	0	0	0	
10.74	0.337	0.103	-2.18511	0	0.497386	1.27407	0	6.95627	0	0	0	
10.75	0.337	0.103	-2.16934	0	0.566157	2.13574	0	6.73139	0	0	0	
10.76	0.337	0.103	-2.14798	0	0.633471	2.13574	0	6.73139	0	0	0	
10.77	0.337	0.103	-2.12662	0	0.700784	2.13574	0	6.73139	0	0	0	
10.78	0.337	0.103	-2.10527	0	0.768098	2.13574	0	6.73139	0	0	0	
10.79	0.337	0.103	-2.08101	0	0.834249	2.96001	0	6.40095	0	0	0	
10.8	0.337	0.103	-2.05141	0	0.898258	2.96001	0	6.40095	0	0	0	
10.81	0.337	0.103	-2.02181	0	0.962268	2.96001	0	6.40095	0	0	0	
10.82	0.337	0.103	-1.99221	0	1.02628	2.96001	0	6.40095	0	0	0	
10.83	0.337	0.103	-1.95988	0	1.08877	3.73414	0	5.97089	0	0	0	
10.84	0.337	0.103	-1.92254	0	1.14848	3.73414	0	5.97089	0	0	0	
10.85	0.337	0.103	-1.8852	0	1.20819	3.73414	0	5.97089	0	0	0	
10.86	0.337	0.103	-1.84786	0	1.2679	3.73414	0	5.97089	0	0	0	
10.87	0.337	0.103	-1.80801	0	1.32577	4.44631	0	5.44868	0	0	0	
10.88	0.337	0.103	-1.76355	0	1.38026	4.44631	0	5.44868	0	0	0	
10.89	0.337	0.103	-1.71908	0	1.43474	4.44631	0	5.44868	0	0	0	
10.9	0.337	0.103	-1.67462	0	1.48923	4.44631	0	5.44868	0	0	0	
10.91	0.337	0.103	-1.62791	0	1.54159	5.08575	0	4.84314	0	0	0	
10.92	0.337	0.103	-1.57705	0	1.59002	5.08575	0	4.84314	0	0	0	
10.93	0.337	0.103	-1.52619	0	1.63845	5.08575	0	4.84314	0	0	0	
10.94	0.337	0.103	-1.47533	0	1.68688	5.08575	0	4.84314	0	0	0	
10.95	0.337	0.103	-1.42251	0	1.73292	5.64298	0	4.16433	0	0	0	
10.96	0.337	0.103	-1.36608	0	1.77456	5.64298	0	4.16433	0	0	0	
10.97	0.337	0.103	-1.30965	0	1.81621	5.64298	0	4.16433	0	0	0	
10.98	0.337	0.103	-1.25322	0	1.85785	5.64298	0	4.16433	0	0	0	
10.99	0.337	0.103	-1.19515	0	1.89689	6.10985	0	3.42333	0	0	0	
11	0.337	0.103	-1.13405	0	1.93112	6.10985	0	3.42333	0	0	0	
11.01	0.337	0.103	-1.07295	0	1.96535	6.10985	0	3.42333	0	0	0	
11.02	0.337	0.103	-1.01186	0	1.99959	6.10985	0	3.42333	0	0	0	
11.03	0.337	0.103	-0.949455	0	2.03103	6.47972	0	2.63211	0	0	0	
11.04	0.337	0.103	-0.884658	0	2.05735	6.47972	0	2.63211	0	0	0	
11.05	0.337	0.103	-0.819861	0	2.08368	6.47972	0	2.63211	0	0	0	
11.06	0.337	0.103	-0.755064	0	2.11	6.47972	0	2.63211	0	0	0	
11.07	0.337	0.103	-0.689324	0	2.1334	6.74752	0	1.80329	0	0	0	
11.08	0.337	0.103	-0.621849	0	2.15143	6.74752	0	1.80329	0	0	0	
11.09	0.337	0.103	-0.554373	0	2.16947	6.74752	0	1.80329	0	0	0	
11.1	0.337	0.103	-0.486898	0	2.1875	6.74752	0	1.80329	0	0	0	
11.11	0.337	0.103	-0.418851	0	2.20253	6.9098	0	0.949944	0	0	0	
11.12	0.337	0.103	-0.349753	0	2.21203	6.9098	0	0.949944	0	0	0	
11.13	0.337	0.103	-0.280655	0	2.22153	6.9098	0	0.949944	0	0	0	
11.14	0.337	0.103	-0.211557	0	2.23103	6.9098	0	0.949944	0	0	0	
11.15	0.337	0.103	-0.142266	0	2.23748	6.96477	0	0.0854224	0	0	0	
11.16	0.337	0.103	-0.0726181	0	2.23834	6.96477	0	0.0854224	0	0	0	
11.17	0.337	0.103	-0.00297038	0	2.23919	6.96477	0	0.0854224	0	0	0	
11.18	0.337	0.103	0.0666773	0	2.24004	6.96477	0	0.0854224	0	0	0	
11.19	0.337	0.103	0.13614	0	2.23786	6.91231	0	-0.776898	0	0	0	
11.2	0.337	0.103	0.205263	0	2.23009	6.91231	0	-0.776898	0	0	0	
11.21	0.337	0.103	0.274387	0	2.22232	6.91231	0	-0.776898	0	0	0	
11.22	0.337	0.103	0.34351	0	2.21456	6.91231	0	-0.776898	0	0	0	
11.23	0.337	0.103	0.412075	0	2.20381	6.75396	0	-1.62379	0	0	0	
11.24	0.337	0.103	0.479615	0	2.18757	6.75396	0	-1.62379	0	0	0	
11.25	0.337	0.103	0.547155	0	2.17133	6.75396	0	-1.62379	0	0	0	
11.26	0.337	0.103	0.614694	0	2.15509	6.75396	0	-1.62379	0	0	0	
11.27	0.337	0.103	0.681314	0	2.13597	6.49284	0	-2.4424	0	0	0	
11.28	0.337	0.103	0.746243	0	2.11155	6.49284	0	-2.4424	0	0	0	
11.29	0.337	0.103	0.811171	0	2.08712	6.49284	0	-2.4424	0	0	0	
11.3	0.337	0.103	0.8761	0	2.0627	6.49284	0	-2.4424	0	0	0	
11.31	0.337	0.103	0.939764	0	2.03554	6.13365	0	-3.22042	0	0	0	
11.32	0.337	0.103	1.0011	0	2.00333	6.13365	0	-3.22042	0	0	0	
11.33	0.337	0.103	1.06244	0	1.97113	6.13365	0	-3.22042	0	0	0	
11.34	0.337	0.103	1.12377	0	1.93892	6.13365	0	-3.22042	0	0	0	
11.35	0.337	0.103	1.18352	0	1.90416	5.68251	0	-3.94627	0	0	0	
11.36	0.337	0.103	1.24035	0	1.8647	5.68251	0	-3.94627	0	0	0	
11.37	0.337	0.103	1.29717	0	1.82524	5.68251	0	-3.94627	0	0	0	
11.38	0.337	0.103	1.354	0	1.78578	5.68251	0	-3.94627	0	0	0	
11.39	0.337	0.103	1.40894	0	1.74398	5.14687	0	-4.60927	0	0	0	
11.4	0.337	0.103	1.4604	0	1.69789	5.14687	0	-4.60927	0	0	0	
11.41	0.337	0.103	1.51187	0	1.65179	5.14687	0	-4.60927	0	0	0	
11.42	0.337	0.103	1.56334	0	1.6057	5.14687	0	-4.60927	0	0	0	
11.43	0.337	0.103	1.61266	0	1.55753	4.53543	0	-5.19981	0	0	0	
11.44	0.337	0.103	1.65801	0	1.50553	4.53543	0	-5.19981	0	0	0	
11.45	0.337	0.103	1.70337	0	1.45353	4.53543	0	-5.19981	0	0	0	
11.46	0.337	0.103	1.74872	0	1.40154	4.53543	0	-5.19981	0	0	0	
11.47	0.337	0.103	1.79169	0	1.34774	3.85792	0	-5.70944	0	0	0	
11.48	0.337	0.103	1.83027	0	1.29065	3.85792	0	-5.70944	0	0	0	
11.49	0.337	0.103	1.86885	0	1.23355	3.85792	0	-5.70944	0	0	0	
11.5	0.337	0.103	1.90743	0	1.17646	3.85792	0	-5.70944	0	0	0	
11.51	0.337	0.103	1.94343	0	1.11788	3.12499	0	-6.13104	0	0	0	
11.52	0.337	0.103	1.97468	0	1.05657	3.12499	0	-6.13104	0	0	0	
11.53	0.337	0.103	2.00593	0	0.99526	3.12499	0	-6.13104	0	0	0	
11.54	0.337	0.103	2.03718	0	0.93395	3.12499	0	-6.13104	0	0	0	
11.55	0.337	0.103	2.06569	0	0.871485	2.34801	0	-6.45883	0	0	0	
11.56	0.337	0.103	2.08917	0	0.806897	2.34801	0	-6.45883	0	0	0	
11.57	0.337	0.103	2.11265	0	0.742309	2.34801	0	-6.45883	0	0	0	
11.58	0.337	0.103	2.13613	0	0.67772	2.34801	0	-6.45883	0	0	0	
11.59	0.337	0.103	2.15676	0	0.612323	1.53893	0	-6.68854	0	0	0	
11.6	0.337	0.103	2.17215	0	0.545438	1.53893	0	-6.68854	0	0	0	
11.61	0.337	0.103	2.18754	0	0.478553	1.53893	0	-6.68854	0	0	0	
11.62	0.337	0.103	2.20293	0	0.411667	1.53893	0	-6.68854	0	0	0	
11.63	0.337	0.103	2.2154	0	0.344328	0.710035	0	-6.81737	0	0	0	
11.64	0.337	0.103	2.2225	0	0.276155	0.710035	0	-6.81737	0	0	0	
11.65	0.337	0.103	2.2296	0	0.207981	0.710035	0	-6.81737	0	0	0	
11.66	0.337	0.103	2.2367	0	0.139807	0.710035	0	-6.81737	0	0	0	
11.67	0.337	0.103	2.24086	0	0.0715396	-0.126175	0	-6.84406	0	0	0	
11.68	0.337	0.103	2.2396	0	0.00309899	-0.126175	0	-6.84406	0	0	0	
11.69	0.337	0.103	2.23833	0	-0.0653417	-0.126175	0	-6.84406	0	0	0	
11.7	0.337	0.103	2.23707	0	-0.133782	-0.126175	0	-6.84406	0	0	0	
11.71	0.337	0.103	2.23289	0	-0.201958	-0.957224	0	-6.7689	0	0	0	
11.72	0.337	0.103	2.22331	0	-0.269647	-0.957224	0	-6.7689	0	0	0	
11.73	0.337	0.103	2.21374	0	-0.337336	-0.957224	0	-6.7689	0	0	0	
11.74	0.337	0.103	2.20417	0	-0.405025	-0.957224	0	-6.7689	0	0	0	
11.75	0.337	0.103	2.19173	0	-0.472097	-1.77082	0	-6.59365	0	0	0	
11.76	0.337	0.103	2.17402	0	-0.538034	-1.77082	0	-6.59365	0	0	0	
11.77	0.337	0.103	2.15632	0	-0.60397	-1.77082	0	-6.59365	0	0	0	
11.78	0.337	0.103	2.13861	0	-0.669907	-1.77082	0	-6.59365	0	0	0	
11.79	0.337	0.103	2.11814	0	-0.734885	-2.55504	0	-6.32156	0	0	0	
11.8	0.337	0.103	2.09259	0	-0.798101	-2.55504	0	-6.32156	0	0	0	
11.81	0.337	0.103	2.06704	0	-0.861316	-2.55504	0	-6.32156	0	0	0	
11.82	0.337	0.103	2.04149	0	-0.924532	-2.55504	0	-6.32156	0	0	0	
11.83	0.337	0.103	2.01332	0	-0.986465	-3.29852	0	-5.95728	0	0	0	
11.84	0.337	0.103	1.98033	0	-1.04604	-3.29852	0	-5.95728	0	0	0	
11.85	0.337	0.103	1.94735	0	-1.10561	-3.29852	0	-5.95728	0	0	0	
11.86	0.337	0.103	1.91436	0	-1.16518	-3.29852	0	-5.95728	0	0	0	
11.87	0.337	0.103	1.87894	0	-1.22317	-3.99057	0	-5.50677	0	0	0	
11.88	0.337	0.103	1.83904	0	-1.27824	-3.99057	0	-5.50677	0	0	0	
11.89	0.337	0.103	1.79913	0	-1.33331	-3.99057	0	-5.50677	0	0	0	
11.9	0.337	0.103	1.75922	0	-1.38837	-3.99057	0	-5.50677	0	0	0	
11.91	0.337	0.103	1.7171	0	-1.44158	-4.62137	0	-4.97718	0	0	0	
11.92	0.337	0.103	1.67088	0	-1.49135	-4.62137	0	-4.97718	0	0	0	
11.93	0.337	0.103	1.62467	0	-1.54112	-4.62137	0	-4.97718	0	0	0	
11.94	0.337	0.103	1.57846	0	-1.59089	-4.62137	0	-4.97718	0	0	0	
11.95	0.337	0.103	1.53027	0	-1.63855	-5.18209	0	-4.37679	0	0	0	
11.96	0.337	0.103	1.47845	0	-1.68232	-5.18209	0	-4.37679	0	0	0	
11.97	0.337	0.103	1.42663	0	-1.72609	-5.18209	0	-4.37679	0	0	0	
11.98	0.337	0.103	1.37481	0	-1.76985	-5.18209	0	-4.37679	0	0	0	
11.99	0.337	0.103	1.32128	0	-1.81129	-5.66498	0	-3.71481	0	0	0	
12	0.337	0.103	1.26463	0	-1.84844	-5.66498	0	-3.71481	0	0	0	
12.01	0.337	0.103	1.20798	0	-1.88559	-5.66498	0	-3.71481	0	0	0	
12.02	0.337	0.103	1.15133	0	-1.92273	-5.66498	0	-3.71481	0	0	0	
12.03	0.337	0.103	1.09328	0	-1.95737	-6.06352	0	-3.00129	0	0	0	
12.04	0.337	0.103	1.03265	0	-1.98738	-6.06352	0	-3.00129	0	0	0	
12.05	0.337	0.103	0.972011	0	-2.0174	-6.06352	0	-3.00129	0	0	0	
12.06	0.337	0.103	0.911376	0	-2.04741	-6.06352	0	-3.00129	0	0	0	
12.07	0.337	0.103	0.849653	0	-2.07477	-6.37245	0	-2.24691	0	0	0	
12.08	0.337	0.103	0.785929	0	-2.09723	-6.37245	0	-2.24691	0	0	0	
12.09	0.337	0.103	0.722204	0	-2.1197	-6.37245	0	-2.24691	0	0	0	
12.1	0.337	0.103	0.65848	0	-2.14217	-6.37245	0	-2.24691	0	0	0	
12.11	0.337	0.103	0.593997	0	-2.16188	-6.58787	0	-1.46286	0	0	0	
12.12	0.337	0.103	0.528118	0	-2.17651	-6.58787	0	-1.46286	0	0	0	
12.13	0.337	0.103	0.462239	0	-2.19114	-6.58787	0	-1.46286	0	0	0	
12.14	0.337	0.103	0.396361	0	-2.20577	-6.58787	0	-1.46286	0	0	0	
12.15	0.337	0.103	0.330061	0	-2.21757	-6.70727	0	-0.660673	0	0	0	
12.16	0.337	0.103	0.262989	0	-2.22418	-6.70727	0	-0.660673	0	0	0	
12.17	0.337	0.103	0.195916	0	-2.23078	-6.70727	0	-0.660673	0	0	0	
12.18	0.337	0.103	0.128843	0	-2.23739	-6.70727	0	-0.660673	0	0	0	
12.19	0.337	0.103	0.0616923	0	-2.24115	-6.72953	0	0.147985	0	0	0	
12.2	0.337	0.103	-0.00560296	0	-2.23967	-6.72953	0	0.147985	0	0	0	
12.21	0.337	0.103	-0.0728983	0	-2.23819	-6.72953	0	0.147985	0	0	0	
12.22	0.337	0.103	-0.140194	0	-2.23671	-6.72953	0	0.147985	0	0	0	
12.23	0.337	0.103	-0.207226	0	-2.2324	-6.65495	0	0.951442	0	0	0	
12.24	0.337	0.103	-0.273776	0	-2.22289	-6.65495	0	0.951442	0	0	0	
12.25	0.337	0.103	-0.340325	0	-2.21337	-6.65495	0	0.951442	0	0	0	
12.26	0.337	0.103	-0.406875	0	-2.20386	-6.65495	0	0.951442	0	0	0	
12.27	0.337	0.103	-0.472826	0	-2.19157	-6.4852	0	1.73821	0	0	0	
12.28	0.337	0.103	-0.537678	0	-2.17419	-6.4852	0	1.73821	0	0	0	
12.29	0.337	0.103	-0.60253	0	-2.15681	-6.4852	0	1.73821	0	0	0	
12.3	0.337	0.103	-0.667383	0	-2.13943	-6.4852	0	1.73821	0	0	0	
12.31	0.337	0.103	-0.731312	0	-2.11937	-6.22333	0	2.49713	0	0	0	
12.32	0.337	0.103	-0.793546	0	-2.0944	-6.22333	0	2.49713	0	0	0	
12.33	0.337	0.103	-0.855779	0	-2.06943	-6.22333	0	2.49713	0	0	0	
12.34	0.337	0.103	-0.918012	0	-2.04446	-6.22333	0	2.49713	0	0	0	
12.35	0.337	0.103	-0.979014	0	-2.01695	-5.87364	0	3.21756	0	0	0	
12.36	0.337	0.103	-1.03775	0	-1.98478	-5.87364	0	3.21756	0	0	0	
12.37	0.337	0.103	-1.09649	0	-1.9526	-5.87364	0	3.21756	0	0	0	
12.38	0.337	0.103	-1.15522	0	-1.92043	-5.87364	0	3.21756	0	0	0	
12.39	0.337	0.103	-1.21244	0	-1.88588	-5.44166	0	3.88948	0	0	0	
12.4	0.337	0.103	-1.26686	0	-1.84699	-5.44166	0	3.88948	0	0	0	
12.41	0.337	0.103	-1.32127	0	-1.80809	-5.44166	0	3.88948	0	0	0	
12.42	0.337	0.103	-1.37569	0	-1.7692	-5.44166	0	3.88948	0	0	0	
12.43	0.337	0.103	-1.42832	0	-1.72814	-4.93404	0	4.50366	0	0	0	
12.44	0.337	0.103	-1.47766	0	-1.6831	-4.93404	0	4.50366	0	0	0	
12.45	0.337	0.103	-1.527	0	-1.63807	-4.93404	0	4.50366	0	0	0	
12.46	0.337	0.103	-1.57634	0	-1.59303	-4.93404	0	4.50366	0	0	0	
12.47	0.337	0.103	-1.62365	0	-1.54607	-4.35844	0	5.05175	0	0	0	
12.48	0.337	0.103	-1.66724	0	-1.49555	-4.35844	0	5.05175	0	0	0	
12.49	0.337	0.103	-1.71082	0	-1.44503	-4.35844	0	5.05175	0	0	0	
12.5	0.337	0.103	-1.75441	0	-1.39451	-4.35844	0	5.05175	0	0	0	
12.51	0.337	0.103	-1.79575	0	-1.34232	-3.72342	0	5.52643	0	0	0	
12.52	0.337	0.103	-1.83299	0	-1.28706	-3.72342	0	5.52643	0	0	0	
12.53	0.337	0.103	-1.87022	0	-1.23179	-3.72342	0	5.52643	0	0	0	
12.54	0.337	0.103	-1.90746	0	-1.17653	-3.72342	0	5.52643	0	0	0	
12.55	0.337	0.103	-1.94228	0	-1.11988	-3.03829	0	5.92146	0	0	0	
12.56	0.337	0.103	-1.97266	0	-1.06066	-3.03829	0	5.92146	0	0	0	
12.57	0.337	0.103	-2.00304	0	-1.00145	-3.03829	0	5.92146	0	0	0	
12.58	0.337	0.103	-2.03343	0	-0.942231	-3.03829	0	5.92146	0	0	0	
12.59	0.337	0.103	-2.06126	0	-0.881924	-2.31299	0	6.23178	0	0	0	
12.6	0.337	0.103	-2.08439	0	-0.819606	-2.31299	0	6.23178	0	0	0	
12.61	0.337	0.103	-2.10752	0	-0.757288	-2.31299	0	6.23178	0	0	0	
12.62	0.337	0.103	-2.13065	0	-0.69497	-2.31299	0	6.23178	0	0	0	
12.63	0.337	0.103	-2.15112	0	-0.631872	-1.55796	0	6.45357	0	0	0	
12.64	0.337	0.103	-2.1667	0	-0.567336	-1.55796	0	6.45357	0	0	0	
12.65	0.337	0.103	-2.18228	0	-0.5028	-1.55796	0	6.45357	0	0	0	
12.66	0.337	0.103	-2.19786	0	-0.438265	-1.55796	0	6.45357	0	0	0	
12.67	0.337	0.103	-2.21071	0	-0.373269	-0.783915	0	6.58426	0	0	0	
12.68	0.337	0.103	-2.21855	0	-0.307426	-0.783915	0	6.58426	0	0	0	
12.69	0.337	0.103	-2.22639	0	-0.241583	-0.783915	0	6.58426	0	0	0	
12.7	0.337	0.103	-2.23423	0	-0.175741	-0.783915	0	6.58426	0	0	0	
12.71	0.337	0.103	-2.23931	0	-0.109763	-0.00179146	0	6.6226	0	0	0	
12.72	0.337	0.103	-2.23933	0	-0.0435371	-0.00179146	0	6.6226	0	0	0	
12.73	0.337	0.103	-2.23935	0	0.022689	-0.00179146	0	6.6226	0	0	0	
12.74	0.337	0.103	-2.23937	0	0.088915	-0.00179146	0	6.6226	0	0	0	
12.75	0.337	0.103	-2.23664	0	0.154951	0.77748	0	6.56861	0	0	0	
12.76	0.337	0.103	-2.22886	0	0.220637	0.77748	0	6.56861	0	0	0	
12.77	0.337	0.103	-2.22109	0	0.286323	0.77748	0	6.56861	0	0	0	
12.78	0.337	0.103	-2.21331	0	0.352009	0.77748	0	6.56861	0	0	0	
12.79	0.337	0.103	-2.20284	0	0.417185	1.5431	0	6.42362	0	0	0	
12.8	0.337	0.103	-2.18741	0	0.481421	1.5431	0	6.42362	0	0	0	
12.81	0.337	0.103	-2.17198	0	0.545657	1.5431	0	6.42362	0	0	0	
12.82	0.337	0.103	-2.15655	0	0.609893	1.5431	0	6.42362	0	0	0	
12.83	0.337	0.103	-2.13851	0	0.673307	2.28453	0	6.19018	0	0	0	
12.84	0.337	0.103	-2.11566	0	0.735209	2.28453	0	6.19018	0	0	0	
12.85	0.337	0.103	-2.09282	0	0.797111	2.28453	0	6.19018	0	0	0	
12.86	0.337	0.103	-2.06997	0	0.859013	2.28453	0	6.19018	0	0	0	
12.87	0.337	0.103	-2.04464	0	0.919794	2.9917	0	5.87205	0	0	0	
12.88	0.337	0.103	-2.01472	0	0.978515	2.9917	0	5.87205	0	0	0	
12.89	0.337	0.103	-1.9848	0	1.03724	2.9917	0	5.87205	0	0	0	
12.9	0.337	0.103	-1.95489	0	1.09596	2.9917	0	5.87205	0	0	0	
12.91	0.337	0.103	-1.92263	0	1.15328	3.65505	0	5.47415	0	0	0	
12.92	0.337	0.103	-1.88608	0	1.20802	3.65505	0	5.47415	0	0	0	
12.93	0.337	0.103	-1.84953	0	1.26276	3.65505	0	5.47415	0	0	0	
12.94	0.337	0.103	-1.81298	0	1.3175	3.65505	0	5.47415	0	0	0	
12.95	0.337	0.103	-1.77428	0	1.37058	4.26572	0	5.00242	0	0	0	
12.96	0.337	0.103	-1.73162	0	1.4206	4.26572	0	5.00242	0	0	0	
12.97	0.337	0.103	-1.68897	0	1.47063	4.26572	0	5.00242	0	0	0	
12.98	0.337	0.103	-1.64631	0	1.52065	4.26572	0	5.00242	0	0	0	
12.99	0.337	0.103	-1.60172	0	1.56878	4.81567	0	4.46378	0	0	0	
13	0.337	0.103	-1.55356	0	1.61342	4.81567	0	4.46378	0	0	0	
13.01	0.337	0.103	-1.5054	0	1.65806	4.81567	0	4.46378	0	0	0	
13.02	0.337	0.103	-1.45725	0	1.70269	4.81567	0	4.46378	0	0	0	
13.03	0.337	0.103	-1.40739	0	1.74523	5.29773	0	3.866	0	0	0	
13.04	0.337	0.103	-1.35441	0	1.78389	5.29773	0	3.866	0	0	0	
13.05	0.337	0.103	-1.30144	0	1.82255	5.29773	0	3.866	0	0	0	
13.06	0.337	0.103	-1.24846	0	1.86121	5.29773	0	3.866	0	0	0	
13.07	0.337	0.103	-1.19404	0	1.89758	5.70573	0	3.21761	0	0	0	
13.08	0.337	0.103	-1.13699	0	1.92976	5.70573	0	3.21761	0	0	0	
13.09	0.337	0.103	-1.07993	0	1.96193	5.70573	0	3.21761	0	0	0	
13.1	0.337	0.103	-1.02287	0	1.99411	5.70573	0	3.21761	0	0	0	
13.11	0.337	0.103	-0.964658	0	2.02386	6.03456	0	2.52773	0	0	0	
13.12	0.337	0.103	-0.904312	0	2.04913	6.03456	0	2.52773	0	0	0	
13.13	0.337	0.103	-0.843966	0	2.07441	6.03456	0	2.52773	0	0	0	
13.14	0.337	0.103	-0.783621	0	2.09969	6.03456	0	2.52773	0	0	0	
13.15	0.337	0.103	-0.72241	0	2.12242	6.28022	0	1.80598	0	0	0	
13.16	0.337	0.103	-0.659608	0	2.14048	6.28022	0	1.80598	0	0	0	
13.17	0.337	0.103	-0.596806	0	2.15854	6.28022	0	1.80598	0	0	0	
13.18	0.337	0.103	-0.534003	0	2.1766	6.28022	0	1.80598	0	0	0	
13.19	0.337	0.103	-0.470639	0	2.19205	6.43988	0	1.06234	0	0	0	
13.2	0.337	0.103	-0.40624	0	2.20267	6.43988	0	1.06234	0	0	0	
13.21	0.337	0.103	-0.341841	0	2.21329	6.43988	0	1.06234	0	0	0	
13.22	0.337	0.103	-0.277442	0	2.22392	6.43988	0	1.06234	0	0	0	
13.23	0.337	0.103	-0.21279	0	2.23188	6.5119	0	0.307002	0	0	0	
13.24	0.337	0.103	-0.147671	0	2.23495	6.5119	0	0.307002	0	0	0	
13.25	0.337	0.103	-0.0825521	0	2.23802	6.5119	0	0.307002	0	0	0	
13.26	0.337	0.103	-0.0174331	0	2.24109	6.5119	0	0.307002	0	0	0	
13.27	0.337	0.103	0.0476292	0	2.24149	6.49582	0	-0.449789	0	0	0	
13.28	0.337	0.103	0.112587	0	2.237	6.49582	0	-0.449789	0	0	0	
13.29	0.337	0.103	0.177546	0	2.2325	6.49582	0	-0.449789	0	0	0	
13.3	0.337	0.103	0.242504	0	2.228	6.49582	0	-0.449789	0	0	0	
13.31	0.337	0.103	0.307098	0	2.22087	6.39238	0	-1.19783	0	0	0	
13.32	0.337	0.103	0.371021	0	2.20889	6.39238	0	-1.19783	0	0	0	
13.33	0.337	0.103	0.434945	0	2.19691	6.39238	0	-1.19783	0	0	0	
13.34	0.337	0.103	0.498869	0	2.18493	6.39238	0	-1.19783	0	0	0	
13.35	0.337	0.103	0.562128	0	2.17039	6.20349	0	-1.92714	0	0	0	
13.36	0.337	0.103	0.624162	0	2.15111	6.20349	0	-1.92714	0	0	0	
13.37	0.337	0.103	0.686197	0	2.13184	6.20349	0	-1.92714	0	0	0	
13.38	0.337	0.103	0.748232	0	2.11257	6.20349	0	-1.92714	0	0	0	
13.39	0.337	0.103	0.809312	0	2.09083	5.93218	0	-2.62806	0	0	0	
13.4	0.337	0.103	0.868633	0	2.06455	5.93218	0	-2.62806	0	0	0	
13.41	0.337	0.103	0.927955	0	2.03827	5.93218	0	-2.62806	0	0	0	
13.42	0.337	0.103	0.987277	0	2.01199	5.93218	0	-2.62806	0	0	0	
13.43	0.337	0.103	1.04537	0	1.98337	5.58256	0	-3.29139	0	0	0	
13.44	0.337	0.103	1.10119	0	1.95046	5.58256	0	-3.29139	0	0	0	
13.45	0.337	0.103	1.15702	0	1.91755	5.58256	0	-3.29139	0	0	0	
13.46	0.337	0.103	1.21284	0	1.88463	5.58256	0	-3.29139	0	0	0	
13.47	0.337	0.103	1.26718	0	1.84954	5.15976	0	-3.9085	0	0	0	
13.48	0.337	0.103	1.31878	0	1.81046	5.15976	0	-3.9085	0	0	0	
13.49	0.337	0.103	1.37038	0	1.77137	5.15976	0	-3.9085	0	0	0	
13.5	0.337	0.103	1.42197	0	1.73229	5.15976	0	-3.9085	0	0	0	
13.51	0.337	0.103	1.47185	0	1.69122	4.66982	0	-4.47146	0	0	0	
13.52	0.337	0.103	1.51854	0	1.64651	4.66982	0	-4.47146	0	0	0	
13.53	0.337	0.103	1.56524	0	1.60179	4.66982	0	-4.47146	0	0	0	
13.54	0.337	0.103	1.61194	0	1.55708	4.66982	0	-4.47146	0	0	0	
13.55	0.337	0.103	1.6567	0	1.5106	4.11965	0	-4.97312	0	0	0	
13.56	0.337	0.103	1.6979	0	1.46087	4.11965	0	-4.97312	0	0	0	
13.57	0.337	0.103	1.73909	0	1.41113	4.11965	0	-4.97312	0	0	0	
13.58	0.337	0.103	1.78029	0	1.3614	4.11965	0	-4.97312	0	0	0	
13.59	0.337	0.103	1.81936	0	1.31014	3.51686	0	-5.40719	0	0	0	
13.6	0.337	0.103	1.85453	0	1.25607	3.51686	0	-5.40719	0	0	0	
13.61	0.337	0.103	1.8897	0	1.202	3.51686	0	-5.40719	0	0	0	
13.62	0.337	0.103	1.92487	0	1.14793	3.51686	0	-5.40719	0	0	0	
13.63	0.337	0.103	1.95776	0	1.09258	2.86973	0	-5.76834	0	0	0	
13.64	0.337	0.103	1.98646	0	1.0349	2.86973	0	-5.76834	0	0	0	
13.65	0.337	0.103	2.01515	0	0.977218	2.86973	0	-5.76834	0	0	0	
13.66	0.337	0.103	2.04385	0	0.919534	2.86973	0	-5.76834	0	0	0	
13.67	0.337	0.103	2.07014	0	0.860851	2.18705	0	-6.05223	0	0	0	
13.68	0.337	0.103	2.09202	0	0.800329	2.18705	0	-6.05223	0	0	0	
13.69	0.337	0.103	2.11389	0	0.739806	2.18705	0	-6.05223	0	0	0	
13.7	0.337	0.103	2.13576	0	0.679284	2.18705	0	-6.05223	0	0	0	
13.71	0.337	0.103	2.15513	0	0.618046	1.47799	0	-6.25557	0	0	0	
13.72	0.337	0.103	2.16991	0	0.55549	1.47799	0	-6.25557	0	0	0	
13.73	0.337	0.103	2.18469	0	0.492934	1.47799	0	-6.25557	0	0	0	
13.74	0.337	0.103	2.19947	0	0.430379	1.47799	0	-6.25557	0	0	0	
13.75	0.337	0.103	2.21169	0	0.367398	0.752001	0	-6.37617	0	0	0	
13.76	0.337	0.103	2.21921	0	0.303637	0.752001	0	-6.37617	0	0	0	
13.77	0.337	0.103	2.22673	0	0.239875	0.752001	0	-6.37617	0	0	0	
13.78	0.337	0.103	2.23425	0	0.176113	0.752001	0	-6.37617	0	0	0	
13.79	0.337	0.103	2.23919	0	0.112222	0.0186866	0	-6.41292	0	0	0	
13.8	0.337	0.103	2.23938	0	0.0480929	0.0186866	0	-6.41292	0	0	0	
13.81	0.337	0.103	2.23956	0	-0.0160363	0.0186866	0	-6.41292	0	0	0	
13.82	0.337	0.103	2.23975	0	-0.0801655	0.0186866	0	-6.41292	0	0	0	
13.83	0.337	0.103	2.23736	0	-0.144129	-0.712341	0	-6.36583	0	0	0	
13.84	0.337	0.103	2.23024	0	-0.207787	-0.712341	0	-6.36583	0	0	0	
13.85	0.337	0.103	2.22312	0	-0.271445	-0.712341	0	-6.36583	0	0	0	
13.86	0.337	0.103	2.21599	0	-0.335104	-0.712341	0	-6.36583	0	0	0	
13.87	0.337	0.103	2.20634	0	-0.398305	-1.43157	0	-6.23599	0	0	0	
13.88	0.337	0.103	2.19202	0	-0.460664	-1.43157	0	-6.23599	0	0	0	
13.89	0.337	0.103	2.1777	0	-0.523024	-1.43157	0	-6.23599	0	0	0	
13.9	0.337	0.103	2.16339	0	-0.585384	-1.43157	0	-6.23599	0	0	0	
13.91	0.337	0.103	2.14661	0	-0.647003	-2.12973	0	-6.02556	0	0	0	
13.92	0.337	0.103	2.12532	0	-0.707259	-2.12973	0	-6.02556	0	0	0	
13.93	0.337	0.103	2.10402	0	-0.767514	-2.12973	0	-6.02556	0	0	0	
13.94	0.337	0.103	2.08272	0	-0.82777	-2.12973	0	-6.02556	0	0	0	
13.95	0.337	0.103	2.05907	0	-0.887011	-2.79789	0	-5.73773	0	0	0	
13.96	0.337	0.103	2.03109	0	-0.944389	-2.79789	0	-5.73773	0	0	0	
13.97	0.337	0.103	2.00311	0	-1.00177	-2.79789	0	-5.73773	0	0	0	
13.98	0.337	0.103	1.97513	0	-1.05914	-2.79789	0	-5.73773	0	0	0	
13.99	0.337	0.103	1.94494	0	-1.11525	-3.42757	0	-5.37666	0	0	0	
14	0.337	0.103	1.91066	0	-1.16902	-3.42757	0	-5.37666	0	0	0	
14.01	0.337	0.103	1.87639	0	-1.22278	-3.42757	0	-5.37666	0	0	0	
14.02	0.337	0.103	1.84211	0	-1.27655	-3.42757	0	-5.37666	0	0	0	
14.03	0.337	0.103	1.80578	0	-1.3288	-4.01086	0	-4.94744	0	0	0	
14.04	0.337	0.103	1.76567	0	-1.37828	-4.01086	0	-4.94744	0	0	0	
14.05	0.337	0.103	1.72556	0	-1.42775	-4.01086	0	-4.94744	0	0	0	
14.06	0.337	0.103	1.68546	0	-1.47723	-4.01086	0	-4.94744	0	0	0	
14.07	0.337	0.103	1.64348	0	-1.52497	-4.54053	0	-4.45597	0	0	0	
14.08	0.337	0.103	1.59808	0	-1.56953	-4.54053	0	-4.45597	0	0	0	
14.09	0.337	0.103	1.55267	0	-1.61409	-4.54053	0	-4.45597	0	0	0	
14.1	0.337	0.103	1.50727	0	-1.65865	-4.54053	0	-4.45597	0	0	0	
14.11	0.337	0.103	1.46021	0	-1.70128	-5.01005	0	-3.90892	0	0	0	
14.12	0.337	0.103	1.41011	0	-1.74037	-5.01005	0	-3.90892	0	0	0	
14.13	0.337	0.103	1.36001	0	-1.77946	-5.01005	0	-3.90892	0	0	0	
14.14	0.337	0.103	1.3099	0	-1.81855	-5.01005	0	-3.90892	0	0	0	
14.15	0.337	0.103	1.25838	0	-1.85554	-5.41377	0	-3.31362	0	0	0	
14.16	0.337	0.103	1.20424	0	-1.88868	-5.41377	0	-3.31362	0	0	0	
14.17	0.337	0.103	1.15011	0	-1.92182	-5.41377	0	-3.31362	0	0	0	
14.18	0.337	0.103	1.09597	0	-1.95495	-5.41377	0	-3.31362	0	0	0	
14.19	0.337	0.103	1.04066	0	-1.98585	-5.74688	0	-2.67796	0	0	0	
14.2	0.337	0.103	0.983189	0	-2.01263	-5.74688	0	-2.67796	0	0	0	
14.21	0.337	0.103	0.92572	0	-2.03941	-5.74688	0	-2.67796	0	0	0	
14.22	0.337	0.103	0.868251	0	-2.06619	-5.74688	0	-2.67796	0	0	0	
14.23	0.337	0.103	0.809872	0	-2.09062	-6.00554	0	-2.01026	0	0	0	
14.24	0.337	0.103	0.749816	0	-2.11072	-6.00554	0	-2.01026	0	0	0	
14.25	0.337	0.103	0.689761	0	-2.13082	-6.00554	0	-2.01026	0	0	0	
14.26	0.337	0.103	0.629705	0	-2.15092	-6.00554	0	-2.01026	0	0	0	
14.27	0.337	0.103	0.569011	0	-2.16859	-6.18686	0	-1.31922	0	0	0	
14.28	0.337	0.103	0.507143	0	-2.18178	-6.18686	0	-1.31922	0	0	0	
14.29	0.337	0.103	0.445274	0	-2.19498	-6.18686	0	-1.31922	0	0	0	
14.3	0.337	0.103	0.383406	0	-2.20817	-6.18686	0	-1.31922	0	0	0	
14.31	0.337	0.103	0.321177	0	-2.21888	-6.28898	0	-0.613737	0	0	0	
14.32	0.337	0.103	0.258288	0	-2.22501	-6.28898	0	-0.613737	0	0	0	
14.33	0.337	0.103	0.195398	0	-2.23115	-6.28898	0	-0.613737	0	0	0	
14.34	0.337	0.103	0.132508	0	-2.23729	-6.28898	0	-0.613737	0	0	0	
14.35	0.337	0.103	0.0695406	0	-2.24092	-6.31104	0	0.0971588	0	0	0	
14.36	0.337	0.103	0.00643018	0	-2.23995	-6.31104	0	0.0971588	0	0	0	
14.37	0.337	0.103	-0.0566802	0	-2.23898	-6.31104	0	0.0971588	0	0	0	
14.38	0.337	0.103	-0.119791	0	-2.23801	-6.31104	0	0.0971588	0	0	0	
14.39	0.337	0.103	-0.182697	0	-2.23454	-6.25321	0	0.804449	0	0	0	
14.4	0.337	0.103	-0.245229	0	-2.2265	-6.25321	0	0.804449	0	0	0	
14.41	0.337	0.103	-0.307761	0	-2.21845	-6.25321	0	0.804449	0	0	0	
14.42	0.337	0.103	-0.370294	0	-2.21041	-6.25321	0	0.804449	0	0	0	
14.43	0.337	0.103	-0.432345	0	-2.19992	-6.11667	0	1.49923	0	0	0	
14.44	0.337	0.103	-0.493511	0	-2.18493	-6.11667	0	1.49923	0	0	0	
14.45	0.337	0.103	-0.554678	0	-2.16993	-6.11667	0	1.49923	0	0	0	
14.46	0.337	0.103	-0.615845	0	-2.15494	-6.11667	0	1.49923	0	0	0	
14.47	0.337	0.103	-0.676261	0	-2.13758	-5.90356	0	2.17282	0	0	0	
14.48	0.337	0.103	-0.735296	0	-2.11585	-5.90356	0	2.17282	0	0	0	
14.49	0.337	0.103	-0.794332	0	-2.09412	-5.90356	0	2.17282	0	0	0	
14.5	0.337	0.103	-0.853368	0	-2.07239	-5.90356	0	2.17282	0	0	0	
14.51	0.337	0.103	-0.911394	0	-2.0484	-5.617	0	2.81688	0	0	0	
14.52	0.337	0.103	-0.967564	0	-2.02023	-5.617	0	2.81688	0	0	0	
14.53	0.337	0.103	-1.02373	0	-1.99206	-5.617	0	2.81688	0	0	0	
14.54	0.337	0.103	-1.0799	0	-1.96389	-5.617	0	2.81688	0	0	0	
14.55	0.337	0.103	-1.13482	0	-1.93358	-5.26098	0	3.42349	0	0	0	
14.56	0.337	0.103	-1.18743	0	-1.89935	-5.26098	0	3.42349	0	0	0	
14.57	0.337	0.103	-1.24004	0	-1.86511	-5.26098	0	3.42349	0	0	0	
14.58	0.337	0.103	-1.29265	0	-1.83088	-5.26098	0	3.42349	0	0	0	
14.59	0.337	0.103	-1.34378	0	-1.79467	-4.84034	0	3.98528	0	0	0	
14.6	0.337	0.103	-1.39218	0	-1.75481	-4.84034	0	3.98528	0	0	0	
14.61	0.337	0.103	-1.44058	0	-1.71496	-4.84034	0	3.98528	0	0	0	
14.62	0.337	0.103	-1.48899	0	-1.67511	-4.84034	0	3.98528	0	0	0	
14.63	0.337	0.103	-1.5357	0	-1.63346	-4.36067	0	4.49547	0	0	0	
14.64	0.337	0.103	-1.57931	0	-1.5885	-4.36067	0	4.49547	0	0	0	
14.65	0.337	0.103	-1.62292	0	-1.54355	-4.36067	0	4.49547	0	0	0	
14.66	0.337	0.103	-1.66652	0	-1.49859	-4.36067	0	4.49547	0	0	0	
14.67	0.337	0.103	-1.70825	0	-1.45204	-3.82829	0	4.94801	0	0	0	
14.68	0.337	0.103	-1.74654	0	-1.40256	-3.82829	0	4.94801	0	0	0	
14.69	0.337	0.103	-1.78482	0	-1.35308	-3.82829	0	4.94801	0	0	0	
14.7	0.337	0.103	-1.8231	0	-1.3036	-3.82829	0	4.94801	0	0	0	
14.71	0.337	0.103	-1.85935	0	-1.25275	-3.25008	0	5.33758	0	0	0	
14.72	0.337	0.103	-1.89185	0	-1.19938	-3.25008	0	5.33758	0	0	0	
14.73	0.337	0.103	-1.92435	0	-1.146	-3.25008	0	5.33758	0	0	0	
14.74	0.337	0.103	-1.95685	0	-1.09262	-3.25008	0	5.33758	0	0	0	
14.75	0.337	0.103	-1.98718	0	-1.03811	-2.63347	0	5.6597	0	0	0	
14.76	0.337	0.103	-2.01351	0	-0.981517	-2.63347	0	5.6597	0	0	0	
14.77	0.337	0.103	-2.03985	0	-0.92492	-2.63347	0	5.6597	0	0	0	
14.78	0.337	0.103	-2.06618	0	-0.868323	-2.63347	0	5.6597	0	0	0	
14.79	0.337	0.103	-2.09024	0	-0.810842	-1.98631	0	5.91075	0	0	0	
14.8	0.337	0.103	-2.1101	0	-0.751734	-1.98631	0	5.91075	0	0	0	
14.81	0.337	0.103	-2.12997	0	-0.692627	-1.98631	0	5.91075	0	0	0	
14.82	0.337	0.103	-2.14983	0	-0.633519	-1.98631	0	5.91075	0	0	0	
14.83	0.337	0.103	-2.16733	0	-0.573787	-1.31673	0	6.08802	0	0	0	
14.84	0.337	0.103	-2.1805	0	-0.512907	-1.31673	0	6.08802	0	0	0	
14.85	0.337	0.103	-2.19367	0	-0.452027	-1.31673	0	6.08802	0	0	0	
14.86	0.337	0.103	-2.20683	0	-0.391147	-1.31673	0	6.08802	0	0	0	
14.87	0.337	0.103	-2.21759	0	-0.329909	-0.633118	0	6.18972	0	0	0	
14.88	0.337	0.103	-2.22393	0	-0.268011	-0.633118	0	6.18972	0	0	0	
14.89	0.337	0.103	-2.23026	0	-0.206114	-0.633118	0	6.18972	0	0	0	
14.9	0.337	0.103	-2.23659	0	-0.144217	-0.633118	0	6.18972	0	0	0	
14.91	0.337	0.103	-2.24049	0	-0.0822308	0.0560554	0	6.21501	0	0	0	
14.92	0.337	0.103	-2.23993	0	-0.0200807	0.0560554	0	6.21501	0	0	0	
14.93	0.337	0.103	-2.23937	0	0.0420694	0.0560554	0	6.21501	0	0	0	
14.94	0.337	0.103	-2.23881	0	0.104219	0.0560554	0	6.21501	0	0	0	
14.95	0.337	0.103	-2.23583	0	0.16619	0.742307	0	6.164	0	0	0	
14.96	0.337	0.103	-2.22841	0	0.22783	0.742307	0	6.164	0	0	0	
14.97	0.337	0.103	-2.22099	0	0.28947	0.742307	0	6.164	0	0	0	
14.98	0.337	0.103	-2.21356	0	0.35111	0.742307	0	6.164	0	0	0	
14.99	0.337	0.103	-2.20376	0	0.412305	1.41725	0	6.03772	0	0	0	
15	0.337	0.103	-2.18959	0	0.472682	1.41725	0	6.03772	0	0	0	
15.01	0.337	0.103	-2.17542	0	0.53306	1.41725	0	6.03772	0	0	0	
15.02	0.337	0.103	-2.16124	0	0.593437	1.41725	0	6.03772	0	0	0	
15.03	0.337	0.103	-2.14476	0	0.653111	2.07272	0	5.83813	0	0	0	
15.04	0.337	0.103	-2.12404	0	0.711492	2.07272	0	5.83813	0	0	0	
15.05	0.337	0.103	-2.10331	0	0.769874	2.07272	0	5.83813	0	0	0	
15.06	0.337	0.103	-2.08258	0	0.828255	2.07272	0	5.83813	0	0	0	
15.07	0.337	0.103	-2.05964	0	0.885685	2.70081	0	5.56803	0	0	0	
15.08	0.337	0.103	-2.03263	0	0.941365	2.70081	0	5.56803	0	0	0	
15.09	0.337	0.103	-2.00563	0	0.997045	2.70081	0	5.56803	0	0	0	
15.1	0.337	0.103	-1.97862	0	1.05273	2.70081	0	5.56803	0	0	0	
15.11	0.337	0.103	-1.94952	0	1.10722	3.29405	0	5.23111	0	0	0	
15.12	0.337	0.103	-1.91658	0	1.15953	3.29405	0	5.23111	0	0	0	
15.13	0.337	0.103	-1.88364	0	1.21184	3.29405	0	5.23111	0	0	0	
15.14	0.337	0.103	-1.8507	0	1.26415	3.29405	0	5.23111	0	0	0	
15.15	0.337	0.103	-1.81582	0	1.31506	3.84541	0	4.8318	0	0	0	
15.16	0.337	0.103	-1.77736	0	1.36338	3.84541	0	4.8318	0	0	0	
15.17	0.337	0.103	-1.73891	0	1.41169	3.84541	0	4.8318	0	0	0	
15.18	0.337	0.103	-1.70045	0	1.46001	3.84541	0	4.8318	0	0	0	
15.19	0.337	0.103	-1.66023	0	1.50672	4.34846	0	4.37526	0	0	0	
15.2	0.337	0.103	-1.61674	0	1.55047	4.34846	0	4.37526	0	0	0	
15.21	0.337	0.103	-1.57326	0	1.59423	4.34846	0	4.37526	0	0	0	
15.22	0.337	0.103	-1.52977	0	1.63798	4.34846	0	4.37526	0	0	0	
15.23	0.337	0.103	-1.48471	0	1.67994	4.79736	0	3.86733	0	0	0	
15.24	0.337	0.103	-1.43673	0	1.71862	4.79736	0	3.86733	0	0	0	
15.25	0.337	0.103	-1.38876	0	1.75729	4.79736	0	3.86733	0	0	0	
15.26	0.337	0.103	-1.34079	0	1.79596	4.79736	0	3.86733	0	0	0	
15.27	0.337	0.103	-1.29144	0	1.83269	5.187	0	3.31439	0	0	0	
15.28	0.337	0.103	-1.23957	0	1.86583	5.187	0	3.31439	0	0	0	
15.29	0.337	0.103	-1.1877	0	1.89898	5.187	0	3.31439	0	0	0	
15.3	0.337	0.103	-1.13583	0	1.93212	5.187	0	3.31439	0	0	0	
15.31	0.337	0.103	-1.08281	0	1.96318	5.513	0	2.72334	0	0	0	
15.32	0.337	0.103	-1.02768	0	1.99041	5.513	0	2.72334	0	0	0	
15.33	0.337	0.103	-0.972553	0	2.01765	5.513	0	2.72334	0	0	0	
15.34	0.337	0.103	-0.917423	0	2.04488	5.513	0	2.72334	0	0	0	
15.35	0.337	0.103	-0.861381	0	2.06992	5.77179	0	2.10147	0	0	0	
15.36	0.337	0.103	-0.803663	0	2.09094	5.77179	0	2.10147	0	0	0	
15.37	0.337	0.103	-0.745945	0	2.11195	5.77179	0	2.10147	0	0	0	
15.38	0.337	0.103	-0.688227	0	2.13297	5.77179	0	2.10147	0	0	0	
15.39	0.337	0.103	-0.629844	0	2.15171	5.96061	0	1.4564	0	0	0	
15.4	0.337	0.103	-0.570238	0	2.16627	5.96061	0	1.4564	0	0	0	
15.41	0.337	0.103	-0.510632	0	2.18084	5.96061	0	1.4564	0	0	0	
15.42	0.337	0.103	-0.451026	0	2.1954	5.96061	0	1.4564	0	0	0	
15.43	0.337	0.103	-0.391008	0	2.20764	6.07759	0	0.795958	0	0	0	
15.44	0.337	0.103	-0.330232	0	2.2156	6.07759	0	0.795958	0	0	0	
15.45	0.337	0.103	-0.269456	0	2.22356	6.07759	0	0.795958	0	0	0	
15.46	0.337	0.103	-0.20868	0	2.23152	6.07759	0	0.795958	0	0	0	
15.47	0.337	0.103	-0.147749	0	2.23713	6.12169	0	0.128104	0	0	0	
15.48	0.337	0.103	-0.0865322	0	2.23841	6.12169	0	0.128104	0	0	0	
15.49	0.337	0.103	-0.0253152	0	2.23969	6.12169	0	0.128104	0	0	0	
15.5	0.337	0.103	0.0359017	0	2.24097	6.12169	0	0.128104	0	0	0	
15.51	0.337	0.103	0.0970168	0	2.2399	6.09279	0	-0.539174	0	0	0	
15.52	0.337	0.103	0.157945	0	2.23451	6.09279	0	-0.539174	0	0	0	
15.53	0.337	0.103	0.218873	0	2.22912	6.09279	0	-0.539174	0	0	0	
15.54	0.337	0.103	0.279801	0	2.22372	6.09279	0	-0.539174	0	0	0	
15.55	0.337	0.103	0.340372	0	2.21601	5.99161	0	-1.19795	0	0	0	
15.56	0.337	0.103	0.400288	0	2.20403	5.99161	0	-1.19795	0	0	0	
15.57	0.337	0.103	0.460204	0	2.19205	5.99161	0	-1.19795	0	0	0	
15.58	0.337	0.103	0.52012	0	2.18007	5.99161	0	-1.19795	0	0	0	
15.59	0.337	0.103	0.579431	0	2.16583	5.81971	0	-1.84046	0	0	0	
15.6	0.337	0.103	0.637628	0	2.14743	5.81971	0	-1.84046	0	0	0	
15.61	0.337	0.103	0.695825	0	2.12902	5.81971	0	-1.84046	0	0	0	
15.62	0.337	0.103	0.754022	0	2.11062	5.81971	0	-1.84046	0	0	0	
15.63	0.337	0.103	0.811373	0	2.09003	5.57951	0	-2.4592	0	0	0	
15.64	0.337	0.103	0.867168	0	2.06544	5.57951	0	-2.4592	0	0	0	
15.65	0.337	0.103	0.922964	0	2.04085	5.57951	0	-2.4592	0	0	0	
15.66	0.337	0.103	0.978759	0	2.01626	5.57951	0	-2.4592	0	0	0	
15.67	0.337	0.103	1.03348	0	1.98959	5.2742	0	-3.04697	0	0	0	
15.68	0.337	0.103	1.08622	0	1.95912	5.2742	0	-3.04697	0	0	0	
15.69	0.337	0.103	1.13896	0	1.92866	5.2742	0	-3.04697	0	0	0	
15.7	0.337	0.103	1.1917	0	1.89819	5.2742	0	-3.04697	0	0	0	
15.71	0.337	0.103	1.24316	0	1.86578	4.90771	0	-3.59701	0	0	0	
15.72	0.337	0.103	1.29223	0	1.82981	4.90771	0	-3.59701	0	0	0	
15.73	0.337	0.103	1.34131	0	1.79384	4.90771	0	-3.59701	0	0	0	
15.74	0.337	0.103	1.39039	0	1.75787	4.90771	0	-3.59701	0	0	0	
15.75	0.337	0.103	1.43797	0	1.72012	4.48466	0	-4.10306	0	0	0	
15.76	0.337	0.103	1.48282	0	1.67908	4.48466	0	-4.10306	0	0	0	
15.77	0.337	0.103	1.52767	0	1.63805	4.48466	0	-4.10306	0	0	0	
15.78	0.337	0.103	1.57251	0	1.59702	4.48466	0	-4.10306	0	0	0	
15.79	0.337	0.103	1.61569	0	1.55438	4.01032	0	-4.55941	0	0	0	
15.8	0.337	0.103	1.65579	0	1.50879	4.01032	0	-4.55941	0	0	0	
15.81	0.337	0.103	1.6959	0	1.4632	4.01032	0	-4.55941	0	0	0	
15.82	0.337	0.103	1.736	0	1.4176	4.01032	0	-4.55941	0	0	0	
15.83	0.337	0.103	1.77427	0	1.37059	3.49049	0	-4.96097	0	0	0	
15.84	0.337	0.103	1.80918	0	1.32098	3.49049	0	-4.96097	0	0	0	
15.85	0.337	0.103	1.84408	0	1.27137	3.49049	0	-4.96097	0	0	0	
15.86	0.337	0.103	1.87899	0	1.22176	3.49049	0	-4.96097	0	0	0	
15.87	0.337	0.103	1.91192	0	1.17095	2.93149	0	-5.30333	0	0	0	
15.88	0.337	0.103	1.94124	0	1.11792	2.93149	0	-5.30333	0	0	0	
15.89	0.337	0.103	1.97055	0	1.06488	2.93149	0	-5.30333	0	0	0	
15.9	0.337	0.103	1.99987	0	1.01185	2.93149	0	-5.30333	0	0	0	
15.91	0.337	0.103	2.0271	0	0.957832	2.34003	0	-5.5828	0	0	0	
15.92	0.337	0.103	2.0505	0	0.902004	2.34003	0	-5.5828	0	0	0	
15.93	0.337	0.103	2.0739	0	0.846176	2.34003	0	-5.5828	0	0	0	
15.94	0.337	0.103	2.0973	0	0.790348	2.34003	0	-5.5828	0	0	0	
15.95	0.337	0.103	2.11853	0	0.733767	1.72317	0	-5.79645	0	0	0	
15.96	0.337	0.103	2.13576	0	0.675802	1.72317	0	-5.79645	0	0	0	
15.97	0.337	0.103	2.15299	0	0.617838	1.72317	0	-5.79645	0	0	0	
15.98	0.337	0.103	2.17022	0	0.559873	1.72317	0	-5.79645	0	0	0	
15.99	0.337	0.103	2.18522	0	0.501396	1.08819	0	-5.94215	0	0	0	
16	0.337	0.103	2.1961	0	0.441974	1.08819	0	-5.94215	0	0	0	
16.01	0.337	0.103	2.20698	0	0.382553	1.08819	0	-5.94215	0	0	0	
16.02	0.337	0.103	2.21786	0	0.323131	1.08819	0	-5.94215	0	0	0	
16.03	0.337	0.103	2.22647	0	0.26344	0.442552	0	-6.01854	0	0	0	
16.04	0.337	0.103	2.23089	0	0.203255	0.442552	0	-6.01854	0	0	0	
16.05	0.337	0.103	2.23532	0	0.14307	0.442552	0	-6.01854	0	0	0	
16.06	0.337	0.103	2.23975	0	0.0828842	0.442552	0	-6.01854	0	0	0	
16.07	0.337	0.103	2.24189	0	0.0226757	-0.206233	0	-6.0251	0	0	0	
16.08	0.337	0.103	2.23982	0	-0.0375754	-0.206233	0	-6.0251	0	0	0	
16.09	0.337	0.103	2.23776	0	-0.0978264	-0.206233	0	-6.0251	0	0	0	
16.1	0.337	0.103	2.2357	0	-0.158077	-0.206233	0	-6.0251	0	0	0	
16.11	0.337	0.103	2.23137	0	-0.218107	-0.850659	0	-5.96211	0	0	0	
16.12	0.337	0.103	2.22286	0	-0.277728	-0.850659	0	-5.96211	0	0	0	
16.13	0.337	0.103	2.21435	0	-0.337349	-0.850659	0	-5.96211	0	0	0	
16.14	0.337	0.103	2.20585	0	-0.39697	-0.850659	0	-5.96211	0	0	0	
16.15	0.337	0.103	2.19511	0	-0.456128	-1.48332	0	-5.83065	0	0	0	
16.16	0.337	0.103	2.18028	0	-0.514435	-1.48332	0	-5.83065	0	0	0	
16.17	0.337	0.103	2.16544	0	-0.572741	-1.48332	0	-5.83065	0	0	0	
16.18	0.337	0.103	2.15061	0	-0.631048	-1.48332	0	-5.83065	0	0	0	
16.19	0.337	0.103	2.13362	0	-0.688656	-2.09702	0	-5.63257	0	0	0	
16.2	0.337	0.103	2.11265	0	-0.744982	-2.09702	0	-5.63257	0	0	0	
16.21	0.337	0.103	2.09168	0	-0.801308	-2.09702	0	-5.63257	0	0	0	
16.22	0.337	0.103	2.07071	0	-0.857633	-2.09702	0	-5.63257	0	0	0	
16.23	0.337	0.103	2.04766	0	-0.913036	-2.6848	0	-5.37049	0	0	0	
16.24	0.337	0.103	2.02082	0	-0.966741	-2.6848	0	-5.37049	0	0	0	
16.25	0.337	0.103	1.99397	0	-1.02045	-2.6848	0	-5.37049	0	0	0	
16.26	0.337	0.103	1.96712	0	-1.07415	-2.6848	0	-5.37049	0	0	0	
16.27	0.337	0.103	1.93832	0	-1.12672	-3.24007	0	-5.04772	0	0	0	
16.28	0.337	0.103	1.90592	0	-1.1772	-3.24007	0	-5.04772	0	0	0	
16.29	0.337	0.103	1.87351	0	-1.22767	-3.24007	0	-5.04772	0	0	0	
16.3	0.337	0.103	1.84111	0	-1.27815	-3.24007	0	-5.04772	0	0	0	
16.31	0.337	0.103	1.80689	0	-1.32729	-3.75664	0	-4.66825	0	0	0	
16.32	0.337	0.103	1.76933	0	-1.37397	-3.75664	0	-4.66825	0	0	0	
16.33	0.337	0.103	1.73176	0	-1.42066	-3.75664	0	-4.66825	0	0	0	
16.34	0.337	0.103	1.69419	0	-1.46734	-3.75664	0	-4.66825	0	0	0	
16.35	0.337	0.103	1.65496	0	-1.5125	-4.22883	0	-4.23671	0	0	0	
16.36	0.337	0.103	1.61268	0	-1.55487	-4.22883	0	-4.23671	0	0	0	
16.37	0.337	0.103	1.57039	0	-1.59723	-4.22883	0	-4.23671	0	0	0	
16.38	0.337	0.103	1.5281	0	-1.6396	-4.22883	0	-4.23671	0	0	0	
16.39	0.337	0.103	1.48432	0	-1.68028	-4.65148	0	-3.75826	0	0	0	
16.4	0.337	0.103	1.43781	0	-1.71787	-4.65148	0	-3.75826	0	0	0	
16.41	0.337	0.103	1.39129	0	-1.75545	-4.65148	0	-3.75826	0	0	0	
16.42	0.337	0.103	1.34478	0	-1.79303	-4.65148	0	-3.75826	0	0	0	
16.43	0.337	0.103	1.29696	0	-1.82878	-5.02004	0	-3.23857	0	0	0	
16.44	0.337	0.103	1.24676	0	-1.86117	-5.02004	0	-3.23857	0	0	0	
16.45	0.337	0.103	1.19656	0	-1.89355	-5.02004	0	-3.23857	0	0	0	
16.46	0.337	0.103	1.14636	0	-1.92594	-5.02004	0	-3.23857	0	0	0	
16.47	0.337	0.103	1.09507	0	-1.95637	-5.33061	0	-2.68374	0	0	0	
16.48	0.337	0.103	1.04176	0	-1.98321	-5.33061	0	-2.68374	0	0	0	
16.49	0.337	0.103	0.988457	0	-2.01005	-5.33061	0	-2.68374	0	0	0	
16.5	0.337	0.103	0.93515	0	-2.03688	-5.33061	0	-2.68374	0	0	0	
16.51	0.337	0.103	0.880966	0	-2.06167	-5.57996	0	-2.10021	0	0	0	
16.52	0.337	0.103	0.825166	0	-2.08267	-5.57996	0	-2.10021	0	0	0	
16.53	0.337	0.103	0.769367	0	-2.10367	-5.57996	0	-2.10021	0	0	0	
16.54	0.337	0.103	0.713567	0	-2.12467	-5.57996	0	-2.10021	0	0	0	
16.55	0.337	0.103	0.657114	0	-2.14354	-5.76557	0	-1.49472	0	0	0	
16.56	0.337	0.103	0.599458	0	-2.15849	-5.76557	0	-1.49472	0	0	0	
16.57	0.337	0.103	0.541802	0	-2.17343	-5.76557	0	-1.49472	0	0	0	
16.58	0.337	0.103	0.484146	0	-2.18838	-5.76557	0	-1.49472	0	0	0	
16.59	0.337	0.103	0.426068	0	-2.20114	-5.88569	0	-0.874186	0	0	0	
16.6	0.337	0.103	0.367211	0	-2.20988	-5.88569	0	-0.874186	0	0	0	
16.61	0.337	0.103	0.308354	0	-2.21863	-5.88569	0	-0.874186	0	0	0	
16.62	0.337	0.103	0.249497	0	-2.22737	-5.88569	0	-0.874186	0	0	0	
16.63	0.337	0.103	0.190451	0	-2.2339	-5.93927	0	-0.245673	0	0	0	
16.64	0.337	0.103	0.131059	0	-2.23635	-5.93927	0	-0.245673	0	0	0	
16.65	0.337	0.103	0.0716658	0	-2.23881	-5.93927	0	-0.245673	0	0	0	
16.66	0.337	0.103	0.0122731	0	-2.24127	-5.93927	0	-0.245673	0	0	0	
16.67	0.337	0.103	-0.0470731	0	-2.24151	-5.92605	0	0.383732	0	0	0	
16.68	0.337	0.103	-0.106334	0	-2.23767	-5.92605	0	0.383732	0	0	0	
16.69	0.337	0.103	-0.165594	0	-2.23383	-5.92605	0	0.383732	0	0	0	
16.7	0.337	0.103	-0.224855	0	-2.22999	-5.92605	0	0.383732	0	0	0	
16.71	0.337	0.103	-0.283835	0	-2.22396	-5.84651	0	1.00698	0	0	0	
16.72	0.337	0.103	-0.3423	0	-2.21389	-5.84651	0	1.00698	0	0	0	
16.73	0.337	0.103	-0.400765	0	-2.20382	-5.84651	0	1.00698	0	0	0	
16.74	0.337	0.103	-0.45923	0	-2.19375	-5.84651	0	1.00698	0	0	0	
16.75	0.337	0.103	-0.517186	0	-2.18153	-5.70186	0	1.61712	0	0	0	
16.76	0.337	0.103	-0.574205	0	-2.16536	-5.70186	0	1.61712	0	0	0	
16.77	0.337	0.103	-0.631223	0	-2.14919	-5.70186	0	1.61712	0	0	0	
16.78	0.337	0.103	-0.688242	0	-2.13302	-5.70186	0	1.61712	0	0	0	
16.79	0.337	0.103	-0.744528	0	-2.11477	-5.49404	0	2.20744	0	0	0	
16.8	0.337	0.103	-0.799469	0	-2.09269	-5.49404	0	2.20744	0	0	0	
16.81	0.337	0.103	-0.854409	0	-2.07062	-5.49404	0	2.20744	0	0	0	
16.82	0.337	0.103	-0.909349	0	-2.04854	-5.49404	0	2.20744	0	0	0	
16.83	0.337	0.103	-0.963344	0	-2.02448	-5.22566	0	2.77143	0	0	0	
16.84	0.337	0.103	-1.0156	0	-1.99677	-5.22566	0	2.77143	0	0	0	
16.85	0.337	0.103	-1.06786	0	-1.96905	-5.22566	0	2.77143	0	0	0	
16.86	0.337	0.103	-1.12011	0	-1.94134	-5.22566	0	2.77143	0	0	0	
16.87	0.337	0.103	-1.17122	0	-1.91175	-4.90001	0	3.30298	0	0	0	
16.88	0.337	0.103	-1.22022	0	-1.87872	-4.90001	0	3.30298	0	0	0	
16.89	0.337	0.103	-1.26922	0	-1.84569	-4.90001	0	3.30298	0	0	0	
16.9	0.337	0.103	-1.31822	0	-1.81266	-4.90001	0	3.30298	0	0	0	
16.91	0.337	0.103	-1.36589	0	-1.7779	-4.52098	0	3.79635	0	0	0	
16.92	0.337	0.103	-1.4111	0	-1.73993	-4.52098	0	3.79635	0	0	0	
16.93	0.337	0.103	-1.45631	0	-1.70197	-4.52098	0	3.79635	0	0	0	
16.94	0.337	0.103	-1.50152	0	-1.66401	-4.52098	0	3.79635	0	0	0	
16.95	0.337	0.103	-1.54522	0	-1.62446	-4.09302	0	4.24625	0	0	0	
16.96	0.337	0.103	-1.58615	0	-1.58199	-4.09302	0	4.24625	0	0	0	
16.97	0.337	0.103	-1.62708	0	-1.53953	-4.09302	0	4.24625	0	0	0	
16.98	0.337	0.103	-1.66801	0	-1.49707	-4.09302	0	4.24625	0	0	0	
16.99	0.337	0.103	-1.70728	0	-1.45319	-3.6211	0	4.64793	0	0	0	
17	0.337	0.103	-1.74349	0	-1.40671	-3.6211	0	4.64793	0	0	0	
17.01	0.337	0.103	-1.7797	0	-1.36023	-3.6211	0	4.64793	0	0	0	
17.02	0.337	0.103	-1.81591	0	-1.31375	-3.6211	0	4.64793	0	0	0	
17.03	0.337	0.103	-1.85032	0	-1.26604	-3.11064	0	4.99721	0	0	0	
17.04	0.337	0.103	-1.88143	0	-1.21607	-3.11064	0	4.99721	0	0	0	
17.05	0.337	0.103	-1.91254	0	-1.1661	-3.11064	0	4.99721	0	0	0	
17.06	0.337	0.103	-1.94364	0	-1.11613	-3.11064	0	4.99721	0	0	0	
17.07	0.337	0.103	-1.97284	0	-1.06512	-2.56743	0	5.29048	0	0	0	
17.08	0.337	0.103	-1.99851	0	-1.01222	-2.56743	0	5.29048	0	0	0	
17.09	0.337	0.103	-2.02418	0	-0.959313	-2.56743	0	5.29048	0	0	0	
17.1	0.337	0.103	-2.04986	0	-0.906408	-2.56743	0	5.29048	0	0	0	
17.11	0.337	0.103	-2.07352	0	-0.852677	-1.99761	0	5.52481	0	0	0	
17.12	0.337	0.103	-2.0935	0	-0.797429	-1.99761	0	5.52481	0	0	0	
17.13	0.337	0.103	-2.11348	0	-0.742181	-1.99761	0	5.52481	0	0	0	
17.14	0.337	0.103	-2.13345	0	-0.686933	-1.99761	0	5.52481	0	0	0	
17.15	0.337	0.103	-2.15135	0	-0.631075	-1.40754	0	5.6979	0	0	0	
17.16	0.337	0.103	-2.16543	0	-0.574096	-1.40754	0	5.6979	0	0	0	
17.17	0.337	0.103	-2.1795	0	-0.517118	-1.40754	0	5.6979	0	0	0	
17.18	0.337	0.103	-2.19358	0	-0.460139	-1.40754	0	5.6979	0	0	0	
17.19	0.337	0.103	-2.20552	0	-0.402771	-0.803783	0	5.80815	0	0	0	
17.2	0.337	0.103	-2.21356	0	-0.34469	-0.803783	0	5.80815	0	0	0	
17.21	0.337	0.103	-2.2216	0	-0.286608	-0.803783	0	5.80815	0	0	0	
17.22	0.337	0.103	-2.22964	0	-0.228527	-0.803783	0	5.80815	0	0	0	
17.23	0.337	0.103	-2.23552	0	-0.170281	-0.192993	0	5.85468	0	0	0	
17.24	0.337	0.103	-2.23745	0	-0.111734	-0.192993	0	5.85468	0	0	0	
17.25	0.337	0.103	-2.23938	0	-0.0531876	-0.192993	0	5.85468	0	0	0	
17.26	0.337	0.103	-2.24131	0	0.00535916	-0.192993	0	5.85468	0	0	0	
17.27	0.337	0.103	-2.24109	0	0.0638446	0.418141	0	5.83727	0	0	0	
17.28	0.337	0.103	-2.23691	0	0.122217	0.418141	0	5.83727	0	0	0	
17.29	0.337	0.103	-2.23273	0	0.18059	0.418141	0	5.83727	0	0	0	
17.3	0.337	0.103	-2.22855	0	0.238963	0.418141	0	5.83727	0	0	0	
17.31	0.337	0.103	-2.22223	0	0.29705	1.02297	0	5.75642	0	0	0	
17.32	0.337	0.103	-2.212	0	0.354615	1.02297	0	5.75642	0	0	0	
17.33	0.337	0.103	-2.20177	0	0.412179	1.02297	0	5.75642	0	0	0	
17.34	0.337	0.103	-2.19155	0	0.469743	1.02297	0	5.75642	0	0	0	
17.35	0.337	0.103	-2.17923	0	0.526803	1.61496	0	5.61331	0	0	0	
17.36	0.337	0.103	-2.16308	0	0.582936	1.61496	0	5.61331	0	0	0	
17.37	0.337	0.103	-2.14693	0	0.639069	1.61496	0	5.61331	0	0	0	
17.38	0.337	0.103	-2.13078	0	0.695202	1.61496	0	5.61331	0	0	0	
17.39	0.337	0.103	-2.11261	0	0.750618	2.18775	0	5.4098	0	0	0	
17.4	0.337	0.103	-2.09074	0	0.804716	2.18775	0	5.4098	0	0	0	
17.41	0.337	0.103	-2.06886	0	0.858814	2.18775	0	5.4098	0	0	0	
17.42	0.337	0.103	-2.04698	0	0.912912	2.18775	0	5.4098	0	0	0	
17.43	0.337	0.103	-2.02317	0	0.966089	2.73525	0	5.14836	0	0	0	
17.44	0.337	0.103	-1.99582	0	1.01757	2.73525	0	5.14836	0	0	0	
17.45	0.337	0.103	-1.96847	0	1.06906	2.73525	0	5.14836	0	0	0	
17.46	0.337	0.103	-1.94112	0	1.12054	2.73525	0	5.14836	0	0	0	
17.47	0.337	0.103	-1.91195	0	1.17091	3.25166	0	4.8321	0	0	0	
17.48	0.337	0.103	-1.87943	0	1.21923	3.25166	0	4.8321	0	0	0	
17.49	0.337	0.103	-1.84691	0	1.26755	3.25166	0	4.8321	0	0	0	
17.5	0.337	0.103	-1.8144	0	1.31587	3.25166	0	4.8321	0	0	0	
17.51	0.337	0.103	-1.78019	0	1.3629	3.73157	0	4.46469	0	0	0	
17.52	0.337	0.103	-1.74287	0	1.40755	3.73157	0	4.46469	0	0	0	
17.53	0.337	0.103	-1.70556	0	1.45219	3.73157	0	4.46469	0	0	0	
17.54	0.337	0.103	-1.66824	0	1.49684	3.73157	0	4.46469	0	0	0	
17.55	0.337	0.103	-1.62938	0	1.54003	4.16999	0	4.05031	0	0	0	
17.56	0.337	0.103	-1.58768	0	1.58053	4.16999	0	4.05031	0	0	0	
17.57	0.337	0.103	-1.54598	0	1.62103	4.16999	0	4.05031	0	0	0	
17.58	0.337	0.103	-1.50428	0	1.66154	4.16999	0	4.05031	0	0	0	
17.59	0.337	0.103	-1.4612	0	1.70043	4.56241	0	3.59364	0	0	0	
17.6	0.337	0.103	-1.41557	0	1.73637	4.56241	0	3.59364	0	0	0	
17.61	0.337	0.103	-1.36995	0	1.7723	4.56241	0	3.59364	0	0	0	
17.62	0.337	0.103	-1.32433	0	1.80824	4.56241	0	3.59364	0	0	0	
17.63	0.337	0.103	-1.2775	0	1.84244	4.90485	0	3.09976	0	0	0	
17.64	0.337	0.103	-1.22845	0	1.87343	4.90485	0	3.09976	0	0	0	
17.65	0.337	0.103	-1.1794	0	1.90443	4.90485	0	3.09976	0	0	0	
17.66	0.337	0.103	-1.13035	0	1.93543	4.90485	0	3.09976	0	0	0	
17.67	0.337	0.103	-1.08028	0	1.96457	5.19388	0	2.57415	0	0	0	
17.68	0.337	0.103	-1.02834	0	1.99032	5.19388	0	2.57415	0	0	0	
17.69	0.337	0.103	-0.976406	0	2.01606	5.19388	0	2.57415	0	0	0	
17.7	0.337	0.103	-0.924467	0	2.0418	5.19388	0	2.57415	0	0	0	
17.71	0.337	0.103	-0.871708	0	2.0656	5.42666	0	2.02254	0	0	0	
17.72	0.337	0.103	-0.817442	0	2.08582	5.42666	0	2.02254	0	0	0	
17.73	0.337	0.103	-0.763175	0	2.10605	5.42666	0	2.02254	0	0	0	
17.74	0.337	0.103	-0.708909	0	2.12627	5.42666	0	2.02254	0	0	0	
17.75	0.337	0.103	-0.654028	0	2.14448	5.60099	0	1.45094	0	0	0	
17.76	0.337	0.103	-0.598018	0	2.15899	5.60099	0	1.45094	0	0	0	
17.77	0.337	0.103	-0.542008	0	2.1735	5.60099	0	1.45094	0	0	0	
17.78	0.337	0.103	-0.485998	0	2.18801	5.60099	0	1.45094	0	0	0	
17.79	0.337	0.103	-0.429586	0	2.20046	5.71528	0	0.865526	0	0	0	
17.8	0.337	0.103	-0.372433	0	2.20911	5.71528	0	0.865526	0	0	0	
17.81	0.337	0.103	-0.31528	0	2.21777	5.71528	0	0.865526	0	0	0	
17.82	0.337	0.103	-0.258127	0	2.22642	5.71528	0	0.865526	0	0	0	
17.83	0.337	0.103	-0.200787	0	2.23299	5.76859	0	0.272569	0	0	0	
17.84	0.337	0.103	-0.143101	0	2.23572	5.76859	0	0.272569	0	0	0	
17.85	0.337	0.103	-0.0854147	0	2.23844	5.76859	0	0.272569	0	0	0	
17.86	0.337	0.103	-0.0277288	0	2.24117	5.76859	0	0.272569	0	0	0	
17.87	0.337	0.103	0.0299292	0	2.2418	5.76066	0	-0.321616	0	0	0	
17.88	0.337	0.103	0.0875358	0	2.23858	5.76066	0	-0.321616	0	0	0	
17.89	0.337	0.103	0.145142	0	2.23537	5.76066	0	-0.321616	0	0	0	
17.9	0.337	0.103	0.202749	0	2.23215	5.76066	0	-0.321616	0	0	0	
17.91	0.337	0.103	0.260113	0	2.22686	5.69185	0	-0.910738	0	0	0	
17.92	0.337	0.103	0.317032	0	2.21775	5.69185	0	-0.910738	0	0	0	
17.93	0.337	0.103	0.37395	0	2.20865	5.69185	0	-0.910738	0	0	0	
17.94	0.337	0.103	0.430869	0	2.19954	5.69185	0	-0.910738	0	0	0	
17.95	0.337	0.103	0.487334	0	2.18839	5.56316	0	-1.48861	0	0	0	
17.96	0.337	0.103	0.542965	0	2.17351	5.56316	0	-1.48861	0	0	0	
17.97	0.337	0.103	0.598597	0	2.15862	5.56316	0	-1.48861	0	0	0	
17.98	0.337	0.103	0.654229	0	2.14374	5.56316	0	-1.48861	0	0	0	
17.99	0.337	0.103	0.709202	0	2.12687	5.37624	0	-2.04919	0	0	0	
18	0.337	0.103	0.762964	0	2.10638	5.37624	0	-2.04919	0	0	0	
18.01	0.337	0.103	0.816726	0	2.08589	5.37624	0	-2.04919	0	0	0	
18.02	0.337	0.103	0.870489	0	2.0654	5.37624	0	-2.04919	0	0	0	
18.03	0.337	0.103	0.923395	0	2.04301	5.13331	0	-2.58666	0	0	0	
18.04	0.337	0.103	0.974728	0	2.01715	5.13331	0	-2.58666	0	0	0	
18.05	0.337	0.103	1.02606	0	1.99128	5.13331	0	-2.58666	0	0	0	
18.06	0.337	0.103	1.07739	0	1.96541	5.13331	0	-2.58666	0	0	0	
18.07	0.337	0.103	1.12768	0	1.93775	4.83719	0	-3.0955	0	0	0	
18.08	0.337	0.103	1.17606	0	1.9068	4.83719	0	-3.0955	0	0	0	
18.09	0.337	0.103	1.22443	0	1.87584	4.83719	0	-3.0955	0	0	0	
18.1	0.337	0.103	1.2728	0	1.84489	4.83719	0	-3.0955	0	0	0	
18.11	0.337	0.103	1.31995	0	1.81226	4.49122	0	-3.57051	0	0	0	
18.12	0.337	0.103	1.36487	0	1.77656	4.49122	0	-3.57051	0	0	0	
18.13	0.337	0.103	1.40978	0	1.74085	4.49122	0	-3.57051	0	0	0	
18.14	0.337	0.103	1.45469	0	1.70515	4.49122	0	-3.57051	0	0	0	
18.15	0.337	0.103	1.49822	0	1.6679	4.09925	0	-4.00688	0	0	0	
18.16	0.337	0.103	1.53921	0	1.62783	4.09925	0	-4.00688	0	0	0	
18.17	0.337	0.103	1.58021	0	1.58777	4.09925	0	-4.00688	0	0	0	
18.18	0.337	0.103	1.6212	0	1.5477	4.09925	0	-4.00688	0	0	0	
18.19	0.337	0.103	1.66066	0	1.50624	3.66558	0	-4.40022	0	0	0	
18.2	0.337	0.103	1.69732	0	1.46224	3.66558	0	-4.40022	0	0	0	
18.21	0.337	0.103	1.73397	0	1.41824	3.66558	0	-4.40022	0	0	0	
18.22	0.337	0.103	1.77063	0	1.37424	3.66558	0	-4.40022	0	0	0	
18.23	0.337	0.103	1.80563	0	1.32901	3.19492	0	-4.74664	0	0	0	
18.24	0.337	0.103	1.83758	0	1.28155	3.19492	0	-4.74664	0	0	0	
18.25	0.337	0.103	1.86953	0	1.23408	3.19492	0	-4.74664	0	0	0	
18.26	0.337	0.103	1.90148	0	1.18661	3.19492	0	-4.74664	0	0	0	
18.27	0.337	0.103	1.93165	0	1.1381	2.69234	0	-5.04276	0	0	0	
18.28	0.337	0.103	1.95858	0	1.08768	2.69234	0	-5.04276	0	0	0	
18.29	0.337	0.103	1.9855	0	1.03725	2.69234	0	-5.04276	0	0	0	
18.3	0.337	0.103	2.01242	0	0.986821	2.69234	0	-5.04276	0	0	0	
18.31	0.337	0.103	2.03748	0	0.935537	2.16319	0	-5.28572	0	0	0	
18.32	0.337	0.103	2.05911	0	0.88268	2.16319	0	-5.28572	0	0	0	
18.33	0.337	0.103	2.08075	0	0.829823	2.16319	0	-5.28572	0	0	0	
18.34	0.337	0.103	2.10238	0	0.776965	2.16319	0	-5.28572	0	0	0	
18.35	0.337	0.103	2.12207	0	0.723447	1.61308	0	-5.47326	0	0	0	
18.36	0.337	0.103	2.1382	0	0.668715	1.61308	0	-5.47326	0	0	0	
18.37	0.337	0.103	2.15433	0	0.613982	1.61308	0	-5.47326	0	0	0	
18.38	0.337	0.103	2.17046	0	0.559249	1.61308	0	-5.47326	0	0	0	
18.39	0.337	0.103	2.1846	0	0.504057	1.04779	0	-5.60369	0	0	0	
18.4	0.337	0.103	2.19508	0	0.44802	1.04779	0	-5.60369	0	0	0	
18.41	0.337	0.103	2.20556	0	0.391983	1.04779	0	-5.60369	0	0	0	
18.42	0.337	0.103	2.21604	0	0.335946	1.04779	0	-5.60369	0	0	0	
18.43	0.337	0.103	2.22449	0	0.279655	0.473235	0	-5.67592	0	0	0	
18.44	0.337	0.103	2.22922	0	0.222896	0.473235	0	-5.67592	0	0	0	
18.45	0.337	0.103	2.23396	0	0.166136	0.473235	0	-5.67592	0	0	0	
18.46	0.337	0.103	2.23869	0	0.109377	0.473235	0	-5.67592	0	0	0	
18.47	0.337	0.103	2.24138	0	0.0525702	-0.104634	0	-5.68948	0	0	0	
18.48	0.337	0.103	2.24034	0	-0.00432458	-0.104634	0	-5.68948	0	0	0	
18.49	0.337	0.103	2.23929	0	-0.0612194	-0.104634	0	-5.68948	0	0	0	
18.5	0.337	0.103	2.23824	0	-0.118114	-0.104634	0	-5.68948	0	0	0	
18.51	0.337	0.103	2.23517	0	-0.17485	-0.679855	0	-5.64448	0	0	0	
18.52	0.337	0.103	2.22837	0	-0.231295	-0.679855	0	-5.64448	0	0	0	
18.53	0.337	0.103	2.22157	0	-0.28774	-0.679855	0	-5.64448	0	0	0	
18.54	0.337	0.103	2.21478	0	-0.344185	-0.679855	0	-5.64448	0	0	0	
18.55	0.337	0.103	2.20598	0	-0.400267	-1.24654	0	-5.54166	0	0	0	
18.56	0.337	0.103	2.19352	0	-0.455684	-1.24654	0	-5.54166	0	0	0	
18.57	0.337	0.103	2.18105	0	-0.5111	-1.24654	0	-5.54166	0	0	0	
18.58	0.337	0.103	2.16858	0	-0.566517	-1.24654	0	-5.54166	0	0	0	
18.59	0.337	0.103	2.15417	0	-0.621372	-1.79891	0	-5.38233	0	0	0	
18.6	0.337	0.103	2.13618	0	-0.675195	-1.79891	0	-5.38233	0	0	0	
18.61	0.337	0.103	2.11819	0	-0.729019	-1.79891	0	-5.38233	0	0	0	
18.62	0.337	0.103	2.10021	0	-0.782842	-1.79891	0	-5.38233	0	0	0	
18.63	0.337	0.103	2.08034	0	-0.835911	-2.33138	0	-5.16837	0	0	0	
18.64	0.337	0.103	2.05703	0	-0.887595	-2.33138	0	-5.16837	0	0	0	
18.65	0.337	0.103	2.03371	0	-0.939279	-2.33138	0	-5.16837	0	0	0	
18.66	0.337	0.103	2.0104	0	-0.990962	-2.33138	0	-5.16837	0	0	0	
18.67	0.337	0.103	1.9853	0	-1.04171	-2.83861	0	-4.90222	0	0	0	
18.68	0.337	0.103	1.95691	0	-1.09073	-2.83861	0	-4.90222	0	0	0	
18.69	0.337	0.103	1.92853	0	-1.13975	-2.83861	0	-4.90222	0	0	0	
18.7	0.337	0.103	1.90014	0	-1.18877	-2.83861	0	-4.90222	0	0	0	
18.71	0.337	0.103	1.87007	0	-1.23669	-3.31555	0	-4.58682	0	0	0	
18.72	0.337	0.103	1.83692	0	-1.28255	-3.31555	0	-4.58682	0	0	0	
18.73	0.337	0.103	1.80376	0	-1.32842	-3.31555	0	-4.58682	0	0	0	
18.74	0.337	0.103	1.77061	0	-1.37429	-3.31555	0	-4.58682	0	0	0	
18.75	0.337	0.103	1.73589	0	-1.41889	-3.75747	0	-4.2256	0	0	0	
18.76	0.337	0.103	1.69832	0	-1.46114	-3.75747	0	-4.2256	0	0	0	
18.77	0.337	0.103	1.66074	0	-1.5034	-3.75747	0	-4.2256	0	0	0	
18.78	0.337	0.103	1.62317	0	-1.54565	-3.75747	0	-4.2256	0	0	0	
18.79	0.337	0.103	1.58418	0	-1.58649	-4.16004	0	-3.82244	0	0	0	
18.8	0.337	0.103	1.54258	0	-1.62471	-4.16004	0	-3.82244	0	0	0	
18.81	0.337	0.103	1.50098	0	-1.66294	-4.16004	0	-3.82244	0	0	0	
18.82	0.337	0.103	1.45938	0	-1.70116	-4.16004	0	-3.82244	0	0	0	
18.83	0.337	0.103	1.41651	0	-1.73783	-4.51936	0	-3.38161	0	0	0	
18.84	0.337	0.103	1.37132	0	-1.77165	-4.51936	0	-3.38161	0	0	0	
18.85	0.337	0.103	1.32612	0	-1.80547	-4.51936	0	-3.38161	0	0	0	
18.86	0.337	0.103	1.28093	0	-1.83928	-4.51936	0	-3.38161	0	0	0	
18.87	0.337	0.103	1.23463	0	-1.87143	-4.83199	0	-2.90774	0	0	0	
18.88	0.337	0.103	1.18631	0	-1.90051	-4.83199	0	-2.90774	0	0	0	
18.89	0.337	0.103	1.13799	0	-1.92958	-4.83199	0	-2.90774	0	0	0	
18.9	0.337	0.103	1.08967	0	-1.95866	-4.83199	0	-2.90774	0	0	0	
18.91	0.337	0.103	1.04043	0	-1.98597	-5.09497	0	-2.40577	0	0	0	
18.92	0.337	0.103	0.989477	0	-2.01003	-5.09497	0	-2.40577	0	0	0	
18.93	0.337	0.103	0.938527	0	-2.03409	-5.09497	0	-2.40577	0	0	0	
18.94	0.337	0.103	0.887578	0	-2.05814	-5.09497	0	-2.40577	0	0	0	
18.95	0.337	0.103	0.835885	0	-2.08035	-5.30587	0	-1.88087	0	0	0	
18.96	0.337	0.103	0.782826	0	-2.09916	-5.30587	0	-1.88087	0	0	0	
18.97	0.337	0.103	0.729768	0	-2.11797	-5.30587	0	-1.88087	0	0	0	
18.98	0.337	0.103	0.676709	0	-2.13678	-5.30587	0	-1.88087	0	0	0	
18.99	0.337	0.103	0.623097	0	-2.15367	-5.4628	0	-1.33844	0	0	0	
19	0.337	0.103	0.568469	0	-2.16706	-5.4628	0	-1.33844	0	0	0	
19.01	0.337	0.103	0.513841	0	-2.18044	-5.4628	0	-1.33844	0	0	0	
19.02	0.337	0.103	0.459213	0	-2.19383	-5.4628	0	-1.33844	0	0	0	
19.03	0.337	0.103	0.404227	0	-2.20526	-5.56443	0	-0.783999	0	0	0	
19.04	0.337	0.103	0.348583	0	-2.2131	-5.56443	0	-0.783999	0	0	0	
19.05	0.337	0.103	0.292938	0	-2.22094	-5.56443	0	-0.783999	0	0	0	
19.06	0.337	0.103	0.237294	0	-2.22878	-5.56443	0	-0.783999	0	0	0	
19.07	0.337	0.103	0.181489	0	-2.23464	-5.60998	0	-0.223167	0	0	0	
19.08	0.337	0.103	0.125389	0	-2.23687	-5.60998	0	-0.223167	0	0	0	
19.09	0.337	0.103	0.0692894	0	-2.23911	-5.60998	0	-0.223167	0	0	0	
19.1	0.337	0.103	0.0131896	0	-2.24134	-5.60998	0	-0.223167	0	0	0	
19.11	0.337	0.103	-0.0428724	0	-2.24159	-5.59924	0	0.338415	0	0	0	
19.12	0.337	0.103	-0.0988648	0	-2.23821	-5.59924	0	0.338415	0	0	0	
19.13	0.337	0.103	-0.154857	0	-2.23482	-5.59924	0	0.338415	0	0	0	
19.14	0.337	0.103	-0.21085	0	-2.23144	-5.59924	0	0.338415	0	0	0	
19.15	0.337	0.103	-0.266607	0	-2.22609	-5.53257	0	0.89513	0	0	0	
19.16	0.337	0.103	-0.321933	0	-2.21714	-5.53257	0	0.89513	0	0	0	
19.17	0.337	0.103	-0.377258	0	-2.20819	-5.53257	0	0.89513	0	0	0	
19.18	0.337	0.103	-0.432584	0	-2.19924	-5.53257	0	0.89513	0	0	0	
19.19	0.337	0.103	-0.487481	0	-2.18836	-5.41087	0	1.44145	0	0	0	
19.2	0.337	0.103	-0.54159	0	-2.17395	-5.41087	0	1.44145	0	0	0	
19.21	0.337	0.103	-0.595698	0	-2.15953	-5.41087	0	1.44145	0	0	0	
19.22	0.337	0.103	-0.649807	0	-2.14512	-5.41087	0	1.44145	0	0	0	
19.23	0.337	0.103	-0.703298	0	-2.12883	-5.2356	0	1.97197	0	0	0	
19.24	0.337	0.103	-0.755654	0	-2.10911	-5.2356	0	1.97197	0	0	0	
19.25	0.337	0.103	-0.80801	0	-2.0894	-5.2356	0	1.97197	0	0	0	
19.26	0.337	0.103	-0.860366	0	-2.06968	-5.2356	0	1.97197	0	0	0	
19.27	0.337	0.103	-0.911923	0	-2.04816	-5.00874	0	2.48149	0	0	0	
19.28	0.337	0.103	-0.96201	0	-2.02335	-5.00874	0	2.48149	0	0	0	
19.29	0.337	0.103	-1.0121	0	-1.99853	-5.00874	0	2.48149	0	0	0	
19.3	0.337	0.103	-1.06219	0	-1.97372	-5.00874	0	2.48149	0	0	0	
19.31	0.337	0.103	-1.1113	0	-1.9472	-4.73277	0	2.96504	0	0	0	
19.32	0.337	0.103	-1.15863	0	-1.91755	-4.73277	0	2.96504	0	0	0	
19.33	0.337	0.103	-1.20596	0	-1.8879	-4.73277	0	2.96504	0	0	0	
19.34	0.337	0.103	-1.25328	0	-1.85825	-4.73277	0	2.96504	0	0	0	
19.35	0.337	0.103	-1.29948	0	-1.827	-4.41063	0	3.41795	0	0	0	
19.36	0.337	0.103	-1.34358	0	-1.79282	-4.41063	0	3.41795	0	0	0	
19.37	0.337	0.103	-1.38769	0	-1.75864	-4.41063	0	3.41795	0	0	0	
19.38	0.337	0.103	-1.43179	0	-1.72446	-4.41063	0	3.41795	0	0	0	
19.39	0.337	0.103	-1.47462	0	-1.68881	-4.04571	0	3.83588	0	0	0	
19.4	0.337	0.103	-1.51507	0	-1.65045	-4.04571	0	3.83588	0	0	0	
19.41	0.337	0.103	-1.55553	0	-1.61209	-4.04571	0	3.83588	0	0	0	
19.42	0.337	0.103	-1.59599	0	-1.57373	-4.04571	0	3.83588	0	0	0	
19.43	0.337	0.103	-1.63502	0	-1.53404	-3.6418	0	4.21484	0	0	0	
19.44	0.337	0.103	-1.67144	0	-1.49189	-3.6418	0	4.21484	0	0	0	
19.45	0.337	0.103	-1.70786	0	-1.44974	-3.6418	0	4.21484	0	0	0	
19.46	0.337	0.103	-1.74427	0	-1.40759	-3.6418	0	4.21484	0	0	0	
19.47	0.337	0.103	-1.77915	0	-1.36426	-3.20305	0	4.55128	0	0	0	
19.48	0.337	0.103	-1.81118	0	-1.31875	-3.20305	0	4.55128	0	0	0	
19.49	0.337	0.103	-1.84321	0	-1.27323	-3.20305	0	4.55128	0	0	0	
19.5	0.337	0.103	-1.87524	0	-1.22772	-3.20305	0	4.55128	0	0	0	
19.51	0.337	0.103	-1.90562	0	-1.18118	-2.73393	0	4.84206	0	0	0	
19.52	0.337	0.103	-1.93295	0	-1.13276	-2.73393	0	4.84206	0	0	0	
19.53	0.337	0.103	-1.96029	0	-1.08434	-2.73393	0	4.84206	0	0	0	
19.54	0.337	0.103	-1.98763	0	-1.03592	-2.73393	0	4.84206	0	0	0	
19.55	0.337	0.103	-2.01323	0	-0.986646	-2.23918	0	5.08453	0	0	0	
19.56	0.337	0.103	-2.03562	0	-0.935801	-2.23918	0	5.08453	0	0	0	
19.57	0.337	0.103	-2.05801	0	-0.884956	-2.23918	0	5.08453	0	0	0	
19.58	0.337	0.103	-2.0804	0	-0.83411	-2.23918	0	5.08453	0	0	0	
19.59	0.337	0.103	-2.10098	0	-0.782589	-1.72376	0	5.27652	0	0	0	
19.6	0.337	0.103	-2.11822	0	-0.729824	-1.72376	0	5.27652	0	0	0	
19.61	0.337	0.103	-2.13546	0	-0.677058	-1.72376	0	5.27652	0	0	0	
19.62	0.337	0.103	-2.15269	0	-0.624293	-1.72376	0	5.27652	0	0	0	
19.63	0.337	0.103	-2.16806	0	-0.571035	-1.19279	0	5.41636	0	0	0	
19.64	0.337	0.103	-2.17999	0	-0.516872	-1.19279	0	5.41636	0	0	0	
19.65	0.337	0.103	-2.19192	0	-0.462708	-1.19279	0	5.41636	0	0	0	
19.66	0.337	0.103	-2.20384	0	-0.408544	-1.19279	0	5.41636	0	0	0	
19.67	0.337	0.103	-2.21386	0	-0.354076	-0.651548	0	5.50293	0	0	0	
19.68	0.337	0.103	-2.22038	0	-0.299046	-0.651548	0	5.50293	0	0	0	
19.69	0.337	0.103	-2.2269	0	-0.244017	-0.651548	0	5.50293	0	0	0	
19.7	0.337	0.103	-2.23341	0	-0.188988	-0.651548	0	5.50293	0	0	0	
19.71	0.337	0.103	-2.238	0	-0.133843	-0.105344	0	5.53559	0	0	0	
19.72	0.337	0.103	-2.23905	0	-0.0784874	-0.105344	0	5.53559	0	0	0	
19.73	0.337	0.103	-2.24011	0	-0.0231315	-0.105344	0	5.53559	0	0	0	
19.74	0.337	0.103	-2.24116	0	0.0322244	-0.105344	0	5.53559	0	0	0	
19.75	0.337	0.103	-2.24029	0	0.0875053	0.44048	0	5.51427	0	0	0	
19.76	0.337	0.103	-2.23589	0	0.142648	0.44048	0	5.51427	0	0	0	
19.77	0.337	0.103	-2.23148	0	0.197791	0.44048	0	5.51427	0	0	0	
19.78	0.337	0.103	-2.22708	0	0.252933	0.44048	0	5.51427	0	0	0	
19.79	0.337	0.103	-2.22077	0	0.307812	0.980619	0	5.43941	0	0	0	
19.8	0.337	0.103	-2.21096	0	0.362206	0.980619	0	5.43941	0	0	0	
19.81	0.337	0.103	-2.20116	0	0.416601	0.980619	0	5.43941	0	0	0	
19.82	0.337	0.103	-2.19135	0	0.470995	0.980619	0	5.43941	0	0	0	
19.83	0.337	0.103	-2.17968	0	0.52494	1.50986	0	5.31195	0	0	0	
19.84	0.337	0.103	-2.16458	0	0.578059	1.50986	0	5.31195	0	0	0	
19.85	0.337	0.103	-2.14948	0	0.631179	1.50986	0	5.31195	0	0	0	
19.86	0.337	0.103	-2.13438	0	0.684298	1.50986	0	5.31195	0	0	0	
19.87	0.337	0.103	-2.11748	0	0.736788	2.02311	0	5.13336	0	0	0	
19.88	0.337	0.103	-2.09725	0	0.788122	2.02311	0	5.13336	0	0	0	
19.89	0.337	0.103	-2.07701	0	0.839455	2.02311	0	5.13336	0	0	0	
19.9	0.337	0.103	-2.05678	0	0.890789	2.02311	0	5.13336	0	0	0	
19.91	0.337	0.103	-2.03482	0	0.94132	2.51549	0	4.90558	0	0	0	
19.92	0.337	0.103	-2.00966	0	0.990376	2.51549	0	4.90558	0	0	0	
19.93	0.337	0.103	-1.98451	0	1.03943	2.51549	0	4.90558	0	0	0	
19.94	0.337	0.103	-1.95935	0	1.08849	2.51549	0	4.90558	0	0	0	
19.95	0.337	0.103	-1.93255	0	1.13658	2.98232	0	4.63103	0	0	0	
19.96	0.337	0.103	-1.90273	0	1.18289	2.98232	0	4.63103	0	0	0	
19.97	0.337	0.103	-1.87291	0	1.2292	2.98232	0	4.63103	0	0	0	
19.98	0.337	0.103	-1.84308	0	1.27551	2.98232	0	4.63103	0	0	0	
19.99	0.337	0.103	-1.81172	0	1.32069	3.41922	0	4.31254	0	0	0	
20	0.337	0.103	-1.77753	0	1.36382	3.41922	0	4.31254	0	0	0	
20.01	0.337	0.103	-1.74334	0	1.40695	3.41922	0	4.31254	0	0	0	
20.02	0.337	0.103	-1.70914	0	1.45007	3.41922	0	4.31254	0	0	0	
20.03	0.337	0.103	-1.67353	0	1.49193	3.82211	0	3.95337	0	0	0	
20.04	0.337	0.103	-1.63531	0	1.53146	3.82211	0	3.95337	0	0	0	
20.05	0.337	0.103	-1.59709	0	1.571	3.82211	0	3.95337	0	0	0	
20.06	0.337	0.103	-1.55887	0	1.61053	3.82211	0	3.95337	0	0	0	
20.07	0.337	0.103	-1.51936	0	1.64867	4.18727	0	3.55713	0	0	0	
20.08	0.337	0.103	-1.47749	0	1.68424	4.18727	0	3.55713	0	0	0	
20.09	0.337	0.103	-1.43561	0	1.71981	4.18727	0	3.55713	0	0	0	
20.1	0.337	0.103	-1.39374	0	1.75538	4.18727	0	3.55713	0	0	0	
20.11	0.337	0.103	-1.35073	0	1.78944	4.51135	0	3.1278	0	0	0	
20.12	0.337	0.103	-1.30561	0	1.82072	4.51135	0	3.1278	0	0	0	
20.13	0.337	0.103	-1.2605	0	1.852	4.51135	0	3.1278	0	0	0	
20.14	0.337	0.103	-1.21539	0	1.88328	4.51135	0	3.1278	0	0	0	
20.15	0.337	0.103	-1.16929	0	1.91294	4.79142	0	2.6696	0	0	0	
20.16	0.337	0.103	-1.12137	0	1.93963	4.79142	0	2.6696	0	0	0	
20.17	0.337	0.103	-1.07346	0	1.96633	4.79142	0	2.6696	0	0	0	
20.18	0.337	0.103	-1.02554	0	1.99303	4.79142	0	2.6696	0	0	0	
20.19	0.337	0.103	-0.976807	0	2.01802	5.02499	0	2.18706	0	0	0	
20.2	0.337	0.103	-0.926557	0	2.03989	5.02499	0	2.18706	0	0	0	
20.21	0.337	0.103	-0.876307	0	2.06176	5.02499	0	2.18706	0	0	0	
20.22	0.337	0.103	-0.826057	0	2.08363	5.02499	0	2.18706	0	0	0	
20.23	0.337	0.103	-0.775155	0	2.10373	5.21003	0	1.68486	0	0	0	
20.24	0.337	0.103	-0.723054	0	2.12058	5.21003	0	1.68486	0	0	0	
20.25	0.337	0.103	-0.670954	0	2.13743	5.21003	0	1.68486	0	0	0	
20.26	0.337	0.103	-0.618854	0	2.15428	5.21003	0	1.68486	0	0	0	
20.27	0.337	0.103	-0.566278	0	2.16931	5.34499	0	1.16788	0	0	0	
20.28	0.337	0.103	-0.512828	0	2.18099	5.34499	0	1.16788	0	0	0	
20.29	0.337	0.103	-0.459378	0	2.19266	5.34499	0	1.16788	0	0	0	
20.3	0.337	0.103	-0.405928	0	2.20434	5.34499	0	1.16788	0	0	0	
20.31	0.337	0.103	-0.352183	0	2.21417	5.42878	0	0.641097	0	0	0	
20.32	0.337	0.103	-0.297895	0	2.22058	5.42878	0	0.641097	0	0	0	
20.33	0.337	0.103	-0.243608	0	2.22699	5.42878	0	0.641097	0	0	0	
20.34	0.337	0.103	-0.18932	0	2.2334	5.42878	0	0.641097	0	0	0	
20.35	0.337	0.103	-0.134919	0	2.23794	5.46082	0	0.10955	0	0	0	
20.36	0.337	0.103	-0.0803109	0	2.23903	5.46082	0	0.10955	0	0	0	
20.37	0.337	0.103	-0.0257027	0	2.24013	5.46082	0	0.10955	0	0	0	
20.38	0.337	0.103	0.0289055	0	2.24122	5.46082	0	0.10955	0	0	0	
20.39	0.337	0.103	0.083444	0	2.24045	5.44104	0	-0.421703	0	0	0	
20.4	0.337	0.103	0.137854	0	2.23623	5.44104	0	-0.421703	0	0	0	
20.41	0.337	0.103	0.192265	0	2.23201	5.44104	0	-0.421703	0	0	0	
20.42	0.337	0.103	0.246675	0	2.2278	5.44104	0	-0.421703	0	0	0	
20.43	0.337	0.103	0.300834	0	2.22173	5.36982	0	-0.947637	0	0	0	
20.44	0.337	0.103	0.354533	0	2.21225	5.36982	0	-0.947637	0	0	0	
20.45	0.337	0.103	0.408231	0	2.20277	5.36982	0	-0.947637	0	0	0	
20.46	0.337	0.103	0.461929	0	2.1933	5.36982	0	-0.947637	0	0	0	
20.47	0.337	0.103	0.515198	0	2.182	5.24807	0	-1.46331	0	0	0	
20.48	0.337	0.103	0.567679	0	2.16737	5.24807	0	-1.46331	0	0	0	
20.49	0.337	0.103	0.62016	0	2.15274	5.24807	0	-1.46331	0	0	0	
20.5	0.337	0.103	0.67264	0	2.1381	5.24807	0	-1.46331	0	0	0	
20.51	0.337	0.103	0.724518	0	2.12171	5.07713	0	-1.96389	0	0	0	
20.52	0.337	0.103	0.77529	0	2.10207	5.07713	0	-1.96389	0	0	0	
20.53	0.337	0.103	0.826061	0	2.08243	5.07713	0	-1.96389	0	0	0	
20.54	0.337	0.103	0.876832	0	2.06279	5.07713	0	-1.96389	0	0	0	
20.55	0.337	0.103	0.926834	0	2.04146	4.85882	0	-2.44474	0	0	0	
20.56	0.337	0.103	0.975422	0	2.01701	4.85882	0	-2.44474	0	0	0	
20.57	0.337	0.103	1.02401	0	1.99256	4.85882	0	-2.44474	0	0	0	
20.58	0.337	0.103	1.0726	0	1.96811	4.85882	0	-2.44474	0	0	0	
20.59	0.337	0.103	1.12026	0	1.94206	4.59538	0	-2.90142	0	0	0	
20.6	0.337	0.103	1.16621	0	1.91304	4.59538	0	-2.90142	0	0	0	
20.61	0.337	0.103	1.21217	0	1.88403	4.59538	0	-2.90142	0	0	0	
20.62	0.337	0.103	1.25812	0	1.85501	4.59538	0	-2.90142	0	0	0	
20.63	0.337	0.103	1.303	0	1.82449	4.28949	0	-3.32975	0	0	0	
20.64	0.337	0.103	1.34589	0	1.79119	4.28949	0	-3.32975	0	0	0	
20.65	0.337	0.103	1.38879	0	1.7579	4.28949	0	-3.32975	0	0	0	
20.66	0.337	0.103	1.43168	0	1.7246	4.28949	0	-3.32975	0	0	0	
20.67	0.337	0.103	1.47336	0	1.6899	3.94417	0	-3.72582	0	0	0	
20.68	0.337	0.103	1.5128	0	1.65265	3.94417	0	-3.72582	0	0	0	
20.69	0.337	0.103	1.55224	0	1.61539	3.94417	0	-3.72582	0	0	0	
20.7	0.337	0.103	1.59168	0	1.57813	3.94417	0	-3.72582	0	0	0	
20.71	0.337	0.103	1.62978	0	1.5396	3.56282	0	-4.08607	0	0	0	
20.72	0.337	0.103	1.66541	0	1.49874	3.56282	0	-4.08607	0	0	0	
20.73	0.337	0.103	1.70104	0	1.45788	3.56282	0	-4.08607	0	0	0	
20.74	0.337	0.103	1.73667	0	1.41702	3.56282	0	-4.08607	0	0	0	
20.75	0.337	0.103	1.77084	0	1.37503	3.14915	0	-4.40728	0	0	0	
20.76	0.337	0.103	1.80233	0	1.33096	3.14915	0	-4.40728	0	0	0	
20.77	0.337	0.103	1.83382	0	1.28688	3.14915	0	-4.40728	0	0	0	
20.78	0.337	0.103	1.86531	0	1.24281	3.14915	0	-4.40728	0	0	0	
20.79	0.337	0.103	1.89524	0	1.19775	2.70714	0	-4.68661	0	0	0	
20.8	0.337	0.103	1.92232	0	1.15089	2.70714	0	-4.68661	0	0	0	
20.81	0.337	0.103	1.94939	0	1.10402	2.70714	0	-4.68661	0	0	0	
20.82	0.337	0.103	1.97646	0	1.05715	2.70714	0	-4.68661	0	0	0	
20.83	0.337	0.103	2.00189	0	1.00946	2.24103	0	-4.92165	0	0	0	
20.84	0.337	0.103	2.0243	0	0.960243	2.24103	0	-4.92165	0	0	0	
20.85	0.337	0.103	2.04671	0	0.911027	2.24103	0	-4.92165	0	0	0	
20.86	0.337	0.103	2.06912	0	0.86181	2.24103	0	-4.92165	0	0	0	
20.87	0.337	0.103	2.08982	0	0.811929	1.75525	0	-5.11039	0	0	0	
20.88	0.337	0.103	2.10737	0	0.760825	1.75525	0	-5.11039	0	0	0	
20.89	0.337	0.103	2.12492	0	0.709721	1.75525	0	-5.11039	0	0	0	
20.9	0.337	0.103	2.14247	0	0.658617	1.75525	0	-5.11039	0	0	0	
20.91	0.337	0.103	2.15826	0	0.607017	1.25437	0	-5.25126	0	0	0	
20.92	0.337	0.103	2.17081	0	0.554504	1.25437	0	-5.25126	0	0	0	
20.93	0.337	0.103	2.18335	0	0.501991	1.25437	0	-5.25126	0	0	0	
20.94	0.337	0.103	2.19589	0	0.449479	1.25437	0	-5.25126	0	0	0	
20.95	0.337	0.103	2.20664	0	0.396642	0.74311	0	-5.34316	0	0	0	
20.96	0.337	0.103	2.21407	0	0.343211	0.74311	0	-5.34316	0	0	0	
20.97	0.337	0.103	2.2215	0	0.289779	0.74311	0	-5.34316	0	0	0	
20.98	0.337	0.103	2.22893	0	0.236348	0.74311	0	-5.34316	0	0	0	
20.99	0.337	0.103	2.23454	0	0.182767	0.226227	0	-5.38544	0	0	0	
21	0.337	0.103	2.2368	0	0.128913	0.226227	0	-5.38544	0	0	0	
21.01	0.337	0.103	2.23906	0	0.0750583	0.226227	0	-5.38544	0	0	0	
21.02	0.337	0.103	2.24132	0	0.0212039	0.226227	0	-5.38544	0	0	0	
21.03	0.337	0.103	2.24176	0	-0.0326239	-0.291483	0	-5.3779	0	0	0	
21.04	0.337	0.103	2.23885	0	-0.0864029	-0.291483	0	-5.3779	0	0	0	
21.05	0.337	0.103	2.23593	0	-0.140182	-0.291483	0	-5.3779	0	0	0	
21.06	0.337	0.103	2.23302	0	-0.193961	-0.291483	0	-5.3779	0	0	0	
21.07	0.337	0.103	2.22829	0	-0.247539	-0.805245	0	-5.32083	0	0	0	
21.08	0.337	0.103	2.22024	0	-0.300747	-0.805245	0	-5.32083	0	0	0	
21.09	0.337	0.103	2.21219	0	-0.353955	-0.805245	0	-5.32083	0	0	0	
21.1	0.337	0.103	2.20414	0	-0.407164	-0.805245	0	-5.32083	0	0	0	
21.11	0.337	0.103	2.1943	0	-0.459999	-1.31035	0	-5.21494	0	0	0	
21.12	0.337	0.103	2.1812	0	-0.512148	-1.31035	0	-5.21494	0	0	0	
21.13	0.337	0.103	2.1681	0	-0.564298	-1.31035	0	-5.21494	0	0	0	
21.14	0.337	0.103	2.15499	0	-0.616447	-1.31035	0	-5.21494	0	0	0	
21.15	0.337	0.103	2.14016	0	-0.668055	-1.80219	0	-5.06141	0	0	0	
21.16	0.337	0.103	2.12213	0	-0.71867	-1.80219	0	-5.06141	0	0	0	
21.17	0.337	0.103	2.10411	0	-0.769284	-1.80219	0	-5.06141	0	0	0	
21.18	0.337	0.103	2.08609	0	-0.819898	-1.80219	0	-5.06141	0	0	0	
21.19	0.337	0.103	2.0664	0	-0.869809	-2.27631	0	-4.86184	0	0	0	
21.2	0.337	0.103	2.04363	0	-0.918427	-2.27631	0	-4.86184	0	0	0	
21.21	0.337	0.103	2.02087	0	-0.967045	-2.27631	0	-4.86184	0	0	0	
21.22	0.337	0.103	1.99811	0	-1.01566	-2.27631	0	-4.86184	0	0	0	
21.23	0.337	0.103	1.97375	0	-1.06342	-2.72844	0	-4.61824	0	0	0	
21.24	0.337	0.103	1.94647	0	-1.10961	-2.72844	0	-4.61824	0	0	0	
21.25	0.337	0.103	1.91918	0	-1.15579	-2.72844	0	-4.61824	0	0	0	
21.26	0.337	0.103	1.8919	0	-1.20197	-2.72844	0	-4.61824	0	0	0	
21.27	0.337	0.103	1.86311	0	-1.24715	-3.15454	0	-4.33301	0	0	0	
21.28	0.337	0.103	1.83157	0	-1.29048	-3.15454	0	-4.33301	0	0	0	
21.29	0.337	0.103	1.80002	0	-1.33381	-3.15454	0	-4.33301	0	0	0	
21.3	0.337	0.103	1.76848	0	-1.37714	-3.15454	0	-4.33301	0	0	0	
21.31	0.337	0.103	1.73553	0	-1.41933	-3.55083	0	-4.00893	0	0	0	
21.32	0.337	0.103	1.70003	0	-1.45942	-3.55083	0	-4.00893	0	0	0	
21.33	0.337	0.103	1.66452	0	-1.49951	-3.55083	0	-4.00893	0	0	0	
21.34	0.337	0.103	1.62901	0	-1.53959	-3.55083	0	-4.00893	0	0	0	
21.35	0.337	0.103	1.59222	0	-1.57842	-3.9138	0	-3.6491	0	0	0	
21.36	0.337	0.103	1.55308	0	-1.61491	-3.9138	0	-3.6491	0	0	0	
21.37	0.337	0.103	1.51395	0	-1.6514	-3.9138	0	-3.6491	0	0	0	
21.38	0.337	0.103	1.47481	0	-1.68789	-3.9138	0	-3.6491	0	0	0	
21.39	0.337	0.103	1.43452	0	-1.723	-4.2403	0	-3.25695	0	0	0	
21.4	0.337	0.103	1.39212	0	-1.75557	-4.2403	0	-3.25695	0	0	0	
21.41	0.337	0.103	1.34971	0	-1.78814	-4.2403	0	-3.25695	0	0	0	
21.42	0.337	0.103	1.30731	0	-1.82071	-4.2403	0	-3.25695	0	0	0	
21.43	0.337	0.103	1.26389	0	-1.85179	-4.5275	0	-2.83615	0	0	0	
21.44	0.337	0.103	1.21862	0	-1.88015	-4.5275	0	-2.83615	0	0	0	
21.45	0.337	0.103	1.17334	0	-1.90852	-4.5275	0	-2.83615	0	0	0	
21.46	0.337	0.103	1.12807	0	-1.93688	-4.5275	0	-2.83615	0	0	0	
21.47	0.337	0.103	1.08193	0	-1.96367	-4.77297	0	-2.39065	0	0	0	
21.48	0.337	0.103	1.0342	0	-1.98757	-4.77297	0	-2.39065	0	0	0	
21.49	0.337	0.103	0.98647	0	-2.01148	-4.77297	0	-2.39065	0	0	0	
21.5	0.337	0.103	0.93874	0	-2.03539	-4.77297	0	-2.39065	0	0	0	
21.51	0.337	0.103	0.8903	0	-2.05765	-4.97463	0	-1.92457	0	0	0	
21.52	0.337	0.103	0.840553	0	-2.0769	-4.97463	0	-1.92457	0	0	0	
21.53	0.337	0.103	0.790807	0	-2.09614	-4.97463	0	-1.92457	0	0	0	
21.54	0.337	0.103	0.741061	0	-2.11539	-4.97463	0	-1.92457	0	0	0	
21.55	0.337	0.103	0.690764	0	-2.13293	-5.13084	0	-1.4422	0	0	0	
21.56	0.337	0.103	0.639455	0	-2.14736	-5.13084	0	-1.4422	0	0	0	
21.57	0.337	0.103	0.588147	0	-2.16178	-5.13084	0	-1.4422	0	0	0	
21.58	0.337	0.103	0.536839	0	-2.1762	-5.13084	0	-1.4422	0	0	0	
21.59	0.337	0.103	0.485144	0	-2.18888	-5.24038	0	-0.947978	0	0	0	
21.6	0.337	0.103	0.43274	0	-2.19836	-5.24038	0	-0.947978	0	0	0	
21.61	0.337	0.103	0.380336	0	-2.20784	-5.24038	0	-0.947978	0	0	0	
21.62	0.337	0.103	0.327933	0	-2.21732	-5.24038	0	-0.947978	0	0	0	
21.63	0.337	0.103	0.27531	0	-2.22503	-5.30245	0	-0.446389	0	0	0	
21.64	0.337	0.103	0.222286	0	-2.2295	-5.30245	0	-0.446389	0	0	0	
21.65	0.337	0.103	0.169261	0	-2.23396	-5.30245	0	-0.446389	0	0	0	
21.66	0.337	0.103	0.116237	0	-2.23842	-5.30245	0	-0.446389	0	0	0	
21.67	0.337	0.103	0.063162	0	-2.24111	-5.31666	0	0.0580225	0	0	0	
21.68	0.337	0.103	0.00999536	0	-2.24053	-5.31666	0	0.0580225	0	0	0	
21.69	0.337	0.103	-0.0431713	0	-2.23995	-5.31666	0	0.0580225	0	0	0	
21.7	0.337	0.103	-0.0963379	0	-2.23937	-5.31666	0	0.0580225	0	0	0	
21.71	0.337	0.103	-0.149386	0	-2.23702	-5.28309	0	0.560715	0	0	0	
21.72	0.337	0.103	-0.202217	0	-2.23141	-5.28309	0	0.560715	0	0	0	
21.73	0.337	0.103	-0.255048	0	-2.2258	-5.28309	0	0.560715	0	0	0	
21.74	0.337	0.103	-0.307879	0	-2.2202	-5.28309	0	0.560715	0	0	0	
21.75	0.337	0.103	-0.360425	0	-2.21284	-5.20223	0	1.05719	0	0	0	
21.76	0.337	0.103	-0.412447	0	-2.20227	-5.20223	0	1.05719	0	0	0	
21.77	0.337	0.103	-0.46447	0	-2.1917	-5.20223	0	1.05719	0	0	0	
21.78	0.337	0.103	-0.516492	0	-2.18112	-5.20223	0	1.05719	0	0	0	
21.79	0.337	0.103	-0.568066	0	-2.16884	-5.07498	0	1.54302	0	0	0	
21.8	0.337	0.103	-0.618815	0	-2.15341	-5.07498	0	1.54302	0	0	0	
21.81	0.337	0.103	-0.669565	0	-2.13798	-5.07498	0	1.54302	0	0	0	
21.82	0.337	0.103	-0.720315	0	-2.12255	-5.07498	0	1.54302	0	0	0	
21.83	0.337	0.103	-0.770458	0	-2.10546	-4.90267	0	2.01391	0	0	0	
21.84	0.337	0.103	-0.819484	0	-2.08532	-4.90267	0	2.01391	0	0	0	
21.85	0.337	0.103	-0.868511	0	-2.06518	-4.90267	0	2.01391	0	0	0	
21.86	0.337	0.103	-0.917538	0	-2.04504	-4.90267	0	2.01391	0	0	0	
21.87	0.337	0.103	-0.965804	0	-2.02331	-4.687	0	2.46571	0	0	0	
21.88	0.337	0.103	-1.01267	0	-1.99865	-4.687	0	2.46571	0	0	0	
21.89	0.337	0.103	-1.05954	0	-1.974	-4.687	0	2.46571	0	0	0	
21.9	0.337	0.103	-1.10641	0	-1.94934	-4.687	0	2.46571	0	0	0	
21.91	0.337	0.103	-1.15238	0	-1.92317	-4.43008	0	2.89448	0	0	0	
21.92	0.337	0.103	-1.19668	0	-1.89423	-4.43008	0	2.89448	0	0	0	
21.93	0.337	0.103	-1.24098	0	-1.86528	-4.43008	0	2.89448	0	0	0	
21.94	0.337	0.103	-1.28528	0	-1.83634	-4.43008	0	2.89448	0	0	0	
21.95	0.337	0.103	-1.32854	0	-1.80598	-4.13435	0	3.29649	0	0	0	
21.96	0.337	0.103	-1.36988	0	-1.77301	-4.13435	0	3.29649	0	0	0	
21.97	0.337	0.103	-1.41123	0	-1.74005	-4.13435	0	3.29649	0	0	0	
21.98	0.337	0.103	-1.45257	0	-1.70708	-4.13435	0	3.29649	0	0	0	
21.99	0.337	0.103	-1.49274	0	-1.67281	-3.80259	0	3.66827	0	0	0	
22	0.337	0.103	-1.53077	0	-1.63612	-3.80259	0	3.66827	0	0	0	
22.01	0.337	0.103	-1.5688	0	-1.59944	-3.80259	0	3.66827	0	0	0	
22.02	0.337	0.103	-1.60682	0	-1.56276	-3.80259	0	3.66827	0	0	0	
22.03	0.337	0.103	-1.64356	0	-1.52488	-3.43788	0	4.00664	0	0	0	
22.04	0.337	0.103	-1.67794	0	-1.48482	-3.43788	0	4.00664	0	0	0	
22.05	0.337	0.103	-1.71232	0	-1.44475	-3.43788	0	4.00664	0	0	0	
22.06	0.337	0.103	-1.7467	0	-1.40468	-3.43788	0	4.00664	0	0	0	
22.07	0.337	0.103	-1.77969	0	-1.36355	-3.04358	0	4.30874	0	0	0	
22.08	0.337	0.103	-1.81012	0	-1.32046	-3.04358	0	4.30874	0	0	0	
22.09	0.337	0.103	-1.84056	0	-1.27738	-3.04358	0	4.30874	0	0	0	
22.1	0.337	0.103	-1.871	0	-1.23429	-3.04358	0	4.30874	0	0	0	
22.11	0.337	0.103	-1.89995	0	-1.19027	-2.6233	0	4.57204	0	0	0	
22.12	0.337	0.103	-1.92618	0	-1.14455	-2.6233	0	4.57204	0	0	0	
22.13	0.337	0.103	-1.95242	0	-1.09883	-2.6233	0	4.57204	0	0	0	
22.14	0.337	0.103	-1.97865	0	-1.05311	-2.6233	0	4.57204	0	0	0	
22.15	0.337	0.103	-2.00332	0	-1.00661	-2.18083	0	4.79436	0	0	0	
22.16	0.337	0.103	-2.02513	0	-0.958665	-2.18083	0	4.79436	0	0	0	
22.17	0.337	0.103	-2.04694	0	-0.910722	-2.18083	0	4.79436	0	0	0	
22.18	0.337	0.103	-2.06875	0	-0.862778	-2.18083	0	4.79436	0	0	0	
22.19	0.337	0.103	-2.08893	0	-0.814202	-1.72018	0	4.97391	0	0	0	
22.2	0.337	0.103	-2.10613	0	-0.764463	-1.72018	0	4.97391	0	0	0	
22.21	0.337	0.103	-2.12334	0	-0.714724	-1.72018	0	4.97391	0	0	0	
22.22	0.337	0.103	-2.14054	0	-0.664984	-1.72018	0	4.97391	0	0	0	
22.23	0.337	0.103	-2.15607	0	-0.614768	-1.24546	0	5.10927	0	0	0	
22.24	0.337	0.103	-2.16852	0	-0.563675	-1.24546	0	5.10927	0	0	0	
22.25	0.337	0.103	-2.18098	0	-0.512583	-1.24546	0	5.10927	0	0	0	
22.26	0.337	0.103	-2.19343	0	-0.46149	-1.24546	0	5.10927	0	0	0	
22.27	0.337	0.103	-2.20418	0	-0.41008	-0.760904	0	5.19942	0	0	0	
22.28	0.337	0.103	-2.21179	0	-0.358085	-0.760904	0	5.19942	0	0	0	
22.29	0.337	0.103	-2.2194	0	-0.306091	-0.760904	0	5.19942	0	0	0	
22.3	0.337	0.103	-2.227	0	-0.254097	-0.760904	0	5.19942	0	0	0	
22.31	0.337	0.103	-2.23289	0	-0.201947	-0.270794	0	5.24375	0	0	0	
22.32	0.337	0.103	-2.23559	0	-0.149509	-0.270794	0	5.24375	0	0	0	
22.33	0.337	0.103	-2.2383	0	-0.0970716	-0.270794	0	5.24375	0	0	0	
22.34	0.337	0.103	-2.24101	0	-0.0446341	-0.270794	0	5.24375	0	0	0	
22.35	0.337	0.103	-2.24199	0	0.00779733	0.220553	0	5.24204	0	0	0	
22.36	0.337	0.103	-2.23978	0	0.0602177	0.220553	0	5.24204	0	0	0	
22.37	0.337	0.103	-2.23758	0	0.112638	0.220553	0	5.24204	0	0	0	
22.38	0.337	0.103	-2.23537	0	0.165058	0.220553	0	5.24204	0	0	0	
22.39	0.337	0.103	-2.23144	0	0.217311	0.708834	0	5.19449	0	0	0	
22.4	0.337	0.103	-2.22436	0	0.269256	0.708834	0	5.19449	0	0	0	
22.41	0.337	0.103	-2.21727	0	0.321201	0.708834	0	5.19449	0	0	0	
22.42	0.337	0.103	-2.21018	0	0.373146	0.708834	0	5.19449	0	0	0	
22.43	0.337	0.103	-2.20139	0	0.424764	1.1898	0	5.10168	0	0	0	
22.44	0.337	0.103	-2.1895	0	0.475781	1.1898	0	5.10168	0	0	0	
22.45	0.337	0.103	-2.1776	0	0.526797	1.1898	0	5.10168	0	0	0	
22.46	0.337	0.103	-2.1657	0	0.577814	1.1898	0	5.10168	0	0	0	
22.47	0.337	0.103	-2.15215	0	0.628348	1.65928	0	4.96461	0	0	0	
22.48	0.337	0.103	-2.13556	0	0.677994	1.65928	0	4.96461	0	0	0	
22.49	0.337	0.103	-2.11896	0	0.72764	1.65928	0	4.96461	0	0	0	
22.5	0.337	0.103	-2.10237	0	0.777286	1.65928	0	4.96461	0	0	0	
22.51	0.337	0.103	-2.08418	0	0.826298	2.11323	0	4.78464	0	0	0	
22.52	0.337	0.103	-2.06305	0	0.874145	2.11323	0	4.78464	0	0	0	
22.53	0.337	0.103	-2.04191	0	0.921991	2.11323	0	4.78464	0	0	0	
22.54	0.337	0.103	-2.02078	0	0.969837	2.11323	0	4.78464	0	0	0	
22.55	0.337	0.103	-1.99812	0	1.0169	2.54777	0	4.56349	0	0	0	
22.56	0.337	0.103	-1.97264	0	1.06254	2.54777	0	4.56349	0	0	0	
22.57	0.337	0.103	-1.94716	0	1.10817	2.54777	0	4.56349	0	0	0	
22.58	0.337	0.103	-1.92168	0	1.15381	2.54777	0	4.56349	0	0	0	
22.59	0.337	0.103	-1.89476	0	1.19853	2.95921	0	4.30323	0	0	0	
22.6	0.337	0.103	-1.86516	0	1.24156	2.95921	0	4.30323	0	0	0	
22.61	0.337	0.103	-1.83557	0	1.28459	2.95921	0	4.30323	0	0	0	
22.62	0.337	0.103	-1.80598	0	1.32762	2.95921	0	4.30323	0	0	0	
22.63	0.337	0.103	-1.77503	0	1.36961	3.34405	0	4.00629	0	0	0	
22.64	0.337	0.103	-1.74159	0	1.40967	3.34405	0	4.00629	0	0	0	
22.65	0.337	0.103	-1.70815	0	1.44974	3.34405	0	4.00629	0	0	0	
22.66	0.337	0.103	-1.67471	0	1.4898	3.34405	0	4.00629	0	0	0	
22.67	0.337	0.103	-1.64002	0	1.52869	3.69908	0	3.67536	0	0	0	
22.68	0.337	0.103	-1.60303	0	1.56545	3.69908	0	3.67536	0	0	0	
22.69	0.337	0.103	-1.56604	0	1.6022	3.69908	0	3.67536	0	0	0	
22.7	0.337	0.103	-1.52904	0	1.63896	3.69908	0	3.67536	0	0	0	
22.71	0.337	0.103	-1.49092	0	1.67443	4.02134	0	3.31343	0	0	0	
22.72	0.337	0.103	-1.4507	0	1.70757	4.02134	0	3.31343	0	0	0	
22.73	0.337	0.103	-1.41049	0	1.7407	4.02134	0	3.31343	0	0	0	
22.74	0.337	0.103	-1.37028	0	1.77384	4.02134	0	3.31343	0	0	0	
22.75	0.337	0.103	-1.32905	0	1.8056	4.30818	0	2.92375	0	0	0	
22.76	0.337	0.103	-1.28597	0	1.83483	4.30818	0	2.92375	0	0	0	
22.77	0.337	0.103	-1.24289	0	1.86407	4.30818	0	2.92375	0	0	0	
22.78	0.337	0.103	-1.19981	0	1.89331	4.30818	0	2.92375	0	0	0	
22.79	0.337	0.103	-1.15585	0	1.92109	4.55726	0	2.50977	0	0	0	
22.8	0.337	0.103	-1.11028	0	1.94619	4.55726	0	2.50977	0	0	0	
22.81	0.337	0.103	-1.0647	0	1.97128	4.55726	0	2.50977	0	0	0	
22.82	0.337	0.103	-1.01913	0	1.99638	4.55726	0	2.50977	0	0	0	
22.83	0.337	0.103	-0.972821	0	2.01995	4.76657	0	2.07514	0	0	0	
22.84	0.337	0.103	-0.925155	0	2.0407	4.76657	0	2.07514	0	0	0	
22.85	0.337	0.103	-0.877489	0	2.06145	4.76657	0	2.07514	0	0	0	
22.86	0.337	0.103	-0.829823	0	2.0822	4.76657	0	2.07514	0	0	0	
22.87	0.337	0.103	-0.781566	0	2.10136	4.93448	0	1.62369	0	0	0	
22.88	0.337	0.103	-0.732221	0	2.1176	4.93448	0	1.62369	0	0	0	
22.89	0.337	0.103	-0.682876	0	2.13383	4.93448	0	1.62369	0	0	0	
22.9	0.337	0.103	-0.633531	0	2.15007	4.93448	0	1.62369	0	0	0	
22.91	0.337	0.103	-0.583745	0	2.16467	5.05971	0	1.15934	0	0	0	
22.92	0.337	0.103	-0.533148	0	2.17627	5.05971	0	1.15934	0	0	0	
22.93	0.337	0.103	-0.482551	0	2.18786	5.05971	0	1.15934	0	0	0	
22.94	0.337	0.103	-0.431954	0	2.19945	5.05971	0	1.15934	0	0	0	
22.95	0.337	0.103	-0.381069	0	2.20938	5.14133	0	0.686112	0	0	0	
22.96	0.337	0.103	-0.329656	0	2.21624	5.14133	0	0.686112	0	0	0	
22.97	0.337	0.103	-0.278243	0	2.2231	5.14133	0	0.686112	0	0	0	
22.98	0.337	0.103	-0.226829	0	2.22996	5.14133	0	0.686112	0	0	0	
22.99	0.337	0.103	-0.175284	0	2.23514	5.17881	0	0.208091	0	0	0	
23	0.337	0.103	-0.123496	0	2.23722	5.17881	0	0.208091	0	0	0	
23.01	0.337	0.103	-0.0717078	0	2.2393	5.17881	0	0.208091	0	0	0	
23.02	0.337	0.103	-0.0199197	0	2.24138	5.17881	0	0.208091	0	0	0	
23.03	0.337	0.103	0.0318445	0	2.24177	5.17201	0	-0.270628	0	0	0	
23.04	0.337	0.103	0.0835646	0	2.23907	5.17201	0	-0.270628	0	0	0	
23.05	0.337	0.103	0.135285	0	2.23636	5.17201	0	-0.270628	0	0	0	
23.06	0.337	0.103	0.187005	0	2.23366	5.17201	0	-0.270628	0	0	0	
23.07	0.337	0.103	0.238546	0	2.22927	5.12115	0	-0.745961	0	0	0	
23.08	0.337	0.103	0.289757	0	2.22181	5.12115	0	-0.745961	0	0	0	
23.09	0.337	0.103	0.340969	0	2.21435	5.12115	0	-0.745961	0	0	0	
23.1	0.337	0.103	0.39218	0	2.20689	5.12115	0	-0.745961	0	0	0	
23.11	0.337	0.103	0.443059	0	2.19779	5.02682	0	-1.21388	0	0	0	
23.12	0.337	0.103	0.493328	0	2.18565	5.02682	0	-1.21388	0	0	0	
23.13	0.337	0.103	0.543596	0	2.17351	5.02682	0	-1.21388	0	0	0	
23.14	0.337	0.103	0.593864	0	2.16137	5.02682	0	-1.21388	0	0	0	
23.15	0.337	0.103	0.64365	0	2.14762	4.88999	0	-1.67043	0	0	0	
23.16	0.337	0.103	0.69255	0	2.13092	4.88999	0	-1.67043	0	0	0	
23.17	0.337	0.103	0.74145	0	2.11421	4.88999	0	-1.67043	0	0	0	
23.18	0.337	0.103	0.79035	0	2.09751	4.88999	0	-1.67043	0	0	0	
23.19	0.337	0.103	0.838622	0	2.07925	4.71198	0	-2.11178	0	0	0	
23.2	0.337	0.103	0.885742	0	2.05813	4.71198	0	-2.11178	0	0	0	
23.21	0.337	0.103	0.932862	0	2.03701	4.71198	0	-2.11178	0	0	0	
23.22	0.337	0.103	0.979982	0	2.0159	4.71198	0	-2.11178	0	0	0	
23.23	0.337	0.103	1.02633	0	1.99329	4.49445	0	-2.53425	0	0	0	
23.24	0.337	0.103	1.07128	0	1.96795	4.49445	0	-2.53425	0	0	0	
23.25	0.337	0.103	1.11622	0	1.9426	4.49445	0	-2.53425	0	0	0	
23.26	0.337	0.103	1.16117	0	1.91726	4.49445	0	-2.53425	0	0	0	
23.27	0.337	0.103	1.20521	0	1.89051	4.23939	0	-2.93434	0	0	0	
23.28	0.337	0.103	1.24761	0	1.86117	4.23939	0	-2.93434	0	0	0	
23.29	0.337	0.103	1.29	0	1.83182	4.23939	0	-2.93434	0	0	0	
23.3	0.337	0.103	1.3324	0	1.80248	4.23939	0	-2.93434	0	0	0	
23.31	0.337	0.103	1.37377	0	1.77182	3.94909	0	-3.30876	0	0	0	
23.32	0.337	0.103	1.41326	0	1.73873	3.94909	0	-3.30876	0	0	0	
23.33	0.337	0.103	1.45275	0	1.70564	3.94909	0	-3.30876	0	0	0	
23.34	0.337	0.103	1.49224	0	1.67255	3.94909	0	-3.30876	0	0	0	
23.35	0.337	0.103	1.53059	0	1.63825	3.62613	0	-3.65443	0	0	0	
23.36	0.337	0.103	1.56685	0	1.6017	3.62613	0	-3.65443	0	0	0	
23.37	0.337	0.103	1.60311	0	1.56516	3.62613	0	-3.65443	0	0	0	
23.38	0.337	0.103	1.63938	0	1.52861	3.62613	0	-3.65443	0	0	0	
23.39	0.337	0.103	1.67439	0	1.49096	3.27336	0	-3.96856	0	0	0	
23.4	0.337	0.103	1.70713	0	1.45128	3.27336	0	-3.96856	0	0	0	
23.41	0.337	0.103	1.73986	0	1.41159	3.27336	0	-3.96856	0	0	0	
23.42	0.337	0.103	1.77259	0	1.37191	3.27336	0	-3.96856	0	0	0	
23.43	0.337	0.103	1.80399	0	1.33123	2.89385	0	-4.24861	0	0	0	
23.44	0.337	0.103	1.83293	0	1.28875	2.89385	0	-4.24861	0	0	0	
23.45	0.337	0.103	1.86187	0	1.24626	2.89385	0	-4.24861	0	0	0	
23.46	0.337	0.103	1.89081	0	1.20377	2.89385	0	-4.24861	0	0	0	
23.47	0.337	0.103	1.91832	0	1.16043	2.49088	0	-4.49238	0	0	0	
23.48	0.337	0.103	1.94323	0	1.11551	2.49088	0	-4.49238	0	0	0	
23.49	0.337	0.103	1.96814	0	1.07058	2.49088	0	-4.49238	0	0	0	
23.5	0.337	0.103	1.99305	0	1.02566	2.49088	0	-4.49238	0	0	0	
23.51	0.337	0.103	2.01647	0	0.98001	2.06792	0	-4.69794	0	0	0	
23.52	0.337	0.103	2.03715	0	0.93303	2.06792	0	-4.69794	0	0	0	
23.53	0.337	0.103	2.05783	0	0.886051	2.06792	0	-4.69794	0	0	0	
23.54	0.337	0.103	2.07851	0	0.839072	2.06792	0	-4.69794	0	0	0	
23.55	0.337	0.103	2.09764	0	0.791508	1.62858	0	-4.86371	0	0	0	
23.56	0.337	0.103	2.11392	0	0.742871	1.62858	0	-4.86371	0	0	0	
23.57	0.337	0.103	2.13021	0	0.694234	1.62858	0	-4.86371	0	0	0	
23.58	0.337	0.103	2.14649	0	0.645597	1.62858	0	-4.86371	0	0	0	
23.59	0.337	0.103	2.16119	0	0.59652	1.1766	0	-4.98847	0	0	0	
23.6	0.337	0.103	2.17295	0	0.546635	1.1766	0	-4.98847	0	0	0	
23.61	0.337	0.103	2.18472	0	0.49675	1.1766	0	-4.98847	0	0	0	
23.62	0.337	0.103	2.19648	0	0.446866	1.1766	0	-4.98847	0	0	0	
23.63	0.337	0.103	2.20663	0	0.396689	0.715804	0	-5.0713	0	0	0	
23.64	0.337	0.103	2.21378	0	0.345976	0.715804	0	-5.0713	0	0	0	
23.65	0.337	0.103	2.22094	0	0.295263	0.715804	0	-5.0713	0	0	0	
23.66	0.337	0.103	2.2281	0	0.24455	0.715804	0	-5.0713	0	0	0	
23.67	0.337	0.103	2.23362	0	0.193695	0.250054	0	-5.11169	0	0	0	
23.68	0.337	0.103	2.23612	0	0.142578	0.250054	0	-5.11169	0	0	0	
23.69	0.337	0.103	2.23862	0	0.0914608	0.250054	0	-5.11169	0	0	0	
23.7	0.337	0.103	2.24112	0	0.0403438	0.250054	0	-5.11169	0	0	0	
23.71	0.337	0.103	2.24197	0	-0.0107652	-0.216753	0	-5.10945	0	0	0	
23.72	0.337	0.103	2.23981	0	-0.0618597	-0.216753	0	-5.10945	0	0	0	
23.73	0.337	0.103	2.23764	0	-0.112954	-0.216753	0	-5.10945	0	0	0	
23.74	0.337	0.103	2.23547	0	-0.164049	-0.216753	0	-5.10945	0	0	0	
23.75	0.337	0.103	2.23167	0	-0.214986	-0.680732	0	-5.06476	0	0	0	
23.76	0.337	0.103	2.22486	0	-0.265633	-0.680732	0	-5.06476	0	0	0	
23.77	0.337	0.103	2.21805	0	-0.316281	-0.680732	0	-5.06476	0	0	0	
23.78	0.337	0.103	2.21125	0	-0.366928	-0.680732	0	-5.06476	0	0	0	
23.79	0.337	0.103	2.20283	0	-0.417271	-1.13804	0	-4.97813	0	0	0	
23.8	0.337	0.103	2.19145	0	-0.467052	-1.13804	0	-4.97813	0	0	0	
23.81	0.337	0.103	2.18007	0	-0.516833	-1.13804	0	-4.97813	0	0	0	
23.82	0.337	0.103	2.16869	0	-0.566615	-1.13804	0	-4.97813	0	0	0	
23.83	0.337	0.103	2.15573	0	-0.615946	-1.58492	0	-4.85044	0	0	0	
23.84	0.337	0.103	2.13988	0	-0.66445	-1.58492	0	-4.85044	0	0	0	
23.85	0.337	0.103	2.12403	0	-0.712955	-1.58492	0	-4.85044	0	0	0	
23.86	0.337	0.103	2.10818	0	-0.761459	-1.58492	0	-4.85044	0	0	0	
23.87	0.337	0.103	2.09081	0	-0.809373	-2.01771	0	-4.68291	0	0	0	
23.88	0.337	0.103	2.07063	0	-0.856202	-2.01771	0	-4.68291	0	0	0	
23.89	0.337	0.103	2.05045	0	-0.903031	-2.01771	0	-4.68291	0	0	0	
23.9	0.337	0.103	2.03028	0	-0.94986	-2.01771	0	-4.68291	0	0	0	
23.91	0.337	0.103	2.00864	0	-0.995964	-2.43289	0	-4.47705	0	0	0	
23.92	0.337	0.103	1.98431	0	-1.04073	-2.43289	0	-4.47705	0	0	0	
23.93	0.337	0.103	1.95998	0	-1.0855	-2.43289	0	-4.47705	0	0	0	
23.94	0.337	0.103	1.93565	0	-1.13028	-2.43289	0	-4.47705	0	0	0	
23.95	0.337	0.103	1.90993	0	-1.17419	-2.82708	0	-4.2347	0	0	0	
23.96	0.337	0.103	1.88166	0	-1.21654	-2.82708	0	-4.2347	0	0	0	
23.97	0.337	0.103	1.85339	0	-1.25889	-2.82708	0	-4.2347	0	0	0	
23.98	0.337	0.103	1.82512	0	-1.30123	-2.82708	0	-4.2347	0	0	0	
23.99	0.337	0.103	1.79554	0	-1.3426	-3.19713	0	-3.958	0	0	0	
24	0.337	0.103	1.76357	0	-1.38218	-3.19713	0	-3.958	0	0	0	
24.01	0.337	0.103	1.7316	0	-1.42176	-3.19713	0	-3.958	0	0	0	
24.02	0.337	0.103	1.69963	0	-1.46134	-3.19713	0	-3.958	0	0	0	
24.03	0.337	0.103	1.66645	0	-1.49984	-3.54008	0	-3.64934	0	0	0	
24.04	0.337	0.103	1.63105	0	-1.53633	-3.54008	0	-3.64934	0	0	0	
24.05	0.337	0.103	1.59565	0	-1.57282	-3.54008	0	-3.64934	0	0	0	
24.06	0.337	0.103	1.56025	0	-1.60932	-3.54008	0	-3.64934	0	0	0	
24.07	0.337	0.103	1.52374	0	-1.64462	-3.8532	0	-3.31138	0	0	0	
24.08	0.337	0.103	1.48521	0	-1.67773	-3.8532	0	-3.31138	0	0	0	
24.09	0.337	0.103	1.44668	0	-1.71085	-3.8532	0	-3.31138	0	0	0	
24.1	0.337	0.103	1.40815	0	-1.74396	-3.8532	0	-3.31138	0	0	0	
24.11	0.337	0.103	1.36863	0	-1.77579	-4.13404	0	-2.94699	0	0	0	
24.12	0.337	0.103	1.32728	0	-1.80526	-4.13404	0	-2.94699	0	0	0	
24.13	0.337	0.103	1.28594	0	-1.83473	-4.13404	0	-2.94699	0	0	0	
24.14	0.337	0.103	1.2446	0	-1.8642	-4.13404	0	-2.94699	0	0	0	
24.15	0.337	0.103	1.2024	0	-1.8923	-4.38041	0	-2.55926	0	0	0	
24.16	0.337	0.103	1.15859	0	-1.9179	-4.38041	0	-2.55926	0	0	0	
24.17	0.337	0.103	1.11479	0	-1.94349	-4.38041	0	-2.55926	0	0	0	
24.18	0.337	0.103	1.07098	0	-1.96908	-4.38041	0	-2.55926	0	0	0	
24.19	0.337	0.103	1.02644	0	-1.99324	-4.59043	0	-2.15143	0	0	0	
24.2	0.337	0.103	0.980534	0	-2.01475	-4.59043	0	-2.15143	0	0	0	
24.21	0.337	0.103	0.93463	0	-2.03626	-4.59043	0	-2.15143	0	0	0	
24.22	0.337	0.103	0.888726	0	-2.05778	-4.59043	0	-2.15143	0	0	0	
24.23	0.337	0.103	0.842215	0	-2.0778	-4.7625	0	-1.72691	0	0	0	
24.24	0.337	0.103	0.79459	0	-2.09507	-4.7625	0	-1.72691	0	0	0	
24.25	0.337	0.103	0.746965	0	-2.11233	-4.7625	0	-1.72691	0	0	0	
24.26	0.337	0.103	0.69934	0	-2.1296	-4.7625	0	-1.72691	0	0	0	
24.27	0.337	0.103	0.651247	0	-2.14533	-4.89537	0	-1.28923	0	0	0	
24.28	0.337	0.103	0.602293	0	-2.15822	-4.89537	0	-1.28923	0	0	0	
24.29	0.337	0.103	0.553339	0	-2.17111	-4.89537	0	-1.28923	0	0	0	
24.3	0.337	0.103	0.504386	0	-2.18401	-4.89537	0	-1.28923	0	0	0	
24.31	0.337	0.103	0.455105	0	-2.19532	-4.98808	0	-0.841991	0	0	0	
24.32	0.337	0.103	0.405224	0	-2.20374	-4.98808	0	-0.841991	0	0	0	
24.33	0.337	0.103	0.355343	0	-2.21216	-4.98808	0	-0.841991	0	0	0	
24.34	0.337	0.103	0.305463	0	-2.22058	-4.98808	0	-0.841991	0	0	0	
24.35	0.337	0.103	0.255399	0	-2.22741	-5.04004	0	-0.388867	0	0	0	
24.36	0.337	0.103	0.204998	0	-2.23129	-5.04004	0	-0.388867	0	0	0	
24.37	0.337	0.103	0.154598	0	-2.23518	-5.04004	0	-0.388867	0	0	0	
24.38	0.337	0.103	0.104198	0	-2.23907	-5.04004	0	-0.388867	0	0	0	
24.39	0.337	0.103	0.0537587	0	-2.24136	-5.05096	0	0.066441	0	0	0	
24.4	0.337	0.103	0.00324907	0	-2.24069	-5.05096	0	0.066441	0	0	0	
24.41	0.337	0.103	-0.0472605	0	-2.24003	-5.05096	0	0.066441	0	0	0	
24.42	0.337	0.103	-0.0977701	0	-2.23936	-5.05096	0	0.066441	0	0	0	
24.43	0.337	0.103	-0.148174	0	-2.2371	-5.0209	0	0.520234	0	0	0	
24.44	0.337	0.103	-0.198383	0	-2.2319	-5.0209	0	0.520234	0	0	0	
24.45	0.337	0.103	-0.248592	0	-2.22669	-5.0209	0	0.520234	0	0	0	
24.46	0.337	0.103	-0.298801	0	-2.22149	-5.0209	0	0.520234	0	0	0	
24.47	0.337	0.103	-0.348761	0	-2.21471	-4.95026	0	0.968843	0	0	0	
24.48	0.337	0.103	-0.398263	0	-2.20502	-4.95026	0	0.968843	0	0	0	
24.49	0.337	0.103	-0.447766	0	-2.19533	-4.95026	0	0.968843	0	0	0	
24.5	0.337	0.103	-0.497268	0	-2.18564	-4.95026	0	0.968843	0	0	0	
24.51	0.337	0.103	-0.546382	0	-2.1744	-4.83974	0	1.40866	0	0	0	
24.52	0.337	0.103	-0.594779	0	-2.16032	-4.83974	0	1.40866	0	0	0	
24.53	0.337	0.103	-0.643176	0	-2.14623	-4.83974	0	1.40866	0	0	0	
24.54	0.337	0.103	-0.691574	0	-2.13214	-4.83974	0	1.40866	0	0	0	
24.55	0.337	0.103	-0.739445	0	-2.11655	-4.69039	0	1.83616	0	0	0	
24.56	0.337	0.103	-0.786349	0	-2.09819	-4.69039	0	1.83616	0	0	0	
24.57	0.337	0.103	-0.833252	0	-2.07983	-4.69039	0	1.83616	0	0	0	
24.58	0.337	0.103	-0.880156	0	-2.06147	-4.69039	0	1.83616	0	0	0	
24.59	0.337	0.103	-0.926402	0	-2.04165	-4.50354	0	2.24795	0	0	0	
24.6	0.337	0.103	-0.971437	0	-2.01917	-4.50354	0	2.24795	0	0	0	
24.61	0.337	0.103	-1.01647	0	-1.99669	-4.50354	0	2.24795	0	0	0	
24.62	0.337	0.103	-1.06151	0	-1.97421	-4.50354	0	2.24795	0	0	0	
24.63	0.337	0.103	-1.10576	0	-1.95035	-4.28083	0	2.64077	0	0	0	
24.64	0.337	0.103	-1.14857	0	-1.92394	-4.28083	0	2.64077	0	0	0	
24.65	0.337	0.103	-1.19137	0	-1.89753	-4.28083	0	2.64077	0	0	0	
24.66	0.337	0.103	-1.23418	0	-1.87113	-4.28083	0	2.64077	0	0	0	
24.67	0.337	0.103	-1.27609	0	-1.84341	-4.02418	0	3.01152	0	0	0	
24.68	0.337	0.103	-1.31633	0	-1.8133	-4.02418	0	3.01152	0	0	0	
24.69	0.337	0.103	-1.35657	0	-1.78318	-4.02418	0	3.01152	0	0	0	
24.7	0.337	0.103	-1.39681	0	-1.75307	-4.02418	0	3.01152	0	0	0	
24.71	0.337	0.103	-1.43604	0	-1.72173	-3.73577	0	3.35731	0	0	0	
24.72	0.337	0.103	-1.47339	0	-1.68816	-3.73577	0	3.35731	0	0	0	
24.73	0.337	0.103	-1.51075	0	-1.65459	-3.73577	0	3.35731	0	0	0	
24.74	0.337	0.103	-1.54811	0	-1.62101	-3.73577	0	3.35731	0	0	0	
24.75	0.337	0.103	-1.58435	0	-1.58632	-3.41802	0	3.67545	0	0	0	
24.76	0.337	0.103	-1.61853	0	-1.54956	-3.41802	0	3.67545	0	0	0	
24.77	0.337	0.103	-1.65271	0	-1.51281	-3.41802	0	3.67545	0	0	0	
24.78	0.337	0.103	-1.68689	0	-1.47605	-3.41802	0	3.67545	0	0	0	
24.79	0.337	0.103	-1.71985	0	-1.43829	-3.07359	0	3.96349	0	0	0	
24.8	0.337	0.103	-1.75059	0	-1.39865	-3.07359	0	3.96349	0	0	0	
24.81	0.337	0.103	-1.78133	0	-1.35902	-3.07359	0	3.96349	0	0	0	
24.82	0.337	0.103	-1.81206	0	-1.31938	-3.07359	0	3.96349	0	0	0	
24.83	0.337	0.103	-1.8415	0	-1.27884	-2.70531	0	4.21925	0	0	0	
24.84	0.337	0.103	-1.86855	0	-1.23665	-2.70531	0	4.21925	0	0	0	
24.85	0.337	0.103	-1.89561	0	-1.19446	-2.70531	0	4.21925	0	0	0	
24.86	0.337	0.103	-1.92266	0	-1.15227	-2.70531	0	4.21925	0	0	0	
24.87	0.337	0.103	-1.94834	0	-1.10929	-2.31622	0	4.44078	0	0	0	
24.88	0.337	0.103	-1.9715	0	-1.06489	-2.31622	0	4.44078	0	0	0	
24.89	0.337	0.103	-1.99467	0	-1.02048	-2.31622	0	4.44078	0	0	0	
24.9	0.337	0.103	-2.01783	0	-0.97607	-2.31622	0	4.44078	0	0	0	
24.91	0.337	0.103	-2.03956	0	-0.931008	-1.90948	0	4.62644	0	0	0	
24.92	0.337	0.103	-2.05865	0	-0.884743	-1.90948	0	4.62644	0	0	0	
24.93	0.337	0.103	-2.07775	0	-0.838479	-1.90948	0	4.62644	0	0	0	
24.94	0.337	0.103	-2.09684	0	-0.792214	-1.90948	0	4.62644	0	0	0	
24.95	0.337	0.103	-2.11445	0	-0.745427	-1.4884	0	4.77489	0	0	0	
24.96	0.337	0.103	-2.12934	0	-0.697678	-1.4884	0	4.77489	0	0	0	
24.97	0.337	0.103	-2.14422	0	-0.649929	-1.4884	0	4.77489	0	0	0	
24.98	0.337	0.103	-2.1591	0	-0.60218	-1.4884	0	4.77489	0	0	0	
24.99	0.337	0.103	-2.17246	0	-0.554043	-1.05637	0	4.88507	0	0	0	
25	0.337	0.103	-2.18303	0	-0.505192	-1.05637	0	4.88507	0	0	0	
25.01	0.337	0.103	-2.19359	0	-0.456341	-1.05637	0	4.88507	0	0	0	
25.02	0.337	0.103	-2.20416	0	-0.40749	-1.05637	0	4.88507	0	0	0	
25.03	0.337	0.103	-2.21317	0	-0.358389	-0.616869	0	4.95624	0	0	0	
25.04	0.337	0.103	-2.21934	0	-0.308826	-0.616869	0	4.95624	0	0	0	
25.05	0.337	0.103	-2.22551	0	-0.259264	-0.616869	0	4.95624	0	0	0	
25.06	0.337	0.103	-2.23168	0	-0.209702	-0.616869	0	4.95624	0	0	0	
25.07	0.337	0.103	-2.23628	0	-0.160027	-0.173396	0	4.98798	0	0	0	
25.08	0.337	0.103	-2.23802	0	-0.110148	-0.173396	0	4.98798	0	0	0	
25.09	0.337	0.103	-2.23975	0	-0.0602677	-0.173396	0	4.98798	0	0	0	
25.1	0.337	0.103	-2.24148	0	-0.010388	-0.173396	0	4.98798	0	0	0	
25.11	0.337	0.103	-2.24165	0	0.0394642	0.270522	0	4.98016	0	0	0	
25.12	0.337	0.103	-2.23895	0	0.0892659	0.270522	0	4.98016	0	0	0	
25.13	0.337	0.103	-2.23624	0	0.139067	0.270522	0	4.98016	0	0	0	
25.14	0.337	0.103	-2.23354	0	0.188869	0.270522	0	4.98016	0	0	0	
25.15	0.337	0.103	-2.22928	0	0.238504	0.711373	0	4.933	0	0	0	
25.16	0.337	0.103	-2.22216	0	0.287834	0.711373	0	4.933	0	0	0	
25.17	0.337	0.103	-2.21505	0	0.337164	0.711373	0	4.933	0	0	0	
25.18	0.337	0.103	-2.20794	0	0.386494	0.711373	0	4.933	0	0	0	
25.19	0.337	0.103	-2.19929	0	0.435521	1.14569	0	4.84699	0	0	0	
25.2	0.337	0.103	-2.18784	0	0.483991	1.14569	0	4.84699	0	0	0	
25.21	0.337	0.103	-2.17638	0	0.532461	1.14569	0	4.84699	0	0	0	
25.22	0.337	0.103	-2.16492	0	0.580931	1.14569	0	4.84699	0	0	0	
25.23	0.337	0.103	-2.15197	0	0.628964	1.57007	0	4.72296	0	0	0	
25.24	0.337	0.103	-2.13627	0	0.676193	1.57007	0	4.72296	0	0	0	
25.25	0.337	0.103	-2.12057	0	0.723423	1.57007	0	4.72296	0	0	0	
25.26	0.337	0.103	-2.10487	0	0.770652	1.57007	0	4.72296	0	0	0	
25.27	0.337	0.103	-2.08772	0	0.817314	1.9812	0	4.562	0	0	0	
25.28	0.337	0.103	-2.0679	0	0.862934	1.9812	0	4.562	0	0	0	
25.29	0.337	0.103	-2.04809	0	0.908554	1.9812	0	4.562	0	0	0	
25.3	0.337	0.103	-2.02828	0	0.954174	1.9812	0	4.562	0	0	0	
25.31	0.337	0.103	-2.00708	0	0.999102	2.37591	0	4.36552	0	0	0	
25.32	0.337	0.103	-1.98332	0	1.04276	2.37591	0	4.36552	0	0	0	
25.33	0.337	0.103	-1.95956	0	1.08641	2.37591	0	4.36552	0	0	0	
25.34	0.337	0.103	-1.9358	0	1.13007	2.37591	0	4.36552	0	0	0	
25.35	0.337	0.103	-1.91072	0	1.17291	2.75115	0	4.13518	0	0	0	
25.36	0.337	0.103	-1.88321	0	1.21426	2.75115	0	4.13518	0	0	0	
25.37	0.337	0.103	-1.8557	0	1.25561	2.75115	0	4.13518	0	0	0	
25.38	0.337	0.103	-1.82818	0	1.29697	2.75115	0	4.13518	0	0	0	
25.39	0.337	0.103	-1.79943	0	1.33739	3.10404	0	3.8729	0	0	0	
25.4	0.337	0.103	-1.76839	0	1.37612	3.10404	0	3.8729	0	0	0	
25.41	0.337	0.103	-1.73735	0	1.41485	3.10404	0	3.8729	0	0	0	
25.42	0.337	0.103	-1.70631	0	1.45358	3.10404	0	3.8729	0	0	0	
25.43	0.337	0.103	-1.67411	0	1.49128	3.4319	0	3.58084	0	0	0	
25.44	0.337	0.103	-1.63979	0	1.52709	3.4319	0	3.58084	0	0	0	
25.45	0.337	0.103	-1.60547	0	1.5629	3.4319	0	3.58084	0	0	0	
25.46	0.337	0.103	-1.57115	0	1.5987	3.4319	0	3.58084	0	0	0	
25.47	0.337	0.103	-1.53578	0	1.63339	3.73226	0	3.2614	0	0	0	
25.48	0.337	0.103	-1.49845	0	1.666	3.73226	0	3.2614	0	0	0	
25.49	0.337	0.103	-1.46113	0	1.69862	3.73226	0	3.2614	0	0	0	
25.5	0.337	0.103	-1.42381	0	1.73123	3.73226	0	3.2614	0	0	0	
25.51	0.337	0.103	-1.38553	0	1.76263	4.00285	0	2.91715	0	0	0	
25.52	0.337	0.103	-1.3455	0	1.7918	4.00285	0	2.91715	0	0	0	
25.53	0.337	0.103	-1.30548	0	1.82097	4.00285	0	2.91715	0	0	0	
25.54	0.337	0.103	-1.26545	0	1.85014	4.00285	0	2.91715	0	0	0	
25.55	0.337	0.103	-1.22458	0	1.87802	4.24169	0	2.55087	0	0	0	
25.56	0.337	0.103	-1.18216	0	1.90353	4.24169	0	2.55087	0	0	0	
25.57	0.337	0.103	-1.13974	0	1.92904	4.24169	0	2.55087	0	0	0	
25.58	0.337	0.103	-1.09733	0	1.95455	4.24169	0	2.55087	0	0	0	
25.59	0.337	0.103	-1.05419	0	1.9787	4.44701	0	2.16549	0	0	0	
25.6	0.337	0.103	-1.00972	0	2.00036	4.44701	0	2.16549	0	0	0	
25.61	0.337	0.103	-0.965245	0	2.02201	4.44701	0	2.16549	0	0	0	
25.62	0.337	0.103	-0.920775	0	2.04367	4.44701	0	2.16549	0	0	0	
25.63	0.337	0.103	-0.875705	0	2.06391	4.61733	0	1.76406	0	0	0	
25.64	0.337	0.103	-0.829531	0	2.08155	4.61733	0	1.76406	0	0	0	
25.65	0.337	0.103	-0.783358	0	2.09919	4.61733	0	1.76406	0	0	0	
25.66	0.337	0.103	-0.737185	0	2.11683	4.61733	0	1.76406	0	0	0	
25.67	0.337	0.103	-0.690539	0	2.13301	4.75146	0	1.34976	0	0	0	
25.68	0.337	0.103	-0.643024	0	2.1465	4.75146	0	1.34976	0	0	0	
25.69	0.337	0.103	-0.59551	0	2.16	4.75146	0	1.34976	0	0	0	
25.7	0.337	0.103	-0.547995	0	2.1735	4.75146	0	1.34976	0	0	0	
25.71	0.337	0.103	-0.500138	0	2.1855	4.84847	0	0.925846	0	0	0	
25.72	0.337	0.103	-0.451654	0	2.19476	4.84847	0	0.925846	0	0	0	
25.73	0.337	0.103	-0.403169	0	2.20402	4.84847	0	0.925846	0	0	0	
25.74	0.337	0.103	-0.354684	0	2.21328	4.84847	0	0.925846	0	0	0	
25.75	0.337	0.103	-0.305991	0	2.22102	4.90774	0	0.495631	0	0	0	
25.76	0.337	0.103	-0.256914	0	2.22598	4.90774	0	0.495631	0	0	0	
25.77	0.337	0.103	-0.207836	0	2.23093	4.90774	0	0.495631	0	0	0	
25.78	0.337	0.103	-0.158759	0	2.23589	4.90774	0	0.495631	0	0	0	
25.79	0.337	0.103	-0.109607	0	2.23932	4.92894	0	0.0624635	0	0	0	
25.8	0.337	0.103	-0.0603173	0	2.23994	4.92894	0	0.0624635	0	0	0	
25.81	0.337	0.103	-0.0110279	0	2.24057	4.92894	0	0.0624635	0	0	0	
25.82	0.337	0.103	0.0382615	0	2.24119	4.92894	0	0.0624635	0	0	0	
25.83	0.337	0.103	0.0874913	0	2.24029	4.91204	0	-0.370302	0	0	0	
25.84	0.337	0.103	0.136612	0	2.23659	4.91204	0	-0.370302	0	0	0	
25.85	0.337	0.103	0.185732	0	2.23289	4.91204	0	-0.370302	0	0	0	
25.86	0.337	0.103	0.234852	0	2.22918	4.91204	0	-0.370302	0	0	0	
25.87	0.337	0.103	0.28378	0	2.22397	4.85729	0	-0.799329	0	0	0	
25.88	0.337	0.103	0.332353	0	2.21597	4.85729	0	-0.799329	0	0	0	
25.89	0.337	0.103	0.380926	0	2.20798	4.85729	0	-0.799329	0	0	0	
25.9	0.337	0.103	0.429499	0	2.19999	4.85729	0	-0.799329	0	0	0	
25.91	0.337	0.103	0.477747	0	2.19051	4.76526	0	-1.22133	0	0	0	
25.92	0.337	0.103	0.5254	0	2.17829	4.76526	0	-1.22133	0	0	0	
25.93	0.337	0.103	0.573052	0	2.16608	4.76526	0	-1.22133	0	0	0	
25.94	0.337	0.103	0.620705	0	2.15387	4.76526	0	-1.22133	0	0	0	
25.95	0.337	0.103	0.667904	0	2.1402	4.63676	0	-1.63307	0	0	0	
25.96	0.337	0.103	0.714272	0	2.12387	4.63676	0	-1.63307	0	0	0	
25.97	0.337	0.103	0.76064	0	2.10754	4.63676	0	-1.63307	0	0	0	
25.98	0.337	0.103	0.807007	0	2.09121	4.63676	0	-1.63307	0	0	0	
25.99	0.337	0.103	0.852797	0	2.07348	4.47292	0	-2.03144	0	0	0	
26	0.337	0.103	0.897526	0	2.05316	4.47292	0	-2.03144	0	0	0	
26.01	0.337	0.103	0.942256	0	2.03285	4.47292	0	-2.03144	0	0	0	
26.02	0.337	0.103	0.986985	0	2.01253	4.47292	0	-2.03144	0	0	0	
26.03	0.337	0.103	1.03102	0	1.99087	4.2751	0	-2.41342	0	0	0	
26.04	0.337	0.103	1.07377	0	1.96674	4.2751	0	-2.41342	0	0	0	
26.05	0.337	0.103	1.11652	0	1.9426	4.2751	0	-2.41342	0	0	0	
26.06	0.337	0.103	1.15927	0	1.91847	4.2751	0	-2.41342	0	0	0	
26.07	0.337	0.103	1.20121	0	1.89306	4.04494	0	-2.77615	0	0	0	
26.08	0.337	0.103	1.24166	0	1.86529	4.04494	0	-2.77615	0	0	0	
26.09	0.337	0.103	1.28211	0	1.83753	4.04494	0	-2.77615	0	0	0	
26.1	0.337	0.103	1.32256	0	1.80977	4.04494	0	-2.77615	0	0	0	
26.11	0.337	0.103	1.36209	0	1.78081	3.78431	0	-3.1169	0	0	0	
26.12	0.337	0.103	1.39993	0	1.74964	3.78431	0	-3.1169	0	0	0	
26.13	0.337	0.103	1.43777	0	1.71847	3.78431	0	-3.1169	0	0	0	
26.14	0.337	0.103	1.47562	0	1.6873	3.78431	0	-3.1169	0	0	0	
26.15	0.337	0.103	1.51244	0	1.65502	3.49529	0	-3.43316	0	0	0	
26.16	0.337	0.103	1.54739	0	1.62069	3.49529	0	-3.43316	0	0	0	
26.17	0.337	0.103	1.58235	0	1.58635	3.49529	0	-3.43316	0	0	0	
26.18	0.337	0.103	1.6173	0	1.55202	3.49529	0	-3.43316	0	0	0	
26.19	0.337	0.103	1.65114	0	1.51667	3.1802	0	-3.72259	0	0	0	
26.2	0.337	0.103	1.68294	0	1.47945	3.1802	0	-3.72259	0	0	0	
26.21	0.337	0.103	1.71475	0	1.44222	3.1802	0	-3.72259	0	0	0	
26.22	0.337	0.103	1.74655	0	1.40499	3.1802	0	-3.72259	0	0	0	
26.23	0.337	0.103	1.77716	0	1.36685	2.84152	0	-3.98308	0	0	0	
26.24	0.337	0.103	1.80557	0	1.32702	2.84152	0	-3.98308	0	0	0	
26.25	0.337	0.103	1.83399	0	1.28719	2.84152	0	-3.98308	0	0	0	
26.26	0.337	0.103	1.8624	0	1.24736	2.84152	0	-3.98308	0	0	0	
26.27	0.337	0.103	1.88955	0	1.20672	2.4819	0	-4.21274	0	0	0	
26.28	0.337	0.103	1.91437	0	1.16459	2.4819	0	-4.21274	0	0	0	
26.29	0.337	0.103	1.93919	0	1.12246	2.4819	0	-4.21274	0	0	0	
26.3	0.337	0.103	1.96401	0	1.08033	2.4819	0	-4.21274	0	0	0	
26.31	0.337	0.103	1.98749	0	1.03751	2.10414	0	-4.40994	0	0	0	
26.32	0.337	0.103	2.00854	0	0.993413	2.10414	0	-4.40994	0	0	0	
26.33	0.337	0.103	2.02958	0	0.949314	2.10414	0	-4.40994	0	0	0	
26.34	0.337	0.103	2.05062	0	0.905214	2.10414	0	-4.40994	0	0	0	
26.35	0.337	0.103	2.07027	0	0.860539	1.71118	0	-4.57327	0	0	0	
26.36	0.337	0.103	2.08739	0	0.814806	1.71118	0	-4.57327	0	0	0	
26.37	0.337	0.103	2.1045	0	0.769074	1.71118	0	-4.57327	0	0	0	
26.38	0.337	0.103	2.12161	0	0.723341	1.71118	0	-4.57327	0	0	0	
26.39	0.337	0.103	2.13729	0	0.677156	1.30604	0	-4.70163	0	0	0	
26.4	0.337	0.103	2.15035	0	0.630139	1.30604	0	-4.70163	0	0	0	
26.41	0.337	0.103	2.16341	0	0.583123	1.30604	0	-4.70163	0	0	0	
26.42	0.337	0.103	2.17647	0	0.536107	1.30604	0	-4.70163	0	0	0	
26.43	0.337	0.103	2.18808	0	0.488764	0.891834	0	-4.79416	0	0	0	
26.44	0.337	0.103	2.19699	0	0.440823	0.891834	0	-4.79416	0	0	0	
26.45	0.337	0.103	2.20591	0	0.392881	0.891834	0	-4.79416	0	0	0	
26.46	0.337	0.103	2.21483	0	0.344939	0.891834	0	-4.79416	0	0	0	
26.47	0.337	0.103	2.22227	0	0.2968	0.471711	0	-4.85027	0	0	0	
26.48	0.337	0.103	2.22698	0	0.248297	0.471711	0	-4.85027	0	0	0	
26.49	0.337	0.103	2.2317	0	0.199795	0.471711	0	-4.85027	0	0	0	
26.5	0.337	0.103	2.23642	0	0.151292	0.471711	0	-4.85027	0	0	0	
26.51	0.337	0.103	2.23965	0	0.102721	0.0488677	0	-4.86966	0	0	0	
26.52	0.337	0.103	2.24013	0	0.0540242	0.0488677	0	-4.86966	0	0	0	
26.53	0.337	0.103	2.24062	0	0.00532762	0.0488677	0	-4.86966	0	0	0	
26.54	0.337	0.103	2.24111	0	-0.043369	0.0488677	0	-4.86966	0	0	0	
26.55	0.337	0.103	2.24011	0	-0.0920045	-0.373501	0	-4.85232	0	0	0	
26.56	0.337	0.103	2.23638	0	-0.140528	-0.373501	0	-4.85232	0	0	0	
26.57	0.337	0.103	2.23264	0	-0.189051	-0.373501	0	-4.85232	0	0	0	
26.58	0.337	0.103	2.22891	0	-0.237574	-0.373501	0	-4.85232	0	0	0	
26.59	0.337	0.103	2.2237	0	-0.285907	-0.792218	0	-4.79848	0	0	0	
26.6	0.337	0.103	2.21577	0	-0.333892	-0.792218	0	-4.79848	0	0	0	
26.61	0.337	0.103	2.20785	0	-0.381877	-0.792218	0	-4.79848	0	0	0	
26.62	0.337	0.103	2.19993	0	-0.429862	-0.792218	0	-4.79848	0	0	0	
26.63	0.337	0.103	2.19055	0	-0.47753	-1.20415	0	-4.70868	0	0	0	
26.64	0.337	0.103	2.17851	0	-0.524617	-1.20415	0	-4.70868	0	0	0	
26.65	0.337	0.103	2.16647	0	-0.571704	-1.20415	0	-4.70868	0	0	0	
26.66	0.337	0.103	2.15443	0	-0.61879	-1.20415	0	-4.70868	0	0	0	
26.67	0.337	0.103	2.14097	0	-0.665437	-1.60622	0	-4.58371	0	0	0	
26.68	0.337	0.103	2.12491	0	-0.711274	-1.60622	0	-4.58371	0	0	0	
26.69	0.337	0.103	2.10885	0	-0.757111	-1.60622	0	-4.58371	0	0	0	
26.7	0.337	0.103	2.09278	0	-0.802948	-1.60622	0	-4.58371	0	0	0	
26.71	0.337	0.103	2.07535	0	-0.848224	-1.99545	0	-4.42463	0	0	0	
26.72	0.337	0.103	2.0554	0	-0.892471	-1.99545	0	-4.42463	0	0	0	
26.73	0.337	0.103	2.03544	0	-0.936717	-1.99545	0	-4.42463	0	0	0	
26.74	0.337	0.103	2.01549	0	-0.980963	-1.99545	0	-4.42463	0	0	0	
26.75	0.337	0.103	1.99422	0	-1.02453	-2.36897	0	-4.23273	0	0	0	
26.76	0.337	0.103	1.97053	0	-1.06686	-2.36897	0	-4.23273	0	0	0	
26.77	0.337	0.103	1.94684	0	-1.10919	-2.36897	0	-4.23273	0	0	0	
26.78	0.337	0.103	1.92315	0	-1.15152	-2.36897	0	-4.23273	0	0	0	
26.79	0.337	0.103	1.8982	0	-1.19306	-2.72404	0	-4.00956	0	0	0	
26.8	0.337	0.103	1.87096	0	-1.23315	-2.72404	0	-4.00956	0	0	0	
26.81	0.337	0.103	1.84372	0	-1.27325	-2.72404	0	-4.00956	0	0	0	
26.82	0.337	0.103	1.81648	0	-1.31334	-2.72404	0	-4.00956	0	0	0	
26.83	0.337	0.103	1.78807	0	-1.35255	-3.05807	0	-3.7569	0	0	0	
26.84	0.337	0.103	1.75749	0	-1.39012	-3.05807	0	-3.7569	0	0	0	
26.85	0.337	0.103	1.7269	0	-1.42769	-3.05807	0	-3.7569	0	0	0	
26.86	0.337	0.103	1.69632	0	-1.46525	-3.05807	0	-3.7569	0	0	0	
26.87	0.337	0.103	1.66465	0	-1.50184	-3.36863	0	-3.47671	0	0	0	
26.88	0.337	0.103	1.63096	0	-1.5366	-3.36863	0	-3.47671	0	0	0	
26.89	0.337	0.103	1.59728	0	-1.57137	-3.36863	0	-3.47671	0	0	0	
26.9	0.337	0.103	1.56359	0	-1.60614	-3.36863	0	-3.47671	0	0	0	
26.91	0.337	0.103	1.5289	0	-1.63983	-3.65349	0	-3.17118	0	0	0	
26.92	0.337	0.103	1.49236	0	-1.67154	-3.65349	0	-3.17118	0	0	0	
26.93	0.337	0.103	1.45583	0	-1.70325	-3.65349	0	-3.17118	0	0	0	
26.94	0.337	0.103	1.41929	0	-1.73496	-3.65349	0	-3.17118	0	0	0	
26.95	0.337	0.103	1.38185	0	-1.76552	-3.91062	0	-2.84266	0	0	0	
26.96	0.337	0.103	1.34275	0	-1.79394	-3.91062	0	-2.84266	0	0	0	
26.97	0.337	0.103	1.30364	0	-1.82237	-3.91062	0	-2.84266	0	0	0	
26.98	0.337	0.103	1.26453	0	-1.8508	-3.91062	0	-2.84266	0	0	0	
26.99	0.337	0.103	1.22463	0	-1.87799	-4.13819	0	-2.49368	0	0	0	
27	0.337	0.103	1.18324	0	-1.90293	-4.13819	0	-2.49368	0	0	0	
27.01	0.337	0.103	1.14186	0	-1.92787	-4.13819	0	-2.49368	0	0	0	
27.02	0.337	0.103	1.10048	0	-1.9528	-4.13819	0	-2.49368	0	0	0	
27.03	0.337	0.103	1.05841	0	-1.97645	-4.33461	0	-2.12688	0	0	0	
27.04	0.337	0.103	1.01506	0	-1.99772	-4.33461	0	-2.12688	0	0	0	
27.05	0.337	0.103	0.971713	0	-2.01898	-4.33461	0	-2.12688	0	0	0	
27.06	0.337	0.103	0.928367	0	-2.04025	-4.33461	0	-2.12688	0	0	0	
27.07	0.337	0.103	0.884443	0	-2.06018	-4.49854	0	-1.74504	0	0	0	
27.08	0.337	0.103	0.839458	0	-2.07763	-4.49854	0	-1.74504	0	0	0	
27.09	0.337	0.103	0.794473	0	-2.09508	-4.49854	0	-1.74504	0	0	0	
27.1	0.337	0.103	0.749487	0	-2.11253	-4.49854	0	-1.74504	0	0	0	
27.11	0.337	0.103	0.704042	0	-2.12859	-4.62886	0	-1.35103	0	0	0	
27.12	0.337	0.103	0.657754	0	-2.1421	-4.62886	0	-1.35103	0	0	0	
27.13	0.337	0.103	0.611465	0	-2.15561	-4.62886	0	-1.35103	0	0	0	
27.14	0.337	0.103	0.565177	0	-2.16912	-4.62886	0	-1.35103	0	0	0	
27.15	0.337	0.103	0.51855	0	-2.18121	-4.72472	0	-0.947817	0	0	0	
27.16	0.337	0.103	0.471303	0	-2.19069	-4.72472	0	-0.947817	0	0	0	
27.17	0.337	0.103	0.424056	0	-2.20016	-4.72472	0	-0.947817	0	0	0	
27.18	0.337	0.103	0.376809	0	-2.20964	-4.72472	0	-0.947817	0	0	0	
27.19	0.337	0.103	0.329347	0	-2.21768	-4.78552	0	-0.538392	0	0	0	
27.2	0.337	0.103	0.281492	0	-2.22306	-4.78552	0	-0.538392	0	0	0	
27.21	0.337	0.103	0.233637	0	-2.22845	-4.78552	0	-0.538392	0	0	0	
27.22	0.337	0.103	0.185781	0	-2.23383	-4.78552	0	-0.538392	0	0	0	
27.23	0.337	0.103	0.137837	0	-2.23776	-4.81094	0	-0.125797	0	0	0	
27.24	0.337	0.103	0.0897272	0	-2.23902	-4.81094	0	-0.125797	0	0	0	
27.25	0.337	0.103	0.0416179	0	-2.24027	-4.81094	0	-0.125797	0	0	0	
27.26	0.337	0.103	-0.00649148	0	-2.24153	-4.81094	0	-0.125797	0	0	0	
27.27	0.337	0.103	-0.0545654	0	-2.24134	-4.80089	0	0.286921	0	0	0	
27.28	0.337	0.103	-0.102574	0	-2.23847	-4.80089	0	0.286921	0	0	0	
27.29	0.337	0.103	-0.150583	0	-2.2356	-4.80089	0	0.286921	0	0	0	
27.3	0.337	0.103	-0.198592	0	-2.23273	-4.80089	0	0.286921	0	0	0	
27.31	0.337	0.103	-0.246441	0	-2.22841	-4.75557	0	0.696727	0	0	0	
27.32	0.337	0.103	-0.293997	0	-2.22145	-4.75557	0	0.696727	0	0	0	
27.33	0.337	0.103	-0.341553	0	-2.21448	-4.75557	0	0.696727	0	0	0	
27.34	0.337	0.103	-0.389108	0	-2.20751	-4.75557	0	0.696727	0	0	0	
27.35	0.337	0.103	-0.436381	0	-2.19912	-4.67542	0	1.10062	0	0	0	
27.36	0.337	0.103	-0.483136	0	-2.18812	-4.67542	0	1.10062	0	0	0	
27.37	0.337	0.103	-0.52989	0	-2.17711	-4.67542	0	1.10062	0	0	0	
27.38	0.337	0.103	-0.576644	0	-2.1661	-4.67542	0	1.10062	0	0	0	
27.39	0.337	0.103	-0.622995	0	-2.1537	-4.56115	0	1.49566	0	0	0	
27.4	0.337	0.103	-0.668607	0	-2.13875	-4.56115	0	1.49566	0	0	0	
27.41	0.337	0.103	-0.714218	0	-2.12379	-4.56115	0	1.49566	0	0	0	
27.42	0.337	0.103	-0.75983	0	-2.10883	-4.56115	0	1.49566	0	0	0	
27.43	0.337	0.103	-0.804921	0	-2.09253	-4.4137	0	1.87899	0	0	0	
27.44	0.337	0.103	-0.849058	0	-2.07374	-4.4137	0	1.87899	0	0	0	
27.45	0.337	0.103	-0.893195	0	-2.05495	-4.4137	0	1.87899	0	0	0	
27.46	0.337	0.103	-0.937332	0	-2.03616	-4.4137	0	1.87899	0	0	0	
27.47	0.337	0.103	-0.980837	0	-2.01607	-4.23425	0	2.24783	0	0	0	
27.48	0.337	0.103	-1.02318	0	-1.99359	-4.23425	0	2.24783	0	0	0	
27.49	0.337	0.103	-1.06552	0	-1.97111	-4.23425	0	2.24783	0	0	0	
27.5	0.337	0.103	-1.10786	0	-1.94863	-4.23425	0	2.24783	0	0	0	
27.51	0.337	0.103	-1.14947	0	-1.92491	-4.02423	0	2.59954	0	0	0	
27.52	0.337	0.103	-1.18971	0	-1.89892	-4.02423	0	2.59954	0	0	0	
27.53	0.337	0.103	-1.22995	0	-1.87292	-4.02423	0	2.59954	0	0	0	
27.54	0.337	0.103	-1.27019	0	-1.84693	-4.02423	0	2.59954	0	0	0	
27.55	0.337	0.103	-1.30959	0	-1.81976	-3.78525	0	2.93161	0	0	0	
27.56	0.337	0.103	-1.34745	0	-1.79044	-3.78525	0	2.93161	0	0	0	
27.57	0.337	0.103	-1.3853	0	-1.76113	-3.78525	0	2.93161	0	0	0	
27.58	0.337	0.103	-1.42315	0	-1.73181	-3.78525	0	2.93161	0	0	0	
27.59	0.337	0.103	-1.46007	0	-1.7014	-3.51916	0	3.24168	0	0	0	
27.6	0.337	0.103	-1.49526	0	-1.66899	-3.51916	0	3.24168	0	0	0	
27.61	0.337	0.103	-1.53045	0	-1.63657	-3.51916	0	3.24168	0	0	0	
27.62	0.337	0.103	-1.56564	0	-1.60415	-3.51916	0	3.24168	0	0	0	
27.63	0.337	0.103	-1.59981	0	-1.57073	-3.22798	0	3.52757	0	0	0	
27.64	0.337	0.103	-1.63208	0	-1.53545	-3.22798	0	3.52757	0	0	0	
27.65	0.337	0.103	-1.66436	0	-1.50018	-3.22798	0	3.52757	0	0	0	
27.66	0.337	0.103	-1.69664	0	-1.4649	-3.22798	0	3.52757	0	0	0	
27.67	0.337	0.103	-1.72782	0	-1.42871	-2.9139	0	3.78728	0	0	0	
27.68	0.337	0.103	-1.75696	0	-1.39084	-2.9139	0	3.78728	0	0	0	
27.69	0.337	0.103	-1.7861	0	-1.35296	-2.9139	0	3.78728	0	0	0	
27.7	0.337	0.103	-1.81523	0	-1.31509	-2.9139	0	3.78728	0	0	0	
27.71	0.337	0.103	-1.84319	0	-1.2764	-2.57928	0	4.01901	0	0	0	
27.72	0.337	0.103	-1.86899	0	-1.23621	-2.57928	0	4.01901	0	0	0	
27.73	0.337	0.103	-1.89478	0	-1.19602	-2.57928	0	4.01901	0	0	0	
27.74	0.337	0.103	-1.92057	0	-1.15583	-2.57928	0	4.01901	0	0	0	
27.75	0.337	0.103	-1.94512	0	-1.11493	-2.2266	0	4.22116	0	0	0	
27.76	0.337	0.103	-1.96739	0	-1.07272	-2.2266	0	4.22116	0	0	0	
27.77	0.337	0.103	-1.98965	0	-1.03051	-2.2266	0	4.22116	0	0	0	
27.78	0.337	0.103	-2.01192	0	-0.988294	-2.2266	0	4.22116	0	0	0	
27.79	0.337	0.103	-2.03289	0	-0.945479	-1.85849	0	4.39236	0	0	0	
27.8	0.337	0.103	-2.05147	0	-0.901556	-1.85849	0	4.39236	0	0	0	
27.81	0.337	0.103	-2.07006	0	-0.857632	-1.85849	0	4.39236	0	0	0	
27.82	0.337	0.103	-2.08864	0	-0.813708	-1.85849	0	4.39236	0	0	0	
27.83	0.337	0.103	-2.10588	0	-0.769294	-1.47764	0	4.53149	0	0	0	
27.84	0.337	0.103	-2.12066	0	-0.723979	-1.47764	0	4.53149	0	0	0	
27.85	0.337	0.103	-2.13544	0	-0.678664	-1.47764	0	4.53149	0	0	0	
27.86	0.337	0.103	-2.15021	0	-0.633349	-1.47764	0	4.53149	0	0	0	
27.87	0.337	0.103	-2.16361	0	-0.58766	-1.08685	0	4.63763	0	0	0	
27.88	0.337	0.103	-2.17448	0	-0.541284	-1.08685	0	4.63763	0	0	0	
27.89	0.337	0.103	-2.18535	0	-0.494908	-1.08685	0	4.63763	0	0	0	
27.9	0.337	0.103	-2.19622	0	-0.448531	-1.08685	0	4.63763	0	0	0	
27.91	0.337	0.103	-2.20568	0	-0.401899	-0.688963	0	4.71013	0	0	0	
27.92	0.337	0.103	-2.21257	0	-0.354798	-0.688963	0	4.71013	0	0	0	
27.93	0.337	0.103	-2.21946	0	-0.307697	-0.688963	0	4.71013	0	0	0	
27.94	0.337	0.103	-2.22635	0	-0.260595	-0.688963	0	4.71013	0	0	0	
27.95	0.337	0.103	-2.23182	0	-0.213359	-0.286877	0	4.74857	0	0	0	
27.96	0.337	0.103	-2.23469	0	-0.165873	-0.286877	0	4.74857	0	0	0	
27.97	0.337	0.103	-2.23756	0	-0.118387	-0.286877	0	4.74857	0	0	0	
27.98	0.337	0.103	-2.24043	0	-0.0709014	-0.286877	0	4.74857	0	0	0	
27.99	0.337	0.103	-2.24188	0	-0.0234008	0.116508	0	4.75278	0	0	0	
28	0.337	0.103	-2.24071	0	0.024127	0.116508	0	4.75278	0	0	0	
28.01	0.337	0.103	-2.23955	0	0.0716548	0.116508	0	4.75278	0	0	0	
28.02	0.337	0.103	-2.23838	0	0.119183	0.116508	0	4.75278	0	0	0	
28.03	0.337	0.103	-2.2358	0	0.166605	0.518289	0	4.72284	0	0	0	
28.04	0.337	0.103	-2.23062	0	0.213833	0.518289	0	4.72284	0	0	0	
28.05	0.337	0.103	-2.22544	0	0.261062	0.518289	0	4.72284	0	0	0	
28.06	0.337	0.103	-2.22025	0	0.30829	0.518289	0	4.72284	0	0	0	
28.07	0.337	0.103	-2.21367	0	0.355294	0.91559	0	4.65908	0	0	0	
28.08	0.337	0.103	-2.20451	0	0.401885	0.91559	0	4.65908	0	0	0	
28.09	0.337	0.103	-2.19536	0	0.448475	0.91559	0	4.65908	0	0	0	
28.1	0.337	0.103	-2.1862	0	0.495066	0.91559	0	4.65908	0	0	0	
28.11	0.337	0.103	-2.17567	0	0.541315	1.30558	0	4.56205	0	0	0	
28.12	0.337	0.103	-2.16261	0	0.586935	1.30558	0	4.56205	0	0	0	
28.13	0.337	0.103	-2.14956	0	0.632556	1.30558	0	4.56205	0	0	0	
28.14	0.337	0.103	-2.1365	0	0.678176	1.30558	0	4.56205	0	0	0	
28.15	0.337	0.103	-2.12211	0	0.72334	1.68548	0	4.43255	0	0	0	
28.16	0.337	0.103	-2.10525	0	0.767666	1.68548	0	4.43255	0	0	0	
28.17	0.337	0.103	-2.0884	0	0.811991	1.68548	0	4.43255	0	0	0	
28.18	0.337	0.103	-2.07154	0	0.856317	1.68548	0	4.43255	0	0	0	
28.19	0.337	0.103	-2.05339	0	0.900075	2.05262	0	4.27162	0	0	0	
28.2	0.337	0.103	-2.03287	0	0.942791	2.05262	0	4.27162	0	0	0	
28.21	0.337	0.103	-2.01234	0	0.985507	2.05262	0	4.27162	0	0	0	
28.22	0.337	0.103	-1.99182	0	1.02822	2.05262	0	4.27162	0	0	0	
28.23	0.337	0.103	-1.97005	0	1.07027	2.40442	0	4.0805	0	0	0	
28.24	0.337	0.103	-1.94601	0	1.11107	2.40442	0	4.0805	0	0	0	
28.25	0.337	0.103	-1.92196	0	1.15188	2.40442	0	4.0805	0	0	0	
28.26	0.337	0.103	-1.89792	0	1.19268	2.40442	0	4.0805	0	0	0	
28.27	0.337	0.103	-1.8727	0	1.23271	2.73841	0	3.86065	0	0	0	
28.28	0.337	0.103	-1.84531	0	1.27132	2.73841	0	3.86065	0	0	0	
28.29	0.337	0.103	-1.81793	0	1.30992	2.73841	0	3.86065	0	0	0	
28.3	0.337	0.103	-1.79054	0	1.34853	2.73841	0	3.86065	0	0	0	
28.31	0.337	0.103	-1.76205	0	1.38627	3.05227	0	3.61373	0	0	0	
28.32	0.337	0.103	-1.73153	0	1.4224	3.05227	0	3.61373	0	0	0	
28.33	0.337	0.103	-1.70101	0	1.45854	3.05227	0	3.61373	0	0	0	
28.34	0.337	0.103	-1.67048	0	1.49468	3.05227	0	3.61373	0	0	0	
28.35	0.337	0.103	-1.63893	0	1.52986	3.34383	0	3.34157	0	0	0	
28.36	0.337	0.103	-1.6055	0	1.56327	3.34383	0	3.34157	0	0	0	
28.37	0.337	0.103	-1.57206	0	1.59669	3.34383	0	3.34157	0	0	0	
28.38	0.337	0.103	-1.53862	0	1.6301	3.34383	0	3.34157	0	0	0	
28.39	0.337	0.103	-1.50424	0	1.66248	3.6111	0	3.04618	0	0	0	
28.4	0.337	0.103	-1.46813	0	1.69294	3.6111	0	3.04618	0	0	0	
28.41	0.337	0.103	-1.43202	0	1.7234	3.6111	0	3.04618	0	0	0	
28.42	0.337	0.103	-1.39591	0	1.75386	3.6111	0	3.04618	0	0	0	
28.43	0.337	0.103	-1.35894	0	1.78321	3.85225	0	2.72975	0	0	0	
28.44	0.337	0.103	-1.32042	0	1.81051	3.85225	0	2.72975	0	0	0	
28.45	0.337	0.103	-1.2819	0	1.8378	3.85225	0	2.72975	0	0	0	
28.46	0.337	0.103	-1.24338	0	1.8651	3.85225	0	2.72975	0	0	0	
28.47	0.337	0.103	-1.2041	0	1.89122	4.06566	0	2.39456	0	0	0	
28.48	0.337	0.103	-1.16345	0	1.91516	4.06566	0	2.39456	0	0	0	
28.49	0.337	0.103	-1.12279	0	1.93911	4.06566	0	2.39456	0	0	0	
28.5	0.337	0.103	-1.08213	0	1.96305	4.06566	0	2.39456	0	0	0	
28.51	0.337	0.103	-1.04083	0	1.98576	4.24989	0	2.04306	0	0	0	
28.52	0.337	0.103	-0.998327	0	2.00619	4.24989	0	2.04306	0	0	0	
28.53	0.337	0.103	-0.955828	0	2.02662	4.24989	0	2.04306	0	0	0	
28.54	0.337	0.103	-0.913329	0	2.04705	4.24989	0	2.04306	0	0	0	
28.55	0.337	0.103	-0.870288	0	2.0662	4.40375	0	1.67778	0	0	0	
28.56	0.337	0.103	-0.82625	0	2.08297	4.40375	0	1.67778	0	0	0	
28.57	0.337	0.103	-0.782213	0	2.09975	4.40375	0	1.67778	0	0	0	
28.58	0.337	0.103	-0.738175	0	2.11653	4.40375	0	1.67778	0	0	0	
28.59	0.337	0.103	-0.693706	0	2.13198	4.52624	0	1.30134	0	0	0	
28.6	0.337	0.103	-0.648444	0	2.14499	4.52624	0	1.30134	0	0	0	
28.61	0.337	0.103	-0.603181	0	2.15801	4.52624	0	1.30134	0	0	0	
28.62	0.337	0.103	-0.557919	0	2.17102	4.52624	0	1.30134	0	0	0	
28.63	0.337	0.103	-0.512338	0	2.18268	4.61659	0	0.916422	0	0	0	
28.64	0.337	0.103	-0.466172	0	2.19184	4.61659	0	0.916422	0	0	0	
28.65	0.337	0.103	-0.420006	0	2.201	4.61659	0	0.916422	0	0	0	
28.66	0.337	0.103	-0.37384	0	2.21017	4.61659	0	0.916422	0	0	0	
28.67	0.337	0.103	-0.327471	0	2.21796	4.67427	0	0.525772	0	0	0	
28.68	0.337	0.103	-0.280728	0	2.22321	4.67427	0	0.525772	0	0	0	
28.69	0.337	0.103	-0.233986	0	2.22847	4.67427	0	0.525772	0	0	0	
28.7	0.337	0.103	-0.187243	0	2.23373	4.67427	0	0.525772	0	0	0	
28.71	0.337	0.103	-0.140413	0	2.2376	4.69897	0	0.132151	0	0	0	
28.72	0.337	0.103	-0.0934236	0	2.23892	4.69897	0	0.132151	0	0	0	
28.73	0.337	0.103	-0.0464339	0	2.24024	4.69897	0	0.132151	0	0	0	
28.74	0.337	0.103	0.000555764	0	2.24156	4.69897	0	0.132151	0	0	0	
28.75	0.337	0.103	0.047516	0	2.2415	4.69062	0	-0.261666	0	0	0	
28.76	0.337	0.103	0.0944222	0	2.23888	4.69062	0	-0.261666	0	0	0	
28.77	0.337	0.103	0.141328	0	2.23626	4.69062	0	-0.261666	0	0	0	
28.78	0.337	0.103	0.188235	0	2.23365	4.69062	0	-0.261666	0	0	0	
28.79	0.337	0.103	0.234995	0	2.22965	4.64938	0	-0.652918	0	0	0	
28.8	0.337	0.103	0.281489	0	2.22312	4.64938	0	-0.652918	0	0	0	
28.81	0.337	0.103	0.327983	0	2.21659	4.64938	0	-0.652918	0	0	0	
28.82	0.337	0.103	0.374477	0	2.21006	4.64938	0	-0.652918	0	0	0	
28.83	0.337	0.103	0.420711	0	2.20217	4.57565	0	-1.03887	0	0	0	
28.84	0.337	0.103	0.466467	0	2.19178	4.57565	0	-1.03887	0	0	0	
28.85	0.337	0.103	0.512224	0	2.1814	4.57565	0	-1.03887	0	0	0	
28.86	0.337	0.103	0.55798	0	2.17101	4.57565	0	-1.03887	0	0	0	
28.87	0.337	0.103	0.603364	0	2.15929	4.47003	0	-1.41684	0	0	0	
28.88	0.337	0.103	0.648065	0	2.14512	4.47003	0	-1.41684	0	0	0	
28.89	0.337	0.103	0.692765	0	2.13095	4.47003	0	-1.41684	0	0	0	
28.9	0.337	0.103	0.737466	0	2.11678	4.47003	0	-1.41684	0	0	0	
28.91	0.337	0.103	0.781684	0	2.10132	4.33338	0	-1.78421	0	0	0	
28.92	0.337	0.103	0.825018	0	2.08348	4.33338	0	-1.78421	0	0	0	
28.93	0.337	0.103	0.868352	0	2.06563	4.33338	0	-1.78421	0	0	0	
28.94	0.337	0.103	0.911685	0	2.04779	4.33338	0	-1.78421	0	0	0	
28.95	0.337	0.103	0.954432	0	2.0287	4.16672	0	-2.13844	0	0	0	
28.96	0.337	0.103	0.996099	0	2.00732	4.16672	0	-2.13844	0	0	0	
28.97	0.337	0.103	1.03777	0	1.98593	4.16672	0	-2.13844	0	0	0	
28.98	0.337	0.103	1.07943	0	1.96455	4.16672	0	-2.13844	0	0	0	
28.99	0.337	0.103	1.12041	0	1.94197	3.97132	0	-2.47711	0	0	0	
29	0.337	0.103	1.16012	0	1.9172	3.97132	0	-2.47711	0	0	0	
29.01	0.337	0.103	1.19984	0	1.89243	3.97132	0	-2.47711	0	0	0	
29.02	0.337	0.103	1.23955	0	1.86766	3.97132	0	-2.47711	0	0	0	
29.03	0.337	0.103	1.27848	0	1.84175	3.74863	0	-2.79792	0	0	0	
29.04	0.337	0.103	1.31597	0	1.81377	3.74863	0	-2.79792	0	0	0	
29.05	0.337	0.103	1.35345	0	1.78579	3.74863	0	-2.79792	0	0	0	
29.06	0.337	0.103	1.39094	0	1.75782	3.74863	0	-2.79792	0	0	0	
29.07	0.337	0.103	1.42755	0	1.72878	3.50029	0	-3.09867	0	0	0	
29.08	0.337	0.103	1.46255	0	1.69779	3.50029	0	-3.09867	0	0	0	
29.09	0.337	0.103	1.49755	0	1.6668	3.50029	0	-3.09867	0	0	0	
29.1	0.337	0.103	1.53256	0	1.63582	3.50029	0	-3.09867	0	0	0	
29.11	0.337	0.103	1.5666	0	1.60385	3.22808	0	-3.37735	0	0	0	
29.12	0.337	0.103	1.59888	0	1.57007	3.22808	0	-3.37735	0	0	0	
29.13	0.337	0.103	1.63116	0	1.5363	3.22808	0	-3.37735	0	0	0	
29.14	0.337	0.103	1.66344	0	1.50253	3.22808	0	-3.37735	0	0	0	
29.15	0.337	0.103	1.69469	0	1.46786	2.93398	0	-3.63208	0	0	0	
29.16	0.337	0.103	1.72403	0	1.43153	2.93398	0	-3.63208	0	0	0	
29.17	0.337	0.103	1.75337	0	1.39521	2.93398	0	-3.63208	0	0	0	
29.18	0.337	0.103	1.78271	0	1.35889	2.93398	0	-3.63208	0	0	0	
29.19	0.337	0.103	1.81094	0	1.32176	2.62009	0	-3.86118	0	0	0	
29.2	0.337	0.103	1.83714	0	1.28315	2.62009	0	-3.86118	0	0	0	
29.21	0.337	0.103	1.86334	0	1.24454	2.62009	0	-3.86118	0	0	0	
29.22	0.337	0.103	1.88954	0	1.20593	2.62009	0	-3.86118	0	0	0	
29.23	0.337	0.103	1.91457	0	1.1666	2.28864	0	-4.06315	0	0	0	
29.24	0.337	0.103	1.93746	0	1.12597	2.28864	0	-4.06315	0	0	0	
29.25	0.337	0.103	1.96035	0	1.08534	2.28864	0	-4.06315	0	0	0	
29.26	0.337	0.103	1.98323	0	1.04471	2.28864	0	-4.06315	0	0	0	
29.27	0.337	0.103	2.0049	0	1.00347	1.94198	0	-4.23665	0	0	0	
29.28	0.337	0.103	2.02432	0	0.961101	1.94198	0	-4.23665	0	0	0	
29.29	0.337	0.103	2.04374	0	0.918734	1.94198	0	-4.23665	0	0	0	
29.3	0.337	0.103	2.06316	0	0.876368	1.94198	0	-4.23665	0	0	0	
29.31	0.337	0.103	2.08131	0	0.833494	1.58254	0	-4.38059	0	0	0	
29.32	0.337	0.103	2.09714	0	0.789688	1.58254	0	-4.38059	0	0	0	
29.33	0.337	0.103	2.11296	0	0.745882	1.58254	0	-4.38059	0	0	0	
29.34	0.337	0.103	2.12879	0	0.702076	1.58254	0	-4.38059	0	0	0	
29.35	0.337	0.103	2.14331	0	0.65787	1.21285	0	-4.49407	0	0	0	
29.36	0.337	0.103	2.15544	0	0.612929	1.21285	0	-4.49407	0	0	0	
29.37	0.337	0.103	2.16757	0	0.567989	1.21285	0	-4.49407	0	0	0	
29.38	0.337	0.103	2.17969	0	0.523048	1.21285	0	-4.49407	0	0	0	
29.39	0.337	0.103	2.19049	0	0.477817	0.835475	0	-4.57639	0	0	0	
29.4	0.337	0.103	2.19885	0	0.432053	0.835475	0	-4.57639	0	0	0	
29.41	0.337	0.103	2.2072	0	0.386289	0.835475	0	-4.57639	0	0	0	
29.42	0.337	0.103	2.21556	0	0.340525	0.835475	0	-4.57639	0	0	0	
29.43	0.337	0.103	2.22256	0	0.294583	0.453043	0	-4.62707	0	0	0	
29.44	0.337	0.103	2.22709	0	0.248312	0.453043	0	-4.62707	0	0	0	
29.45	0.337	0.103	2.23162	0	0.202041	0.453043	0	-4.62707	0	0	0	
29.46	0.337	0.103	2.23615	0	0.155771	0.453043	0	-4.62707	0	0	0	
29.47	0.337	0.103	2.23933	0	0.109434	0.0681933	0	-4.64588	0	0	0	
29.48	0.337	0.103	2.24001	0	0.0629747	0.0681933	0	-4.64588	0	0	0	
29.49	0.337	0.103	2.24069	0	0.0165159	0.0681933	0	-4.64588	0	0	0	
29.5	0.337	0.103	2.24137	0	-0.0299429	0.0681933	0	-4.64588	0	0	0	
29.51	0.337	0.103	2.2407	0	-0.0763555	-0.316426	0	-4.63277	0	0	0	
29.52	0.337	0.103	2.23754	0	-0.122683	-0.316426	0	-4.63277	0	0	0	
29.53	0.337	0.103	2.23437	0	-0.169011	-0.316426	0	-4.63277	0	0	0	
29.54	0.337	0.103	2.23121	0	-0.215339	-0.316426	0	-4.63277	0	0	0	
29.55	0.337	0.103	2.2267	0	-0.261508	-0.698179	0	-4.58794	0	0	0	
29.56	0.337	0.103	2.21971	0	-0.307388	-0.698179	0	-4.58794	0	0	0	
29.57	0.337	0.103	2.21273	0	-0.353267	-0.698179	0	-4.58794	0	0	0	
29.58	0.337	0.103	2.20575	0	-0.399147	-0.698179	0	-4.58794	0	0	0	
29.59	0.337	0.103	2.19744	0	-0.444758	-1.07446	0	-4.51178	0	0	0	
29.6	0.337	0.103	2.1867	0	-0.489875	-1.07446	0	-4.51178	0	0	0	
29.61	0.337	0.103	2.17595	0	-0.534993	-1.07446	0	-4.51178	0	0	0	
29.62	0.337	0.103	2.16521	0	-0.580111	-1.07446	0	-4.51178	0	0	0	
29.63	0.337	0.103	2.15317	0	-0.624852	-1.44272	0	-4.40491	0	0	0	
29.64	0.337	0.103	2.13874	0	-0.668901	-1.44272	0	-4.40491	0	0	0	
29.65	0.337	0.103	2.12431	0	-0.71295	-1.44272	0	-4.40491	0	0	0	
29.66	0.337	0.103	2.10988	0	-0.756999	-1.44272	0	-4.40491	0	0	0	
29.67	0.337	0.103	2.0942	0	-0.800566	-1.80046	0	-4.26816	0	0	0	
29.68	0.337	0.103	2.07619	0	-0.843248	-1.80046	0	-4.26816	0	0	0	
29.69	0.337	0.103	2.05819	0	-0.88593	-1.80046	0	-4.26816	0	0	0	
29.7	0.337	0.103	2.04018	0	-0.928611	-1.80046	0	-4.26816	0	0	0	
29.71	0.337	0.103	2.02096	0	-0.970709	-2.14527	0	-4.10254	0	0	0	
29.72	0.337	0.103	1.99951	0	-1.01173	-2.14527	0	-4.10254	0	0	0	
29.73	0.337	0.103	1.97806	0	-1.05276	-2.14527	0	-4.10254	0	0	0	
29.74	0.337	0.103	1.9566	0	-1.09378	-2.14527	0	-4.10254	0	0	0	
29.75	0.337	0.103	1.93399	0	-1.13413	-2.47485	0	-3.90927	0	0	0	
29.76	0.337	0.103	1.90924	0	-1.17322	-2.47485	0	-3.90927	0	0	0	
29.77	0.337	0.103	1.88449	0	-1.21231	-2.47485	0	-3.90927	0	0	0	
29.78	0.337	0.103	1.85974	0	-1.25141	-2.47485	0	-3.90927	0	0	0	
29.79	0.337	0.103	1.8339	0	-1.28973	-2.78699	0	-3.68974	0	0	0	
29.8	0.337	0.103	1.80603	0	-1.32662	-2.78699	0	-3.68974	0	0	0	
29.81	0.337	0.103	1.77816	0	-1.36352	-2.78699	0	-3.68974	0	0	0	
29.82	0.337	0.103	1.75029	0	-1.40042	-2.78699	0	-3.68974	0	0	0	
29.83	0.337	0.103	1.72138	0	-1.43645	-3.07963	0	-3.44554	0	0	0	
29.84	0.337	0.103	1.69059	0	-1.47091	-3.07963	0	-3.44554	0	0	0	
29.85	0.337	0.103	1.65979	0	-1.50537	-3.07963	0	-3.44554	0	0	0	
29.86	0.337	0.103	1.62899	0	-1.53982	-3.07963	0	-3.44554	0	0	0	
29.87	0.337	0.103	1.59724	0	-1.57333	-3.35085	0	-3.17839	0	0	0	
29.88	0.337	0.103	1.56373	0	-1.60512	-3.35085	0	-3.17839	0	0	0	
29.89	0.337	0.103	1.53023	0	-1.6369	-3.35085	0	-3.17839	0	0	0	
29.9	0.337	0.103	1.49672	0	-1.66869	-3.35085	0	-3.17839	0	0	0	
29.91	0.337	0.103	1.46233	0	-1.69945	-3.59885	0	-2.89016	0	0	0	
29.92	0.337	0.103	1.42635	0	-1.72836	-3.59885	0	-2.89016	0	0	0	
29.93	0.337	0.103	1.39036	0	-1.75726	-3.59885	0	-2.89016	0	0	0	
29.94	0.337	0.103	1.35437	0	-1.78616	-3.59885	0	-2.89016	0	0	0	
29.95	0.337	0.103	1.31759	0	-1.81398	-3.82205	0	-2.58289	0	0	0	
29.96	0.337	0.103	1.27937	0	-1.83981	-3.82205	0	-2.58289	0	0	0	
29.97	0.337	0.103	1.24115	0	-1.86563	-3.82205	0	-2.58289	0	0	0	
29.98	0.337	0.103	1.20293	0	-1.89146	-3.82205	0	-2.58289	0	0	0	
29.99	0.337	0.103	1.16402	0	-1.91615	-4.01899	0	-2.25869	0	0	0	
30	0.337	0.103	1.12383	0	-1.93874	-4.01899	0	-2.25869	0	0	0	
30.01	0.337	0.103	1.08364	0	-1.96132	-4.01899	0	-2.25869	0	0	0	
30.02	0.337	0.103	1.04345	0	-1.98391	-4.01899	0	-2.25869	0	0	0	
30.03	0.337	0.103	1.00266	0	-2.0053	-4.18843	0	-1.91981	0	0	0	
30.04	0.337	0.103	0.960776	0	-2.0245	-4.18843	0	-1.91981	0	0	0	
30.05	0.337	0.103	0.918891	0	-2.0437	-4.18843	0	-1.91981	0	0	0	
30.06	0.337	0.103	0.877007	0	-2.0629	-4.18843	0	-1.91981	0	0	0	
30.07	0.337	0.103	0.834626	0	-2.08086	-4.32931	0	-1.56858	0	0	0	
30.08	0.337	0.103	0.791333	0	-2.09654	-4.32931	0	-1.56858	0	0	0	
30.09	0.337	0.103	0.74804	0	-2.11223	-4.32931	0	-1.56858	0	0	0	
30.1	0.337	0.103	0.704747	0	-2.12791	-4.32931	0	-1.56858	0	0	0	
30.11	0.337	0.103	0.661061	0	-2.14233	-4.44075	0	-1.20741	0	0	0	
30.12	0.337	0.103	0.616653	0	-2.1544	-4.44075	0	-1.20741	0	0	0	
30.13	0.337	0.103	0.572246	0	-2.16647	-4.44075	0	-1.20741	0	0	0	
30.14	0.337	0.103	0.527838	0	-2.17855	-4.44075	0	-1.20741	0	0	0	
30.15	0.337	0.103	0.483144	0	-2.18932	-4.52211	0	-0.838755	0	0	0	
30.16	0.337	0.103	0.437923	0	-2.19771	-4.52211	0	-0.838755	0	0	0	
30.17	0.337	0.103	0.392702	0	-2.2061	-4.52211	0	-0.838755	0	0	0	
30.18	0.337	0.103	0.347481	0	-2.21449	-4.52211	0	-0.838755	0	0	0	
30.19	0.337	0.103	0.30208	0	-2.22156	-4.57292	0	-0.465114	0	0	0	
30.2	0.337	0.103	0.256351	0	-2.22621	-4.57292	0	-0.465114	0	0	0	
30.21	0.337	0.103	0.210622	0	-2.23086	-4.57292	0	-0.465114	0	0	0	
30.22	0.337	0.103	0.164893	0	-2.23551	-4.57292	0	-0.465114	0	0	0	
30.23	0.337	0.103	0.119093	0	-2.23883	-4.59292	0	-0.089014	0	0	0	
30.24	0.337	0.103	0.0731639	0	-2.23972	-4.59292	0	-0.089014	0	0	0	
30.25	0.337	0.103	0.0272347	0	-2.24061	-4.59292	0	-0.089014	0	0	0	
30.26	0.337	0.103	-0.0186946	0	-2.24151	-4.59292	0	-0.089014	0	0	0	
30.27	0.337	0.103	-0.0645856	0	-2.24107	-4.58209	0	0.287016	0	0	0	
30.28	0.337	0.103	-0.110406	0	-2.2382	-4.58209	0	0.287016	0	0	0	
30.29	0.337	0.103	-0.156227	0	-2.23533	-4.58209	0	0.287016	0	0	0	
30.3	0.337	0.103	-0.202048	0	-2.23246	-4.58209	0	0.287016	0	0	0	
30.31	0.337	0.103	-0.247723	0	-2.22827	-4.54057	0	0.660457	0	0	0	
30.32	0.337	0.103	-0.293128	0	-2.22167	-4.54057	0	0.660457	0	0	0	
30.33	0.337	0.103	-0.338534	0	-2.21506	-4.54057	0	0.660457	0	0	0	
30.34	0.337	0.103	-0.38394	0	-2.20846	-4.54057	0	0.660457	0	0	0	
30.35	0.337	0.103	-0.429092	0	-2.20056	-4.46874	0	1.02882	0	0	0	
30.36	0.337	0.103	-0.47378	0	-2.19027	-4.46874	0	1.02882	0	0	0	
30.37	0.337	0.103	-0.518467	0	-2.17998	-4.46874	0	1.02882	0	0	0	
30.38	0.337	0.103	-0.563155	0	-2.16969	-4.46874	0	1.02882	0	0	0	
30.39	0.337	0.103	-0.607484	0	-2.15813	-4.36717	0	1.38965	0	0	0	
30.4	0.337	0.103	-0.651156	0	-2.14423	-4.36717	0	1.38965	0	0	0	
30.41	0.337	0.103	-0.694827	0	-2.13034	-4.36717	0	1.38965	0	0	0	
30.42	0.337	0.103	-0.738499	0	-2.11644	-4.36717	0	1.38965	0	0	0	
30.43	0.337	0.103	-0.781711	0	-2.10131	-4.23663	0	1.74057	0	0	0	
30.44	0.337	0.103	-0.824077	0	-2.0839	-4.23663	0	1.74057	0	0	0	
30.45	0.337	0.103	-0.866443	0	-2.0665	-4.23663	0	1.74057	0	0	0	
30.46	0.337	0.103	-0.908809	0	-2.04909	-4.23663	0	1.74057	0	0	0	
30.47	0.337	0.103	-0.950617	0	-2.03049	-4.07806	0	2.07926	0	0	0	
30.48	0.337	0.103	-0.991397	0	-2.0097	-4.07806	0	2.07926	0	0	0	
30.49	0.337	0.103	-1.03218	0	-1.98891	-4.07806	0	2.07926	0	0	0	
30.5	0.337	0.103	-1.07296	0	-1.96811	-4.07806	0	2.07926	0	0	0	
30.51	0.337	0.103	-1.11309	0	-1.94618	-3.89261	0	2.40351	0	0	0	
30.52	0.337	0.103	-1.15201	0	-1.92214	-3.89261	0	2.40351	0	0	0	
30.53	0.337	0.103	-1.19094	0	-1.89811	-3.89261	0	2.40351	0	0	0	
30.54	0.337	0.103	-1.22986	0	-1.87407	-3.89261	0	2.40351	0	0	0	
30.55	0.337	0.103	-1.26805	0	-1.84895	-3.6816	0	2.71119	0	0	0	
30.56	0.337	0.103	-1.30486	0	-1.82184	-3.6816	0	2.71119	0	0	0	
30.57	0.337	0.103	-1.34168	0	-1.79473	-3.6816	0	2.71119	0	0	0	
30.58	0.337	0.103	-1.37849	0	-1.76762	-3.6816	0	2.71119	0	0	0	
30.59	0.337	0.103	-1.41448	0	-1.73949	-3.44649	0	3.00032	0	0	0	
30.6	0.337	0.103	-1.44895	0	-1.70948	-3.44649	0	3.00032	0	0	0	
30.61	0.337	0.103	-1.48341	0	-1.67948	-3.44649	0	3.00032	0	0	0	
30.62	0.337	0.103	-1.51788	0	-1.64948	-3.44649	0	3.00032	0	0	0	
30.63	0.337	0.103	-1.55143	0	-1.61852	-3.18892	0	3.26903	0	0	0	
30.64	0.337	0.103	-1.58332	0	-1.58583	-3.18892	0	3.26903	0	0	0	
30.65	0.337	0.103	-1.61521	0	-1.55314	-3.18892	0	3.26903	0	0	0	
30.66	0.337	0.103	-1.6471	0	-1.52045	-3.18892	0	3.26903	0	0	0	
30.67	0.337	0.103	-1.67801	0	-1.48689	-2.91066	0	3.5156	0	0	0	
30.68	0.337	0.103	-1.70711	0	-1.45174	-2.91066	0	3.5156	0	0	0	
30.69	0.337	0.103	-1.73622	0	-1.41658	-2.91066	0	3.5156	0	0	0	
30.7	0.337	0.103	-1.76533	0	-1.38143	-2.91066	0	3.5156	0	0	0	
30.71	0.337	0.103	-1.79339	0	-1.34548	-2.61361	0	3.73846	0	0	0	
30.72	0.337	0.103	-1.81952	0	-1.3081	-2.61361	0	3.73846	0	0	0	
30.73	0.337	0.103	-1.84566	0	-1.27072	-2.61361	0	3.73846	0	0	0	
30.74	0.337	0.103	-1.8718	0	-1.23333	-2.61361	0	3.73846	0	0	0	
30.75	0.337	0.103	-1.89682	0	-1.19525	-2.2998	0	3.9362	0	0	0	
30.76	0.337	0.103	-1.91982	0	-1.15589	-2.2998	0	3.9362	0	0	0	
30.77	0.337	0.103	-1.94282	0	-1.11652	-2.2998	0	3.9362	0	0	0	
30.78	0.337	0.103	-1.96582	0	-1.07716	-2.2998	0	3.9362	0	0	0	
30.79	0.337	0.103	-1.98766	0	-1.0372	-1.97134	0	4.10759	0	0	0	
30.8	0.337	0.103	-2.00737	0	-0.996121	-1.97134	0	4.10759	0	0	0	
30.81	0.337	0.103	-2.02709	0	-0.955045	-1.97134	0	4.10759	0	0	0	
30.82	0.337	0.103	-2.0468	0	-0.913969	-1.97134	0	4.10759	0	0	0	
30.83	0.337	0.103	-2.06531	0	-0.872385	-1.63045	0	4.25159	0	0	0	
30.84	0.337	0.103	-2.08162	0	-0.829869	-1.63045	0	4.25159	0	0	0	
30.85	0.337	0.103	-2.09792	0	-0.787353	-1.63045	0	4.25159	0	0	0	
30.86	0.337	0.103	-2.11422	0	-0.744837	-1.63045	0	4.25159	0	0	0	
30.87	0.337	0.103	-2.12929	0	-0.701914	-1.27941	0	4.36731	0	0	0	
30.88	0.337	0.103	-2.14209	0	-0.658241	-1.27941	0	4.36731	0	0	0	
30.89	0.337	0.103	-2.15488	0	-0.614567	-1.27941	0	4.36731	0	0	0	
30.9	0.337	0.103	-2.16767	0	-0.570894	-1.27941	0	4.36731	0	0	0	
30.91	0.337	0.103	-2.1792	0	-0.526915	-0.920561	0	4.45407	0	0	0	
30.92	0.337	0.103	-2.18841	0	-0.482375	-0.920561	0	4.45407	0	0	0	
30.93	0.337	0.103	-2.19761	0	-0.437834	-0.920561	0	4.45407	0	0	0	
30.94	0.337	0.103	-2.20682	0	-0.393293	-0.920561	0	4.45407	0	0	0	
30.95	0.337	0.103	-2.21474	0	-0.34855	-0.55628	0	4.5114	0	0	0	
30.96	0.337	0.103	-2.2203	0	-0.303436	-0.55628	0	4.5114	0	0	0	
30.97	0.337	0.103	-2.22587	0	-0.258322	-0.55628	0	4.5114	0	0	0	
30.98	0.337	0.103	-2.23143	0	-0.213208	-0.55628	0	4.5114	0	0	0	
30.99	0.337	0.103	-2.2357	0	-0.167997	-0.188978	0	4.539	0	0	0	
31	0.337	0.103	-2.23759	0	-0.122607	-0.188978	0	4.539	0	0	0	
31.01	0.337	0.103	-2.23948	0	-0.0772169	-0.188978	0	4.539	0	0	0	
31.02	0.337	0.103	-2.24137	0	-0.0318268	-0.188978	0	4.539	0	0	0	
31.03	0.337	0.103	-2.24196	0	0.0135553	0.178926	0	4.53678	0	0	0	
31.04	0.337	0.103	-2.24017	0	0.0589231	0.178926	0	4.53678	0	0	0	
31.05	0.337	0.103	-2.23838	0	0.104291	0.178926	0	4.53678	0	0	0	
31.06	0.337	0.103	-2.23659	0	0.149659	0.178926	0	4.53678	0	0	0	
31.07	0.337	0.103	-2.23351	0	0.194914	0.54502	0	4.50483	0	0	0	
31.08	0.337	0.103	-2.22806	0	0.239962	0.54502	0	4.50483	0	0	0	
31.09	0.337	0.103	-2.22261	0	0.28501	0.54502	0	4.50483	0	0	0	
31.1	0.337	0.103	-2.21716	0	0.330059	0.54502	0	4.50483	0	0	0	
31.11	0.337	0.103	-2.21043	0	0.374891	0.906913	0	4.44345	0	0	0	
31.12	0.337	0.103	-2.20137	0	0.419325	0.906913	0	4.44345	0	0	0	
31.13	0.337	0.103	-2.1923	0	0.46376	0.906913	0	4.44345	0	0	0	
31.14	0.337	0.103	-2.18323	0	0.508194	0.906913	0	4.44345	0	0	0	
31.15	0.337	0.103	-2.17291	0	0.55231	1.26225	0	4.35313	0	0	0	
31.16	0.337	0.103	-2.16028	0	0.595842	1.26225	0	4.35313	0	0	0	
31.17	0.337	0.103	-2.14766	0	0.639373	1.26225	0	4.35313	0	0	0	
31.18	0.337	0.103	-2.13504	0	0.682904	1.26225	0	4.35313	0	0	0	
31.19	0.337	0.103	-2.12119	0	0.726018	1.60873	0	4.23454	0	0	0	
31.2	0.337	0.103	-2.10511	0	0.768363	1.60873	0	4.23454	0	0	0	
31.21	0.337	0.103	-2.08902	0	0.810709	1.60873	0	4.23454	0	0	0	
31.22	0.337	0.103	-2.07293	0	0.853054	1.60873	0	4.23454	0	0	0	
31.23	0.337	0.103	-2.05566	0	0.894885	1.94412	0	4.08854	0	0	0	
31.24	0.337	0.103	-2.03622	0	0.93577	1.94412	0	4.08854	0	0	0	
31.25	0.337	0.103	-2.01678	0	0.976655	1.94412	0	4.08854	0	0	0	
31.26	0.337	0.103	-1.99734	0	1.01754	1.94412	0	4.08854	0	0	0	
31.27	0.337	0.103	-1.97676	0	1.05782	2.26627	0	3.91615	0	0	0	
31.28	0.337	0.103	-1.9541	0	1.09698	2.26627	0	3.91615	0	0	0	
31.29	0.337	0.103	-1.93144	0	1.13614	2.26627	0	3.91615	0	0	0	
31.3	0.337	0.103	-1.90877	0	1.1753	2.26627	0	3.91615	0	0	0	
31.31	0.337	0.103	-1.88503	0	1.21377	2.57312	0	3.71857	0	0	0	
31.32	0.337	0.103	-1.8593	0	1.25095	2.57312	0	3.71857	0	0	0	
31.33	0.337	0.103	-1.83357	0	1.28814	2.57312	0	3.71857	0	0	0	
31.34	0.337	0.103	-1.80783	0	1.32532	2.57312	0	3.71857	0	0	0	
31.35	0.337	0.103	-1.78108	0	1.36173	2.86271	0	3.49716	0	0	0	
31.36	0.337	0.103	-1.75246	0	1.3967	2.86271	0	3.49716	0	0	0	
31.37	0.337	0.103	-1.72383	0	1.43167	2.86271	0	3.49716	0	0	0	
31.38	0.337	0.103	-1.6952	0	1.46664	2.86271	0	3.49716	0	0	0	
31.39	0.337	0.103	-1.66562	0	1.50076	3.13322	0	3.25343	0	0	0	
31.4	0.337	0.103	-1.63429	0	1.53329	3.13322	0	3.25343	0	0	0	
31.41	0.337	0.103	-1.60296	0	1.56583	3.13322	0	3.25343	0	0	0	
31.42	0.337	0.103	-1.57162	0	1.59836	3.13322	0	3.25343	0	0	0	
31.43	0.337	0.103	-1.53941	0	1.62996	3.38294	0	2.98902	0	0	0	
31.44	0.337	0.103	-1.50558	0	1.65985	3.38294	0	2.98902	0	0	0	
31.45	0.337	0.103	-1.47175	0	1.68974	3.38294	0	2.98902	0	0	0	
31.46	0.337	0.103	-1.43792	0	1.71963	3.38294	0	2.98902	0	0	0	
31.47	0.337	0.103	-1.40329	0	1.74852	3.61033	0	2.70569	0	0	0	
31.48	0.337	0.103	-1.36719	0	1.77558	3.61033	0	2.70569	0	0	0	
31.49	0.337	0.103	-1.33109	0	1.80264	3.61033	0	2.70569	0	0	0	
31.5	0.337	0.103	-1.29498	0	1.82969	3.61033	0	2.70569	0	0	0	
31.51	0.337	0.103	-1.25816	0	1.85569	3.81396	0	2.40535	0	0	0	
31.52	0.337	0.103	-1.22002	0	1.87975	3.81396	0	2.40535	0	0	0	
31.53	0.337	0.103	-1.18188	0	1.9038	3.81396	0	2.40535	0	0	0	
31.54	0.337	0.103	-1.14374	0	1.92785	3.81396	0	2.40535	0	0	0	
31.55	0.337	0.103	-1.10497	0	1.95079	3.9926	0	2.08997	0	0	0	
31.56	0.337	0.103	-1.06505	0	1.97169	3.9926	0	2.08997	0	0	0	
31.57	0.337	0.103	-1.02512	0	1.99259	3.9926	0	2.08997	0	0	0	
31.58	0.337	0.103	-0.985195	0	2.01349	3.9926	0	2.08997	0	0	0	
31.59	0.337	0.103	-0.944731	0	2.03324	4.14515	0	1.76164	0	0	0	
31.6	0.337	0.103	-0.903279	0	2.05085	4.14515	0	1.76164	0	0	0	
31.61	0.337	0.103	-0.861828	0	2.06847	4.14515	0	1.76164	0	0	0	
31.62	0.337	0.103	-0.820376	0	2.08608	4.14515	0	1.76164	0	0	0	
31.63	0.337	0.103	-0.778482	0	2.10251	4.27072	0	1.42251	0	0	0	
31.64	0.337	0.103	-0.735775	0	2.11673	4.27072	0	1.42251	0	0	0	
31.65	0.337	0.103	-0.693068	0	2.13096	4.27072	0	1.42251	0	0	0	
31.66	0.337	0.103	-0.65036	0	2.14518	4.27072	0	1.42251	0	0	0	
31.67	0.337	0.103	-0.607308	0	2.15818	4.36857	0	1.07479	0	0	0	
31.68	0.337	0.103	-0.563623	0	2.16893	4.36857	0	1.07479	0	0	0	
31.69	0.337	0.103	-0.519937	0	2.17968	4.36857	0	1.07479	0	0	0	
31.7	0.337	0.103	-0.476251	0	2.19042	4.36857	0	1.07479	0	0	0	
31.71	0.337	0.103	-0.43232	0	2.19992	4.43814	0	0.720756	0	0	0	
31.72	0.337	0.103	-0.387939	0	2.20713	4.43814	0	0.720756	0	0	0	
31.73	0.337	0.103	-0.343557	0	2.21434	4.43814	0	0.720756	0	0	0	
31.74	0.337	0.103	-0.299176	0	2.22155	4.43814	0	0.720756	0	0	0	
31.75	0.337	0.103	-0.25465	0	2.22749	4.47908	0	0.362688	0	0	0	
31.76	0.337	0.103	-0.209859	0	2.23112	4.47908	0	0.362688	0	0	0	
31.77	0.337	0.103	-0.165069	0	2.23475	4.47908	0	0.362688	0	0	0	
31.78	0.337	0.103	-0.120278	0	2.23837	4.47908	0	0.362688	0	0	0	
31.79	0.337	0.103	-0.0754443	0	2.24073	4.49119	0	0.00290044	0	0	0	
31.8	0.337	0.103	-0.0305324	0	2.24076	4.49119	0	0.00290044	0	0	0	
31.81	0.337	0.103	0.0143795	0	2.24079	4.49119	0	0.00290044	0	0	0	
31.82	0.337	0.103	0.0592914	0	2.24082	4.49119	0	0.00290044	0	0	0	
31.83	0.337	0.103	0.104144	0	2.23958	4.47449	0	-0.356296	0	0	0	
31.84	0.337	0.103	0.148889	0	2.23602	4.47449	0	-0.356296	0	0	0	
31.85	0.337	0.103	0.193634	0	2.23245	4.47449	0	-0.356296	0	0	0	
31.86	0.337	0.103	0.238379	0	2.22889	4.47449	0	-0.356296	0	0	0	
31.87	0.337	0.103	0.282964	0	2.22407	4.42916	0	-0.712601	0	0	0	
31.88	0.337	0.103	0.327256	0	2.21695	4.42916	0	-0.712601	0	0	0	
31.89	0.337	0.103	0.371547	0	2.20982	4.42916	0	-0.712601	0	0	0	
31.9	0.337	0.103	0.415839	0	2.20269	4.42916	0	-0.712601	0	0	0	
31.91	0.337	0.103	0.459871	0	2.19433	4.35557	0	-1.06375	0	0	0	
31.92	0.337	0.103	0.503427	0	2.18369	4.35557	0	-1.06375	0	0	0	
31.93	0.337	0.103	0.546982	0	2.17305	4.35557	0	-1.06375	0	0	0	
31.94	0.337	0.103	0.590538	0	2.16242	4.35557	0	-1.06375	0	0	0	
31.95	0.337	0.103	0.633736	0	2.15057	4.25427	0	-1.4075	0	0	0	
31.96	0.337	0.103	0.676279	0	2.13649	4.25427	0	-1.4075	0	0	0	
31.97	0.337	0.103	0.718822	0	2.12242	4.25427	0	-1.4075	0	0	0	
31.98	0.337	0.103	0.761364	0	2.10834	4.25427	0	-1.4075	0	0	0	
31.99	0.337	0.103	0.803455	0	2.09309	4.12599	0	-1.74169	0	0	0	
32	0.337	0.103	0.844715	0	2.07567	4.12599	0	-1.74169	0	0	0	
32.01	0.337	0.103	0.885974	0	2.05826	4.12599	0	-1.74169	0	0	0	
32.02	0.337	0.103	0.927234	0	2.04084	4.12599	0	-1.74169	0	0	0	
32.03	0.337	0.103	0.96795	0	2.02229	3.97161	0	-2.06421	0	0	0	
32.04	0.337	0.103	1.00767	0	2.00164	3.97161	0	-2.06421	0	0	0	
32.05	0.337	0.103	1.04738	0	1.981	3.97161	0	-2.06421	0	0	0	
32.06	0.337	0.103	1.0871	0	1.96036	3.97161	0	-2.06421	0	0	0	
32.07	0.337	0.103	1.12618	0	1.93863	3.79221	0	-2.37304	0	0	0	
32.08	0.337	0.103	1.1641	0	1.9149	3.79221	0	-2.37304	0	0	0	
32.09	0.337	0.103	1.20203	0	1.89117	3.79221	0	-2.37304	0	0	0	
32.1	0.337	0.103	1.23995	0	1.86744	3.79221	0	-2.37304	0	0	0	
32.11	0.337	0.103	1.27715	0	1.84267	3.58898	0	-2.66625	0	0	0	
32.12	0.337	0.103	1.31304	0	1.81601	3.58898	0	-2.66625	0	0	0	
32.13	0.337	0.103	1.34893	0	1.78935	3.58898	0	-2.66625	0	0	0	
32.14	0.337	0.103	1.38482	0	1.76268	3.58898	0	-2.66625	0	0	0	
32.15	0.337	0.103	1.41992	0	1.73505	3.36329	0	-2.94203	0	0	0	
32.16	0.337	0.103	1.45355	0	1.70563	3.36329	0	-2.94203	0	0	0	
32.17	0.337	0.103	1.48718	0	1.67621	3.36329	0	-2.94203	0	0	0	
32.18	0.337	0.103	1.52082	0	1.64679	3.36329	0	-2.94203	0	0	0	
32.19	0.337	0.103	1.55358	0	1.61646	3.11663	0	-3.19868	0	0	0	
32.2	0.337	0.103	1.58475	0	1.58448	3.11663	0	-3.19868	0	0	0	
32.21	0.337	0.103	1.61591	0	1.55249	3.11663	0	-3.19868	0	0	0	
32.22	0.337	0.103	1.64708	0	1.5205	3.11663	0	-3.19868	0	0	0	
32.23	0.337	0.103	1.67731	0	1.48768	2.85063	0	-3.43461	0	0	0	
32.24	0.337	0.103	1.70581	0	1.45334	2.85063	0	-3.43461	0	0	0	
32.25	0.337	0.103	1.73432	0	1.41899	2.85063	0	-3.43461	0	0	0	
32.26	0.337	0.103	1.76283	0	1.38465	2.85063	0	-3.43461	0	0	0	
32.27	0.337	0.103	1.79033	0	1.34955	2.56701	0	-3.6484	0	0	0	
32.28	0.337	0.103	1.816	0	1.31306	2.56701	0	-3.6484	0	0	0	
32.29	0.337	0.103	1.84167	0	1.27658	2.56701	0	-3.6484	0	0	0	
32.3	0.337	0.103	1.86734	0	1.24009	2.56701	0	-3.6484	0	0	0	
32.31	0.337	0.103	1.89196	0	1.20294	2.26764	0	-3.83875	0	0	0	
32.32	0.337	0.103	1.91463	0	1.16455	2.26764	0	-3.83875	0	0	0	
32.33	0.337	0.103	1.93731	0	1.12616	2.26764	0	-3.83875	0	0	0	
32.34	0.337	0.103	1.95999	0	1.08778	2.26764	0	-3.83875	0	0	0	
32.35	0.337	0.103	1.98156	0	1.04881	1.95443	0	-4.00452	0	0	0	
32.36	0.337	0.103	2.0011	0	1.00876	1.95443	0	-4.00452	0	0	0	
32.37	0.337	0.103	2.02065	0	0.968715	1.95443	0	-4.00452	0	0	0	
32.38	0.337	0.103	2.04019	0	0.92867	1.95443	0	-4.00452	0	0	0	
32.39	0.337	0.103	2.05859	0	0.88813	1.62941	0	-4.14474	0	0	0	
32.4	0.337	0.103	2.07488	0	0.846683	1.62941	0	-4.14474	0	0	0	
32.41	0.337	0.103	2.09118	0	0.805235	1.62941	0	-4.14474	0	0	0	
32.42	0.337	0.103	2.10747	0	0.763788	1.62941	0	-4.14474	0	0	0	
32.43	0.337	0.103	2.12259	0	0.721939	1.29466	0	-4.2586	0	0	0	
32.44	0.337	0.103	2.13553	0	0.679353	1.29466	0	-4.2586	0	0	0	
32.45	0.337	0.103	2.14848	0	0.636767	1.29466	0	-4.2586	0	0	0	
32.46	0.337	0.103	2.16143	0	0.594181	1.29466	0	-4.2586	0	0	0	
32.47	0.337	0.103	2.17316	0	0.551289	0.952316	0	-4.34545	0	0	0	
32.48	0.337	0.103	2.18269	0	0.507834	0.952316	0	-4.34545	0	0	0	
32.49	0.337	0.103	2.19221	0	0.46438	0.952316	0	-4.34545	0	0	0	
32.5	0.337	0.103	2.20173	0	0.420925	0.952316	0	-4.34545	0	0	0	
32.51	0.337	0.103	2.21003	0	0.377262	0.604549	0	-4.40481	0	0	0	
32.52	0.337	0.103	2.21608	0	0.333214	0.604549	0	-4.40481	0	0	0	
32.53	0.337	0.103	2.22212	0	0.289165	0.604549	0	-4.40481	0	0	0	
32.54	0.337	0.103	2.22817	0	0.245117	0.604549	0	-4.40481	0	0	0	
32.55	0.337	0.103	2.23298	0	0.200958	0.253561	0	-4.4364	0	0	0	
32.56	0.337	0.103	2.23551	0	0.156594	0.253561	0	-4.4364	0	0	0	
32.57	0.337	0.103	2.23805	0	0.11223	0.253561	0	-4.4364	0	0	0	
32.58	0.337	0.103	2.24058	0	0.067866	0.253561	0	-4.4364	0	0	0	
32.59	0.337	0.103	2.24188	0	0.023489	-0.0984352	0	-4.44009	0	0	0	
32.6	0.337	0.103	2.24089	0	-0.0209119	-0.0984352	0	-4.44009	0	0	0	
32.61	0.337	0.103	2.23991	0	-0.0653127	-0.0984352	0	-4.44009	0	0	0	
32.62	0.337	0.103	2.23892	0	-0.109714	-0.0984352	0	-4.44009	0	0	0	
32.63	0.337	0.103	2.2367	0	-0.154029	-0.449231	0	-4.41593	0	0	0	
32.64	0.337	0.103	2.23221	0	-0.198189	-0.449231	0	-4.41593	0	0	0	
32.65	0.337	0.103	2.22772	0	-0.242348	-0.449231	0	-4.41593	0	0	0	
32.66	0.337	0.103	2.22323	0	-0.286507	-0.449231	0	-4.41593	0	0	0	
32.67	0.337	0.103	2.21751	0	-0.330484	-0.796631	0	-4.36415	0	0	0	
32.68	0.337	0.103	2.20954	0	-0.374125	-0.796631	0	-4.36415	0	0	0	
32.69	0.337	0.103	2.20158	0	-0.417767	-0.796631	0	-4.36415	0	0	0	
32.7	0.337	0.103	2.19361	0	-0.461408	-0.796631	0	-4.36415	0	0	0	
32.71	0.337	0.103	2.18444	0	-0.504771	-1.13847	0	-4.28516	0	0	0	
32.72	0.337	0.103	2.17305	0	-0.547623	-1.13847	0	-4.28516	0	0	0	
32.73	0.337	0.103	2.16167	0	-0.590475	-1.13847	0	-4.28516	0	0	0	
32.74	0.337	0.103	2.15028	0	-0.633326	-1.13847	0	-4.28516	0	0	0	
32.75	0.337	0.103	2.13772	0	-0.675806	-1.47264	0	-4.17952	0	0	0	
32.76	0.337	0.103	2.12299	0	-0.717601	-1.47264	0	-4.17952	0	0	0	
32.77	0.337	0.103	2.10827	0	-0.759396	-1.47264	0	-4.17952	0	0	0	
32.78	0.337	0.103	2.09354	0	-0.801191	-1.47264	0	-4.17952	0	0	0	
32.79	0.337	0.103	2.07767	0	-0.842523	-1.79705	0	-4.04797	0	0	0	
32.8	0.337	0.103	2.0597	0	-0.883002	-1.79705	0	-4.04797	0	0	0	
32.81	0.337	0.103	2.04173	0	-0.923482	-1.79705	0	-4.04797	0	0	0	
32.82	0.337	0.103	2.02376	0	-0.963962	-1.79705	0	-4.04797	0	0	0	
32.83	0.337	0.103	2.00469	0	-1.00389	-2.10973	0	-3.89139	0	0	0	
32.84	0.337	0.103	1.98359	0	-1.0428	-2.10973	0	-3.89139	0	0	0	
32.85	0.337	0.103	1.96249	0	-1.08172	-2.10973	0	-3.89139	0	0	0	
32.86	0.337	0.103	1.9414	0	-1.12063	-2.10973	0	-3.89139	0	0	0	
32.87	0.337	0.103	1.91924	0	-1.15891	-2.40875	0	-3.71083	0	0	0	
32.88	0.337	0.103	1.89516	0	-1.19602	-2.40875	0	-3.71083	0	0	0	
32.89	0.337	0.103	1.87107	0	-1.23312	-2.40875	0	-3.71083	0	0	0	
32.9	0.337	0.103	1.84698	0	-1.27023	-2.40875	0	-3.71083	0	0	0	
32.91	0.337	0.103	1.82189	0	-1.30662	-2.69229	0	-3.50748	0	0	0	
32.92	0.337	0.103	1.79497	0	-1.3417	-2.69229	0	-3.50748	0	0	0	
32.93	0.337	0.103	1.76805	0	-1.37677	-2.69229	0	-3.50748	0	0	0	
32.94	0.337	0.103	1.74113	0	-1.41185	-2.69229	0	-3.50748	0	0	0	
32.95	0.337	0.103	1.71326	0	-1.44613	-2.95864	0	-3.28266	0	0	0	
32.96	0.337	0.103	1.68368	0	-1.47896	-2.95864	0	-3.28266	0	0	0	
32.97	0.337	0.103	1.65409	0	-1.51178	-2.95864	0	-3.28266	0	0	0	
32.98	0.337	0.103	1.6245	0	-1.54461	-2.95864	0	-3.28266	0	0	0	
32.99	0.337	0.103	1.59404	0	-1.57657	-3.20617	0	-3.03784	0	0	0	
33	0.337	0.103	1.56198	0	-1.60695	-3.20617	0	-3.03784	0	0	0	
33.01	0.337	0.103	1.52992	0	-1.63733	-3.20617	0	-3.03784	0	0	0	
33.02	0.337	0.103	1.49786	0	-1.66771	-3.20617	0	-3.03784	0	0	0	
33.03	0.337	0.103	1.465	0	-1.69716	-3.43342	0	-2.77457	0	0	0	
33.04	0.337	0.103	1.43066	0	-1.7249	-3.43342	0	-2.77457	0	0	0	
33.05	0.337	0.103	1.39633	0	-1.75265	-3.43342	0	-2.77457	0	0	0	
33.06	0.337	0.103	1.36199	0	-1.7804	-3.43342	0	-2.77457	0	0	0	
33.07	0.337	0.103	1.32693	0	-1.80715	-3.63903	0	-2.49456	0	0	0	
33.08	0.337	0.103	1.29054	0	-1.8321	-3.63903	0	-2.49456	0	0	0	
33.09	0.337	0.103	1.25415	0	-1.85705	-3.63903	0	-2.49456	0	0	0	
33.1	0.337	0.103	1.21776	0	-1.88199	-3.63903	0	-2.49456	0	0	0	
33.11	0.337	0.103	1.18073	0	-1.9059	-3.82179	0	-2.19956	0	0	0	
33.12	0.337	0.103	1.14251	0	-1.92789	-3.82179	0	-2.19956	0	0	0	
33.13	0.337	0.103	1.10429	0	-1.94989	-3.82179	0	-2.19956	0	0	0	
33.14	0.337	0.103	1.06608	0	-1.97188	-3.82179	0	-2.19956	0	0	0	
33.15	0.337	0.103	1.0273	0	-1.99279	-3.98062	0	-1.89145	0	0	0	
33.16	0.337	0.103	0.987491	0	-2.01171	-3.98062	0	-1.89145	0	0	0	
33.17	0.337	0.103	0.947685	0	-2.03062	-3.98062	0	-1.89145	0	0	0	
33.18	0.337	0.103	0.907879	0	-2.04954	-3.98062	0	-1.89145	0	0	0	
33.19	0.337	0.103	0.8676	0	-2.06733	-4.11461	0	-1.57217	0	0	0	
33.2	0.337	0.103	0.826454	0	-2.08305	-4.11461	0	-1.57217	0	0	0	
33.21	0.337	0.103	0.785308	0	-2.09877	-4.11461	0	-1.57217	0	0	0	
33.22	0.337	0.103	0.744162	0	-2.11449	-4.11461	0	-1.57217	0	0	0	
33.23	0.337	0.103	0.702633	0	-2.12905	-4.22301	0	-1.24371	0	0	0	
33.24	0.337	0.103	0.660403	0	-2.14149	-4.22301	0	-1.24371	0	0	0	
33.25	0.337	0.103	0.618173	0	-2.15393	-4.22301	0	-1.24371	0	0	0	
33.26	0.337	0.103	0.575943	0	-2.16637	-4.22301	0	-1.24371	0	0	0	
33.27	0.337	0.103	0.533423	0	-2.17762	-4.30522	0	-0.908119	0	0	0	
33.28	0.337	0.103	0.490371	0	-2.1867	-4.30522	0	-0.908119	0	0	0	
33.29	0.337	0.103	0.447319	0	-2.19578	-4.30522	0	-0.908119	0	0	0	
33.3	0.337	0.103	0.404267	0	-2.20486	-4.30522	0	-0.908119	0	0	0	
33.31	0.337	0.103	0.361018	0	-2.21274	-4.36079	0	-0.567489	0	0	0	
33.32	0.337	0.103	0.317411	0	-2.21842	-4.36079	0	-0.567489	0	0	0	
33.33	0.337	0.103	0.273803	0	-2.22409	-4.36079	0	-0.567489	0	0	0	
33.34	0.337	0.103	0.230195	0	-2.22977	-4.36079	0	-0.567489	0	0	0	
33.35	0.337	0.103	0.186486	0	-2.23423	-4.38947	0	-0.223925	0	0	0	
33.36	0.337	0.103	0.142591	0	-2.23647	-4.38947	0	-0.223925	0	0	0	
33.37	0.337	0.103	0.0986963	0	-2.23871	-4.38947	0	-0.223925	0	0	0	
33.38	0.337	0.103	0.0548016	0	-2.24095	-4.38947	0	-0.223925	0	0	0	
33.39	0.337	0.103	0.010901	0	-2.24197	-4.39114	0	0.120457	0	0	0	
33.4	0.337	0.103	-0.0330105	0	-2.24077	-4.39114	0	0.120457	0	0	0	
33.41	0.337	0.103	-0.0769219	0	-2.23956	-4.39114	0	0.120457	0	0	0	
33.42	0.337	0.103	-0.120833	0	-2.23836	-4.39114	0	0.120457	0	0	0	
33.43	0.337	0.103	-0.164656	0	-2.23595	-4.36588	0	0.46354	0	0	0	
33.44	0.337	0.103	-0.208314	0	-2.23131	-4.36588	0	0.46354	0	0	0	
33.45	0.337	0.103	-0.251973	0	-2.22667	-4.36588	0	0.46354	0	0	0	
33.46	0.337	0.103	-0.295632	0	-2.22204	-4.36588	0	0.46354	0	0	0	
33.47	0.337	0.103	-0.339108	0	-2.21621	-4.3139	0	0.803228	0	0	0	
33.48	0.337	0.103	-0.382247	0	-2.20817	-4.3139	0	0.803228	0	0	0	
33.49	0.337	0.103	-0.425386	0	-2.20014	-4.3139	0	0.803228	0	0	0	
33.5	0.337	0.103	-0.468525	0	-2.19211	-4.3139	0	0.803228	0	0	0	
33.51	0.337	0.103	-0.511388	0	-2.1829	-4.2356	0	1.13745	0	0	0	
33.52	0.337	0.103	-0.553744	0	-2.17152	-4.2356	0	1.13745	0	0	0	
33.53	0.337	0.103	-0.5961	0	-2.16015	-4.2356	0	1.13745	0	0	0	
33.54	0.337	0.103	-0.638456	0	-2.14878	-4.2356	0	1.13745	0	0	0	
33.55	0.337	0.103	-0.680445	0	-2.13625	-4.13154	0	1.46417	0	0	0	
33.56	0.337	0.103	-0.72176	0	-2.12161	-4.13154	0	1.46417	0	0	0	
33.57	0.337	0.103	-0.763076	0	-2.10697	-4.13154	0	1.46417	0	0	0	
33.58	0.337	0.103	-0.804391	0	-2.09232	-4.13154	0	1.46417	0	0	0	
33.59	0.337	0.103	-0.845251	0	-2.07656	-4.0024	0	1.78143	0	0	0	
33.6	0.337	0.103	-0.885275	0	-2.05875	-4.0024	0	1.78143	0	0	0	
33.61	0.337	0.103	-0.925299	0	-2.04093	-4.0024	0	1.78143	0	0	0	
33.62	0.337	0.103	-0.965323	0	-2.02312	-4.0024	0	1.78143	0	0	0	
33.63	0.337	0.103	-1.00481	0	-2.00423	-3.84905	0	2.0873	0	0	0	
33.64	0.337	0.103	-1.0433	0	-1.98335	-3.84905	0	2.0873	0	0	0	
33.65	0.337	0.103	-1.08179	0	-1.96248	-3.84905	0	2.0873	0	0	0	
33.66	0.337	0.103	-1.12028	0	-1.94161	-3.84905	0	2.0873	0	0	0	
33.67	0.337	0.103	-1.15815	0	-1.9197	-3.67249	0	2.37996	0	0	0	
33.68	0.337	0.103	-1.19487	0	-1.8959	-3.67249	0	2.37996	0	0	0	
33.69	0.337	0.103	-1.2316	0	-1.8721	-3.67249	0	2.37996	0	0	0	
33.7	0.337	0.103	-1.26832	0	-1.8483	-3.67249	0	2.37996	0	0	0	
33.71	0.337	0.103	-1.30435	0	-1.82353	-3.47386	0	2.65766	0	0	0	
33.72	0.337	0.103	-1.33908	0	-1.79695	-3.47386	0	2.65766	0	0	0	
33.73	0.337	0.103	-1.37382	0	-1.77037	-3.47386	0	2.65766	0	0	0	
33.74	0.337	0.103	-1.40856	0	-1.7438	-3.47386	0	2.65766	0	0	0	
33.75	0.337	0.103	-1.44253	0	-1.7163	-3.25442	0	2.91874	0	0	0	
33.76	0.337	0.103	-1.47507	0	-1.68711	-3.25442	0	2.91874	0	0	0	
33.77	0.337	0.103	-1.50761	0	-1.65792	-3.25442	0	2.91874	0	0	0	
33.78	0.337	0.103	-1.54016	0	-1.62874	-3.25442	0	2.91874	0	0	0	
33.79	0.337	0.103	-1.57186	0	-1.59869	-3.01556	0	3.16168	0	0	0	
33.8	0.337	0.103	-1.60202	0	-1.56708	-3.01556	0	3.16168	0	0	0	
33.81	0.337	0.103	-1.63217	0	-1.53546	-3.01556	0	3.16168	0	0	0	
33.82	0.337	0.103	-1.66233	0	-1.50384	-3.01556	0	3.16168	0	0	0	
33.83	0.337	0.103	-1.69158	0	-1.47144	-2.75878	0	3.38504	0	0	0	
33.84	0.337	0.103	-1.71917	0	-1.43759	-2.75878	0	3.38504	0	0	0	
33.85	0.337	0.103	-1.74675	0	-1.40374	-2.75878	0	3.38504	0	0	0	
33.86	0.337	0.103	-1.77434	0	-1.36989	-2.75878	0	3.38504	0	0	0	
33.87	0.337	0.103	-1.80097	0	-1.33532	-2.4857	0	3.58752	0	0	0	
33.88	0.337	0.103	-1.82582	0	-1.29945	-2.4857	0	3.58752	0	0	0	
33.89	0.337	0.103	-1.85068	0	-1.26357	-2.4857	0	3.58752	0	0	0	
33.9	0.337	0.103	-1.87554	0	-1.2277	-2.4857	0	3.58752	0	0	0	
33.91	0.337	0.103	-1.89938	0	-1.19119	-2.19799	0	3.76795	0	0	0	
33.92	0.337	0.103	-1.92136	0	-1.15351	-2.19799	0	3.76795	0	0	0	
33.93	0.337	0.103	-1.94334	0	-1.11583	-2.19799	0	3.76795	0	0	0	
33.94	0.337	0.103	-1.96532	0	-1.07815	-2.19799	0	3.76795	0	0	0	
33.95	0.337	0.103	-1.98624	0	-1.03991	-1.89745	0	3.9253	0	0	0	
33.96	0.337	0.103	-2.00521	0	-1.00066	-1.89745	0	3.9253	0	0	0	
33.97	0.337	0.103	-2.02419	0	-0.961407	-1.89745	0	3.9253	0	0	0	
33.98	0.337	0.103	-2.04316	0	-0.922154	-1.89745	0	3.9253	0	0	0	
33.99	0.337	0.103	-2.06104	0	-0.88243	-1.58593	0	4.05868	0	0	0	
34	0.337	0.103	-2.0769	0	-0.841844	-1.58593	0	4.05868	0	0	0	
34.01	0.337	0.103	-2.09276	0	-0.801257	-1.58593	0	4.05868	0	0	0	
34.02	0.337	0.103	-2.10862	0	-0.76067	-1.58593	0	4.05868	0	0	0	
34.03	0.337	0.103	-2.12335	0	-0.7197	-1.26533	0	4.16735	0	0	0	
34.04	0.337	0.103	-2.136	0	-0.678027	-1.26533	0	4.16735	0	0	0	
34.05	0.337	0.103	-2.14865	0	-0.636353	-1.26533	0	4.16735	0	0	0	
34.06	0.337	0.103	-2.16131	0	-0.59468	-1.26533	0	4.16735	0	0	0	
34.07	0.337	0.103	-2.1728	0	-0.552712	-0.937611	0	4.25071	0	0	0	
34.08	0.337	0.103	-2.18218	0	-0.510205	-0.937611	0	4.25071	0	0	0	
34.09	0.337	0.103	-2.19156	0	-0.467698	-0.937611	0	4.25071	0	0	0	
34.1	0.337	0.103	-2.20093	0	-0.425191	-0.937611	0	4.25071	0	0	0	
34.11	0.337	0.103	-2.20913	0	-0.382481	-0.604767	0	4.30834	0	0	0	
34.12	0.337	0.103	-2.21518	0	-0.339397	-0.604767	0	4.30834	0	0	0	
34.13	0.337	0.103	-2.22123	0	-0.296314	-0.604767	0	4.30834	0	0	0	
34.14	0.337	0.103	-2.22728	0	-0.25323	-0.604767	0	4.30834	0	0	0	
34.15	0.337	0.103	-2.23214	0	-0.210036	-0.268814	0	4.33995	0	0	0	
34.16	0.337	0.103	-2.23483	0	-0.166636	-0.268814	0	4.33995	0	0	0	
34.17	0.337	0.103	-2.23752	0	-0.123237	-0.268814	0	4.33995	0	0	0	
34.18	0.337	0.103	-2.2402	0	-0.0798371	-0.268814	0	4.33995	0	0	0	
34.19	0.337	0.103	-2.2417	0	-0.0364183	0.0682207	0	4.34543	0	0	0	
34.2	0.337	0.103	-2.24102	0	0.007036	0.0682207	0	4.34543	0	0	0	
34.21	0.337	0.103	-2.24034	0	0.0504903	0.0682207	0	4.34543	0	0	0	
34.22	0.337	0.103	-2.23966	0	0.0939445	0.0682207	0	4.34543	0	0	0	
34.23	0.337	0.103	-2.23779	0	0.137326	0.40431	0	4.3248	0	0	0	
34.24	0.337	0.103	-2.23375	0	0.180574	0.40431	0	4.3248	0	0	0	
34.25	0.337	0.103	-2.2297	0	0.223822	0.40431	0	4.3248	0	0	0	
34.26	0.337	0.103	-2.22566	0	0.26707	0.40431	0	4.3248	0	0	0	
34.27	0.337	0.103	-2.22044	0	0.310154	0.737441	0	4.27827	0	0	0	
34.28	0.337	0.103	-2.21307	0	0.352937	0.737441	0	4.27827	0	0	0	
34.29	0.337	0.103	-2.20569	0	0.395719	0.737441	0	4.27827	0	0	0	
34.3	0.337	0.103	-2.19832	0	0.438502	0.737441	0	4.27827	0	0	0	
34.31	0.337	0.103	-2.18979	0	0.481031	1.06563	0	4.20618	0	0	0	
34.32	0.337	0.103	-2.17913	0	0.523092	1.06563	0	4.20618	0	0	0	
34.33	0.337	0.103	-2.16848	0	0.565154	1.06563	0	4.20618	0	0	0	
34.34	0.337	0.103	-2.15782	0	0.607216	1.06563	0	4.20618	0	0	0	
34.35	0.337	0.103	-2.14603	0	0.648935	1.38691	0	4.10902	0	0	0	
34.36	0.337	0.103	-2.13216	0	0.690025	1.38691	0	4.10902	0	0	0	
34.37	0.337	0.103	-2.11829	0	0.731116	1.38691	0	4.10902	0	0	0	
34.38	0.337	0.103	-2.10442	0	0.772206	1.38691	0	4.10902	0	0	0	
34.39	0.337	0.103	-2.08945	0	0.812867	1.6994	0	3.98746	0	0	0	
34.4	0.337	0.103	-2.07246	0	0.852742	1.6994	0	3.98746	0	0	0	
34.41	0.337	0.103	-2.05546	0	0.892616	1.6994	0	3.98746	0	0	0	
34.42	0.337	0.103	-2.03847	0	0.932491	1.6994	0	3.98746	0	0	0	
34.43	0.337	0.103	-2.02041	0	0.971854	2.00124	0	3.84226	0	0	0	
34.44	0.337	0.103	-2.0004	0	1.01028	2.00124	0	3.84226	0	0	0	
34.45	0.337	0.103	-1.98039	0	1.0487	2.00124	0	3.84226	0	0	0	
34.46	0.337	0.103	-1.96037	0	1.08712	2.00124	0	3.84226	0	0	0	
34.47	0.337	0.103	-1.93934	0	1.12495	2.29067	0	3.67438	0	0	0	
34.48	0.337	0.103	-1.91644	0	1.1617	2.29067	0	3.67438	0	0	0	
34.49	0.337	0.103	-1.89353	0	1.19844	2.29067	0	3.67438	0	0	0	
34.5	0.337	0.103	-1.87062	0	1.23518	2.29067	0	3.67438	0	0	0	
34.51	0.337	0.103	-1.84674	0	1.27126	2.56598	0	3.48485	0	0	0	
34.52	0.337	0.103	-1.82108	0	1.30611	2.56598	0	3.48485	0	0	0	
34.53	0.337	0.103	-1.79542	0	1.34096	2.56598	0	3.48485	0	0	0	
34.54	0.337	0.103	-1.76976	0	1.3758	2.56598	0	3.48485	0	0	0	
34.55	0.337	0.103	-1.74319	0	1.40991	2.82559	0	3.27488	0	0	0	
34.56	0.337	0.103	-1.71493	0	1.44266	2.82559	0	3.27488	0	0	0	
34.57	0.337	0.103	-1.68668	0	1.47541	2.82559	0	3.27488	0	0	0	
34.58	0.337	0.103	-1.65842	0	1.50816	2.82559	0	3.27488	0	0	0	
34.59	0.337	0.103	-1.62931	0	1.5401	3.06798	0	3.04576	0	0	0	
34.6	0.337	0.103	-1.59863	0	1.57056	3.06798	0	3.04576	0	0	0	
34.61	0.337	0.103	-1.56795	0	1.60102	3.06798	0	3.04576	0	0	0	
34.62	0.337	0.103	-1.53727	0	1.63147	3.06798	0	3.04576	0	0	0	
34.63	0.337	0.103	-1.5058	0	1.66106	3.29176	0	2.79891	0	0	0	
34.64	0.337	0.103	-1.47289	0	1.68905	3.29176	0	2.79891	0	0	0	
34.65	0.337	0.103	-1.43997	0	1.71704	3.29176	0	2.79891	0	0	0	
34.66	0.337	0.103	-1.40705	0	1.74503	3.29176	0	2.79891	0	0	0	
34.67	0.337	0.103	-1.37341	0	1.77209	3.49566	0	2.53583	0	0	0	
34.68	0.337	0.103	-1.33846	0	1.79745	3.49566	0	2.53583	0	0	0	
34.69	0.337	0.103	-1.3035	0	1.82281	3.49566	0	2.53583	0	0	0	
34.7	0.337	0.103	-1.26854	0	1.84816	3.49566	0	2.53583	0	0	0	
34.71	0.337	0.103	-1.23294	0	1.87254	3.67851	0	2.25812	0	0	0	
34.72	0.337	0.103	-1.19616	0	1.89512	3.67851	0	2.25812	0	0	0	
34.73	0.337	0.103	-1.15937	0	1.91771	3.67851	0	2.25812	0	0	0	
34.74	0.337	0.103	-1.12259	0	1.94029	3.67851	0	2.25812	0	0	0	
34.75	0.337	0.103	-1.08524	0	1.96184	3.83928	0	1.96748	0	0	0	
34.76	0.337	0.103	-1.04684	0	1.98152	3.83928	0	1.96748	0	0	0	
34.77	0.337	0.103	-1.00845	0	2.00119	3.83928	0	1.96748	0	0	0	
34.78	0.337	0.103	-0.970057	0	2.02087	3.83928	0	1.96748	0	0	0	
34.79	0.337	0.103	-0.931178	0	2.03948	3.97709	0	1.66566	0	0	0	
34.8	0.337	0.103	-0.891407	0	2.05613	3.97709	0	1.66566	0	0	0	
34.81	0.337	0.103	-0.851636	0	2.07279	3.97709	0	1.66566	0	0	0	
34.82	0.337	0.103	-0.811866	0	2.08945	3.97709	0	1.66566	0	0	0	
34.83	0.337	0.103	-0.771692	0	2.10501	4.09117	0	1.35446	0	0	0	
34.84	0.337	0.103	-0.730781	0	2.11855	4.09117	0	1.35446	0	0	0	
34.85	0.337	0.103	-0.689869	0	2.1321	4.09117	0	1.35446	0	0	0	
34.86	0.337	0.103	-0.648957	0	2.14564	4.09117	0	1.35446	0	0	0	
34.87	0.337	0.103	-0.607729	0	2.15806	4.18093	0	1.03574	0	0	0	
34.88	0.337	0.103	-0.56592	0	2.16842	4.18093	0	1.03574	0	0	0	
34.89	0.337	0.103	-0.52411	0	2.17878	4.18093	0	1.03574	0	0	0	
34.9	0.337	0.103	-0.482301	0	2.18913	4.18093	0	1.03574	0	0	0	
34.91	0.337	0.103	-0.440263	0	2.19835	4.24588	0	0.711421	0	0	0	
34.92	0.337	0.103	-0.397804	0	2.20546	4.24588	0	0.711421	0	0	0	
34.93	0.337	0.103	-0.355345	0	2.21258	4.24588	0	0.711421	0	0	0	
34.94	0.337	0.103	-0.312887	0	2.21969	4.24588	0	0.711421	0	0	0	
34.95	0.337	0.103	-0.270287	0	2.22565	4.28571	0	0.383411	0	0	0	
34.96	0.337	0.103	-0.22743	0	2.22948	4.28571	0	0.383411	0	0	0	
34.97	0.337	0.103	-0.184573	0	2.23332	4.28571	0	0.383411	0	0	0	
34.98	0.337	0.103	-0.141716	0	2.23715	4.28571	0	0.383411	0	0	0	
34.99	0.337	0.103	-0.0988076	0	2.23982	4.30026	0	0.053656	0	0	0	
35	0.337	0.103	-0.055805	0	2.24036	4.30026	0	0.053656	0	0	0	
35.01	0.337	0.103	-0.0128024	0	2.24089	4.30026	0	0.053656	0	0	0	
35.02	0.337	0.103	0.0302002	0	2.24143	4.30026	0	0.053656	0	0	0	
35.03	0.337	0.103	0.0731648	0	2.24081	4.2895	0	-0.275902	0	0	0	
35.04	0.337	0.103	0.11606	0	2.23805	4.2895	0	-0.275902	0	0	0	
35.05	0.337	0.103	0.158955	0	2.23529	4.2895	0	-0.275902	0	0	0	
35.06	0.337	0.103	0.20185	0	2.23253	4.2895	0	-0.275902	0	0	0	
35.07	0.337	0.103	0.244618	0	2.22862	4.25356	0	-0.603327	0	0	0	
35.08	0.337	0.103	0.287154	0	2.22258	4.25356	0	-0.603327	0	0	0	
35.09	0.337	0.103	0.329689	0	2.21655	4.25356	0	-0.603327	0	0	0	
35.1	0.337	0.103	0.372225	0	2.21052	4.25356	0	-0.603327	0	0	0	
35.11	0.337	0.103	0.414546	0	2.20334	4.19272	0	-0.926704	0	0	0	
35.12	0.337	0.103	0.456473	0	2.19407	4.19272	0	-0.926704	0	0	0	
35.13	0.337	0.103	0.4984	0	2.18481	4.19272	0	-0.926704	0	0	0	
35.14	0.337	0.103	0.540327	0	2.17554	4.19272	0	-0.926704	0	0	0	
35.15	0.337	0.103	0.581954	0	2.16515	4.10739	0	-1.24415	0	0	0	
35.16	0.337	0.103	0.623028	0	2.15271	4.10739	0	-1.24415	0	0	0	
35.17	0.337	0.103	0.664102	0	2.14027	4.10739	0	-1.24415	0	0	0	
35.18	0.337	0.103	0.705176	0	2.12783	4.10739	0	-1.24415	0	0	0	
35.19	0.337	0.103	0.745864	0	2.1143	3.99815	0	-1.55381	0	0	0	
35.2	0.337	0.103	0.785846	0	2.09876	3.99815	0	-1.55381	0	0	0	
35.21	0.337	0.103	0.825827	0	2.08322	3.99815	0	-1.55381	0	0	0	
35.22	0.337	0.103	0.865809	0	2.06768	3.99815	0	-1.55381	0	0	0	
35.23	0.337	0.103	0.905323	0	2.05109	3.86569	0	-1.85391	0	0	0	
35.24	0.337	0.103	0.94398	0	2.03255	3.86569	0	-1.85391	0	0	0	
35.25	0.337	0.103	0.982637	0	2.01401	3.86569	0	-1.85391	0	0	0	
35.26	0.337	0.103	1.02129	0	1.99547	3.86569	0	-1.85391	0	0	0	
35.27	0.337	0.103	1.05941	0	1.97591	3.71085	0	-2.14271	0	0	0	
35.28	0.337	0.103	1.09651	0	1.95448	3.71085	0	-2.14271	0	0	0	
35.29	0.337	0.103	1.13362	0	1.93306	3.71085	0	-2.14271	0	0	0	
35.3	0.337	0.103	1.17073	0	1.91163	3.71085	0	-2.14271	0	0	0	
35.31	0.337	0.103	1.20722	0	1.88923	3.53458	0	-2.41856	0	0	0	
35.32	0.337	0.103	1.24256	0	1.86504	3.53458	0	-2.41856	0	0	0	
35.33	0.337	0.103	1.27791	0	1.84086	3.53458	0	-2.41856	0	0	0	
35.34	0.337	0.103	1.31326	0	1.81667	3.53458	0	-2.41856	0	0	0	
35.35	0.337	0.103	1.34791	0	1.79157	3.33798	0	-2.67988	0	0	0	
35.36	0.337	0.103	1.38129	0	1.76477	3.33798	0	-2.67988	0	0	0	
35.37	0.337	0.103	1.41467	0	1.73797	3.33798	0	-2.67988	0	0	0	
35.38	0.337	0.103	1.44805	0	1.71117	3.33798	0	-2.67988	0	0	0	
35.39	0.337	0.103	1.48067	0	1.68351	3.12223	0	-2.92518	0	0	0	
35.4	0.337	0.103	1.51189	0	1.65425	3.12223	0	-2.92518	0	0	0	
35.41	0.337	0.103	1.54311	0	1.625	3.12223	0	-2.92518	0	0	0	
35.42	0.337	0.103	1.57433	0	1.59575	3.12223	0	-2.92518	0	0	0	
35.43	0.337	0.103	1.60473	0	1.56569	2.88864	0	-3.15309	0	0	0	
35.44	0.337	0.103	1.63362	0	1.53416	2.88864	0	-3.15309	0	0	0	
35.45	0.337	0.103	1.6625	0	1.50263	2.88864	0	-3.15309	0	0	0	
35.46	0.337	0.103	1.69139	0	1.4711	2.88864	0	-3.15309	0	0	0	
35.47	0.337	0.103	1.7194	0	1.43883	2.63862	0	-3.36231	0	0	0	
35.48	0.337	0.103	1.74578	0	1.40521	2.63862	0	-3.36231	0	0	0	
35.49	0.337	0.103	1.77217	0	1.37159	2.63862	0	-3.36231	0	0	0	
35.5	0.337	0.103	1.79855	0	1.33796	2.63862	0	-3.36231	0	0	0	
35.51	0.337	0.103	1.82401	0	1.30367	2.37366	0	-3.55168	0	0	0	
35.52	0.337	0.103	1.84774	0	1.26816	2.37366	0	-3.55168	0	0	0	
35.53	0.337	0.103	1.87148	0	1.23264	2.37366	0	-3.55168	0	0	0	
35.54	0.337	0.103	1.89522	0	1.19712	2.37366	0	-3.55168	0	0	0	
35.55	0.337	0.103	1.91797	0	1.16101	2.09534	0	-3.72016	0	0	0	
35.56	0.337	0.103	1.93892	0	1.12381	2.09534	0	-3.72016	0	0	0	
35.57	0.337	0.103	1.95988	0	1.08661	2.09534	0	-3.72016	0	0	0	
35.58	0.337	0.103	1.98083	0	1.04941	2.09534	0	-3.72016	0	0	0	
35.59	0.337	0.103	2.00076	0	1.01169	1.8053	0	-3.86682	0	0	0	
35.6	0.337	0.103	2.01882	0	0.97302	1.8053	0	-3.86682	0	0	0	
35.61	0.337	0.103	2.03687	0	0.934352	1.8053	0	-3.86682	0	0	0	
35.62	0.337	0.103	2.05492	0	0.895684	1.8053	0	-3.86682	0	0	0	
35.63	0.337	0.103	2.07192	0	0.856578	1.50525	0	-3.99087	0	0	0	
35.64	0.337	0.103	2.08697	0	0.81667	1.50525	0	-3.99087	0	0	0	
35.65	0.337	0.103	2.10202	0	0.776761	1.50525	0	-3.99087	0	0	0	
35.66	0.337	0.103	2.11707	0	0.736852	1.50525	0	-3.99087	0	0	0	
35.67	0.337	0.103	2.13104	0	0.696588	1.19696	0	-4.09164	0	0	0	
35.68	0.337	0.103	2.14301	0	0.655672	1.19696	0	-4.09164	0	0	0	
35.69	0.337	0.103	2.15498	0	0.614755	1.19696	0	-4.09164	0	0	0	
35.7	0.337	0.103	2.16695	0	0.573839	1.19696	0	-4.09164	0	0	0	
35.71	0.337	0.103	2.17781	0	0.532651	0.882216	0	-4.16862	0	0	0	
35.72	0.337	0.103	2.18663	0	0.490965	0.882216	0	-4.16862	0	0	0	
35.73	0.337	0.103	2.19545	0	0.449278	0.882216	0	-4.16862	0	0	0	
35.74	0.337	0.103	2.20427	0	0.407592	0.882216	0	-4.16862	0	0	0	
35.75	0.337	0.103	2.21197	0	0.36572	0.562864	0	-4.22142	0	0	0	
35.76	0.337	0.103	2.2176	0	0.323506	0.562864	0	-4.22142	0	0	0	
35.77	0.337	0.103	2.22323	0	0.281291	0.562864	0	-4.22142	0	0	0	
35.78	0.337	0.103	2.22886	0	0.239077	0.562864	0	-4.22142	0	0	0	
35.79	0.337	0.103	2.23335	0	0.196763	0.240754	0	-4.2498	0	0	0	
35.8	0.337	0.103	2.23576	0	0.154265	0.240754	0	-4.2498	0	0	0	
35.81	0.337	0.103	2.23816	0	0.111767	0.240754	0	-4.2498	0	0	0	
35.82	0.337	0.103	2.24057	0	0.0692687	0.240754	0	-4.2498	0	0	0	
35.83	0.337	0.103	2.24184	0	0.0267571	-0.0822527	0	-4.25366	0	0	0	
35.84	0.337	0.103	2.24102	0	-0.0157795	-0.0822527	0	-4.25366	0	0	0	
35.85	0.337	0.103	2.2402	0	-0.0583161	-0.0822527	0	-4.25366	0	0	0	
35.86	0.337	0.103	2.23937	0	-0.100853	-0.0822527	0	-4.25366	0	0	0	
35.87	0.337	0.103	2.23741	0	-0.143316	-0.404294	0	-4.23303	0	0	0	
35.88	0.337	0.103	2.23337	0	-0.185647	-0.404294	0	-4.23303	0	0	0	
35.89	0.337	0.103	2.22933	0	-0.227977	-0.404294	0	-4.23303	0	0	0	
35.9	0.337	0.103	2.22529	0	-0.270307	-0.404294	0	-4.23303	0	0	0	
35.91	0.337	0.103	2.22012	0	-0.312479	-0.723521	0	-4.1881	0	0	0	
35.92	0.337	0.103	2.21288	0	-0.35436	-0.723521	0	-4.1881	0	0	0	
35.93	0.337	0.103	2.20565	0	-0.396241	-0.723521	0	-4.1881	0	0	0	
35.94	0.337	0.103	2.19841	0	-0.438122	-0.723521	0	-4.1881	0	0	0	
35.95	0.337	0.103	2.19007	0	-0.47976	-1.03811	0	-4.11918	0	0	0	
35.96	0.337	0.103	2.17969	0	-0.520952	-1.03811	0	-4.11918	0	0	0	
35.97	0.337	0.103	2.1693	0	-0.562144	-1.03811	0	-4.11918	0	0	0	
35.98	0.337	0.103	2.15892	0	-0.603336	-1.03811	0	-4.11918	0	0	0	
35.99	0.337	0.103	2.14746	0	-0.644202	-1.34626	0	-4.02674	0	0	0	
36	0.337	0.103	2.13399	0	-0.684469	-1.34626	0	-4.02674	0	0	0	
36.01	0.337	0.103	2.12053	0	-0.724737	-1.34626	0	-4.02674	0	0	0	
36.02	0.337	0.103	2.10707	0	-0.765004	-1.34626	0	-4.02674	0	0	0	
36.03	0.337	0.103	2.09255	0	-0.804865	-1.64623	0	-3.91136	0	0	0	
36.04	0.337	0.103	2.07609	0	-0.843978	-1.64623	0	-3.91136	0	0	0	
36.05	0.337	0.103	2.05962	0	-0.883092	-1.64623	0	-3.91136	0	0	0	
36.06	0.337	0.103	2.04316	0	-0.922205	-1.64623	0	-3.91136	0	0	0	
36.07	0.337	0.103	2.02568	0	-0.960834	-1.93633	0	-3.77377	0	0	0	
36.08	0.337	0.103	2.00631	0	-0.998572	-1.93633	0	-3.77377	0	0	0	
36.09	0.337	0.103	1.98695	0	-1.03631	-1.93633	0	-3.77377	0	0	0	
36.1	0.337	0.103	1.96759	0	-1.07405	-1.93633	0	-3.77377	0	0	0	
36.11	0.337	0.103	1.94724	0	-1.11122	-2.2149	0	-3.61479	0	0	0	
36.12	0.337	0.103	1.92509	0	-1.14737	-2.2149	0	-3.61479	0	0	0	
36.13	0.337	0.103	1.90294	0	-1.18352	-2.2149	0	-3.61479	0	0	0	
36.14	0.337	0.103	1.88079	0	-1.21967	-2.2149	0	-3.61479	0	0	0	
36.15	0.337	0.103	1.85771	0	-1.25518	-2.4804	0	-3.4354	0	0	0	
36.16	0.337	0.103	1.8329	0	-1.28954	-2.4804	0	-3.4354	0	0	0	
36.17	0.337	0.103	1.8081	0	-1.32389	-2.4804	0	-3.4354	0	0	0	
36.18	0.337	0.103	1.7833	0	-1.35825	-2.4804	0	-3.4354	0	0	0	
36.19	0.337	0.103	1.75761	0	-1.3919	-2.73135	0	-3.23667	0	0	0	
36.2	0.337	0.103	1.73029	0	-1.42427	-2.73135	0	-3.23667	0	0	0	
36.21	0.337	0.103	1.70298	0	-1.45663	-2.73135	0	-3.23667	0	0	0	
36.22	0.337	0.103	1.67567	0	-1.489	-2.73135	0	-3.23667	0	0	0	
36.23	0.337	0.103	1.64752	0	-1.5206	-2.96633	0	-3.01979	0	0	0	
36.24	0.337	0.103	1.61786	0	-1.5508	-2.96633	0	-3.01979	0	0	0	
36.25	0.337	0.103	1.5882	0	-1.581	-2.96633	0	-3.01979	0	0	0	
36.26	0.337	0.103	1.55853	0	-1.61119	-2.96633	0	-3.01979	0	0	0	
36.27	0.337	0.103	1.5281	0	-1.64057	-3.18407	0	-2.78603	0	0	0	
36.28	0.337	0.103	1.49626	0	-1.66843	-3.18407	0	-2.78603	0	0	0	
36.29	0.337	0.103	1.46442	0	-1.69629	-3.18407	0	-2.78603	0	0	0	
36.3	0.337	0.103	1.43258	0	-1.72415	-3.18407	0	-2.78603	0	0	0	
36.31	0.337	0.103	1.40004	0	-1.75113	-3.38336	0	-2.53677	0	0	0	
36.32	0.337	0.103	1.3662	0	-1.7765	-3.38336	0	-2.53677	0	0	0	
36.33	0.337	0.103	1.33237	0	-1.80187	-3.38336	0	-2.53677	0	0	0	
36.34	0.337	0.103	1.29854	0	-1.82723	-3.38336	0	-2.53677	0	0	0	
36.35	0.337	0.103	1.26407	0	-1.85167	-3.56311	0	-2.27346	0	0	0	
36.36	0.337	0.103	1.22844	0	-1.87441	-3.56311	0	-2.27346	0	0	0	
36.37	0.337	0.103	1.19281	0	-1.89714	-3.56311	0	-2.27346	0	0	0	
36.38	0.337	0.103	1.15718	0	-1.91988	-3.56311	0	-2.27346	0	0	0	
36.39	0.337	0.103	1.12098	0	-1.94164	-3.72235	0	-1.99763	0	0	0	
36.4	0.337	0.103	1.08376	0	-1.96161	-3.72235	0	-1.99763	0	0	0	
36.41	0.337	0.103	1.04654	0	-1.98159	-3.72235	0	-1.99763	0	0	0	
36.42	0.337	0.103	1.00931	0	-2.00157	-3.72235	0	-1.99763	0	0	0	
36.43	0.337	0.103	0.971604	0	-2.02053	-3.86024	0	-1.71088	0	0	0	
36.44	0.337	0.103	0.933001	0	-2.03764	-3.86024	0	-1.71088	0	0	0	
36.45	0.337	0.103	0.894399	0	-2.05475	-3.86024	0	-1.71088	0	0	0	
36.46	0.337	0.103	0.855797	0	-2.07186	-3.86024	0	-1.71088	0	0	0	
36.47	0.337	0.103	0.816786	0	-2.08792	-3.97604	0	-1.41487	0	0	0	
36.48	0.337	0.103	0.777025	0	-2.10207	-3.97604	0	-1.41487	0	0	0	
36.49	0.337	0.103	0.737265	0	-2.11622	-3.97604	0	-1.41487	0	0	0	
36.5	0.337	0.103	0.697505	0	-2.13037	-3.97604	0	-1.41487	0	0	0	
36.51	0.337	0.103	0.657416	0	-2.14345	-4.06915	0	-1.11128	0	0	0	
36.52	0.337	0.103	0.616724	0	-2.15456	-4.06915	0	-1.11128	0	0	0	
36.53	0.337	0.103	0.576033	0	-2.16567	-4.06915	0	-1.11128	0	0	0	
36.54	0.337	0.103	0.535341	0	-2.17679	-4.06915	0	-1.11128	0	0	0	
36.55	0.337	0.103	0.494403	0	-2.18681	-4.13911	0	-0.801869	0	0	0	
36.56	0.337	0.103	0.453012	0	-2.19483	-4.13911	0	-0.801869	0	0	0	
36.57	0.337	0.103	0.411621	0	-2.20285	-4.13911	0	-0.801869	0	0	0	
36.58	0.337	0.103	0.37023	0	-2.21086	-4.13911	0	-0.801869	0	0	0	
36.59	0.337	0.103	0.328675	0	-2.21778	-4.18557	0	-0.488385	0	0	0	
36.6	0.337	0.103	0.286819	0	-2.22266	-4.18557	0	-0.488385	0	0	0	
36.61	0.337	0.103	0.244964	0	-2.22755	-4.18557	0	-0.488385	0	0	0	
36.62	0.337	0.103	0.203108	0	-2.23243	-4.18557	0	-0.488385	0	0	0	
36.63	0.337	0.103	0.161172	0	-2.2362	-4.20832	0	-0.172612	0	0	0	
36.64	0.337	0.103	0.119089	0	-2.23793	-4.20832	0	-0.172612	0	0	0	
36.65	0.337	0.103	0.0770056	0	-2.23965	-4.20832	0	-0.172612	0	0	0	
36.66	0.337	0.103	0.0349223	0	-2.24138	-4.20832	0	-0.172612	0	0	0	
36.67	0.337	0.103	-0.00715734	0	-2.24199	-4.20731	0	0.143664	0	0	0	
36.68	0.337	0.103	-0.0492305	0	-2.24055	-4.20731	0	0.143664	0	0	0	
36.69	0.337	0.103	-0.0913036	0	-2.23912	-4.20731	0	0.143664	0	0	0	
36.7	0.337	0.103	-0.133377	0	-2.23768	-4.20731	0	0.143664	0	0	0	
36.71	0.337	0.103	-0.175363	0	-2.23513	-4.1826	0	0.458658	0	0	0	
36.72	0.337	0.103	-0.217189	0	-2.23054	-4.1826	0	0.458658	0	0	0	
36.73	0.337	0.103	-0.259015	0	-2.22596	-4.1826	0	0.458658	0	0	0	
36.74	0.337	0.103	-0.300841	0	-2.22137	-4.1826	0	0.458658	0	0	0	
36.75	0.337	0.103	-0.342497	0	-2.21568	-4.13438	0	0.770602	0	0	0	
36.76	0.337	0.103	-0.383841	0	-2.20798	-4.13438	0	0.770602	0	0	0	
36.77	0.337	0.103	-0.425184	0	-2.20027	-4.13438	0	0.770602	0	0	0	
36.78	0.337	0.103	-0.466528	0	-2.19257	-4.13438	0	0.770602	0	0	0	
36.79	0.337	0.103	-0.50762	0	-2.18378	-4.06298	0	1.07775	0	0	0	
36.8	0.337	0.103	-0.54825	0	-2.173	-4.06298	0	1.07775	0	0	0	
36.81	0.337	0.103	-0.58888	0	-2.16222	-4.06298	0	1.07775	0	0	0	
36.82	0.337	0.103	-0.62951	0	-2.15145	-4.06298	0	1.07775	0	0	0	
36.83	0.337	0.103	-0.669808	0	-2.13961	-3.96887	0	1.37838	0	0	0	
36.84	0.337	0.103	-0.709496	0	-2.12582	-3.96887	0	1.37838	0	0	0	
36.85	0.337	0.103	-0.749185	0	-2.11204	-3.96887	0	1.37838	0	0	0	
36.86	0.337	0.103	-0.788874	0	-2.09826	-3.96887	0	1.37838	0	0	0	
36.87	0.337	0.103	-0.828153	0	-2.08344	-3.85262	0	1.67084	0	0	0	
36.88	0.337	0.103	-0.866679	0	-2.06673	-3.85262	0	1.67084	0	0	0	
36.89	0.337	0.103	-0.905205	0	-2.05002	-3.85262	0	1.67084	0	0	0	
36.9	0.337	0.103	-0.943731	0	-2.03332	-3.85262	0	1.67084	0	0	0	
36.91	0.337	0.103	-0.981772	0	-2.01561	-3.71495	0	1.95349	0	0	0	
36.92	0.337	0.103	-1.01892	0	-1.99608	-3.71495	0	1.95349	0	0	0	
36.93	0.337	0.103	-1.05607	0	-1.97654	-3.71495	0	1.95349	0	0	0	
36.94	0.337	0.103	-1.09322	0	-1.95701	-3.71495	0	1.95349	0	0	0	
36.95	0.337	0.103	-1.12981	0	-1.93651	-3.55667	0	2.22478	0	0	0	
36.96	0.337	0.103	-1.16538	0	-1.91427	-3.55667	0	2.22478	0	0	0	
36.97	0.337	0.103	-1.20095	0	-1.89202	-3.55667	0	2.22478	0	0	0	
36.98	0.337	0.103	-1.23651	0	-1.86977	-3.55667	0	2.22478	0	0	0	
36.99	0.337	0.103	-1.27145	0	-1.84661	-3.37872	0	2.48322	0	0	0	
37	0.337	0.103	-1.30524	0	-1.82178	-3.37872	0	2.48322	0	0	0	
37.01	0.337	0.103	-1.33903	0	-1.79695	-3.37872	0	2.48322	0	0	0	
37.02	0.337	0.103	-1.37281	0	-1.77212	-3.37872	0	2.48322	0	0	0	
37.03	0.337	0.103	-1.40591	0	-1.74642	-3.18215	0	2.7274	0	0	0	
37.04	0.337	0.103	-1.43773	0	-1.71915	-3.18215	0	2.7274	0	0	0	
37.05	0.337	0.103	-1.46955	0	-1.69187	-3.18215	0	2.7274	0	0	0	
37.06	0.337	0.103	-1.50137	0	-1.6646	-3.18215	0	2.7274	0	0	0	
37.07	0.337	0.103	-1.53244	0	-1.63652	-2.9681	0	2.95599	0	0	0	
37.08	0.337	0.103	-1.56212	0	-1.60696	-2.9681	0	2.95599	0	0	0	
37.09	0.337	0.103	-1.5918	0	-1.5774	-2.9681	0	2.95599	0	0	0	
37.1	0.337	0.103	-1.62148	0	-1.54784	-2.9681	0	2.95599	0	0	0	
37.11	0.337	0.103	-1.65035	0	-1.51753	-2.73781	0	3.16775	0	0	0	
37.12	0.337	0.103	-1.67773	0	-1.48586	-2.73781	0	3.16775	0	0	0	
37.13	0.337	0.103	-1.70511	0	-1.45418	-2.73781	0	3.16775	0	0	0	
37.14	0.337	0.103	-1.73248	0	-1.4225	-2.73781	0	3.16775	0	0	0	
37.15	0.337	0.103	-1.759	0	-1.39014	-2.4926	0	3.36154	0	0	0	
37.16	0.337	0.103	-1.78392	0	-1.35652	-2.4926	0	3.36154	0	0	0	
37.17	0.337	0.103	-1.80885	0	-1.32291	-2.4926	0	3.36154	0	0	0	
37.18	0.337	0.103	-1.83378	0	-1.28929	-2.4926	0	3.36154	0	0	0	
37.19	0.337	0.103	-1.85779	0	-1.25506	-2.23387	0	3.53633	0	0	0	
37.2	0.337	0.103	-1.88013	0	-1.2197	-2.23387	0	3.53633	0	0	0	
37.21	0.337	0.103	-1.90247	0	-1.18434	-2.23387	0	3.53633	0	0	0	
37.22	0.337	0.103	-1.92481	0	-1.14897	-2.23387	0	3.53633	0	0	0	
37.23	0.337	0.103	-1.94619	0	-1.11306	-1.9631	0	3.69119	0	0	0	
37.24	0.337	0.103	-1.96582	0	-1.07615	-1.9631	0	3.69119	0	0	0	
37.25	0.337	0.103	-1.98545	0	-1.03924	-1.9631	0	3.69119	0	0	0	
37.26	0.337	0.103	-2.00508	0	-1.00233	-1.9631	0	3.69119	0	0	0	
37.27	0.337	0.103	-2.02372	0	-0.964942	-1.68181	0	3.82531	0	0	0	
37.28	0.337	0.103	-2.04054	0	-0.926689	-1.68181	0	3.82531	0	0	0	
37.29	0.337	0.103	-2.05736	0	-0.888436	-1.68181	0	3.82531	0	0	0	
37.3	0.337	0.103	-2.07418	0	-0.850183	-1.68181	0	3.82531	0	0	0	
37.31	0.337	0.103	-2.08997	0	-0.811533	-1.3916	0	3.938	0	0	0	
37.32	0.337	0.103	-2.10389	0	-0.772153	-1.3916	0	3.938	0	0	0	
37.33	0.337	0.103	-2.1178	0	-0.732773	-1.3916	0	3.938	0	0	0	
37.34	0.337	0.103	-2.13172	0	-0.693393	-1.3916	0	3.938	0	0	0	
37.35	0.337	0.103	-2.14459	0	-0.653693	-1.0941	0	4.02868	0	0	0	
37.36	0.337	0.103	-2.15553	0	-0.613406	-1.0941	0	4.02868	0	0	0	
37.37	0.337	0.103	-2.16647	0	-0.573119	-1.0941	0	4.02868	0	0	0	
37.38	0.337	0.103	-2.17741	0	-0.532833	-1.0941	0	4.02868	0	0	0	
37.39	0.337	0.103	-2.18728	0	-0.492305	-0.790977	0	4.09691	0	0	0	
37.4	0.337	0.103	-2.19519	0	-0.451336	-0.790977	0	4.09691	0	0	0	
37.41	0.337	0.103	-2.2031	0	-0.410367	-0.790977	0	4.09691	0	0	0	
37.42	0.337	0.103	-2.21101	0	-0.369398	-0.790977	0	4.09691	0	0	0	
37.43	0.337	0.103	-2.21784	0	-0.328269	-0.483915	0	4.14236	0	0	0	
37.44	0.337	0.103	-2.22268	0	-0.286845	-0.483915	0	4.14236	0	0	0	
37.45	0.337	0.103	-2.22752	0	-0.245422	-0.483915	0	4.14236	0	0	0	
37.46	0.337	0.103	-2.23236	0	-0.203998	-0.483915	0	4.14236	0	0	0	
37.47	0.337	0.103	-2.2361	0	-0.162495	-0.174627	0	4.16483	0	0	0	
37.48	0.337	0.103	-2.23785	0	-0.120847	-0.174627	0	4.16483	0	0	0	
37.49	0.337	0.103	-2.2396	0	-0.0791985	-0.174627	0	4.16483	0	0	0	
37.5	0.337	0.103	-2.24134	0	-0.0375502	-0.174627	0	4.16483	0	0	0	
37.51	0.337	0.103	-2.242	0	0.00409611	0.135174	0	4.16427	0	0	0	
37.52	0.337	0.103	-2.24064	0	0.0457388	0.135174	0	4.16427	0	0	0	
37.53	0.337	0.103	-2.23929	0	0.0873814	0.135174	0	4.16427	0	0	0	
37.54	0.337	0.103	-2.23794	0	0.129024	0.135174	0	4.16427	0	0	0	
37.55	0.337	0.103	-2.2355	0	0.170584	0.443776	0	4.14072	0	0	0	
37.56	0.337	0.103	-2.23106	0	0.211991	0.443776	0	4.14072	0	0	0	
37.57	0.337	0.103	-2.22663	0	0.253398	0.443776	0	4.14072	0	0	0	
37.58	0.337	0.103	-2.22219	0	0.294805	0.443776	0	4.14072	0	0	0	
37.59	0.337	0.103	-2.21667	0	0.336049	0.749481	0	4.09437	0	0	0	
37.6	0.337	0.103	-2.20918	0	0.376993	0.749481	0	4.09437	0	0	0	
37.61	0.337	0.103	-2.20168	0	0.417936	0.749481	0	4.09437	0	0	0	
37.62	0.337	0.103	-2.19419	0	0.45888	0.749481	0	4.09437	0	0	0	
37.63	0.337	0.103	-2.18563	0	0.499581	1.05061	0	4.02554	0	0	0	
37.64	0.337	0.103	-2.17512	0	0.539837	1.05061	0	4.02554	0	0	0	
37.65	0.337	0.103	-2.16462	0	0.580092	1.05061	0	4.02554	0	0	0	
37.66	0.337	0.103	-2.15411	0	0.620347	1.05061	0	4.02554	0	0	0	
37.67	0.337	0.103	-2.14257	0	0.660282	1.34552	0	3.93466	0	0	0	
37.68	0.337	0.103	-2.12911	0	0.699629	1.34552	0	3.93466	0	0	0	
37.69	0.337	0.103	-2.11566	0	0.738975	1.34552	0	3.93466	0	0	0	
37.7	0.337	0.103	-2.1022	0	0.778322	1.34552	0	3.93466	0	0	0	
37.71	0.337	0.103	-2.08773	0	0.817272	1.63261	0	3.82227	0	0	0	
37.72	0.337	0.103	-2.07141	0	0.855495	1.63261	0	3.82227	0	0	0	
37.73	0.337	0.103	-2.05508	0	0.893718	1.63261	0	3.82227	0	0	0	
37.74	0.337	0.103	-2.03875	0	0.93194	1.63261	0	3.82227	0	0	0	
37.75	0.337	0.103	-2.02145	0	0.969693	1.91031	0	3.68906	0	0	0	
37.76	0.337	0.103	-2.00235	0	1.00658	1.91031	0	3.68906	0	0	0	
37.77	0.337	0.103	-1.98324	0	1.04347	1.91031	0	3.68906	0	0	0	
37.78	0.337	0.103	-1.96414	0	1.08037	1.91031	0	3.68906	0	0	0	
37.79	0.337	0.103	-1.9441	0	1.11672	2.17713	0	3.5358	0	0	0	
37.8	0.337	0.103	-1.92233	0	1.15207	2.17713	0	3.5358	0	0	0	
37.81	0.337	0.103	-1.90055	0	1.18743	2.17713	0	3.5358	0	0	0	
37.82	0.337	0.103	-1.87878	0	1.22279	2.17713	0	3.5358	0	0	0	
37.83	0.337	0.103	-1.85611	0	1.25754	2.43162	0	3.36337	0	0	0	
37.84	0.337	0.103	-1.8318	0	1.29117	2.43162	0	3.36337	0	0	0	
37.85	0.337	0.103	-1.80748	0	1.32481	2.43162	0	3.36337	0	0	0	
37.86	0.337	0.103	-1.78317	0	1.35844	2.43162	0	3.36337	0	0	0	
37.87	0.337	0.103	-1.758	0	1.3914	2.67243	0	3.17278	0	0	0	
37.88	0.337	0.103	-1.73128	0	1.42313	2.67243	0	3.17278	0	0	0	
37.89	0.337	0.103	-1.70455	0	1.45486	2.67243	0	3.17278	0	0	0	
37.9	0.337	0.103	-1.67783	0	1.48659	2.67243	0	3.17278	0	0	0	
37.91	0.337	0.103	-1.65031	0	1.51758	2.89827	0	2.96511	0	0	0	
37.92	0.337	0.103	-1.62132	0	1.54723	2.89827	0	2.96511	0	0	0	
37.93	0.337	0.103	-1.59234	0	1.57688	2.89827	0	2.96511	0	0	0	
37.94	0.337	0.103	-1.56336	0	1.60653	2.89827	0	2.96511	0	0	0	
37.95	0.337	0.103	-1.53364	0	1.6354	3.10794	0	2.74152	0	0	0	
37.96	0.337	0.103	-1.50256	0	1.66281	3.10794	0	2.74152	0	0	0	
37.97	0.337	0.103	-1.47148	0	1.69023	3.10794	0	2.74152	0	0	0	
37.98	0.337	0.103	-1.4404	0	1.71764	3.10794	0	2.74152	0	0	0	
37.99	0.337	0.103	-1.40864	0	1.74422	3.30033	0	2.50329	0	0	0	
38	0.337	0.103	-1.37564	0	1.76925	3.30033	0	2.50329	0	0	0	
38.01	0.337	0.103	-1.34263	0	1.79428	3.30033	0	2.50329	0	0	0	
38.02	0.337	0.103	-1.30963	0	1.81932	3.30033	0	2.50329	0	0	0	
38.03	0.337	0.103	-1.27601	0	1.84346	3.47445	0	2.25175	0	0	0	
38.04	0.337	0.103	-1.24127	0	1.86598	3.47445	0	2.25175	0	0	0	
38.05	0.337	0.103	-1.20652	0	1.8885	3.47445	0	2.25175	0	0	0	
38.06	0.337	0.103	-1.17178	0	1.91102	3.47445	0	2.25175	0	0	0	
38.07	0.337	0.103	-1.13649	0	1.9326	3.62937	0	1.9883	0	0	0	
38.08	0.337	0.103	-1.1002	0	1.95249	3.62937	0	1.9883	0	0	0	
38.09	0.337	0.103	-1.0639	0	1.97237	3.62937	0	1.9883	0	0	0	
38.1	0.337	0.103	-1.02761	0	1.99225	3.62937	0	1.9883	0	0	0	
38.11	0.337	0.103	-0.990838	0	2.01117	3.76431	0	1.7144	0	0	0	
38.12	0.337	0.103	-0.953195	0	2.02831	3.76431	0	1.7144	0	0	0	
38.13	0.337	0.103	-0.915552	0	2.04546	3.76431	0	1.7144	0	0	0	
38.14	0.337	0.103	-0.877909	0	2.0626	3.76431	0	1.7144	0	0	0	
38.15	0.337	0.103	-0.839863	0	2.07875	3.87858	0	1.43157	0	0	0	
38.16	0.337	0.103	-0.801077	0	2.09306	3.87858	0	1.43157	0	0	0	
38.17	0.337	0.103	-0.762291	0	2.10738	3.87858	0	1.43157	0	0	0	
38.18	0.337	0.103	-0.723505	0	2.1217	3.87858	0	1.43157	0	0	0	
38.19	0.337	0.103	-0.684391	0	2.13499	3.97161	0	1.14136	0	0	0	
38.2	0.337	0.103	-0.644675	0	2.1464	3.97161	0	1.14136	0	0	0	
38.21	0.337	0.103	-0.604959	0	2.15781	3.97161	0	1.14136	0	0	0	
38.22	0.337	0.103	-0.565243	0	2.16923	3.97161	0	1.14136	0	0	0	
38.23	0.337	0.103	-0.525275	0	2.1796	4.04294	0	0.84538	0	0	0	
38.24	0.337	0.103	-0.484846	0	2.18805	4.04294	0	0.84538	0	0	0	
38.25	0.337	0.103	-0.444416	0	2.19651	4.04294	0	0.84538	0	0	0	
38.26	0.337	0.103	-0.403987	0	2.20496	4.04294	0	0.84538	0	0	0	
38.27	0.337	0.103	-0.363384	0	2.21236	4.09224	0	0.545236	0	0	0	
38.28	0.337	0.103	-0.322461	0	2.21781	4.09224	0	0.545236	0	0	0	
38.29	0.337	0.103	-0.281539	0	2.22326	4.09224	0	0.545236	0	0	0	
38.3	0.337	0.103	-0.240616	0	2.22871	4.09224	0	0.545236	0	0	0	
38.31	0.337	0.103	-0.199599	0	2.2331	4.1193	0	0.242567	0	0	0	
38.32	0.337	0.103	-0.158406	0	2.23552	4.1193	0	0.242567	0	0	0	
38.33	0.337	0.103	-0.117213	0	2.23795	4.1193	0	0.242567	0	0	0	
38.34	0.337	0.103	-0.0760198	0	2.24037	4.1193	0	0.242567	0	0	0	
38.35	0.337	0.103	-0.0348102	0	2.24173	4.12401	0	-0.060982	0	0	0	
38.36	0.337	0.103	0.0064299	0	2.24112	4.12401	0	-0.060982	0	0	0	
38.37	0.337	0.103	0.04767	0	2.24051	4.12401	0	-0.060982	0	0	0	
38.38	0.337	0.103	0.0889101	0	2.2399	4.12401	0	-0.060982	0	0	0	
38.39	0.337	0.103	0.130088	0	2.23822	4.10641	0	-0.363767	0	0	0	
38.4	0.337	0.103	0.171152	0	2.23459	4.10641	0	-0.363767	0	0	0	
38.41	0.337	0.103	0.212216	0	2.23095	4.10641	0	-0.363767	0	0	0	
38.42	0.337	0.103	0.25328	0	2.22731	4.10641	0	-0.363767	0	0	0	
38.43	0.337	0.103	0.294204	0	2.22261	4.06665	0	-0.664153	0	0	0	
38.44	0.337	0.103	0.334871	0	2.21597	4.06665	0	-0.664153	0	0	0	
38.45	0.337	0.103	0.375537	0	2.20933	4.06665	0	-0.664153	0	0	0	
38.46	0.337	0.103	0.416204	0	2.20269	4.06665	0	-0.664153	0	0	0	
38.47	0.337	0.103	0.456653	0	2.195	4.00499	0	-0.960525	0	0	0	
38.48	0.337	0.103	0.496703	0	2.1854	4.00499	0	-0.960525	0	0	0	
38.49	0.337	0.103	0.536753	0	2.17579	4.00499	0	-0.960525	0	0	0	
38.5	0.337	0.103	0.576803	0	2.16619	4.00499	0	-0.960525	0	0	0	
38.51	0.337	0.103	0.616559	0	2.15556	3.92182	0	-1.25129	0	0	0	
38.52	0.337	0.103	0.655778	0	2.14304	3.92182	0	-1.25129	0	0	0	
38.53	0.337	0.103	0.694996	0	2.13053	3.92182	0	-1.25129	0	0	0	
38.54	0.337	0.103	0.734214	0	2.11802	3.92182	0	-1.25129	0	0	0	
38.55	0.337	0.103	0.773065	0	2.1045	3.81764	0	-1.53491	0	0	0	
38.56	0.337	0.103	0.811241	0	2.08915	3.81764	0	-1.53491	0	0	0	
38.57	0.337	0.103	0.849418	0	2.07381	3.81764	0	-1.53491	0	0	0	
38.58	0.337	0.103	0.887594	0	2.05846	3.81764	0	-1.53491	0	0	0	
38.59	0.337	0.103	0.925331	0	2.04214	3.69306	0	-1.80985	0	0	0	
38.6	0.337	0.103	0.962262	0	2.02404	3.69306	0	-1.80985	0	0	0	
38.61	0.337	0.103	0.999192	0	2.00594	3.69306	0	-1.80985	0	0	0	
38.62	0.337	0.103	1.03612	0	1.98784	3.69306	0	-1.80985	0	0	0	
38.63	0.337	0.103	1.07254	0	1.96881	3.54879	0	-2.07467	0	0	0	
38.64	0.337	0.103	1.10803	0	1.94806	3.54879	0	-2.07467	0	0	0	
38.65	0.337	0.103	1.14352	0	1.92732	3.54879	0	-2.07467	0	0	0	
38.66	0.337	0.103	1.17901	0	1.90657	3.54879	0	-2.07467	0	0	0	
38.67	0.337	0.103	1.21392	0	1.88493	3.38566	0	-2.32797	0	0	0	
38.68	0.337	0.103	1.24778	0	1.86165	3.38566	0	-2.32797	0	0	0	
38.69	0.337	0.103	1.28163	0	1.83837	3.38566	0	-2.32797	0	0	0	
38.7	0.337	0.103	1.31549	0	1.81509	3.38566	0	-2.32797	0	0	0	
38.71	0.337	0.103	1.34871	0	1.79096	3.20459	0	-2.56842	0	0	0	
38.72	0.337	0.103	1.38076	0	1.76528	3.20459	0	-2.56842	0	0	0	
38.73	0.337	0.103	1.4128	0	1.73959	3.20459	0	-2.56842	0	0	0	
38.74	0.337	0.103	1.44485	0	1.71391	3.20459	0	-2.56842	0	0	0	
38.75	0.337	0.103	1.47619	0	1.68743	3.0066	0	-2.79475	0	0	0	
38.76	0.337	0.103	1.50626	0	1.65948	3.0066	0	-2.79475	0	0	0	
38.77	0.337	0.103	1.53633	0	1.63153	3.0066	0	-2.79475	0	0	0	
38.78	0.337	0.103	1.56639	0	1.60359	3.0066	0	-2.79475	0	0	0	
38.79	0.337	0.103	1.5957	0	1.57489	2.79277	0	-3.00578	0	0	0	
38.8	0.337	0.103	1.62363	0	1.54484	2.79277	0	-3.00578	0	0	0	
38.81	0.337	0.103	1.65156	0	1.51478	2.79277	0	-3.00578	0	0	0	
38.82	0.337	0.103	1.67949	0	1.48472	2.79277	0	-3.00578	0	0	0	
38.83	0.337	0.103	1.70661	0	1.45398	2.5643	0	-3.20043	0	0	0	
38.84	0.337	0.103	1.73225	0	1.42197	2.5643	0	-3.20043	0	0	0	
38.85	0.337	0.103	1.7579	0	1.38997	2.5643	0	-3.20043	0	0	0	
38.86	0.337	0.103	1.78354	0	1.35796	2.5643	0	-3.20043	0	0	0	
38.87	0.337	0.103	1.80833	0	1.32533	2.32244	0	-3.37769	0	0	0	
38.88	0.337	0.103	1.83155	0	1.29156	2.32244	0	-3.37769	0	0	0	
38.89	0.337	0.103	1.85478	0	1.25778	2.32244	0	-3.37769	0	0	0	
38.9	0.337	0.103	1.878	0	1.224	2.32244	0	-3.37769	0	0	0	
38.91	0.337	0.103	1.90033	0	1.18967	2.06852	0	-3.53665	0	0	0	
38.92	0.337	0.103	1.92102	0	1.1543	2.06852	0	-3.53665	0	0	0	
38.93	0.337	0.103	1.9417	0	1.11893	2.06852	0	-3.53665	0	0	0	
38.94	0.337	0.103	1.96239	0	1.08357	2.06852	0	-3.53665	0	0	0	
38.95	0.337	0.103	1.98214	0	1.04771	1.80391	0	-3.67652	0	0	0	
38.96	0.337	0.103	2.00018	0	1.01094	1.80391	0	-3.67652	0	0	0	
38.97	0.337	0.103	2.01822	0	0.974176	1.80391	0	-3.67652	0	0	0	
38.98	0.337	0.103	2.03626	0	0.937411	1.80391	0	-3.67652	0	0	0	
38.99	0.337	0.103	2.05333	0	0.900223	1.53006	0	-3.79658	0	0	0	
39	0.337	0.103	2.06863	0	0.862257	1.53006	0	-3.79658	0	0	0	
39.01	0.337	0.103	2.08393	0	0.824291	1.53006	0	-3.79658	0	0	0	
39.02	0.337	0.103	2.09923	0	0.786325	1.53006	0	-3.79658	0	0	0	
39.03	0.337	0.103	2.11354	0	0.748008	1.24845	0	-3.89625	0	0	0	
39.04	0.337	0.103	2.12602	0	0.709046	1.24845	0	-3.89625	0	0	0	
39.05	0.337	0.103	2.13851	0	0.670083	1.24845	0	-3.89625	0	0	0	
39.06	0.337	0.103	2.15099	0	0.631121	1.24845	0	-3.89625	0	0	0	
39.07	0.337	0.103	2.16246	0	0.59188	0.960582	0	-3.97504	0	0	0	
39.08	0.337	0.103	2.17207	0	0.55213	0.960582	0	-3.97504	0	0	0	
39.09	0.337	0.103	2.18167	0	0.51238	0.960582	0	-3.97504	0	0	0	
39.1	0.337	0.103	2.19128	0	0.472629	0.960582	0	-3.97504	0	0	0	
39.11	0.337	0.103	2.19985	0	0.432676	0.668015	0	-4.03258	0	0	0	
39.12	0.337	0.103	2.20653	0	0.39235	0.668015	0	-4.03258	0	0	0	
39.13	0.337	0.103	2.21321	0	0.352024	0.668015	0	-4.03258	0	0	0	
39.14	0.337	0.103	2.21989	0	0.311698	0.668015	0	-4.03258	0	0	0	
39.15	0.337	0.103	2.22553	0	0.271246	0.37231	0	-4.06862	0	0	0	
39.16	0.337	0.103	2.22925	0	0.230559	0.37231	0	-4.06862	0	0	0	
39.17	0.337	0.103	2.23298	0	0.189873	0.37231	0	-4.06862	0	0	0	
39.18	0.337	0.103	2.2367	0	0.149187	0.37231	0	-4.06862	0	0	0	
39.19	0.337	0.103	2.23938	0	0.10845	0.0750446	0	-4.08302	0	0	0	
39.2	0.337	0.103	2.24013	0	0.0676198	0.0750446	0	-4.08302	0	0	0	
39.21	0.337	0.103	2.24088	0	0.0267896	0.0750446	0	-4.08302	0	0	0	
39.22	0.337	0.103	2.24163	0	-0.0140405	0.0750446	0	-4.08302	0	0	0	
39.23	0.337	0.103	2.24133	0	-0.054845	-0.222202	0	-4.07574	0	0	0	
39.24	0.337	0.103	2.23911	0	-0.0956025	-0.222202	0	-4.07574	0	0	0	
39.25	0.337	0.103	2.23689	0	-0.13636	-0.222202	0	-4.07574	0	0	0	
39.26	0.337	0.103	2.23466	0	-0.177117	-0.222202	0	-4.07574	0	0	0	
39.27	0.337	0.103	2.2314	0	-0.217773	-0.517854	0	-4.04689	0	0	0	
39.28	0.337	0.103	2.22622	0	-0.258242	-0.517854	0	-4.04689	0	0	0	
39.29	0.337	0.103	2.22104	0	-0.298711	-0.517854	0	-4.04689	0	0	0	
39.3	0.337	0.103	2.21586	0	-0.33918	-0.517854	0	-4.04689	0	0	0	
39.31	0.337	0.103	2.20965	0	-0.379471	-0.810352	0	-3.99666	0	0	0	
39.32	0.337	0.103	2.20155	0	-0.419438	-0.810352	0	-3.99666	0	0	0	
39.33	0.337	0.103	2.19345	0	-0.459405	-0.810352	0	-3.99666	0	0	0	
39.34	0.337	0.103	2.18534	0	-0.499371	-0.810352	0	-3.99666	0	0	0	
39.35	0.337	0.103	2.17622	0	-0.539086	-1.09816	0	-3.92536	0	0	0	
39.36	0.337	0.103	2.16524	0	-0.57834	-1.09816	0	-3.92536	0	0	0	
39.37	0.337	0.103	2.15426	0	-0.617594	-1.09816	0	-3.92536	0	0	0	
39.38	0.337	0.103	2.14328	0	-0.656847	-1.09816	0	-3.92536	0	0	0	
39.39	0.337	0.103	2.1313	0	-0.695777	-1.37976	0	-3.83343	0	0	0	
39.4	0.337	0.103	2.11751	0	-0.734111	-1.37976	0	-3.83343	0	0	0	
39.41	0.337	0.103	2.10371	0	-0.772445	-1.37976	0	-3.83343	0	0	0	
39.42	0.337	0.103	2.08991	0	-0.81078	-1.37976	0	-3.83343	0	0	0	
39.43	0.337	0.103	2.07515	0	-0.848719	-1.65368	0	-3.7214	0	0	0	
39.44	0.337	0.103	2.05861	0	-0.885933	-1.65368	0	-3.7214	0	0	0	
39.45	0.337	0.103	2.04207	0	-0.923147	-1.65368	0	-3.7214	0	0	0	
39.46	0.337	0.103	2.02554	0	-0.960361	-1.65368	0	-3.7214	0	0	0	
39.47	0.337	0.103	2.00807	0	-0.997111	-1.91851	0	-3.5899	0	0	0	
39.48	0.337	0.103	1.98888	0	-1.03301	-1.91851	0	-3.5899	0	0	0	
39.49	0.337	0.103	1.9697	0	-1.06891	-1.91851	0	-3.5899	0	0	0	
39.5	0.337	0.103	1.95051	0	-1.10481	-1.91851	0	-3.5899	0	0	0	
39.51	0.337	0.103	1.93043	0	-1.14018	-2.17286	0	-3.43967	0	0	0	
39.52	0.337	0.103	1.9087	0	-1.17457	-2.17286	0	-3.43967	0	0	0	
39.53	0.337	0.103	1.88697	0	-1.20897	-2.17286	0	-3.43967	0	0	0	
39.54	0.337	0.103	1.86524	0	-1.24337	-2.17286	0	-3.43967	0	0	0	
39.55	0.337	0.103	1.84266	0	-1.27717	-2.41541	0	-3.27155	0	0	0	
39.56	0.337	0.103	1.81851	0	-1.30989	-2.41541	0	-3.27155	0	0	0	
39.57	0.337	0.103	1.79435	0	-1.3426	-2.41541	0	-3.27155	0	0	0	
39.58	0.337	0.103	1.7702	0	-1.37532	-2.41541	0	-3.27155	0	0	0	
39.59	0.337	0.103	1.74523	0	-1.40738	-2.64494	0	-3.08646	0	0	0	
39.6	0.337	0.103	1.71878	0	-1.43825	-2.64494	0	-3.08646	0	0	0	
39.61	0.337	0.103	1.69234	0	-1.46911	-2.64494	0	-3.08646	0	0	0	
39.62	0.337	0.103	1.66589	0	-1.49997	-2.64494	0	-3.08646	0	0	0	
39.63	0.337	0.103	1.63868	0	-1.53013	-2.86024	0	-2.88542	0	0	0	
39.64	0.337	0.103	1.61008	0	-1.55898	-2.86024	0	-2.88542	0	0	0	
39.65	0.337	0.103	1.58147	0	-1.58784	-2.86024	0	-2.88542	0	0	0	
39.66	0.337	0.103	1.55287	0	-1.61669	-2.86024	0	-2.88542	0	0	0	
39.67	0.337	0.103	1.52356	0	-1.64479	-3.06024	0	-2.66951	0	0	0	
39.68	0.337	0.103	1.49296	0	-1.67148	-3.06024	0	-2.66951	0	0	0	
39.69	0.337	0.103	1.46236	0	-1.69818	-3.06024	0	-2.66951	0	0	0	
39.7	0.337	0.103	1.43176	0	-1.72487	-3.06024	0	-2.66951	0	0	0	
39.71	0.337	0.103	1.40051	0	-1.75076	-3.24391	0	-2.4399	0	0	0	
39.72	0.337	0.103	1.36807	0	-1.77516	-3.24391	0	-2.4399	0	0	0	
39.73	0.337	0.103	1.33563	0	-1.79955	-3.24391	0	-2.4399	0	0	0	
39.74	0.337	0.103	1.30319	0	-1.82395	-3.24391	0	-2.4399	0	0	0	
39.75	0.337	0.103	1.27016	0	-1.8475	-3.41034	0	-2.19783	0	0	0	
39.76	0.337	0.103	1.23606	0	-1.86948	-3.41034	0	-2.19783	0	0	0	
39.77	0.337	0.103	1.20196	0	-1.89146	-3.41034	0	-2.19783	0	0	0	
39.78	0.337	0.103	1.16785	0	-1.91343	-3.41034	0	-2.19783	0	0	0	
39.79	0.337	0.103	1.13323	0	-1.93452	-3.55868	0	-1.94459	0	0	0	
39.8	0.337	0.103	1.09764	0	-1.95397	-3.55868	0	-1.94459	0	0	0	
39.81	0.337	0.103	1.06205	0	-1.97341	-3.55868	0	-1.94459	0	0	0	
39.82	0.337	0.103	1.02646	0	-1.99286	-3.55868	0	-1.94459	0	0	0	
39.83	0.337	0.103	0.990421	0	-2.01138	-3.68822	0	-1.68153	0	0	0	
39.84	0.337	0.103	0.953539	0	-2.02819	-3.68822	0	-1.68153	0	0	0	
39.85	0.337	0.103	0.916657	0	-2.04501	-3.68822	0	-1.68153	0	0	0	
39.86	0.337	0.103	0.879775	0	-2.06182	-3.68822	0	-1.68153	0	0	0	
39.87	0.337	0.103	0.842504	0	-2.07768	-3.7983	0	-1.41005	0	0	0	
39.88	0.337	0.103	0.804521	0	-2.09178	-3.7983	0	-1.41005	0	0	0	
39.89	0.337	0.103	0.766538	0	-2.10588	-3.7983	0	-1.41005	0	0	0	
39.9	0.337	0.103	0.728555	0	-2.11998	-3.7983	0	-1.41005	0	0	0	
39.91	0.337	0.103	0.690254	0	-2.1331	-3.88841	0	-1.13159	0	0	0	
39.92	0.337	0.103	0.65137	0	-2.14442	-3.88841	0	-1.13159	0	0	0	
39.93	0.337	0.103	0.612486	0	-2.15573	-3.88841	0	-1.13159	0	0	0	
39.94	0.337	0.103	0.573602	0	-2.16705	-3.88841	0	-1.13159	0	0	0	
39.95	0.337	0.103	0.534472	0	-2.17736	-3.95812	0	-0.847612	0	0	0	
39.96	0.337	0.103	0.494891	0	-2.18584	-3.95812	0	-0.847612	0	0	0	
39.97	0.337	0.103	0.45531	0	-2.19431	-3.95812	0	-0.847612	0	0	0	
39.98	0.337	0.103	0.415729	0	-2.20279	-3.95812	0	-0.847612	0	0	0	
39.99	0.337	0.103	0.375975	0	-2.21025	-4.00711	0	-0.559608	0	0	0	
40	0.337	0.103	0.335904	0	-2.21585	-4.00711	0	-0.559608	0	0	0	
40.01	0.337	0.103	0.295833	0	-2.22144	-4.00711	0	-0.559608	0	0	0	
40.02	0.337	0.103	0.255762	0	-2.22704	-4.00711	0	-0.559608	0	0	0	
40.03	0.337	0.103	0.215591	0	-2.23161	-4.03517	0	-0.269088	0	0	0	
40.04	0.337	0.103	0.17524	0	-2.2343	-4.03517	0	-0.269088	0	0	0	
40.05	0.337	0.103	0.134888	0	-2.23699	-4.03517	0	-0.269088	0	0	0	
40.06	0.337	0.103	0.0945362	0	-2.23968	-4.03517	0	-0.269088	0	0	0	
40.07	0.337	0.103	0.0541596	0	-2.24135	-4.04222	0	0.0224319	0	0	0	
40.08	0.337	0.103	0.0137374	0	-2.24112	-4.04222	0	0.0224319	0	0	0	
40.09	0.337	0.103	-0.0266847	0	-2.2409	-4.04222	0	0.0224319	0	0	0	
40.1	0.337	0.103	-0.0671069	0	-2.24067	-4.04222	0	0.0224319	0	0	0	
40.11	0.337	0.103	-0.10748	0	-2.23942	-4.02825	0	0.313434	0	0	0	
40.12	0.337	0.103	-0.147762	0	-2.23629	-4.02825	0	0.313434	0	0	0	
40.13	0.337	0.103	-0.188045	0	-2.23315	-4.02825	0	0.313434	0	0	0	
40.14	0.337	0.103	-0.228327	0	-2.23002	-4.02825	0	0.313434	0	0	0	
40.15	0.337	0.103	-0.268487	0	-2.22587	-3.9934	0	0.60241	0	0	0	
40.16	0.337	0.103	-0.308421	0	-2.21984	-3.9934	0	0.60241	0	0	0	
40.17	0.337	0.103	-0.348355	0	-2.21382	-3.9934	0	0.60241	0	0	0	
40.18	0.337	0.103	-0.388289	0	-2.20779	-3.9934	0	0.60241	0	0	0	
40.19	0.337	0.103	-0.428027	0	-2.20076	-3.93788	0	0.887866	0	0	0	
40.2	0.337	0.103	-0.467406	0	-2.19188	-3.93788	0	0.887866	0	0	0	
40.21	0.337	0.103	-0.506785	0	-2.18301	-3.93788	0	0.887866	0	0	0	
40.22	0.337	0.103	-0.546163	0	-2.17413	-3.93788	0	0.887866	0	0	0	
40.23	0.337	0.103	-0.585275	0	-2.16426	-3.86203	0	1.16833	0	0	0	
40.24	0.337	0.103	-0.623895	0	-2.15258	-3.86203	0	1.16833	0	0	0	
40.25	0.337	0.103	-0.662515	0	-2.14089	-3.86203	0	1.16833	0	0	0	
40.26	0.337	0.103	-0.701136	0	-2.12921	-3.86203	0	1.16833	0	0	0	
40.27	0.337	0.103	-0.739418	0	-2.11656	-3.7663	0	1.44236	0	0	0	
40.28	0.337	0.103	-0.777081	0	-2.10214	-3.7663	0	1.44236	0	0	0	
40.29	0.337	0.103	-0.814744	0	-2.08771	-3.7663	0	1.44236	0	0	0	
40.3	0.337	0.103	-0.852407	0	-2.07329	-3.7663	0	1.44236	0	0	0	
40.31	0.337	0.103	-0.889665	0	-2.05793	-3.65122	0	1.70856	0	0	0	
40.32	0.337	0.103	-0.926177	0	-2.04084	-3.65122	0	1.70856	0	0	0	
40.33	0.337	0.103	-0.962689	0	-2.02376	-3.65122	0	1.70856	0	0	0	
40.34	0.337	0.103	-0.999201	0	-2.00667	-3.65122	0	1.70856	0	0	0	
40.35	0.337	0.103	-1.03524	0	-1.98868	-3.51743	0	1.96556	0	0	0	
40.36	0.337	0.103	-1.07042	0	-1.96902	-3.51743	0	1.96556	0	0	0	
40.37	0.337	0.103	-1.10559	0	-1.94937	-3.51743	0	1.96556	0	0	0	
40.38	0.337	0.103	-1.14076	0	-1.92971	-3.51743	0	1.96556	0	0	0	
40.39	0.337	0.103	-1.1754	0	-1.90919	-3.36567	0	2.21207	0	0	0	
40.4	0.337	0.103	-1.20906	0	-1.88707	-3.36567	0	2.21207	0	0	0	
40.41	0.337	0.103	-1.24272	0	-1.86494	-3.36567	0	2.21207	0	0	0	
40.42	0.337	0.103	-1.27637	0	-1.84282	-3.36567	0	2.21207	0	0	0	
40.43	0.337	0.103	-1.30943	0	-1.81988	-3.19675	0	2.44683	0	0	0	
40.44	0.337	0.103	-1.3414	0	-1.79541	-3.19675	0	2.44683	0	0	0	
40.45	0.337	0.103	-1.37337	0	-1.77094	-3.19675	0	2.44683	0	0	0	
40.46	0.337	0.103	-1.40534	0	-1.74647	-3.19675	0	2.44683	0	0	0	
40.47	0.337	0.103	-1.43665	0	-1.72122	-3.01159	0	2.66867	0	0	0	
40.48	0.337	0.103	-1.46677	0	-1.69453	-3.01159	0	2.66867	0	0	0	
40.49	0.337	0.103	-1.49688	0	-1.66785	-3.01159	0	2.66867	0	0	0	
40.5	0.337	0.103	-1.527	0	-1.64116	-3.01159	0	2.66867	0	0	0	
40.51	0.337	0.103	-1.55641	0	-1.61374	-2.81118	0	2.87646	0	0	0	
40.52	0.337	0.103	-1.58452	0	-1.58498	-2.81118	0	2.87646	0	0	0	
40.53	0.337	0.103	-1.61263	0	-1.55621	-2.81118	0	2.87646	0	0	0	
40.54	0.337	0.103	-1.64074	0	-1.52745	-2.81118	0	2.87646	0	0	0	
40.55	0.337	0.103	-1.6681	0	-1.498	-2.59658	0	3.06918	0	0	0	
40.56	0.337	0.103	-1.69406	0	-1.46731	-2.59658	0	3.06918	0	0	0	
40.57	0.337	0.103	-1.72003	0	-1.43662	-2.59658	0	3.06918	0	0	0	
40.58	0.337	0.103	-1.746	0	-1.40593	-2.59658	0	3.06918	0	0	0	
40.59	0.337	0.103	-1.77116	0	-1.37461	-2.36894	0	3.24586	0	0	0	
40.6	0.337	0.103	-1.79485	0	-1.34215	-2.36894	0	3.24586	0	0	0	
40.61	0.337	0.103	-1.81854	0	-1.30969	-2.36894	0	3.24586	0	0	0	
40.62	0.337	0.103	-1.84223	0	-1.27724	-2.36894	0	3.24586	0	0	0	
40.63	0.337	0.103	-1.86507	0	-1.24421	-2.12943	0	3.40563	0	0	0	
40.64	0.337	0.103	-1.88637	0	-1.21016	-2.12943	0	3.40563	0	0	0	
40.65	0.337	0.103	-1.90766	0	-1.1761	-2.12943	0	3.40563	0	0	0	
40.66	0.337	0.103	-1.92896	0	-1.14205	-2.12943	0	3.40563	0	0	0	
40.67	0.337	0.103	-1.94937	0	-1.10749	-1.87933	0	3.54772	0	0	0	
40.68	0.337	0.103	-1.96816	0	-1.07201	-1.87933	0	3.54772	0	0	0	
40.69	0.337	0.103	-1.98695	0	-1.03653	-1.87933	0	3.54772	0	0	0	
40.7	0.337	0.103	-2.00575	0	-1.00106	-1.87933	0	3.54772	0	0	0	
40.71	0.337	0.103	-2.02363	0	-0.965143	-1.61994	0	3.67143	0	0	0	
40.72	0.337	0.103	-2.03983	0	-0.928428	-1.61994	0	3.67143	0	0	0	
40.73	0.337	0.103	-2.05603	0	-0.891714	-1.61994	0	3.67143	0	0	0	
40.74	0.337	0.103	-2.07222	0	-0.855	-1.61994	0	3.67143	0	0	0	
40.75	0.337	0.103	-2.08748	0	-0.817916	-1.3526	0	3.77618	0	0	0	
40.76	0.337	0.103	-2.10101	0	-0.780154	-1.3526	0	3.77618	0	0	0	
40.77	0.337	0.103	-2.11453	0	-0.742392	-1.3526	0	3.77618	0	0	0	
40.78	0.337	0.103	-2.12806	0	-0.70463	-1.3526	0	3.77618	0	0	0	
40.79	0.337	0.103	-2.14062	0	-0.666568	-1.07871	0	3.86147	0	0	0	
40.8	0.337	0.103	-2.15141	0	-0.627953	-1.07871	0	3.86147	0	0	0	
40.81	0.337	0.103	-2.16219	0	-0.589338	-1.07871	0	3.86147	0	0	0	
40.82	0.337	0.103	-2.17298	0	-0.550724	-1.07871	0	3.86147	0	0	0	
40.83	0.337	0.103	-2.18278	0	-0.511878	-0.799671	0	3.92691	0	0	0	
40.84	0.337	0.103	-2.19078	0	-0.472609	-0.799671	0	3.92691	0	0	0	
40.85	0.337	0.103	-2.19878	0	-0.43334	-0.799671	0	3.92691	0	0	0	
40.86	0.337	0.103	-2.20677	0	-0.394071	-0.799671	0	3.92691	0	0	0	
40.87	0.337	0.103	-2.21377	0	-0.354642	-0.516927	0	3.9722	0	0	0	
40.88	0.337	0.103	-2.21894	0	-0.31492	-0.516927	0	3.9722	0	0	0	
40.89	0.337	0.103	-2.22411	0	-0.275198	-0.516927	0	3.9722	0	0	0	
40.9	0.337	0.103	-2.22928	0	-0.235476	-0.516927	0	3.9722	0	0	0	
40.91	0.337	0.103	-2.23345	0	-0.195666	-0.231928	0	3.99717	0	0	0	
40.92	0.337	0.103	-2.23576	0	-0.155694	-0.231928	0	3.99717	0	0	0	
40.93	0.337	0.103	-2.23808	0	-0.115723	-0.231928	0	3.99717	0	0	0	
40.94	0.337	0.103	-2.2404	0	-0.075751	-0.231928	0	3.99717	0	0	0	
40.95	0.337	0.103	-2.24171	0	-0.0357632	0.0538695	0	4.00173	0	0	0	
40.96	0.337	0.103	-2.24118	0	0.00425405	0.0538695	0	4.00173	0	0	0	
40.97	0.337	0.103	-2.24064	0	0.0442713	0.0538695	0	4.00173	0	0	0	
40.98	0.337	0.103	-2.2401	0	0.0842886	0.0538695	0	4.00173	0	0	0	
40.99	0.337	0.103	-2.23855	0	0.12425	0.339007	0	3.9859	0	0	0	
41	0.337	0.103	-2.23516	0	0.164109	0.339007	0	3.9859	0	0	0	
41.01	0.337	0.103	-2.23177	0	0.203968	0.339007	0	3.9859	0	0	0	
41.02	0.337	0.103	-2.22838	0	0.243827	0.339007	0	3.9859	0	0	0	
41.03	0.337	0.103	-2.224	0	0.283559	0.622037	0	3.94982	0	0	0	
41.04	0.337	0.103	-2.21778	0	0.323057	0.622037	0	3.94982	0	0	0	
41.05	0.337	0.103	-2.21156	0	0.362555	0.622037	0	3.94982	0	0	0	
41.06	0.337	0.103	-2.20533	0	0.402053	0.622037	0	3.94982	0	0	0	
41.07	0.337	0.103	-2.19813	0	0.441354	0.901523	0	3.8937	0	0	0	
41.08	0.337	0.103	-2.18911	0	0.480291	0.901523	0	3.8937	0	0	0	
41.09	0.337	0.103	-2.1801	0	0.519228	0.901523	0	3.8937	0	0	0	
41.1	0.337	0.103	-2.17108	0	0.558165	0.901523	0	3.8937	0	0	0	
41.11	0.337	0.103	-2.1611	0	0.596834	1.17605	0	3.81788	0	0	0	
41.12	0.337	0.103	-2.14934	0	0.635013	1.17605	0	3.81788	0	0	0	
41.13	0.337	0.103	-2.13758	0	0.673192	1.17605	0	3.81788	0	0	0	
41.14	0.337	0.103	-2.12582	0	0.711371	1.17605	0	3.81788	0	0	0	
41.15	0.337	0.103	-2.11311	0	0.749214	1.44425	0	3.72279	0	0	0	
41.16	0.337	0.103	-2.09867	0	0.786442	1.44425	0	3.72279	0	0	0	
41.17	0.337	0.103	-2.08423	0	0.82367	1.44425	0	3.72279	0	0	0	
41.18	0.337	0.103	-2.06978	0	0.860898	1.44425	0	3.72279	0	0	0	
41.19	0.337	0.103	-2.05442	0	0.897724	1.70476	0	3.60895	0	0	0	
41.2	0.337	0.103	-2.03738	0	0.933814	1.70476	0	3.60895	0	0	0	
41.21	0.337	0.103	-2.02033	0	0.969904	1.70476	0	3.60895	0	0	0	
41.22	0.337	0.103	-2.00328	0	1.00599	1.70476	0	3.60895	0	0	0	
41.23	0.337	0.103	-1.98535	0	1.04162	1.95629	0	3.47699	0	0	0	
41.24	0.337	0.103	-1.96578	0	1.07639	1.95629	0	3.47699	0	0	0	
41.25	0.337	0.103	-1.94622	0	1.11116	1.95629	0	3.47699	0	0	0	
41.26	0.337	0.103	-1.92666	0	1.14593	1.95629	0	3.47699	0	0	0	
41.27	0.337	0.103	-1.90624	0	1.18017	2.19758	0	3.3276	0	0	0	
41.28	0.337	0.103	-1.88427	0	1.21345	2.19758	0	3.3276	0	0	0	
41.29	0.337	0.103	-1.86229	0	1.24672	2.19758	0	3.3276	0	0	0	
41.3	0.337	0.103	-1.84032	0	1.28	2.19758	0	3.3276	0	0	0	
41.31	0.337	0.103	-1.81753	0	1.31269	2.42744	0	3.16159	0	0	0	
41.32	0.337	0.103	-1.79325	0	1.3443	2.42744	0	3.16159	0	0	0	
41.33	0.337	0.103	-1.76898	0	1.37592	2.42744	0	3.16159	0	0	0	
41.34	0.337	0.103	-1.74471	0	1.40754	2.42744	0	3.16159	0	0	0	
41.35	0.337	0.103	-1.71967	0	1.43851	2.64473	0	2.97983	0	0	0	
41.36	0.337	0.103	-1.69322	0	1.46831	2.64473	0	2.97983	0	0	0	
41.37	0.337	0.103	-1.66677	0	1.49811	2.64473	0	2.97983	0	0	0	
41.38	0.337	0.103	-1.64032	0	1.52791	2.64473	0	2.97983	0	0	0	
41.39	0.337	0.103	-1.61316	0	1.55701	2.84837	0	2.78327	0	0	0	
41.4	0.337	0.103	-1.58467	0	1.58484	2.84837	0	2.78327	0	0	0	
41.41	0.337	0.103	-1.55619	0	1.61268	2.84837	0	2.78327	0	0	0	
41.42	0.337	0.103	-1.52771	0	1.64051	2.84837	0	2.78327	0	0	0	
41.43	0.337	0.103	-1.49856	0	1.6676	3.03738	0	2.57294	0	0	0	
41.44	0.337	0.103	-1.46818	0	1.69333	3.03738	0	2.57294	0	0	0	
41.45	0.337	0.103	-1.43781	0	1.71906	3.03738	0	2.57294	0	0	0	
41.46	0.337	0.103	-1.40744	0	1.74479	3.03738	0	2.57294	0	0	0	
41.47	0.337	0.103	-1.37645	0	1.76973	3.21084	0	2.34992	0	0	0	
41.48	0.337	0.103	-1.34434	0	1.79323	3.21084	0	2.34992	0	0	0	
41.49	0.337	0.103	-1.31223	0	1.81673	3.21084	0	2.34992	0	0	0	
41.5	0.337	0.103	-1.28012	0	1.84023	3.21084	0	2.34992	0	0	0	
41.51	0.337	0.103	-1.24746	0	1.8629	3.3679	0	2.11538	0	0	0	
41.52	0.337	0.103	-1.21378	0	1.88406	3.3679	0	2.11538	0	0	0	
41.53	0.337	0.103	-1.1801	0	1.90521	3.3679	0	2.11538	0	0	0	
41.54	0.337	0.103	-1.14643	0	1.92636	3.3679	0	2.11538	0	0	0	
41.55	0.337	0.103	-1.11225	0	1.94665	3.50782	0	1.8705	0	0	0	
41.56	0.337	0.103	-1.07717	0	1.96536	3.50782	0	1.8705	0	0	0	
41.57	0.337	0.103	-1.0421	0	1.98406	3.50782	0	1.8705	0	0	0	
41.58	0.337	0.103	-1.00702	0	2.00277	3.50782	0	1.8705	0	0	0	
41.59	0.337	0.103	-0.971509	0	2.02058	3.62992	0	1.61655	0	0	0	
41.6	0.337	0.103	-0.93521	0	2.03674	3.62992	0	1.61655	0	0	0	
41.61	0.337	0.103	-0.898911	0	2.05291	3.62992	0	1.61655	0	0	0	
41.62	0.337	0.103	-0.862612	0	2.06907	3.62992	0	1.61655	0	0	0	
41.63	0.337	0.103	-0.825947	0	2.08432	3.73363	0	1.35482	0	0	0	
41.64	0.337	0.103	-0.788611	0	2.09786	3.73363	0	1.35482	0	0	0	
41.65	0.337	0.103	-0.751274	0	2.11141	3.73363	0	1.35482	0	0	0	
41.66	0.337	0.103	-0.713938	0	2.12496	3.73363	0	1.35482	0	0	0	
41.67	0.337	0.103	-0.676303	0	2.13756	3.81848	0	1.08665	0	0	0	
41.68	0.337	0.103	-0.638118	0	2.14843	3.81848	0	1.08665	0	0	0	
41.69	0.337	0.103	-0.599933	0	2.1593	3.81848	0	1.08665	0	0	0	
41.7	0.337	0.103	-0.561748	0	2.17016	3.81848	0	1.08665	0	0	0	
41.71	0.337	0.103	-0.523332	0	2.18007	3.88408	0	0.81338	0	0	0	
41.72	0.337	0.103	-0.484491	0	2.1882	3.88408	0	0.81338	0	0	0	
41.73	0.337	0.103	-0.445651	0	2.19633	3.88408	0	0.81338	0	0	0	
41.74	0.337	0.103	-0.40681	0	2.20447	3.88408	0	0.81338	0	0	0	
41.75	0.337	0.103	-0.367807	0	2.21162	3.93014	0	0.536402	0	0	0	
41.76	0.337	0.103	-0.328505	0	2.21699	3.93014	0	0.536402	0	0	0	
41.77	0.337	0.103	-0.289204	0	2.22235	3.93014	0	0.536402	0	0	0	
41.78	0.337	0.103	-0.249902	0	2.22772	3.93014	0	0.536402	0	0	0	
41.79	0.337	0.103	-0.210508	0	2.2321	3.95648	0	0.257108	0	0	0	
41.8	0.337	0.103	-0.170943	0	2.23467	3.95648	0	0.257108	0	0	0	
41.81	0.337	0.103	-0.131378	0	2.23724	3.95648	0	0.257108	0	0	0	
41.82	0.337	0.103	-0.0918137	0	2.23981	3.95648	0	0.257108	0	0	0	
41.83	0.337	0.103	-0.0522258	0	2.24139	3.96301	0	-0.0231028	0	0	0	
41.84	0.337	0.103	-0.0125957	0	2.24116	3.96301	0	-0.0231028	0	0	0	
41.85	0.337	0.103	0.0270344	0	2.24093	3.96301	0	-0.0231028	0	0	0	
41.86	0.337	0.103	0.0666644	0	2.2407	3.96301	0	-0.0231028	0	0	0	
41.87	0.337	0.103	0.106248	0	2.23948	3.94974	0	-0.302828	0	0	0	
41.88	0.337	0.103	0.145745	0	2.23645	3.94974	0	-0.302828	0	0	0	
41.89	0.337	0.103	0.185243	0	2.23342	3.94974	0	-0.302828	0	0	0	
41.9	0.337	0.103	0.22474	0	2.2304	3.94974	0	-0.302828	0	0	0	
41.91	0.337	0.103	0.264121	0	2.22639	3.91678	0	-0.580672	0	0	0	
41.92	0.337	0.103	0.303289	0	2.22058	3.91678	0	-0.580672	0	0	0	
41.93	0.337	0.103	0.342457	0	2.21477	3.91678	0	-0.580672	0	0	0	
41.94	0.337	0.103	0.381624	0	2.20897	3.91678	0	-0.580672	0	0	0	
41.95	0.337	0.103	0.420607	0	2.20219	3.86433	0	-0.855255	0	0	0	
41.96	0.337	0.103	0.459251	0	2.19364	3.86433	0	-0.855255	0	0	0	
41.97	0.337	0.103	0.497894	0	2.18509	3.86433	0	-0.855255	0	0	0	
41.98	0.337	0.103	0.536537	0	2.17654	3.86433	0	-0.855255	0	0	0	
41.99	0.337	0.103	0.574928	0	2.16703	3.79271	0	-1.12522	0	0	0	
42	0.337	0.103	0.612855	0	2.15578	3.79271	0	-1.12522	0	0	0	
42.01	0.337	0.103	0.650782	0	2.14453	3.79271	0	-1.12522	0	0	0	
42.02	0.337	0.103	0.688709	0	2.13327	3.79271	0	-1.12522	0	0	0	
42.03	0.337	0.103	0.726318	0	2.12109	3.70231	0	-1.38922	0	0	0	
42.04	0.337	0.103	0.763341	0	2.1072	3.70231	0	-1.38922	0	0	0	
42.05	0.337	0.103	0.800364	0	2.09331	3.70231	0	-1.38922	0	0	0	
42.06	0.337	0.103	0.837387	0	2.07941	3.70231	0	-1.38922	0	0	0	
42.07	0.337	0.103	0.874027	0	2.06462	3.59362	0	-1.64597	0	0	0	
42.08	0.337	0.103	0.909963	0	2.04816	3.59362	0	-1.64597	0	0	0	
42.09	0.337	0.103	0.945899	0	2.0317	3.59362	0	-1.64597	0	0	0	
42.1	0.337	0.103	0.981835	0	2.01524	3.59362	0	-1.64597	0	0	0	
42.11	0.337	0.103	1.01733	0	1.9979	3.46721	0	-1.89421	0	0	0	
42.12	0.337	0.103	1.052	0	1.97896	3.46721	0	-1.89421	0	0	0	
42.13	0.337	0.103	1.08667	0	1.96002	3.46721	0	-1.89421	0	0	0	
42.14	0.337	0.103	1.12134	0	1.94108	3.46721	0	-1.89421	0	0	0	
42.15	0.337	0.103	1.15551	0	1.92129	3.32377	0	-2.13272	0	0	0	
42.16	0.337	0.103	1.18875	0	1.89997	3.32377	0	-2.13272	0	0	0	
42.17	0.337	0.103	1.22198	0	1.87864	3.32377	0	-2.13272	0	0	0	
42.18	0.337	0.103	1.25522	0	1.85731	3.32377	0	-2.13272	0	0	0	
42.19	0.337	0.103	1.2879	0	1.83518	3.16403	0	-2.36034	0	0	0	
42.2	0.337	0.103	1.31954	0	1.81158	3.16403	0	-2.36034	0	0	0	
42.21	0.337	0.103	1.35118	0	1.78797	3.16403	0	-2.36034	0	0	0	
42.22	0.337	0.103	1.38282	0	1.76437	3.16403	0	-2.36034	0	0	0	
42.23	0.337	0.103	1.41384	0	1.74001	2.98882	0	-2.57597	0	0	0	
42.24	0.337	0.103	1.44373	0	1.71425	2.98882	0	-2.57597	0	0	0	
42.25	0.337	0.103	1.47362	0	1.68849	2.98882	0	-2.57597	0	0	0	
42.26	0.337	0.103	1.5035	0	1.66273	2.98882	0	-2.57597	0	0	0	
42.27	0.337	0.103	1.53272	0	1.63625	2.79905	0	-2.77856	0	0	0	
42.28	0.337	0.103	1.56071	0	1.60847	2.79905	0	-2.77856	0	0	0	
42.29	0.337	0.103	1.5887	0	1.58068	2.79905	0	-2.77856	0	0	0	
42.3	0.337	0.103	1.61669	0	1.5529	2.79905	0	-2.77856	0	0	0	
42.31	0.337	0.103	1.64397	0	1.52445	2.59568	0	-2.96715	0	0	0	
42.32	0.337	0.103	1.66992	0	1.49477	2.59568	0	-2.96715	0	0	0	
42.33	0.337	0.103	1.69588	0	1.4651	2.59568	0	-2.96715	0	0	0	
42.34	0.337	0.103	1.72184	0	1.43543	2.59568	0	-2.96715	0	0	0	
42.35	0.337	0.103	1.74703	0	1.40515	2.37975	0	-3.14082	0	0	0	
42.36	0.337	0.103	1.77083	0	1.37374	2.37975	0	-3.14082	0	0	0	
42.37	0.337	0.103	1.79463	0	1.34233	2.37975	0	-3.14082	0	0	0	
42.38	0.337	0.103	1.81843	0	1.31092	2.37975	0	-3.14082	0	0	0	
42.39	0.337	0.103	1.84142	0	1.27896	2.15235	0	-3.29876	0	0	0	
42.4	0.337	0.103	1.86294	0	1.24597	2.15235	0	-3.29876	0	0	0	
42.41	0.337	0.103	1.88447	0	1.21298	2.15235	0	-3.29876	0	0	0	
42.42	0.337	0.103	1.90599	0	1.18	2.15235	0	-3.29876	0	0	0	
42.43	0.337	0.103	1.92668	0	1.14651	1.91463	0	-3.44022	0	0	0	
42.44	0.337	0.103	1.94582	0	1.11211	1.91463	0	-3.44022	0	0	0	
42.45	0.337	0.103	1.96497	0	1.0777	1.91463	0	-3.44022	0	0	0	
42.46	0.337	0.103	1.98412	0	1.0433	1.91463	0	-3.44022	0	0	0	
42.47	0.337	0.103	2.00239	0	1.00846	1.66778	0	-3.56454	0	0	0	
42.48	0.337	0.103	2.01907	0	0.972816	1.66778	0	-3.56454	0	0	0	
42.49	0.337	0.103	2.03575	0	0.937171	1.66778	0	-3.56454	0	0	0	
42.5	0.337	0.103	2.05242	0	0.901525	1.66778	0	-3.56454	0	0	0	
42.51	0.337	0.103	2.0682	0	0.865504	1.41304	0	-3.67114	0	0	0	
42.52	0.337	0.103	2.08233	0	0.828793	1.41304	0	-3.67114	0	0	0	
42.53	0.337	0.103	2.09646	0	0.792081	1.41304	0	-3.67114	0	0	0	
42.54	0.337	0.103	2.1106	0	0.75537	1.41304	0	-3.67114	0	0	0	
42.55	0.337	0.103	2.1238	0	0.718346	1.15168	0	-3.75954	0	0	0	
42.56	0.337	0.103	2.13532	0	0.680751	1.15168	0	-3.75954	0	0	0	
42.57	0.337	0.103	2.14684	0	0.643156	1.15168	0	-3.75954	0	0	0	
42.58	0.337	0.103	2.15835	0	0.60556	1.15168	0	-3.75954	0	0	0	
42.59	0.337	0.103	2.16893	0	0.567718	0.885	0	-3.82935	0	0	0	
42.6	0.337	0.103	2.17778	0	0.529425	0.885	0	-3.82935	0	0	0	
42.61	0.337	0.103	2.18663	0	0.491132	0.885	0	-3.82935	0	0	0	
42.62	0.337	0.103	2.19548	0	0.452838	0.885	0	-3.82935	0	0	0	
42.63	0.337	0.103	2.20338	0	0.414365	0.614318	0	-3.88025	0	0	0	
42.64	0.337	0.103	2.20952	0	0.375562	0.614318	0	-3.88025	0	0	0	
42.65	0.337	0.103	2.21566	0	0.33676	0.614318	0	-3.88025	0	0	0	
42.66	0.337	0.103	2.22181	0	0.297957	0.614318	0	-3.88025	0	0	0	
42.67	0.337	0.103	2.22698	0	0.259043	0.340972	0	-3.91205	0	0	0	
42.68	0.337	0.103	2.23039	0	0.219922	0.340972	0	-3.91205	0	0	0	
42.69	0.337	0.103	2.2338	0	0.180802	0.340972	0	-3.91205	0	0	0	
42.7	0.337	0.103	2.23721	0	0.141681	0.340972	0	-3.91205	0	0	0	
42.71	0.337	0.103	2.23965	0	0.102516	0.0663096	0	-3.92462	0	0	0	
42.72	0.337	0.103	2.24032	0	0.0632703	0.0663096	0	-3.92462	0	0	0	
42.73	0.337	0.103	2.24098	0	0.0240241	0.0663096	0	-3.92462	0	0	0	
42.74	0.337	0.103	2.24164	0	-0.0152221	0.0663096	0	-3.92462	0	0	0	
42.75	0.337	0.103	2.24134	0	-0.0544448	-0.208322	0	-3.91795	0	0	0	
42.76	0.337	0.103	2.23926	0	-0.0936243	-0.208322	0	-3.91795	0	0	0	
42.77	0.337	0.103	2.23717	0	-0.132804	-0.208322	0	-3.91795	0	0	0	
42.78	0.337	0.103	2.23509	0	-0.171983	-0.208322	0	-3.91795	0	0	0	
42.79	0.337	0.103	2.23204	0	-0.211072	-0.481578	0	-3.89211	0	0	0	
42.8	0.337	0.103	2.22723	0	-0.249993	-0.481578	0	-3.89211	0	0	0	
42.81	0.337	0.103	2.22241	0	-0.288914	-0.481578	0	-3.89211	0	0	0	
42.82	0.337	0.103	2.21759	0	-0.327835	-0.481578	0	-3.89211	0	0	0	
42.83	0.337	0.103	2.21183	0	-0.366598	-0.752126	0	-3.84727	0	0	0	
42.84	0.337	0.103	2.2043	0	-0.405071	-0.752126	0	-3.84727	0	0	0	
42.85	0.337	0.103	2.19678	0	-0.443543	-0.752126	0	-3.84727	0	0	0	
42.86	0.337	0.103	2.18926	0	-0.482016	-0.752126	0	-3.84727	0	0	0	
42.87	0.337	0.103	2.1808	0	-0.520264	-1.01865	0	-3.78368	0	0	0	
42.88	0.337	0.103	2.17061	0	-0.558101	-1.01865	0	-3.78368	0	0	0	
42.89	0.337	0.103	2.16043	0	-0.595938	-1.01865	0	-3.78368	0	0	0	
42.9	0.337	0.103	2.15024	0	-0.633775	-1.01865	0	-3.78368	0	0	0	
42.91	0.337	0.103	2.13913	0	-0.671323	-1.27985	0	-3.70171	0	0	0	
42.92	0.337	0.103	2.12633	0	-0.70834	-1.27985	0	-3.70171	0	0	0	
42.93	0.337	0.103	2.11354	0	-0.745357	-1.27985	0	-3.70171	0	0	0	
42.94	0.337	0.103	2.10074	0	-0.782374	-1.27985	0	-3.70171	0	0	0	
42.95	0.337	0.103	2.08704	0	-0.819039	-1.53448	0	-3.60179	0	0	0	
42.96	0.337	0.103	2.0717	0	-0.855057	-1.53448	0	-3.60179	0	0	0	
42.97	0.337	0.103	2.05635	0	-0.891074	-1.53448	0	-3.60179	0	0	0	
42.98	0.337	0.103	2.04101	0	-0.927092	-1.53448	0	-3.60179	0	0	0	
42.99	0.337	0.103	2.02479	0	-0.962696	-1.7813	0	-3.48444	0	0	0	
43	0.337	0.103	2.00698	0	-0.997541	-1.7813	0	-3.48444	0	0	0	
43.01	0.337	0.103	1.98917	0	-1.03238	-1.7813	0	-3.48444	0	0	0	
43.02	0.337	0.103	1.97135	0	-1.06723	-1.7813	0	-3.48444	0	0	0	
43.03	0.337	0.103	1.9527	0	-1.1016	-2.01912	0	-3.35027	0	0	0	
43.04	0.337	0.103	1.93251	0	-1.1351	-2.01912	0	-3.35027	0	0	0	
43.05	0.337	0.103	1.91232	0	-1.16861	-2.01912	0	-3.35027	0	0	0	
43.06	0.337	0.103	1.89213	0	-1.20211	-2.01912	0	-3.35027	0	0	0	
43.07	0.337	0.103	1.87113	0	-1.23508	-2.24682	0	-3.19997	0	0	0	
43.08	0.337	0.103	1.84866	0	-1.26708	-2.24682	0	-3.19997	0	0	0	
43.09	0.337	0.103	1.8262	0	-1.29908	-2.24682	0	-3.19997	0	0	0	
43.1	0.337	0.103	1.80373	0	-1.33108	-2.24682	0	-3.19997	0	0	0	
43.11	0.337	0.103	1.7805	0	-1.3625	-2.4633	0	-3.03431	0	0	0	
43.12	0.337	0.103	1.75586	0	-1.39284	-2.4633	0	-3.03431	0	0	0	
43.13	0.337	0.103	1.73123	0	-1.42318	-2.4633	0	-3.03431	0	0	0	
43.14	0.337	0.103	1.7066	0	-1.45353	-2.4633	0	-3.03431	0	0	0	
43.15	0.337	0.103	1.68124	0	-1.48323	-2.66753	0	-2.85413	0	0	0	
43.16	0.337	0.103	1.65457	0	-1.51177	-2.66753	0	-2.85413	0	0	0	
43.17	0.337	0.103	1.62789	0	-1.54032	-2.66753	0	-2.85413	0	0	0	
43.18	0.337	0.103	1.60122	0	-1.56886	-2.66753	0	-2.85413	0	0	0	
43.19	0.337	0.103	1.57387	0	-1.59671	-2.85856	0	-2.66033	0	0	0	
43.2	0.337	0.103	1.54528	0	-1.62332	-2.85856	0	-2.66033	0	0	0	
43.21	0.337	0.103	1.5167	0	-1.64992	-2.85856	0	-2.66033	0	0	0	
43.22	0.337	0.103	1.48811	0	-1.67652	-2.85856	0	-2.66033	0	0	0	
43.23	0.337	0.103	1.4589	0	-1.7024	-3.03549	0	-2.45388	0	0	0	
43.24	0.337	0.103	1.42855	0	-1.72694	-3.03549	0	-2.45388	0	0	0	
43.25	0.337	0.103	1.39819	0	-1.75148	-3.03549	0	-2.45388	0	0	0	
43.26	0.337	0.103	1.36784	0	-1.77602	-3.03549	0	-2.45388	0	0	0	
43.27	0.337	0.103	1.33691	0	-1.79979	-3.19748	0	-2.2358	0	0	0	
43.28	0.337	0.103	1.30494	0	-1.82214	-3.19748	0	-2.2358	0	0	0	
43.29	0.337	0.103	1.27296	0	-1.8445	-3.19748	0	-2.2358	0	0	0	
43.3	0.337	0.103	1.24099	0	-1.86686	-3.19748	0	-2.2358	0	0	0	
43.31	0.337	0.103	1.2085	0	-1.88841	-3.34379	0	-2.00718	0	0	0	
43.32	0.337	0.103	1.17506	0	-1.90848	-3.34379	0	-2.00718	0	0	0	
43.33	0.337	0.103	1.14162	0	-1.92856	-3.34379	0	-2.00718	0	0	0	
43.34	0.337	0.103	1.10818	0	-1.94863	-3.34379	0	-2.00718	0	0	0	
43.35	0.337	0.103	1.07429	0	-1.96786	-3.47373	0	-1.76914	0	0	0	
43.36	0.337	0.103	1.03955	0	-1.98555	-3.47373	0	-1.76914	0	0	0	
43.37	0.337	0.103	1.00481	0	-2.00324	-3.47373	0	-1.76914	0	0	0	
43.38	0.337	0.103	0.970076	0	-2.02093	-3.47373	0	-1.76914	0	0	0	
43.39	0.337	0.103	0.93494	0	-2.03776	-3.58673	0	-1.52286	0	0	0	
43.4	0.337	0.103	0.899072	0	-2.05299	-3.58673	0	-1.52286	0	0	0	
43.41	0.337	0.103	0.863205	0	-2.06821	-3.58673	0	-1.52286	0	0	0	
43.42	0.337	0.103	0.827338	0	-2.08344	-3.58673	0	-1.52286	0	0	0	
43.43	0.337	0.103	0.791134	0	-2.09778	-3.68226	0	-1.26955	0	0	0	
43.44	0.337	0.103	0.754311	0	-2.11047	-3.68226	0	-1.26955	0	0	0	
43.45	0.337	0.103	0.717489	0	-2.12317	-3.68226	0	-1.26955	0	0	0	
43.46	0.337	0.103	0.680666	0	-2.13586	-3.68226	0	-1.26955	0	0	0	
43.47	0.337	0.103	0.643569	0	-2.14765	-3.75991	0	-1.01043	0	0	0	
43.48	0.337	0.103	0.60597	0	-2.15775	-3.75991	0	-1.01043	0	0	0	
43.49	0.337	0.103	0.568371	0	-2.16785	-3.75991	0	-1.01043	0	0	0	
43.5	0.337	0.103	0.530772	0	-2.17796	-3.75991	0	-1.01043	0	0	0	
43.51	0.337	0.103	0.492963	0	-2.18713	-3.81934	0	-0.746769	0	0	0	
43.52	0.337	0.103	0.45477	0	-2.1946	-3.81934	0	-0.746769	0	0	0	
43.53	0.337	0.103	0.416577	0	-2.20207	-3.81934	0	-0.746769	0	0	0	
43.54	0.337	0.103	0.378383	0	-2.20954	-3.81934	0	-0.746769	0	0	0	
43.55	0.337	0.103	0.340046	0	-2.21606	-3.86029	0	-0.47985	0	0	0	
43.56	0.337	0.103	0.301443	0	-2.22086	-3.86029	0	-0.47985	0	0	0	
43.57	0.337	0.103	0.26284	0	-2.22566	-3.86029	0	-0.47985	0	0	0	
43.58	0.337	0.103	0.224237	0	-2.23046	-3.86029	0	-0.47985	0	0	0	
43.59	0.337	0.103	0.185555	0	-2.23431	-3.88262	0	-0.210962	0	0	0	
43.6	0.337	0.103	0.146729	0	-2.23642	-3.88262	0	-0.210962	0	0	0	
43.61	0.337	0.103	0.107903	0	-2.23853	-3.88262	0	-0.210962	0	0	0	
43.62	0.337	0.103	0.0690764	0	-2.24064	-3.88262	0	-0.210962	0	0	0	
43.63	0.337	0.103	0.0302373	0	-2.2418	-3.88626	0	0.0585978	0	0	0	
43.64	0.337	0.103	-0.00862531	0	-2.24121	-3.88626	0	0.0585978	0	0	0	
43.65	0.337	0.103	-0.0474879	0	-2.24062	-3.88626	0	0.0585978	0	0	0	
43.66	0.337	0.103	-0.0863505	0	-2.24004	-3.88626	0	0.0585978	0	0	0	
43.67	0.337	0.103	-0.12516	0	-2.2385	-3.87122	0	0.327534	0	0	0	
43.68	0.337	0.103	-0.163872	0	-2.23523	-3.87122	0	0.327534	0	0	0	
43.69	0.337	0.103	-0.202585	0	-2.23195	-3.87122	0	0.327534	0	0	0	
43.7	0.337	0.103	-0.241297	0	-2.22868	-3.87122	0	0.327534	0	0	0	
43.71	0.337	0.103	-0.279891	0	-2.22446	-3.83763	0	0.594557	0	0	0	
43.72	0.337	0.103	-0.318267	0	-2.21852	-3.83763	0	0.594557	0	0	0	
43.73	0.337	0.103	-0.356643	0	-2.21257	-3.83763	0	0.594557	0	0	0	
43.74	0.337	0.103	-0.395019	0	-2.20662	-3.83763	0	0.594557	0	0	0	
43.75	0.337	0.103	-0.433212	0	-2.19975	-3.78567	0	0.858389	0	0	0	
43.76	0.337	0.103	-0.471069	0	-2.19116	-3.78567	0	0.858389	0	0	0	
43.77	0.337	0.103	-0.508926	0	-2.18258	-3.78567	0	0.858389	0	0	0	
43.78	0.337	0.103	-0.546782	0	-2.174	-3.78567	0	0.858389	0	0	0	
43.79	0.337	0.103	-0.584392	0	-2.1645	-3.71564	0	1.11777	0	0	0	
43.8	0.337	0.103	-0.621548	0	-2.15332	-3.71564	0	1.11777	0	0	0	
43.81	0.337	0.103	-0.658705	0	-2.14214	-3.71564	0	1.11777	0	0	0	
43.82	0.337	0.103	-0.695861	0	-2.13096	-3.71564	0	1.11777	0	0	0	
43.83	0.337	0.103	-0.732708	0	-2.11889	-3.6279	0	1.37148	0	0	0	
43.84	0.337	0.103	-0.768987	0	-2.10518	-3.6279	0	1.37148	0	0	0	
43.85	0.337	0.103	-0.805266	0	-2.09146	-3.6279	0	1.37148	0	0	0	
43.86	0.337	0.103	-0.841545	0	-2.07775	-3.6279	0	1.37148	0	0	0	
43.87	0.337	0.103	-0.877454	0	-2.06316	-3.52293	0	1.6183	0	0	0	
43.88	0.337	0.103	-0.912683	0	-2.04698	-3.52293	0	1.6183	0	0	0	
43.89	0.337	0.103	-0.947913	0	-2.0308	-3.52293	0	1.6183	0	0	0	
43.9	0.337	0.103	-0.983142	0	-2.01461	-3.52293	0	1.6183	0	0	0	
43.91	0.337	0.103	-1.01794	0	-1.99759	-3.40125	0	1.85708	0	0	0	
43.92	0.337	0.103	-1.05195	0	-1.97902	-3.40125	0	1.85708	0	0	0	
43.93	0.337	0.103	-1.08597	0	-1.96045	-3.40125	0	1.85708	0	0	0	
43.94	0.337	0.103	-1.11998	0	-1.94188	-3.40125	0	1.85708	0	0	0	
43.95	0.337	0.103	-1.15351	0	-1.92249	-3.26349	0	2.08669	0	0	0	
43.96	0.337	0.103	-1.18614	0	-1.90163	-3.26349	0	2.08669	0	0	0	
43.97	0.337	0.103	-1.21878	0	-1.88076	-3.26349	0	2.08669	0	0	0	
43.98	0.337	0.103	-1.25141	0	-1.85989	-3.26349	0	2.08669	0	0	0	
43.99	0.337	0.103	-1.28351	0	-1.83825	-3.11033	0	2.30605	0	0	0	
44	0.337	0.103	-1.31461	0	-1.81519	-3.11033	0	2.30605	0	0	0	
44.01	0.337	0.103	-1.34571	0	-1.79213	-3.11033	0	2.30605	0	0	0	
44.02	0.337	0.103	-1.37682	0	-1.76907	-3.11033	0	2.30605	0	0	0	
44.03	0.337	0.103	-1.40733	0	-1.74528	-2.94253	0	2.51414	0	0	0	
44.04	0.337	0.103	-1.43675	0	-1.72014	-2.94253	0	2.51414	0	0	0	
44.05	0.337	0.103	-1.46618	0	-1.69499	-2.94253	0	2.51414	0	0	0	
44.06	0.337	0.103	-1.4956	0	-1.66985	-2.94253	0	2.51414	0	0	0	
44.07	0.337	0.103	-1.52439	0	-1.64402	-2.76093	0	2.71	0	0	0	
44.08	0.337	0.103	-1.552	0	-1.61692	-2.76093	0	2.71	0	0	0	
44.09	0.337	0.103	-1.57961	0	-1.58982	-2.76093	0	2.71	0	0	0	
44.1	0.337	0.103	-1.60722	0	-1.56272	-2.76093	0	2.71	0	0	0	
44.11	0.337	0.103	-1.63414	0	-1.53498	-2.56641	0	2.89271	0	0	0	
44.12	0.337	0.103	-1.6598	0	-1.50605	-2.56641	0	2.89271	0	0	0	
44.13	0.337	0.103	-1.68547	0	-1.47712	-2.56641	0	2.89271	0	0	0	
44.14	0.337	0.103	-1.71113	0	-1.4482	-2.56641	0	2.89271	0	0	0	
44.15	0.337	0.103	-1.73607	0	-1.41867	-2.35994	0	3.06143	0	0	0	
44.16	0.337	0.103	-1.75967	0	-1.38806	-2.35994	0	3.06143	0	0	0	
44.17	0.337	0.103	-1.78327	0	-1.35745	-2.35994	0	3.06143	0	0	0	
44.18	0.337	0.103	-1.80687	0	-1.32683	-2.35994	0	3.06143	0	0	0	
44.19	0.337	0.103	-1.8297	0	-1.29567	-2.14251	0	3.2154	0	0	0	
44.2	0.337	0.103	-1.85112	0	-1.26352	-2.14251	0	3.2154	0	0	0	
44.21	0.337	0.103	-1.87255	0	-1.23137	-2.14251	0	3.2154	0	0	0	
44.22	0.337	0.103	-1.89397	0	-1.19921	-2.14251	0	3.2154	0	0	0	
44.23	0.337	0.103	-1.9146	0	-1.16657	-1.91519	0	3.35391	0	0	0	
44.24	0.337	0.103	-1.93375	0	-1.13303	-1.91519	0	3.35391	0	0	0	
44.25	0.337	0.103	-1.9529	0	-1.09949	-1.91519	0	3.35391	0	0	0	
44.26	0.337	0.103	-1.97205	0	-1.06595	-1.91519	0	3.35391	0	0	0	
44.27	0.337	0.103	-1.99037	0	-1.03198	-1.67907	0	3.47633	0	0	0	
44.28	0.337	0.103	-2.00716	0	-0.997218	-1.67907	0	3.47633	0	0	0	
44.29	0.337	0.103	-2.02395	0	-0.962454	-1.67907	0	3.47633	0	0	0	
44.3	0.337	0.103	-2.04074	0	-0.927691	-1.67907	0	3.47633	0	0	0	
44.31	0.337	0.103	-2.05667	0	-0.892554	-1.43528	0	3.58213	0	0	0	
44.32	0.337	0.103	-2.07103	0	-0.856733	-1.43528	0	3.58213	0	0	0	
44.33	0.337	0.103	-2.08538	0	-0.820912	-1.43528	0	3.58213	0	0	0	
44.34	0.337	0.103	-2.09973	0	-0.78509	-1.43528	0	3.58213	0	0	0	
44.35	0.337	0.103	-2.1132	0	-0.748956	-1.18501	0	3.67083	0	0	0	
44.36	0.337	0.103	-2.12505	0	-0.712248	-1.18501	0	3.67083	0	0	0	
44.37	0.337	0.103	-2.1369	0	-0.67554	-1.18501	0	3.67083	0	0	0	
44.38	0.337	0.103	-2.14875	0	-0.638831	-1.18501	0	3.67083	0	0	0	
44.39	0.337	0.103	-2.1597	0	-0.601872	-0.929439	0	3.74206	0	0	0	
44.4	0.337	0.103	-2.169	0	-0.564451	-0.929439	0	3.74206	0	0	0	
44.41	0.337	0.103	-2.17829	0	-0.527031	-0.929439	0	3.74206	0	0	0	
44.42	0.337	0.103	-2.18759	0	-0.48961	-0.929439	0	3.74206	0	0	0	
44.43	0.337	0.103	-2.19596	0	-0.452001	-0.669796	0	3.7955	0	0	0	
44.44	0.337	0.103	-2.20266	0	-0.414046	-0.669796	0	3.7955	0	0	0	
44.45	0.337	0.103	-2.20936	0	-0.376091	-0.669796	0	3.7955	0	0	0	
44.46	0.337	0.103	-2.21606	0	-0.338136	-0.669796	0	3.7955	0	0	0	
44.47	0.337	0.103	-2.22183	0	-0.300056	-0.407313	0	3.83095	0	0	0	
44.48	0.337	0.103	-2.2259	0	-0.261747	-0.407313	0	3.83095	0	0	0	
44.49	0.337	0.103	-2.22998	0	-0.223437	-0.407313	0	3.83095	0	0	0	
44.5	0.337	0.103	-2.23405	0	-0.185128	-0.407313	0	3.83095	0	0	0	
44.51	0.337	0.103	-2.23719	0	-0.146757	-0.143236	0	3.84827	0	0	0	
44.52	0.337	0.103	-2.23862	0	-0.108274	-0.143236	0	3.84827	0	0	0	
44.53	0.337	0.103	-2.24006	0	-0.0697916	-0.143236	0	3.84827	0	0	0	
44.54	0.337	0.103	-2.24149	0	-0.0313089	-0.143236	0	3.84827	0	0	0	
44.55	0.337	0.103	-2.24199	0	0.0071708	0.121187	0	3.84742	0	0	0	
44.56	0.337	0.103	-2.24078	0	0.045645	0.121187	0	3.84742	0	0	0	
44.57	0.337	0.103	-2.23956	0	0.0841193	0.121187	0	3.84742	0	0	0	
44.58	0.337	0.103	-2.23835	0	0.122594	0.121187	0	3.84742	0	0	0	
44.59	0.337	0.103	-2.23621	0	0.161001	0.384709	0	3.82845	0	0	0	
44.6	0.337	0.103	-2.23236	0	0.199285	0.384709	0	3.82845	0	0	0	
44.61	0.337	0.103	-2.22852	0	0.23757	0.384709	0	3.82845	0	0	0	
44.62	0.337	0.103	-2.22467	0	0.275854	0.384709	0	3.82845	0	0	0	
44.63	0.337	0.103	-2.2199	0	0.314009	0.646092	0	3.79148	0	0	0	
44.64	0.337	0.103	-2.21344	0	0.351923	0.646092	0	3.79148	0	0	0	
44.65	0.337	0.103	-2.20698	0	0.389838	0.646092	0	3.79148	0	0	0	
44.66	0.337	0.103	-2.20052	0	0.427753	0.646092	0	3.79148	0	0	0	
44.67	0.337	0.103	-2.19315	0	0.465475	0.904111	0	3.73672	0	0	0	
44.68	0.337	0.103	-2.18411	0	0.502842	0.904111	0	3.73672	0	0	0	
44.69	0.337	0.103	-2.17507	0	0.540209	0.904111	0	3.73672	0	0	0	
44.7	0.337	0.103	-2.16602	0	0.577576	0.904111	0	3.73672	0	0	0	
44.71	0.337	0.103	-2.15609	0	0.614688	1.15756	0	3.66446	0	0	0	
44.72	0.337	0.103	-2.14451	0	0.651333	1.15756	0	3.66446	0	0	0	
44.73	0.337	0.103	-2.13294	0	0.687978	1.15756	0	3.66446	0	0	0	
44.74	0.337	0.103	-2.12136	0	0.724622	1.15756	0	3.66446	0	0	0	
44.75	0.337	0.103	-2.10891	0	0.760952	1.40526	0	3.57508	0	0	0	
44.76	0.337	0.103	-2.09486	0	0.796702	1.40526	0	3.57508	0	0	0	
44.77	0.337	0.103	-2.08081	0	0.832453	1.40526	0	3.57508	0	0	0	
44.78	0.337	0.103	-2.06676	0	0.868204	1.40526	0	3.57508	0	0	0	
44.79	0.337	0.103	-2.05185	0	0.903581	1.64605	0	3.46904	0	0	0	
44.8	0.337	0.103	-2.03539	0	0.938271	1.64605	0	3.46904	0	0	0	
44.81	0.337	0.103	-2.01893	0	0.972962	1.64605	0	3.46904	0	0	0	
44.82	0.337	0.103	-2.00247	0	1.00765	1.64605	0	3.46904	0	0	0	
44.83	0.337	0.103	-1.98519	0	1.04191	1.87883	0	3.34687	0	0	0	
44.84	0.337	0.103	-1.9664	0	1.07538	1.87883	0	3.34687	0	0	0	
44.85	0.337	0.103	-1.94761	0	1.10885	1.87883	0	3.34687	0	0	0	
44.86	0.337	0.103	-1.92883	0	1.14232	1.87883	0	3.34687	0	0	0	
44.87	0.337	0.103	-1.90925	0	1.1753	2.10252	0	3.20917	0	0	0	
44.88	0.337	0.103	-1.88822	0	1.20739	2.10252	0	3.20917	0	0	0	
44.89	0.337	0.103	-1.8672	0	1.23948	2.10252	0	3.20917	0	0	0	
44.9	0.337	0.103	-1.84617	0	1.27158	2.10252	0	3.20917	0	0	0	
44.91	0.337	0.103	-1.82439	0	1.30313	2.31609	0	3.05662	0	0	0	
44.92	0.337	0.103	-1.80123	0	1.3337	2.31609	0	3.05662	0	0	0	
44.93	0.337	0.103	-1.77807	0	1.36426	2.31609	0	3.05662	0	0	0	
44.94	0.337	0.103	-1.75491	0	1.39483	2.31609	0	3.05662	0	0	0	
44.95	0.337	0.103	-1.73104	0	1.42481	2.51857	0	2.88996	0	0	0	
44.96	0.337	0.103	-1.70585	0	1.45371	2.51857	0	2.88996	0	0	0	
44.97	0.337	0.103	-1.68067	0	1.48261	2.51857	0	2.88996	0	0	0	
44.98	0.337	0.103	-1.65548	0	1.51151	2.51857	0	2.88996	0	0	0	
44.99	0.337	0.103	-1.62962	0	1.53977	2.70903	0	2.71001	0	0	0	
45	0.337	0.103	-1.60253	0	1.56687	2.70903	0	2.71001	0	0	0	
45.01	0.337	0.103	-1.57544	0	1.59397	2.70903	0	2.71001	0	0	0	
45.02	0.337	0.103	-1.54835	0	1.62107	2.70903	0	2.71001	0	0	0	
45.03	0.337	0.103	-1.52064	0	1.64749	2.8866	0	2.51762	0	0	0	
45.04	0.337	0.103	-1.49177	0	1.67267	2.8866	0	2.51762	0	0	0	
45.05	0.337	0.103	-1.4629	0	1.69785	2.8866	0	2.51762	0	0	0	
45.06	0.337	0.103	-1.43404	0	1.72302	2.8866	0	2.51762	0	0	0	
45.07	0.337	0.103	-1.40459	0	1.74748	3.05049	0	2.31373	0	0	0	
45.08	0.337	0.103	-1.37409	0	1.77062	3.05049	0	2.31373	0	0	0	
45.09	0.337	0.103	-1.34358	0	1.79375	3.05049	0	2.31373	0	0	0	
45.1	0.337	0.103	-1.31308	0	1.81689	3.05049	0	2.31373	0	0	0	
45.11	0.337	0.103	-1.28205	0	1.83927	3.19995	0	2.0993	0	0	0	
45.12	0.337	0.103	-1.25005	0	1.86026	3.19995	0	2.0993	0	0	0	
45.13	0.337	0.103	-1.21805	0	1.88126	3.19995	0	2.0993	0	0	0	
45.14	0.337	0.103	-1.18605	0	1.90225	3.19995	0	2.0993	0	0	0	
45.15	0.337	0.103	-1.15357	0	1.92245	3.33433	0	1.87536	0	0	0	
45.16	0.337	0.103	-1.12023	0	1.94121	3.33433	0	1.87536	0	0	0	
45.17	0.337	0.103	-1.08689	0	1.95996	3.33433	0	1.87536	0	0	0	
45.18	0.337	0.103	-1.05354	0	1.97871	3.33433	0	1.87536	0	0	0	
45.19	0.337	0.103	-1.01978	0	1.99665	3.45302	0	1.64297	0	0	0	
45.2	0.337	0.103	-0.985253	0	2.01308	3.45302	0	1.64297	0	0	0	
45.21	0.337	0.103	-0.950722	0	2.02951	3.45302	0	1.64297	0	0	0	
45.22	0.337	0.103	-0.916192	0	2.04594	3.45302	0	1.64297	0	0	0	
45.23	0.337	0.103	-0.881301	0	2.06152	3.55551	0	1.40322	0	0	0	
45.24	0.337	0.103	-0.845745	0	2.07555	3.55551	0	1.40322	0	0	0	
45.25	0.337	0.103	-0.81019	0	2.08959	3.55551	0	1.40322	0	0	0	
45.26	0.337	0.103	-0.774635	0	2.10362	3.55551	0	1.40322	0	0	0	
45.27	0.337	0.103	-0.738777	0	2.11678	3.64136	0	1.15725	0	0	0	
45.28	0.337	0.103	-0.702364	0	2.12836	3.64136	0	1.15725	0	0	0	
45.29	0.337	0.103	-0.66595	0	2.13993	3.64136	0	1.15725	0	0	0	
45.3	0.337	0.103	-0.629537	0	2.1515	3.64136	0	1.15725	0	0	0	
45.31	0.337	0.103	-0.59288	0	2.16219	3.7102	0	0.906207	0	0	0	
45.32	0.337	0.103	-0.555778	0	2.17125	3.7102	0	0.906207	0	0	0	
45.33	0.337	0.103	-0.518676	0	2.18031	3.7102	0	0.906207	0	0	0	
45.34	0.337	0.103	-0.481574	0	2.18937	3.7102	0	0.906207	0	0	0	
45.35	0.337	0.103	-0.444291	0	2.19754	3.76174	0	0.65127	0	0	0	
45.36	0.337	0.103	-0.406673	0	2.20405	3.76174	0	0.65127	0	0	0	
45.37	0.337	0.103	-0.369056	0	2.21056	3.76174	0	0.65127	0	0	0	
45.38	0.337	0.103	-0.331438	0	2.21708	3.76174	0	0.65127	0	0	0	
45.39	0.337	0.103	-0.293701	0	2.22268	3.79578	0	0.393627	0	0	0	
45.4	0.337	0.103	-0.255743	0	2.22662	3.79578	0	0.393627	0	0	0	
45.41	0.337	0.103	-0.217785	0	2.23055	3.79578	0	0.393627	0	0	0	
45.42	0.337	0.103	-0.179827	0	2.23449	3.79578	0	0.393627	0	0	0	
45.43	0.337	0.103	-0.141812	0	2.23751	3.81221	0	0.134477	0	0	0	
45.44	0.337	0.103	-0.10369	0	2.23886	3.81221	0	0.134477	0	0	0	
45.45	0.337	0.103	-0.0655676	0	2.2402	3.81221	0	0.134477	0	0	0	
45.46	0.337	0.103	-0.0274455	0	2.24154	3.81221	0	0.134477	0	0	0	
45.47	0.337	0.103	0.0106722	0	2.24197	3.81097	0	-0.124978	0	0	0	
45.48	0.337	0.103	0.0487819	0	2.24072	3.81097	0	-0.124978	0	0	0	
45.49	0.337	0.103	0.0868916	0	2.23948	3.81097	0	-0.124978	0	0	0	
45.5	0.337	0.103	0.125001	0	2.23823	3.81097	0	-0.124978	0	0	0	
45.51	0.337	0.103	0.163045	0	2.23606	3.79212	0	-0.383538	0	0	0	
45.52	0.337	0.103	0.200966	0	2.23223	3.79212	0	-0.383538	0	0	0	
45.53	0.337	0.103	0.238887	0	2.22839	3.79212	0	-0.383538	0	0	0	
45.54	0.337	0.103	0.276808	0	2.22456	3.79212	0	-0.383538	0	0	0	
45.55	0.337	0.103	0.314601	0	2.21982	3.75577	0	-0.64001	0	0	0	
45.56	0.337	0.103	0.352159	0	2.21342	3.75577	0	-0.64001	0	0	0	
45.57	0.337	0.103	0.389717	0	2.20702	3.75577	0	-0.64001	0	0	0	
45.58	0.337	0.103	0.427274	0	2.20062	3.75577	0	-0.64001	0	0	0	
45.59	0.337	0.103	0.464643	0	2.19332	3.70213	0	-0.893214	0	0	0	
45.6	0.337	0.103	0.501664	0	2.18439	3.70213	0	-0.893214	0	0	0	
45.61	0.337	0.103	0.538685	0	2.17546	3.70213	0	-0.893214	0	0	0	
45.62	0.337	0.103	0.575707	0	2.16653	3.70213	0	-0.893214	0	0	0	
45.63	0.337	0.103	0.612479	0	2.15672	3.63148	0	-1.14199	0	0	0	
45.64	0.337	0.103	0.648794	0	2.1453	3.63148	0	-1.14199	0	0	0	
45.65	0.337	0.103	0.685109	0	2.13388	3.63148	0	-1.14199	0	0	0	
45.66	0.337	0.103	0.721423	0	2.12246	3.63148	0	-1.14199	0	0	0	
45.67	0.337	0.103	0.75743	0	2.11018	3.54418	0	-1.3852	0	0	0	
45.68	0.337	0.103	0.792872	0	2.09633	3.54418	0	-1.3852	0	0	0	
45.69	0.337	0.103	0.828314	0	2.08248	3.54418	0	-1.3852	0	0	0	
45.7	0.337	0.103	0.863756	0	2.06862	3.54418	0	-1.3852	0	0	0	
45.71	0.337	0.103	0.898833	0	2.05394	3.44067	0	-1.62174	0	0	0	
45.72	0.337	0.103	0.933239	0	2.03772	3.44067	0	-1.62174	0	0	0	
45.73	0.337	0.103	0.967646	0	2.0215	3.44067	0	-1.62174	0	0	0	
45.74	0.337	0.103	1.00205	0	2.00529	3.44067	0	-1.62174	0	0	0	
45.75	0.337	0.103	1.03604	0	1.98826	3.32146	0	-1.85052	0	0	0	
45.76	0.337	0.103	1.06925	0	1.96976	3.32146	0	-1.85052	0	0	0	
45.77	0.337	0.103	1.10247	0	1.95125	3.32146	0	-1.85052	0	0	0	
45.78	0.337	0.103	1.13568	0	1.93275	3.32146	0	-1.85052	0	0	0	
45.79	0.337	0.103	1.16842	0	1.91347	3.18712	0	-2.07052	0	0	0	
45.8	0.337	0.103	1.20029	0	1.89276	3.18712	0	-2.07052	0	0	0	
45.81	0.337	0.103	1.23217	0	1.87206	3.18712	0	-2.07052	0	0	0	
45.82	0.337	0.103	1.26404	0	1.85135	3.18712	0	-2.07052	0	0	0	
45.83	0.337	0.103	1.29538	0	1.8299	3.0383	0	-2.28075	0	0	0	
45.84	0.337	0.103	1.32577	0	1.8071	3.0383	0	-2.28075	0	0	0	
45.85	0.337	0.103	1.35615	0	1.78429	3.0383	0	-2.28075	0	0	0	
45.86	0.337	0.103	1.38653	0	1.76148	3.0383	0	-2.28075	0	0	0	
45.87	0.337	0.103	1.41634	0	1.73797	2.87572	0	-2.48025	0	0	0	
45.88	0.337	0.103	1.4451	0	1.71317	2.87572	0	-2.48025	0	0	0	
45.89	0.337	0.103	1.47386	0	1.68836	2.87572	0	-2.48025	0	0	0	
45.9	0.337	0.103	1.50261	0	1.66356	2.87572	0	-2.48025	0	0	0	
45.91	0.337	0.103	1.53075	0	1.6381	2.70015	0	-2.66813	0	0	0	
45.92	0.337	0.103	1.55775	0	1.61142	2.70015	0	-2.66813	0	0	0	
45.93	0.337	0.103	1.58475	0	1.58473	2.70015	0	-2.66813	0	0	0	
45.94	0.337	0.103	1.61176	0	1.55805	2.70015	0	-2.66813	0	0	0	
45.95	0.337	0.103	1.6381	0	1.53075	2.51242	0	-2.84356	0	0	0	
45.96	0.337	0.103	1.66322	0	1.50232	2.51242	0	-2.84356	0	0	0	
45.97	0.337	0.103	1.68834	0	1.47388	2.51242	0	-2.84356	0	0	0	
45.98	0.337	0.103	1.71347	0	1.44545	2.51242	0	-2.84356	0	0	0	
45.99	0.337	0.103	1.73789	0	1.41644	2.31341	0	-3.00575	0	0	0	
46	0.337	0.103	1.76102	0	1.38638	2.31341	0	-3.00575	0	0	0	
46.01	0.337	0.103	1.78416	0	1.35632	2.31341	0	-3.00575	0	0	0	
46.02	0.337	0.103	1.80729	0	1.32627	2.31341	0	-3.00575	0	0	0	
46.03	0.337	0.103	1.82969	0	1.29569	2.10406	0	-3.154	0	0	0	
46.04	0.337	0.103	1.85073	0	1.26415	2.10406	0	-3.154	0	0	0	
46.05	0.337	0.103	1.87177	0	1.23261	2.10406	0	-3.154	0	0	0	
46.06	0.337	0.103	1.89281	0	1.20107	2.10406	0	-3.154	0	0	0	
46.07	0.337	0.103	1.91308	0	1.16905	1.88535	0	-3.28766	0	0	0	
46.08	0.337	0.103	1.93193	0	1.13618	1.88535	0	-3.28766	0	0	0	
46.09	0.337	0.103	1.95079	0	1.1033	1.88535	0	-3.28766	0	0	0	
46.1	0.337	0.103	1.96964	0	1.07042	1.88535	0	-3.28766	0	0	0	
46.11	0.337	0.103	1.98769	0	1.03713	1.65829	0	-3.40613	0	0	0	
46.12	0.337	0.103	2.00428	0	1.00307	1.65829	0	-3.40613	0	0	0	
46.13	0.337	0.103	2.02086	0	0.969008	1.65829	0	-3.40613	0	0	0	
46.14	0.337	0.103	2.03744	0	0.934947	1.65829	0	-3.40613	0	0	0	
46.15	0.337	0.103	2.0532	0	0.900523	1.42393	0	-3.50892	0	0	0	
46.16	0.337	0.103	2.06744	0	0.865434	1.42393	0	-3.50892	0	0	0	
46.17	0.337	0.103	2.08168	0	0.830344	1.42393	0	-3.50892	0	0	0	
46.18	0.337	0.103	2.09592	0	0.795255	1.42393	0	-3.50892	0	0	0	
46.19	0.337	0.103	2.10931	0	0.75986	1.18337	0	-3.59558	0	0	0	
46.2	0.337	0.103	2.12114	0	0.723904	1.18337	0	-3.59558	0	0	0	
46.21	0.337	0.103	2.13297	0	0.687949	1.18337	0	-3.59558	0	0	0	
46.22	0.337	0.103	2.14481	0	0.651993	1.18337	0	-3.59558	0	0	0	
46.23	0.337	0.103	2.15578	0	0.61579	0.937699	0	-3.66576	0	0	0	
46.24	0.337	0.103	2.16515	0	0.579132	0.937699	0	-3.66576	0	0	0	
46.25	0.337	0.103	2.17453	0	0.542474	0.937699	0	-3.66576	0	0	0	
46.26	0.337	0.103	2.18391	0	0.505817	0.937699	0	-3.66576	0	0	0	
46.27	0.337	0.103	2.1924	0	0.468971	0.688058	0	-3.71916	0	0	0	
46.28	0.337	0.103	2.19928	0	0.431779	0.688058	0	-3.71916	0	0	0	
46.29	0.337	0.103	2.20616	0	0.394588	0.688058	0	-3.71916	0	0	0	
46.3	0.337	0.103	2.21304	0	0.357396	0.688058	0	-3.71916	0	0	0	
46.31	0.337	0.103	2.21903	0	0.320076	0.435587	0	-3.75557	0	0	0	
46.32	0.337	0.103	2.22339	0	0.282521	0.435587	0	-3.75557	0	0	0	
46.33	0.337	0.103	2.22775	0	0.244965	0.435587	0	-3.75557	0	0	0	
46.34	0.337	0.103	2.2321	0	0.207409	0.435587	0	-3.75557	0	0	0	
46.35	0.337	0.103	2.23556	0	0.169785	0.18144	0	-3.77487	0	0	0	
46.36	0.337	0.103	2.23738	0	0.132037	0.18144	0	-3.77487	0	0	0	
46.37	0.337	0.103	2.23919	0	0.0942879	0.18144	0	-3.77487	0	0	0	
46.38	0.337	0.103	2.24101	0	0.0565392	0.18144	0	-3.77487	0	0	0	
46.39	0.337	0.103	2.24192	0	0.0187829	-0.0732258	0	-3.77701	0	0	0	
46.4	0.337	0.103	2.24119	0	-0.0189872	-0.0732258	0	-3.77701	0	0	0	
46.41	0.337	0.103	2.24046	0	-0.0567573	-0.0732258	0	-3.77701	0	0	0	
46.42	0.337	0.103	2.23972	0	-0.0945273	-0.0732258	0	-3.77701	0	0	0	
46.43	0.337	0.103	2.2381	0	-0.132244	-0.327253	0	-3.762	0	0	0	
46.44	0.337	0.103	2.23482	0	-0.169864	-0.327253	0	-3.762	0	0	0	
46.45	0.337	0.103	2.23155	0	-0.207484	-0.327253	0	-3.762	0	0	0	
46.46	0.337	0.103	2.22828	0	-0.245104	-0.327253	0	-3.762	0	0	0	
46.47	0.337	0.103	2.22412	0	-0.282611	-0.579492	0	-3.72995	0	0	0	
46.48	0.337	0.103	2.21832	0	-0.319911	-0.579492	0	-3.72995	0	0	0	
46.49	0.337	0.103	2.21253	0	-0.35721	-0.579492	0	-3.72995	0	0	0	
46.5	0.337	0.103	2.20673	0	-0.39451	-0.579492	0	-3.72995	0	0	0	
46.51	0.337	0.103	2.20006	0	-0.431637	-0.828803	0	-3.68103	0	0	0	
46.52	0.337	0.103	2.19177	0	-0.468447	-0.828803	0	-3.68103	0	0	0	
46.53	0.337	0.103	2.18348	0	-0.505257	-0.828803	0	-3.68103	0	0	0	
46.54	0.337	0.103	2.17519	0	-0.542068	-0.828803	0	-3.68103	0	0	0	
46.55	0.337	0.103	2.16604	0	-0.578647	-1.07406	0	-3.61551	0	0	0	
46.56	0.337	0.103	2.1553	0	-0.614802	-1.07406	0	-3.61551	0	0	0	
46.57	0.337	0.103	2.14456	0	-0.650957	-1.07406	0	-3.61551	0	0	0	
46.58	0.337	0.103	2.13382	0	-0.687112	-1.07406	0	-3.61551	0	0	0	
46.59	0.337	0.103	2.12223	0	-0.722979	-1.31417	0	-3.53372	0	0	0	
46.6	0.337	0.103	2.10909	0	-0.758316	-1.31417	0	-3.53372	0	0	0	
46.61	0.337	0.103	2.09595	0	-0.793653	-1.31417	0	-3.53372	0	0	0	
46.62	0.337	0.103	2.08281	0	-0.828991	-1.31417	0	-3.53372	0	0	0	
46.63	0.337	0.103	2.06884	0	-0.863983	-1.54805	0	-3.43604	0	0	0	
46.64	0.337	0.103	2.05336	0	-0.898344	-1.54805	0	-3.43604	0	0	0	
46.65	0.337	0.103	2.03788	0	-0.932704	-1.54805	0	-3.43604	0	0	0	
46.66	0.337	0.103	2.0224	0	-0.967065	-1.54805	0	-3.43604	0	0	0	
46.67	0.337	0.103	2.00612	0	-1.00103	-1.77466	0	-3.32297	0	0	0	
46.68	0.337	0.103	1.98837	0	-1.03426	-1.77466	0	-3.32297	0	0	0	
46.69	0.337	0.103	1.97063	0	-1.06749	-1.77466	0	-3.32297	0	0	0	
46.7	0.337	0.103	1.95288	0	-1.10072	-1.77466	0	-3.32297	0	0	0	
46.71	0.337	0.103	1.93436	0	-1.13349	-1.99299	0	-3.19503	0	0	0	
46.72	0.337	0.103	1.91443	0	-1.16544	-1.99299	0	-3.19503	0	0	0	
46.73	0.337	0.103	1.8945	0	-1.19739	-1.99299	0	-3.19503	0	0	0	
46.74	0.337	0.103	1.87457	0	-1.22934	-1.99299	0	-3.19503	0	0	0	
46.75	0.337	0.103	1.8539	0	-1.26079	-2.20207	0	-3.05284	0	0	0	
46.76	0.337	0.103	1.83188	0	-1.29132	-2.20207	0	-3.05284	0	0	0	
46.77	0.337	0.103	1.80986	0	-1.32185	-2.20207	0	-3.05284	0	0	0	
46.78	0.337	0.103	1.78784	0	-1.35238	-2.20207	0	-3.05284	0	0	0	
46.79	0.337	0.103	1.76512	0	-1.38236	-2.40098	0	-2.89706	0	0	0	
46.8	0.337	0.103	1.74111	0	-1.41133	-2.40098	0	-2.89706	0	0	0	
46.81	0.337	0.103	1.7171	0	-1.4403	-2.40098	0	-2.89706	0	0	0	
46.82	0.337	0.103	1.69309	0	-1.46927	-2.40098	0	-2.89706	0	0	0	
46.83	0.337	0.103	1.66842	0	-1.49765	-2.58884	0	-2.72843	0	0	0	
46.84	0.337	0.103	1.64253	0	-1.52493	-2.58884	0	-2.72843	0	0	0	
46.85	0.337	0.103	1.61664	0	-1.55221	-2.58884	0	-2.72843	0	0	0	
46.86	0.337	0.103	1.59075	0	-1.5795	-2.58884	0	-2.72843	0	0	0	
46.87	0.337	0.103	1.56424	0	-1.60615	-2.76484	0	-2.54772	0	0	0	
46.88	0.337	0.103	1.5366	0	-1.63162	-2.76484	0	-2.54772	0	0	0	
46.89	0.337	0.103	1.50895	0	-1.6571	-2.76484	0	-2.54772	0	0	0	
46.9	0.337	0.103	1.4813	0	-1.68258	-2.76484	0	-2.54772	0	0	0	
46.91	0.337	0.103	1.45307	0	-1.70738	-2.92819	0	-2.35578	0	0	0	
46.92	0.337	0.103	1.42379	0	-1.73094	-2.92819	0	-2.35578	0	0	0	
46.93	0.337	0.103	1.39451	0	-1.75449	-2.92819	0	-2.35578	0	0	0	
46.94	0.337	0.103	1.36523	0	-1.77805	-2.92819	0	-2.35578	0	0	0	
46.95	0.337	0.103	1.33542	0	-1.8009	-3.0782	0	-2.15348	0	0	0	
46.96	0.337	0.103	1.30464	0	-1.82243	-3.0782	0	-2.15348	0	0	0	
46.97	0.337	0.103	1.27385	0	-1.84396	-3.0782	0	-2.15348	0	0	0	
46.98	0.337	0.103	1.24307	0	-1.8655	-3.0782	0	-2.15348	0	0	0	
46.99	0.337	0.103	1.21181	0	-1.88629	-3.21422	0	-1.94176	0	0	0	
47	0.337	0.103	1.17967	0	-1.90571	-3.21422	0	-1.94176	0	0	0	
47.01	0.337	0.103	1.14753	0	-1.92512	-3.21422	0	-1.94176	0	0	0	
47.02	0.337	0.103	1.11538	0	-1.94454	-3.21422	0	-1.94176	0	0	0	
47.03	0.337	0.103	1.08281	0	-1.96318	-3.33566	0	-1.72158	0	0	0	
47.04	0.337	0.103	1.04946	0	-1.9804	-3.33566	0	-1.72158	0	0	0	
47.05	0.337	0.103	1.0161	0	-1.99761	-3.33566	0	-1.72158	0	0	0	
47.06	0.337	0.103	0.982743	0	-2.01483	-3.33566	0	-1.72158	0	0	0	
47.07	0.337	0.103	0.949011	0	-2.03124	-3.44202	0	-1.49394	0	0	0	
47.08	0.337	0.103	0.914591	0	-2.04618	-3.44202	0	-1.49394	0	0	0	
47.09	0.337	0.103	0.880171	0	-2.06112	-3.44202	0	-1.49394	0	0	0	
47.1	0.337	0.103	0.845751	0	-2.07606	-3.44202	0	-1.49394	0	0	0	
47.11	0.337	0.103	0.81101	0	-2.09017	-3.53283	0	-1.25989	0	0	0	
47.12	0.337	0.103	0.775682	0	-2.10277	-3.53283	0	-1.25989	0	0	0	
47.13	0.337	0.103	0.740354	0	-2.11537	-3.53283	0	-1.25989	0	0	0	
47.14	0.337	0.103	0.705025	0	-2.12797	-3.53283	0	-1.25989	0	0	0	
47.15	0.337	0.103	0.669433	0	-2.13973	-3.60773	0	-1.02048	0	0	0	
47.16	0.337	0.103	0.633356	0	-2.14993	-3.60773	0	-1.02048	0	0	0	
47.17	0.337	0.103	0.597278	0	-2.16013	-3.60773	0	-1.02048	0	0	0	
47.18	0.337	0.103	0.561201	0	-2.17034	-3.60773	0	-1.02048	0	0	0	
47.19	0.337	0.103	0.524917	0	-2.17968	-3.66642	0	-0.776793	0	0	0	
47.2	0.337	0.103	0.488252	0	-2.18745	-3.66642	0	-0.776793	0	0	0	
47.21	0.337	0.103	0.451588	0	-2.19522	-3.66642	0	-0.776793	0	0	0	
47.22	0.337	0.103	0.414924	0	-2.20299	-3.66642	0	-0.776793	0	0	0	
47.23	0.337	0.103	0.378111	0	-2.20989	-3.70866	0	-0.529922	0	0	0	
47.24	0.337	0.103	0.341024	0	-2.21519	-3.70866	0	-0.529922	0	0	0	
47.25	0.337	0.103	0.303938	0	-2.22048	-3.70866	0	-0.529922	0	0	0	
47.26	0.337	0.103	0.266851	0	-2.22578	-3.70866	0	-0.529922	0	0	0	
47.27	0.337	0.103	0.229674	0	-2.2302	-3.73429	0	-0.280977	0	0	0	
47.28	0.337	0.103	0.192331	0	-2.23301	-3.73429	0	-0.280977	0	0	0	
47.29	0.337	0.103	0.154988	0	-2.23582	-3.73429	0	-0.280977	0	0	0	
47.3	0.337	0.103	0.117645	0	-2.23863	-3.73429	0	-0.280977	0	0	0	
47.31	0.337	0.103	0.0802709	0	-2.24056	-3.74325	0	-0.0310726	0	0	0	
47.32	0.337	0.103	0.0428384	0	-2.24087	-3.74325	0	-0.0310726	0	0	0	
47.33	0.337	0.103	0.00540592	0	-2.24118	-3.74325	0	-0.0310726	0	0	0	
47.34	0.337	0.103	-0.0320266	0	-2.24149	-3.74325	0	-0.0310726	0	0	0	
47.35	0.337	0.103	-0.0694317	0	-2.24092	-3.73551	0	0.218675	0	0	0	
47.36	0.337	0.103	-0.106787	0	-2.23874	-3.73551	0	0.218675	0	0	0	
47.37	0.337	0.103	-0.144142	0	-2.23655	-3.73551	0	0.218675	0	0	0	
47.38	0.337	0.103	-0.181497	0	-2.23436	-3.73551	0	0.218675	0	0	0	
47.39	0.337	0.103	-0.218766	0	-2.2313	-3.71115	0	0.467155	0	0	0	
47.4	0.337	0.103	-0.255878	0	-2.22663	-3.71115	0	0.467155	0	0	0	
47.41	0.337	0.103	-0.292989	0	-2.22196	-3.71115	0	0.467155	0	0	0	
47.42	0.337	0.103	-0.330101	0	-2.21729	-3.71115	0	0.467155	0	0	0	
47.43	0.337	0.103	-0.367068	0	-2.21175	-3.6703	0	0.713264	0	0	0	
47.44	0.337	0.103	-0.403771	0	-2.20461	-3.6703	0	0.713264	0	0	0	
47.45	0.337	0.103	-0.440474	0	-2.19748	-3.6703	0	0.713264	0	0	0	
47.46	0.337	0.103	-0.477177	0	-2.19035	-3.6703	0	0.713264	0	0	0	
47.47	0.337	0.103	-0.513679	0	-2.18236	-3.61319	0	0.955913	0	0	0	
47.48	0.337	0.103	-0.549811	0	-2.1728	-3.61319	0	0.955913	0	0	0	
47.49	0.337	0.103	-0.585942	0	-2.16324	-3.61319	0	0.955913	0	0	0	
47.5	0.337	0.103	-0.622074	0	-2.15368	-3.61319	0	0.955913	0	0	0	
47.51	0.337	0.103	-0.657948	0	-2.14328	-3.54009	0	1.19403	0	0	0	
47.52	0.337	0.103	-0.693349	0	-2.13134	-3.54009	0	1.19403	0	0	0	
47.53	0.337	0.103	-0.72875	0	-2.1194	-3.54009	0	1.19403	0	0	0	
47.54	0.337	0.103	-0.764151	0	-2.10746	-3.54009	0	1.19403	0	0	0	
47.55	0.337	0.103	-0.799239	0	-2.0947	-3.45137	0	1.42657	0	0	0	
47.56	0.337	0.103	-0.833753	0	-2.08044	-3.45137	0	1.42657	0	0	0	
47.57	0.337	0.103	-0.868266	0	-2.06617	-3.45137	0	1.42657	0	0	0	
47.58	0.337	0.103	-0.90278	0	-2.05191	-3.45137	0	1.42657	0	0	0	
47.59	0.337	0.103	-0.936927	0	-2.03684	-3.34744	0	1.6525	0	0	0	
47.6	0.337	0.103	-0.970402	0	-2.02032	-3.34744	0	1.6525	0	0	0	
47.61	0.337	0.103	-1.00388	0	-2.00379	-3.34744	0	1.6525	0	0	0	
47.62	0.337	0.103	-1.03735	0	-1.98727	-3.34744	0	1.6525	0	0	0	
47.63	0.337	0.103	-1.07041	0	-1.96997	-3.22879	0	1.87085	0	0	0	
47.64	0.337	0.103	-1.10269	0	-1.95126	-3.22879	0	1.87085	0	0	0	
47.65	0.337	0.103	-1.13498	0	-1.93256	-3.22879	0	1.87085	0	0	0	
47.66	0.337	0.103	-1.16727	0	-1.91385	-3.22879	0	1.87085	0	0	0	
47.67	0.337	0.103	-1.19909	0	-1.8944	-3.09599	0	2.08066	0	0	0	
47.68	0.337	0.103	-1.23005	0	-1.87359	-3.09599	0	2.08066	0	0	0	
47.69	0.337	0.103	-1.26101	0	-1.85279	-3.09599	0	2.08066	0	0	0	
47.7	0.337	0.103	-1.29197	0	-1.83198	-3.09599	0	2.08066	0	0	0	
47.71	0.337	0.103	-1.32241	0	-1.81047	-2.94965	0	2.28102	0	0	0	
47.72	0.337	0.103	-1.35191	0	-1.78766	-2.94965	0	2.28102	0	0	0	
47.73	0.337	0.103	-1.38141	0	-1.76485	-2.94965	0	2.28102	0	0	0	
47.74	0.337	0.103	-1.4109	0	-1.74204	-2.94965	0	2.28102	0	0	0	
47.75	0.337	0.103	-1.43984	0	-1.71856	-2.79043	0	2.47105	0	0	0	
47.76	0.337	0.103	-1.46774	0	-1.69384	-2.79043	0	2.47105	0	0	0	
47.77	0.337	0.103	-1.49565	0	-1.66913	-2.79043	0	2.47105	0	0	0	
47.78	0.337	0.103	-1.52355	0	-1.64442	-2.79043	0	2.47105	0	0	0	
47.79	0.337	0.103	-1.55085	0	-1.61908	-2.61907	0	2.64995	0	0	0	
47.8	0.337	0.103	-1.57704	0	-1.59258	-2.61907	0	2.64995	0	0	0	
47.81	0.337	0.103	-1.60323	0	-1.56608	-2.61907	0	2.64995	0	0	0	
47.82	0.337	0.103	-1.62942	0	-1.53958	-2.61907	0	2.64995	0	0	0	
47.83	0.337	0.103	-1.65497	0	-1.51249	-2.43635	0	2.81694	0	0	0	
47.84	0.337	0.103	-1.67933	0	-1.48433	-2.43635	0	2.81694	0	0	0	
47.85	0.337	0.103	-1.7037	0	-1.45616	-2.43635	0	2.81694	0	0	0	
47.86	0.337	0.103	-1.72806	0	-1.42799	-2.43635	0	2.81694	0	0	0	
47.87	0.337	0.103	-1.75174	0	-1.39927	-2.2431	0	2.97131	0	0	0	
47.88	0.337	0.103	-1.77417	0	-1.36956	-2.2431	0	2.97131	0	0	0	
47.89	0.337	0.103	-1.7966	0	-1.33985	-2.2431	0	2.97131	0	0	0	
47.9	0.337	0.103	-1.81903	0	-1.31013	-2.2431	0	2.97131	0	0	0	
47.91	0.337	0.103	-1.84075	0	-1.27992	-2.04019	0	3.1124	0	0	0	
47.92	0.337	0.103	-1.86115	0	-1.2488	-2.04019	0	3.1124	0	0	0	
47.93	0.337	0.103	-1.88155	0	-1.21767	-2.04019	0	3.1124	0	0	0	
47.94	0.337	0.103	-1.90196	0	-1.18655	-2.04019	0	3.1124	0	0	0	
47.95	0.337	0.103	-1.92161	0	-1.15498	-1.82852	0	3.23962	0	0	0	
47.96	0.337	0.103	-1.9399	0	-1.12258	-1.82852	0	3.23962	0	0	0	
47.97	0.337	0.103	-1.95818	0	-1.09019	-1.82852	0	3.23962	0	0	0	
47.98	0.337	0.103	-1.97647	0	-1.05779	-1.82852	0	3.23962	0	0	0	
47.99	0.337	0.103	-1.99398	0	-1.025	-1.60906	0	3.35244	0	0	0	
48	0.337	0.103	-2.01007	0	-0.991471	-1.60906	0	3.35244	0	0	0	
48.01	0.337	0.103	-2.02616	0	-0.957947	-1.60906	0	3.35244	0	0	0	
48.02	0.337	0.103	-2.04225	0	-0.924422	-1.60906	0	3.35244	0	0	0	
48.03	0.337	0.103	-2.05754	0	-0.890553	-1.38277	0	3.45038	0	0	0	
48.04	0.337	0.103	-2.07137	0	-0.856049	-1.38277	0	3.45038	0	0	0	
48.05	0.337	0.103	-2.0852	0	-0.821545	-1.38277	0	3.45038	0	0	0	
48.06	0.337	0.103	-2.09903	0	-0.787041	-1.38277	0	3.45038	0	0	0	
48.07	0.337	0.103	-2.11203	0	-0.752246	-1.15068	0	3.53304	0	0	0	
48.08	0.337	0.103	-2.12354	0	-0.716916	-1.15068	0	3.53304	0	0	0	
48.09	0.337	0.103	-2.13505	0	-0.681585	-1.15068	0	3.53304	0	0	0	
48.1	0.337	0.103	-2.14655	0	-0.646255	-1.15068	0	3.53304	0	0	0	
48.11	0.337	0.103	-2.15723	0	-0.610688	-0.913795	0	3.6001	0	0	0	
48.12	0.337	0.103	-2.16636	0	-0.574687	-0.913795	0	3.6001	0	0	0	
48.13	0.337	0.103	-2.1755	0	-0.538686	-0.913795	0	3.6001	0	0	0	
48.14	0.337	0.103	-2.18464	0	-0.502685	-0.913795	0	3.6001	0	0	0	
48.15	0.337	0.103	-2.19293	0	-0.466503	-0.673181	0	3.65129	0	0	0	
48.16	0.337	0.103	-2.19966	0	-0.42999	-0.673181	0	3.65129	0	0	0	
48.17	0.337	0.103	-2.20639	0	-0.393477	-0.673181	0	3.65129	0	0	0	
48.18	0.337	0.103	-2.21312	0	-0.356964	-0.673181	0	3.65129	0	0	0	
48.19	0.337	0.103	-2.219	0	-0.320328	-0.429894	0	3.68641	0	0	0	
48.2	0.337	0.103	-2.2233	0	-0.283464	-0.429894	0	3.68641	0	0	0	
48.21	0.337	0.103	-2.2276	0	-0.2466	-0.429894	0	3.68641	0	0	0	
48.22	0.337	0.103	-2.2319	0	-0.209735	-0.429894	0	3.68641	0	0	0	
48.23	0.337	0.103	-2.23533	0	-0.172805	-0.185007	0	3.70534	0	0	0	
48.24	0.337	0.103	-2.23718	0	-0.135751	-0.185007	0	3.70534	0	0	0	
48.25	0.337	0.103	-2.23903	0	-0.0986978	-0.185007	0	3.70534	0	0	0	
48.26	0.337	0.103	-2.24088	0	-0.0616445	-0.185007	0	3.70534	0	0	0	
48.27	0.337	0.103	-2.24187	0	-0.0245816	0.0604071	0	3.70803	0	0	0	
48.28	0.337	0.103	-2.24126	0	0.0124987	0.0604071	0	3.70803	0	0	0	
48.29	0.337	0.103	-2.24066	0	0.049579	0.0604071	0	3.70803	0	0	0	
48.3	0.337	0.103	-2.24005	0	0.0866593	0.0604071	0	3.70803	0	0	0	
48.31	0.337	0.103	-2.23859	0	0.123692	0.305273	0	3.6945	0	0	0	
48.32	0.337	0.103	-2.23553	0	0.160637	0.305273	0	3.6945	0	0	0	
48.33	0.337	0.103	-2.23248	0	0.197582	0.305273	0	3.6945	0	0	0	
48.34	0.337	0.103	-2.22943	0	0.234527	0.305273	0	3.6945	0	0	0	
48.35	0.337	0.103	-2.22552	0	0.271367	0.548521	0	3.66484	0	0	0	
48.36	0.337	0.103	-2.22003	0	0.308016	0.548521	0	3.66484	0	0	0	
48.37	0.337	0.103	-2.21455	0	0.344664	0.548521	0	3.66484	0	0	0	
48.38	0.337	0.103	-2.20906	0	0.381313	0.548521	0	3.66484	0	0	0	
48.39	0.337	0.103	-2.20273	0	0.4178	0.789093	0	3.61921	0	0	0	
48.4	0.337	0.103	-2.19484	0	0.453992	0.789093	0	3.61921	0	0	0	
48.41	0.337	0.103	-2.18695	0	0.490184	0.789093	0	3.61921	0	0	0	
48.42	0.337	0.103	-2.17905	0	0.526376	0.789093	0	3.61921	0	0	0	
48.43	0.337	0.103	-2.17033	0	0.562352	1.02594	0	3.55784	0	0	0	
48.44	0.337	0.103	-2.16007	0	0.59793	1.02594	0	3.55784	0	0	0	
48.45	0.337	0.103	-2.14981	0	0.633509	1.02594	0	3.55784	0	0	0	
48.46	0.337	0.103	-2.13955	0	0.669087	1.02594	0	3.55784	0	0	0	
48.47	0.337	0.103	-2.12847	0	0.704395	1.25805	0	3.48103	0	0	0	
48.48	0.337	0.103	-2.11589	0	0.739205	1.25805	0	3.48103	0	0	0	
48.49	0.337	0.103	-2.10331	0	0.774015	1.25805	0	3.48103	0	0	0	
48.5	0.337	0.103	-2.09073	0	0.808825	1.25805	0	3.48103	0	0	0	
48.51	0.337	0.103	-2.07735	0	0.843312	1.4844	0	3.38914	0	0	0	
48.52	0.337	0.103	-2.06251	0	0.877203	1.4844	0	3.38914	0	0	0	
48.53	0.337	0.103	-2.04766	0	0.911094	1.4844	0	3.38914	0	0	0	
48.54	0.337	0.103	-2.03282	0	0.944986	1.4844	0	3.38914	0	0	0	
48.55	0.337	0.103	-2.0172	0	0.978501	1.70404	0	3.2826	0	0	0	
48.56	0.337	0.103	-2.00016	0	1.01133	1.70404	0	3.2826	0	0	0	
48.57	0.337	0.103	-1.98312	0	1.04415	1.70404	0	3.2826	0	0	0	
48.58	0.337	0.103	-1.96608	0	1.07698	1.70404	0	3.2826	0	0	0	
48.59	0.337	0.103	-1.94829	0	1.10938	1.916	0	3.1619	0	0	0	
48.6	0.337	0.103	-1.92913	0	1.141	1.916	0	3.1619	0	0	0	
48.61	0.337	0.103	-1.90997	0	1.17262	1.916	0	3.1619	0	0	0	
48.62	0.337	0.103	-1.89081	0	1.20424	1.916	0	3.1619	0	0	0	
48.63	0.337	0.103	-1.87093	0	1.23538	2.1194	0	3.0276	0	0	0	
48.64	0.337	0.103	-1.84974	0	1.26566	2.1194	0	3.0276	0	0	0	
48.65	0.337	0.103	-1.82855	0	1.29593	2.1194	0	3.0276	0	0	0	
48.66	0.337	0.103	-1.80735	0	1.32621	2.1194	0	3.0276	0	0	0	
48.67	0.337	0.103	-1.78547	0	1.35597	2.31335	0	2.8803	0	0	0	
48.68	0.337	0.103	-1.76234	0	1.38477	2.31335	0	2.8803	0	0	0	
48.69	0.337	0.103	-1.73921	0	1.41357	2.31335	0	2.8803	0	0	0	
48.7	0.337	0.103	-1.71607	0	1.44238	2.31335	0	2.8803	0	0	0	
48.71	0.337	0.103	-1.69229	0	1.47062	2.49704	0	2.72067	0	0	0	
48.72	0.337	0.103	-1.66732	0	1.49782	2.49704	0	2.72067	0	0	0	
48.73	0.337	0.103	-1.64235	0	1.52503	2.49704	0	2.72067	0	0	0	
48.74	0.337	0.103	-1.61738	0	1.55224	2.49704	0	2.72067	0	0	0	
48.75	0.337	0.103	-1.5918	0	1.57884	2.6697	0	2.54943	0	0	0	
48.76	0.337	0.103	-1.5651	0	1.60433	2.6697	0	2.54943	0	0	0	
48.77	0.337	0.103	-1.53841	0	1.62983	2.6697	0	2.54943	0	0	0	
48.78	0.337	0.103	-1.51171	0	1.65532	2.6697	0	2.54943	0	0	0	
48.79	0.337	0.103	-1.48445	0	1.68017	2.83058	0	2.36733	0	0	0	
48.8	0.337	0.103	-1.45614	0	1.70385	2.83058	0	2.36733	0	0	0	
48.81	0.337	0.103	-1.42783	0	1.72752	2.83058	0	2.36733	0	0	0	
48.82	0.337	0.103	-1.39953	0	1.75119	2.83058	0	2.36733	0	0	0	
48.83	0.337	0.103	-1.3707	0	1.77419	2.97902	0	2.17519	0	0	0	
48.84	0.337	0.103	-1.34091	0	1.79594	2.97902	0	2.17519	0	0	0	
48.85	0.337	0.103	-1.31112	0	1.81769	2.97902	0	2.17519	0	0	0	
48.86	0.337	0.103	-1.28133	0	1.83944	2.97902	0	2.17519	0	0	0	
48.87	0.337	0.103	-1.25106	0	1.86049	3.11441	0	1.97386	0	0	0	
48.88	0.337	0.103	-1.21992	0	1.88022	3.11441	0	1.97386	0	0	0	
48.89	0.337	0.103	-1.18877	0	1.89996	3.11441	0	1.97386	0	0	0	
48.9	0.337	0.103	-1.15763	0	1.9197	3.11441	0	1.97386	0	0	0	
48.91	0.337	0.103	-1.12606	0	1.9387	3.23617	0	1.76422	0	0	0	
48.92	0.337	0.103	-1.09369	0	1.95634	3.23617	0	1.76422	0	0	0	
48.93	0.337	0.103	-1.06133	0	1.97399	3.23617	0	1.76422	0	0	0	
48.94	0.337	0.103	-1.02897	0	1.99163	3.23617	0	1.76422	0	0	0	
48.95	0.337	0.103	-0.996229	0	2.0085	3.34381	0	1.5472	0	0	0	
48.96	0.337	0.103	-0.962791	0	2.02398	3.34381	0	1.5472	0	0	0	
48.97	0.337	0.103	-0.929353	0	2.03945	3.34381	0	1.5472	0	0	0	
48.98	0.337	0.103	-0.895915	0	2.05492	3.34381	0	1.5472	0	0	0	
48.99	0.337	0.103	-0.862149	0	2.0696	3.4369	0	1.32375	0	0	0	
49	0.337	0.103	-0.82778	0	2.08284	3.4369	0	1.32375	0	0	0	
49.01	0.337	0.103	-0.793411	0	2.09608	3.4369	0	1.32375	0	0	0	
49.02	0.337	0.103	-0.759042	0	2.10932	3.4369	0	1.32375	0	0	0	
49.03	0.337	0.103	-0.724397	0	2.12175	3.51505	0	1.09485	0	0	0	
49.04	0.337	0.103	-0.689247	0	2.1327	3.51505	0	1.09485	0	0	0	
49.05	0.337	0.103	-0.654096	0	2.14364	3.51505	0	1.09485	0	0	0	
49.06	0.337	0.103	-0.618946	0	2.15459	3.51505	0	1.09485	0	0	0	
49.07	0.337	0.103	-0.583573	0	2.16472	3.57796	0	0.861486	0	0	0	
49.08	0.337	0.103	-0.547794	0	2.17333	3.57796	0	0.861486	0	0	0	
49.09	0.337	0.103	-0.512014	0	2.18195	3.57796	0	0.861486	0	0	0	
49.1	0.337	0.103	-0.476235	0	2.19056	3.57796	0	0.861486	0	0	0	
49.11	0.337	0.103	-0.440288	0	2.19834	3.62539	0	0.624678	0	0	0	
49.12	0.337	0.103	-0.404034	0	2.20459	3.62539	0	0.624678	0	0	0	
49.13	0.337	0.103	-0.36778	0	2.21084	3.62539	0	0.624678	0	0	0	
49.14	0.337	0.103	-0.331526	0	2.21708	3.62539	0	0.624678	0	0	0	
49.15	0.337	0.103	-0.29516	0	2.22249	3.65716	0	0.385451	0	0	0	
49.16	0.337	0.103	-0.258589	0	2.22634	3.65716	0	0.385451	0	0	0	
49.17	0.337	0.103	-0.222017	0	2.2302	3.65716	0	0.385451	0	0	0	
49.18	0.337	0.103	-0.185446	0	2.23405	3.65716	0	0.385451	0	0	0	
49.19	0.337	0.103	-0.148818	0	2.23706	3.67316	0	0.144839	0	0	0	
49.2	0.337	0.103	-0.112086	0	2.2385	3.67316	0	0.144839	0	0	0	
49.21	0.337	0.103	-0.0753543	0	2.23995	3.67316	0	0.144839	0	0	0	
49.22	0.337	0.103	-0.0386226	0	2.2414	3.67316	0	0.144839	0	0	0	
49.23	0.337	0.103	-0.0018903	0	2.242	3.67337	0	-0.0961222	0	0	0	
49.24	0.337	0.103	0.0348434	0	2.24104	3.67337	0	-0.0961222	0	0	0	
49.25	0.337	0.103	0.071577	0	2.24008	3.67337	0	-0.0961222	0	0	0	
49.26	0.337	0.103	0.108311	0	2.23912	3.67337	0	-0.0961222	0	0	0	
49.27	0.337	0.103	0.144989	0	2.23731	3.6578	0	-0.336397	0	0	0	
49.28	0.337	0.103	0.181567	0	2.23394	3.6578	0	-0.336397	0	0	0	
49.29	0.337	0.103	0.218145	0	2.23058	3.6578	0	-0.336397	0	0	0	
49.3	0.337	0.103	0.254723	0	2.22721	3.6578	0	-0.336397	0	0	0	
49.31	0.337	0.103	0.291191	0	2.22301	3.62655	0	-0.574955	0	0	0	
49.32	0.337	0.103	0.327457	0	2.21726	3.62655	0	-0.574955	0	0	0	
49.33	0.337	0.103	0.363722	0	2.21151	3.62655	0	-0.574955	0	0	0	
49.34	0.337	0.103	0.399987	0	2.20576	3.62655	0	-0.574955	0	0	0	
49.35	0.337	0.103	0.436088	0	2.19918	3.57978	0	-0.810778	0	0	0	
49.36	0.337	0.103	0.471886	0	2.19107	3.57978	0	-0.810778	0	0	0	
49.37	0.337	0.103	0.507684	0	2.18296	3.57978	0	-0.810778	0	0	0	
49.38	0.337	0.103	0.543482	0	2.17486	3.57978	0	-0.810778	0	0	0	
49.39	0.337	0.103	0.579061	0	2.16593	3.51774	0	-1.04286	0	0	0	
49.4	0.337	0.103	0.614238	0	2.1555	3.51774	0	-1.04286	0	0	0	
49.41	0.337	0.103	0.649415	0	2.14507	3.51774	0	-1.04286	0	0	0	
49.42	0.337	0.103	0.684593	0	2.13464	3.51774	0	-1.04286	0	0	0	
49.43	0.337	0.103	0.719498	0	2.12341	3.4407	0	-1.27021	0	0	0	
49.44	0.337	0.103	0.753905	0	2.11071	3.4407	0	-1.27021	0	0	0	
49.45	0.337	0.103	0.788312	0	2.09801	3.4407	0	-1.27021	0	0	0	
49.46	0.337	0.103	0.822719	0	2.08531	3.4407	0	-1.27021	0	0	0	
49.47	0.337	0.103	0.856803	0	2.07182	3.34903	0	-1.49188	0	0	0	
49.48	0.337	0.103	0.890293	0	2.0569	3.34903	0	-1.49188	0	0	0	
49.49	0.337	0.103	0.923784	0	2.04199	3.34903	0	-1.49188	0	0	0	
49.5	0.337	0.103	0.957274	0	2.02707	3.34903	0	-1.49188	0	0	0	
49.51	0.337	0.103	0.990391	0	2.01139	3.24315	0	-1.70691	0	0	0	
49.52	0.337	0.103	1.02282	0	1.99432	3.24315	0	-1.70691	0	0	0	
49.53	0.337	0.103	1.05525	0	1.97725	3.24315	0	-1.70691	0	0	0	
49.54	0.337	0.103	1.08769	0	1.96018	3.24315	0	-1.70691	0	0	0	
49.55	0.337	0.103	1.11969	0	1.94238	3.12354	0	-1.91441	0	0	0	
49.56	0.337	0.103	1.15093	0	1.92324	3.12354	0	-1.91441	0	0	0	
49.57	0.337	0.103	1.18217	0	1.90409	3.12354	0	-1.91441	0	0	0	
49.58	0.337	0.103	1.2134	0	1.88495	3.12354	0	-1.91441	0	0	0	
49.59	0.337	0.103	1.24417	0	1.8651	2.99072	0	-2.11351	0	0	0	
49.6	0.337	0.103	1.27408	0	1.84397	2.99072	0	-2.11351	0	0	0	
49.61	0.337	0.103	1.30398	0	1.82283	2.99072	0	-2.11351	0	0	0	
49.62	0.337	0.103	1.33389	0	1.8017	2.99072	0	-2.11351	0	0	0	
49.63	0.337	0.103	1.36328	0	1.77989	2.84531	0	-2.30336	0	0	0	
49.64	0.337	0.103	1.39174	0	1.75686	2.84531	0	-2.30336	0	0	0	
49.65	0.337	0.103	1.42019	0	1.73383	2.84531	0	-2.30336	0	0	0	
49.66	0.337	0.103	1.44864	0	1.71079	2.84531	0	-2.30336	0	0	0	
49.67	0.337	0.103	1.47654	0	1.68712	2.68793	0	-2.48319	0	0	0	
49.68	0.337	0.103	1.50342	0	1.66229	2.68793	0	-2.48319	0	0	0	
49.69	0.337	0.103	1.5303	0	1.63746	2.68793	0	-2.48319	0	0	0	
49.7	0.337	0.103	1.55718	0	1.61263	2.68793	0	-2.48319	0	0	0	
49.71	0.337	0.103	1.58346	0	1.5872	2.51928	0	-2.65223	0	0	0	
49.72	0.337	0.103	1.60866	0	1.56068	2.51928	0	-2.65223	0	0	0	
49.73	0.337	0.103	1.63385	0	1.53416	2.51928	0	-2.65223	0	0	0	
49.74	0.337	0.103	1.65904	0	1.50763	2.51928	0	-2.65223	0	0	0	
49.75	0.337	0.103	1.6836	0	1.48056	2.3401	0	-2.8098	0	0	0	
49.76	0.337	0.103	1.707	0	1.45246	2.3401	0	-2.8098	0	0	0	
49.77	0.337	0.103	1.7304	0	1.42436	2.3401	0	-2.8098	0	0	0	
49.78	0.337	0.103	1.75381	0	1.39626	2.3401	0	-2.8098	0	0	0	
49.79	0.337	0.103	1.77654	0	1.36765	2.15117	0	-2.95525	0	0	0	
49.8	0.337	0.103	1.79805	0	1.3381	2.15117	0	-2.95525	0	0	0	
49.81	0.337	0.103	1.81956	0	1.30855	2.15117	0	-2.95525	0	0	0	
49.82	0.337	0.103	1.84108	0	1.27899	2.15117	0	-2.95525	0	0	0	
49.83	0.337	0.103	1.86189	0	1.24897	1.95331	0	-3.08797	0	0	0	
49.84	0.337	0.103	1.88142	0	1.21809	1.95331	0	-3.08797	0	0	0	
49.85	0.337	0.103	1.90096	0	1.18721	1.95331	0	-3.08797	0	0	0	
49.86	0.337	0.103	1.92049	0	1.15633	1.95331	0	-3.08797	0	0	0	
49.87	0.337	0.103	1.9393	0	1.12503	1.74738	0	-3.20744	0	0	0	
49.88	0.337	0.103	1.95677	0	1.09296	1.74738	0	-3.20744	0	0	0	
49.89	0.337	0.103	1.97424	0	1.06088	1.74738	0	-3.20744	0	0	0	
49.9	0.337	0.103	1.99172	0	1.02881	1.74738	0	-3.20744	0	0	0	
49.91	0.337	0.103	2.00844	0	0.996362	1.53427	0	-3.31316	0	0	0	
49.92	0.337	0.103	2.02378	0	0.96323	1.53427	0	-3.31316	0	0	0	
49.93	0.337	0.103	2.03912	0	0.930099	1.53427	0	-3.31316	0	0	0	
49.94	0.337	0.103	2.05447	0	0.896967	1.53427	0	-3.31316	0	0	0	
49.95	0.337	0.103	2.06904	0	0.863513	1.31489	0	-3.40472	0	0	0	
49.96	0.337	0.103	2.08218	0	0.829465	1.31489	0	-3.40472	0	0	0	
49.97	0.337	0.103	2.09533	0	0.795418	1.31489	0	-3.40472	0	0	0	
49.98	0.337	0.103	2.10848	0	0.761371	1.31489	0	-3.40472	0	0	0	
49.99	0.337	0.103	2.12084	0	0.727052	1.09019	0	-3.48175	0	0	0	
50	0.337	0.103	2.13174	0	0.692235	1.09019	0	-3.48175	0	0	0	
50.01	0.337	0.103	2.14264	0	0.657417	1.09019	0	-3.48175	0	0	0	
50.02	0.337	0.103	2.15355	0	0.6226	1.09019	0	-3.48175	0	0	0	
50.03	0.337	0.103	2.16364	0	0.587563	0.861128	0	-3.54395	0	0	0	
50.04	0.337	0.103	2.17225	0	0.552123	0.861128	0	-3.54395	0	0	0	
50.05	0.337	0.103	2.18086	0	0.516684	0.861128	0	-3.54395	0	0	0	
50.06	0.337	0.103	2.18947	0	0.481244	0.861128	0	-3.54395	0	0	0	
50.07	0.337	0.103	2.19726	0	0.445638	0.628677	0	-3.5911	0	0	0	
50.08	0.337	0.103	2.20355	0	0.409727	0.628677	0	-3.5911	0	0	0	
50.09	0.337	0.103	2.20984	0	0.373816	0.628677	0	-3.5911	0	0	0	
50.1	0.337	0.103	2.21612	0	0.337905	0.628677	0	-3.5911	0	0	0	
50.11	0.337	0.103	2.22158	0	0.301882	0.393828	0	-3.62301	0	0	0	
50.12	0.337	0.103	2.22552	0	0.265652	0.393828	0	-3.62301	0	0	0	
50.13	0.337	0.103	2.22946	0	0.229422	0.393828	0	-3.62301	0	0	0	
50.14	0.337	0.103	2.2334	0	0.193192	0.393828	0	-3.62301	0	0	0	
50.15	0.337	0.103	2.2365	0	0.156903	0.157579	0	-3.63958	0	0	0	
50.16	0.337	0.103	2.23808	0	0.120507	0.157579	0	-3.63958	0	0	0	
50.17	0.337	0.103	2.23965	0	0.0841113	0.157579	0	-3.63958	0	0	0	
50.18	0.337	0.103	2.24123	0	0.0477155	0.157579	0	-3.63958	0	0	0	
50.19	0.337	0.103	2.24197	0	0.0113154	-0.0790716	0	-3.64078	0	0	0	
50.2	0.337	0.103	2.24118	0	-0.0250924	-0.0790716	0	-3.64078	0	0	0	
50.21	0.337	0.103	2.24039	0	-0.0615002	-0.0790716	0	-3.64078	0	0	0	
50.22	0.337	0.103	2.2396	0	-0.097908	-0.0790716	0	-3.64078	0	0	0	
50.23	0.337	0.103	2.23798	0	-0.134266	-0.315125	0	-3.62662	0	0	0	
50.24	0.337	0.103	2.23482	0	-0.170532	-0.315125	0	-3.62662	0	0	0	
50.25	0.337	0.103	2.23167	0	-0.206798	-0.315125	0	-3.62662	0	0	0	
50.26	0.337	0.103	2.22852	0	-0.243064	-0.315125	0	-3.62662	0	0	0	
50.27	0.337	0.103	2.22454	0	-0.279227	-0.549586	0	-3.59719	0	0	0	
50.28	0.337	0.103	2.21905	0	-0.315199	-0.549586	0	-3.59719	0	0	0	
50.29	0.337	0.103	2.21355	0	-0.35117	-0.549586	0	-3.59719	0	0	0	
50.3	0.337	0.103	2.20806	0	-0.387142	-0.549586	0	-3.59719	0	0	0	
50.31	0.337	0.103	2.20174	0	-0.422957	-0.781472	0	-3.55264	0	0	0	
50.32	0.337	0.103	2.19393	0	-0.458484	-0.781472	0	-3.55264	0	0	0	
50.33	0.337	0.103	2.18611	0	-0.49401	-0.781472	0	-3.55264	0	0	0	
50.34	0.337	0.103	2.1783	0	-0.529536	-0.781472	0	-3.55264	0	0	0	
50.35	0.337	0.103	2.16968	0	-0.564853	-1.00981	0	-3.4932	0	0	0	
50.36	0.337	0.103	2.15958	0	-0.599785	-1.00981	0	-3.4932	0	0	0	
50.37	0.337	0.103	2.14948	0	-0.634717	-1.00981	0	-3.4932	0	0	0	
50.38	0.337	0.103	2.13938	0	-0.669649	-1.00981	0	-3.4932	0	0	0	
50.39	0.337	0.103	2.1285	0	-0.70432	-1.23365	0	-3.41913	0	0	0	
50.4	0.337	0.103	2.11616	0	-0.738511	-1.23365	0	-3.41913	0	0	0	
50.41	0.337	0.103	2.10382	0	-0.772702	-1.23365	0	-3.41913	0	0	0	
50.42	0.337	0.103	2.09149	0	-0.806894	-1.23365	0	-3.41913	0	0	0	
50.43	0.337	0.103	2.07838	0	-0.840773	-1.45206	0	-3.33078	0	0	0	
50.44	0.337	0.103	2.06386	0	-0.874081	-1.45206	0	-3.33078	0	0	0	
50.45	0.337	0.103	2.04934	0	-0.907389	-1.45206	0	-3.33078	0	0	0	
50.46	0.337	0.103	2.03482	0	-0.940697	-1.45206	0	-3.33078	0	0	0	
50.47	0.337	0.103	2.01955	0	-0.973644	-1.66412	0	-3.22854	0	0	0	
50.48	0.337	0.103	2.00291	0	-1.00593	-1.66412	0	-3.22854	0	0	0	
50.49	0.337	0.103	1.98627	0	-1.03821	-1.66412	0	-3.22854	0	0	0	
50.5	0.337	0.103	1.96963	0	-1.0705	-1.66412	0	-3.22854	0	0	0	
50.51	0.337	0.103	1.95226	0	-1.10238	-1.86897	0	-3.11286	0	0	0	
50.52	0.337	0.103	1.93357	0	-1.13351	-1.86897	0	-3.11286	0	0	0	
50.53	0.337	0.103	1.91488	0	-1.16463	-1.86897	0	-3.11286	0	0	0	
50.54	0.337	0.103	1.89619	0	-1.19576	-1.86897	0	-3.11286	0	0	0	
50.55	0.337	0.103	1.87681	0	-1.22644	-2.06576	0	-2.98427	0	0	0	
50.56	0.337	0.103	1.85615	0	-1.25628	-2.06576	0	-2.98427	0	0	0	
50.57	0.337	0.103	1.83549	0	-1.28612	-2.06576	0	-2.98427	0	0	0	
50.58	0.337	0.103	1.81484	0	-1.31597	-2.06576	0	-2.98427	0	0	0	
50.59	0.337	0.103	1.79352	0	-1.34531	-2.25368	0	-2.84332	0	0	0	
50.6	0.337	0.103	1.77098	0	-1.37374	-2.25368	0	-2.84332	0	0	0	
50.61	0.337	0.103	1.74844	0	-1.40218	-2.25368	0	-2.84332	0	0	0	
50.62	0.337	0.103	1.72591	0	-1.43061	-2.25368	0	-2.84332	0	0	0	
50.63	0.337	0.103	1.70274	0	-1.45851	-2.43195	0	-2.69061	0	0	0	
50.64	0.337	0.103	1.67842	0	-1.48541	-2.43195	0	-2.69061	0	0	0	
50.65	0.337	0.103	1.6541	0	-1.51232	-2.43195	0	-2.69061	0	0	0	
50.66	0.337	0.103	1.62978	0	-1.53922	-2.43195	0	-2.69061	0	0	0	
50.67	0.337	0.103	1.60487	0	-1.56555	-2.59985	0	-2.52683	0	0	0	
50.68	0.337	0.103	1.57887	0	-1.59082	-2.59985	0	-2.52683	0	0	0	
50.69	0.337	0.103	1.55287	0	-1.61609	-2.59985	0	-2.52683	0	0	0	
50.7	0.337	0.103	1.52687	0	-1.64136	-2.59985	0	-2.52683	0	0	0	
50.71	0.337	0.103	1.50032	0	-1.66601	-2.7567	0	-2.35266	0	0	0	
50.72	0.337	0.103	1.47276	0	-1.68954	-2.7567	0	-2.35266	0	0	0	
50.73	0.337	0.103	1.44519	0	-1.71306	-2.7567	0	-2.35266	0	0	0	
50.74	0.337	0.103	1.41762	0	-1.73659	-2.7567	0	-2.35266	0	0	0	
50.75	0.337	0.103	1.38954	0	-1.75947	-2.90185	0	-2.16885	0	0	0	
50.76	0.337	0.103	1.36052	0	-1.78116	-2.90185	0	-2.16885	0	0	0	
50.77	0.337	0.103	1.33151	0	-1.80285	-2.90185	0	-2.16885	0	0	0	
50.78	0.337	0.103	1.30249	0	-1.82454	-2.90185	0	-2.16885	0	0	0	
50.79	0.337	0.103	1.273	0	-1.84554	-3.03474	0	-1.9762	0	0	0	
50.8	0.337	0.103	1.24265	0	-1.86531	-3.03474	0	-1.9762	0	0	0	
50.81	0.337	0.103	1.21231	0	-1.88507	-3.03474	0	-1.9762	0	0	0	
50.82	0.337	0.103	1.18196	0	-1.90483	-3.03474	0	-1.9762	0	0	0	
50.83	0.337	0.103	1.15119	0	-1.92388	-3.15482	0	-1.77552	0	0	0	
50.84	0.337	0.103	1.11964	0	-1.94164	-3.15482	0	-1.77552	0	0	0	
50.85	0.337	0.103	1.08809	0	-1.95939	-3.15482	0	-1.77552	0	0	0	
50.86	0.337	0.103	1.05654	0	-1.97715	-3.15482	0	-1.77552	0	0	0	
50.87	0.337	0.103	1.02462	0	-1.99417	-3.26162	0	-1.56766	0	0	0	
50.88	0.337	0.103	0.992001	0	-2.00985	-3.26162	0	-1.56766	0	0	0	
50.89	0.337	0.103	0.959385	0	-2.02553	-3.26162	0	-1.56766	0	0	0	
50.9	0.337	0.103	0.926769	0	-2.0412	-3.26162	0	-1.56766	0	0	0	
50.91	0.337	0.103	0.893824	0	-2.05612	-3.35472	0	-1.35349	0	0	0	
50.92	0.337	0.103	0.860277	0	-2.06966	-3.35472	0	-1.35349	0	0	0	
50.93	0.337	0.103	0.82673	0	-2.08319	-3.35472	0	-1.35349	0	0	0	
50.94	0.337	0.103	0.793183	0	-2.09673	-3.35472	0	-1.35349	0	0	0	
50.95	0.337	0.103	0.759357	0	-2.10949	-3.43376	0	-1.13394	0	0	0	
50.96	0.337	0.103	0.725019	0	-2.12083	-3.43376	0	-1.13394	0	0	0	
50.97	0.337	0.103	0.690682	0	-2.13217	-3.43376	0	-1.13394	0	0	0	
50.98	0.337	0.103	0.656344	0	-2.14351	-3.43376	0	-1.13394	0	0	0	
50.99	0.337	0.103	0.621778	0	-2.15406	-3.49843	0	-0.909902	0	0	0	
51	0.337	0.103	0.586794	0	-2.16315	-3.49843	0	-0.909902	0	0	0	
51.01	0.337	0.103	0.55181	0	-2.17225	-3.49843	0	-0.909902	0	0	0	
51.02	0.337	0.103	0.516826	0	-2.18135	-3.49843	0	-0.909902	0	0	0	
51.03	0.337	0.103	0.481665	0	-2.18965	-3.54849	0	-0.682334	0	0	0	
51.04	0.337	0.103	0.44618	0	-2.19647	-3.54849	0	-0.682334	0	0	0	
51.05	0.337	0.103	0.410695	0	-2.2033	-3.54849	0	-0.682334	0	0	0	
51.06	0.337	0.103	0.37521	0	-2.21012	-3.54849	0	-0.682334	0	0	0	
51.07	0.337	0.103	0.339601	0	-2.21613	-3.58375	0	-0.452182	0	0	0	
51.08	0.337	0.103	0.303763	0	-2.22065	-3.58375	0	-0.452182	0	0	0	
51.09	0.337	0.103	0.267926	0	-2.22517	-3.58375	0	-0.452182	0	0	0	
51.1	0.337	0.103	0.232088	0	-2.2297	-3.58375	0	-0.452182	0	0	0	
51.11	0.337	0.103	0.196179	0	-2.2334	-3.60411	0	-0.220407	0	0	0	
51.12	0.337	0.103	0.160138	0	-2.2356	-3.60411	0	-0.220407	0	0	0	
51.13	0.337	0.103	0.124097	0	-2.23781	-3.60411	0	-0.220407	0	0	0	
51.14	0.337	0.103	0.0880556	0	-2.24001	-3.60411	0	-0.220407	0	0	0	
51.15	0.337	0.103	0.0519954	0	-2.2414	-3.6095	0	0.0120274	0	0	0	
51.16	0.337	0.103	0.0159004	0	-2.24128	-3.6095	0	0.0120274	0	0	0	
51.17	0.337	0.103	-0.0201946	0	-2.24116	-3.6095	0	0.0120274	0	0	0	
51.18	0.337	0.103	-0.0562897	0	-2.24104	-3.6095	0	0.0120274	0	0	0	
51.19	0.337	0.103	-0.092351	0	-2.2401	-3.59993	0	0.244158	0	0	0	
51.2	0.337	0.103	-0.12835	0	-2.23766	-3.59993	0	0.244158	0	0	0	
51.21	0.337	0.103	-0.16435	0	-2.23521	-3.59993	0	0.244158	0	0	0	
51.22	0.337	0.103	-0.200349	0	-2.23277	-3.59993	0	0.244158	0	0	0	
51.23	0.337	0.103	-0.236262	0	-2.22952	-3.57547	0	0.475022	0	0	0	
51.24	0.337	0.103	-0.272017	0	-2.22477	-3.57547	0	0.475022	0	0	0	
51.25	0.337	0.103	-0.307771	0	-2.22002	-3.57547	0	0.475022	0	0	0	
51.26	0.337	0.103	-0.343526	0	-2.21527	-3.57547	0	0.475022	0	0	0	
51.27	0.337	0.103	-0.379142	0	-2.20971	-3.53624	0	0.703669	0	0	0	
51.28	0.337	0.103	-0.414505	0	-2.20267	-3.53624	0	0.703669	0	0	0	
51.29	0.337	0.103	-0.449867	0	-2.19564	-3.53624	0	0.703669	0	0	0	
51.3	0.337	0.103	-0.48523	0	-2.1886	-3.53624	0	0.703669	0	0	0	
51.31	0.337	0.103	-0.520402	0	-2.18077	-3.48243	0	0.929156	0	0	0	
51.32	0.337	0.103	-0.555227	0	-2.17148	-3.48243	0	0.929156	0	0	0	
51.33	0.337	0.103	-0.590051	0	-2.16218	-3.48243	0	0.929156	0	0	0	
51.34	0.337	0.103	-0.624875	0	-2.15289	-3.48243	0	0.929156	0	0	0	
51.35	0.337	0.103	-0.659459	0	-2.14282	-3.41429	0	1.15056	0	0	0	
51.36	0.337	0.103	-0.693602	0	-2.13131	-3.41429	0	1.15056	0	0	0	
51.37	0.337	0.103	-0.727745	0	-2.11981	-3.41429	0	1.15056	0	0	0	
51.38	0.337	0.103	-0.761888	0	-2.1083	-3.41429	0	1.15056	0	0	0	
51.39	0.337	0.103	-0.795741	0	-2.09603	-3.33213	0	1.36697	0	0	0	
51.4	0.337	0.103	-0.829062	0	-2.08236	-3.33213	0	1.36697	0	0	0	
51.41	0.337	0.103	-0.862384	0	-2.0687	-3.33213	0	1.36697	0	0	0	
51.42	0.337	0.103	-0.895705	0	-2.05503	-3.33213	0	1.36697	0	0	0	
51.43	0.337	0.103	-0.928689	0	-2.04061	-3.23632	0	1.5775	0	0	0	
51.44	0.337	0.103	-0.961052	0	-2.02484	-3.23632	0	1.5775	0	0	0	
51.45	0.337	0.103	-0.993415	0	-2.00906	-3.23632	0	1.5775	0	0	0	
51.46	0.337	0.103	-1.02578	0	-1.99329	-3.23632	0	1.5775	0	0	0	
51.47	0.337	0.103	-1.05776	0	-1.97679	-3.12727	0	1.78131	0	0	0	
51.48	0.337	0.103	-1.08903	0	-1.95898	-3.12727	0	1.78131	0	0	0	
51.49	0.337	0.103	-1.1203	0	-1.94117	-3.12727	0	1.78131	0	0	0	
51.5	0.337	0.103	-1.15157	0	-1.92335	-3.12727	0	1.78131	0	0	0	
51.51	0.337	0.103	-1.18242	0	-1.90485	-3.00545	0	1.97755	0	0	0	
51.52	0.337	0.103	-1.21247	0	-1.88507	-3.00545	0	1.97755	0	0	0	
51.53	0.337	0.103	-1.24253	0	-1.8653	-3.00545	0	1.97755	0	0	0	
51.54	0.337	0.103	-1.27258	0	-1.84552	-3.00545	0	1.97755	0	0	0	
51.55	0.337	0.103	-1.30216	0	-1.82509	-2.8714	0	2.16544	0	0	0	
51.56	0.337	0.103	-1.33088	0	-1.80343	-2.8714	0	2.16544	0	0	0	
51.57	0.337	0.103	-1.35959	0	-1.78178	-2.8714	0	2.16544	0	0	0	
51.58	0.337	0.103	-1.3883	0	-1.76012	-2.8714	0	2.16544	0	0	0	
51.59	0.337	0.103	-1.4165	0	-1.73784	-2.72568	0	2.34421	0	0	0	
51.6	0.337	0.103	-1.44376	0	-1.71439	-2.72568	0	2.34421	0	0	0	
51.61	0.337	0.103	-1.47102	0	-1.69095	-2.72568	0	2.34421	0	0	0	
51.62	0.337	0.103	-1.49828	0	-1.66751	-2.72568	0	2.34421	0	0	0	
51.63	0.337	0.103	-1.52498	0	-1.64347	-2.56891	0	2.51316	0	0	0	
51.64	0.337	0.103	-1.55067	0	-1.61834	-2.56891	0	2.51316	0	0	0	
51.65	0.337	0.103	-1.57636	0	-1.59321	-2.56891	0	2.51316	0	0	0	
51.66	0.337	0.103	-1.60205	0	-1.56808	-2.56891	0	2.51316	0	0	0	
51.67	0.337	0.103	-1.62715	0	-1.54239	-2.40177	0	2.6716	0	0	0	
51.68	0.337	0.103	-1.65116	0	-1.51567	-2.40177	0	2.6716	0	0	0	
51.69	0.337	0.103	-1.67518	0	-1.48896	-2.40177	0	2.6716	0	0	0	
51.7	0.337	0.103	-1.6992	0	-1.46224	-2.40177	0	2.6716	0	0	0	
51.71	0.337	0.103	-1.72259	0	-1.435	-2.22494	0	2.8189	0	0	0	
51.72	0.337	0.103	-1.74484	0	-1.40682	-2.22494	0	2.8189	0	0	0	
51.73	0.337	0.103	-1.76709	0	-1.37863	-2.22494	0	2.8189	0	0	0	
51.74	0.337	0.103	-1.78934	0	-1.35044	-2.22494	0	2.8189	0	0	0	
51.75	0.337	0.103	-1.81094	0	-1.32177	-2.03919	0	2.95448	0	0	0	
51.76	0.337	0.103	-1.83133	0	-1.29223	-2.03919	0	2.95448	0	0	0	
51.77	0.337	0.103	-1.85172	0	-1.26268	-2.03919	0	2.95448	0	0	0	
51.78	0.337	0.103	-1.87211	0	-1.23314	-2.03919	0	2.95448	0	0	0	
51.79	0.337	0.103	-1.89182	0	-1.20316	-1.84527	0	3.0778	0	0	0	
51.8	0.337	0.103	-1.91027	0	-1.17238	-1.84527	0	3.0778	0	0	0	
51.81	0.337	0.103	-1.92872	0	-1.1416	-1.84527	0	3.0778	0	0	0	
51.82	0.337	0.103	-1.94718	0	-1.11082	-1.84527	0	3.0778	0	0	0	
51.83	0.337	0.103	-1.96492	0	-1.07965	-1.64401	0	3.18839	0	0	0	
51.84	0.337	0.103	-1.98136	0	-1.04777	-1.64401	0	3.18839	0	0	0	
51.85	0.337	0.103	-1.9978	0	-1.01589	-1.64401	0	3.18839	0	0	0	
51.86	0.337	0.103	-2.01424	0	-0.984002	-1.64401	0	3.18839	0	0	0	
51.87	0.337	0.103	-2.02995	0	-0.951774	-1.43624	0	3.28581	0	0	0	
51.88	0.337	0.103	-2.04431	0	-0.918916	-1.43624	0	3.28581	0	0	0	
51.89	0.337	0.103	-2.05867	0	-0.886058	-1.43624	0	3.28581	0	0	0	
51.9	0.337	0.103	-2.07304	0	-0.8532	-1.43624	0	3.28581	0	0	0	
51.91	0.337	0.103	-2.08665	0	-0.820046	-1.22282	0	3.36968	0	0	0	
51.92	0.337	0.103	-2.09887	0	-0.78635	-1.22282	0	3.36968	0	0	0	
51.93	0.337	0.103	-2.1111	0	-0.752653	-1.22282	0	3.36968	0	0	0	
51.94	0.337	0.103	-2.12333	0	-0.718956	-1.22282	0	3.36968	0	0	0	
51.95	0.337	0.103	-2.13479	0	-0.685012	-1.00464	0	3.43969	0	0	0	
51.96	0.337	0.103	-2.14483	0	-0.650615	-1.00464	0	3.43969	0	0	0	
51.97	0.337	0.103	-2.15488	0	-0.616218	-1.00464	0	3.43969	0	0	0	
51.98	0.337	0.103	-2.16493	0	-0.581821	-1.00464	0	3.43969	0	0	0	
51.99	0.337	0.103	-2.17419	0	-0.547227	-0.782585	0	3.49558	0	0	0	
52	0.337	0.103	-2.18202	0	-0.512272	-0.782585	0	3.49558	0	0	0	
52.01	0.337	0.103	-2.18984	0	-0.477316	-0.782585	0	3.49558	0	0	0	
52.02	0.337	0.103	-2.19767	0	-0.44236	-0.782585	0	3.49558	0	0	0	
52.03	0.337	0.103	-2.2047	0	-0.407258	-0.557578	0	3.53714	0	0	0	
52.04	0.337	0.103	-2.21028	0	-0.371886	-0.557578	0	3.53714	0	0	0	
52.05	0.337	0.103	-2.21585	0	-0.336515	-0.557578	0	3.53714	0	0	0	
52.06	0.337	0.103	-2.22143	0	-0.301143	-0.557578	0	3.53714	0	0	0	
52.07	0.337	0.103	-2.2262	0	-0.265676	-0.330541	0	3.56424	0	0	0	
52.08	0.337	0.103	-2.22951	0	-0.230034	-0.330541	0	3.56424	0	0	0	
52.09	0.337	0.103	-2.23281	0	-0.194392	-0.330541	0	3.56424	0	0	0	
52.1	0.337	0.103	-2.23612	0	-0.158749	-0.330541	0	3.56424	0	0	0	
52.11	0.337	0.103	-2.23862	0	-0.123063	-0.102401	0	3.57678	0	0	0	
52.12	0.337	0.103	-2.23964	0	-0.0872947	-0.102401	0	3.57678	0	0	0	
52.13	0.337	0.103	-2.24067	0	-0.0515269	-0.102401	0	3.57678	0	0	0	
52.14	0.337	0.103	-2.24169	0	-0.0157591	-0.102401	0	3.57678	0	0	0	
52.15	0.337	0.103	-2.24191	0	0.0200015	0.125911	0	3.57474	0	0	0	
52.16	0.337	0.103	-2.24065	0	0.0557489	0.125911	0	3.57474	0	0	0	
52.17	0.337	0.103	-2.23939	0	0.0914964	0.125911	0	3.57474	0	0	0	
52.18	0.337	0.103	-2.23813	0	0.127244	0.125911	0	3.57474	0	0	0	
52.19	0.337	0.103	-2.23607	0	0.162933	0.353464	0	3.55816	0	0	0	
52.2	0.337	0.103	-2.23254	0	0.198514	0.353464	0	3.55816	0	0	0	
52.21	0.337	0.103	-2.229	0	0.234096	0.353464	0	3.55816	0	0	0	
52.22	0.337	0.103	-2.22547	0	0.269678	0.353464	0	3.55816	0	0	0	
52.23	0.337	0.103	-2.22114	0	0.30515	0.579334	0	3.52713	0	0	0	
52.24	0.337	0.103	-2.21534	0	0.340421	0.579334	0	3.52713	0	0	0	
52.25	0.337	0.103	-2.20955	0	0.375692	0.579334	0	3.52713	0	0	0	
52.26	0.337	0.103	-2.20376	0	0.410964	0.579334	0	3.52713	0	0	0	
52.27	0.337	0.103	-2.19718	0	0.446075	0.802608	0	3.4818	0	0	0	
52.28	0.337	0.103	-2.18915	0	0.480893	0.802608	0	3.4818	0	0	0	
52.29	0.337	0.103	-2.18112	0	0.515711	0.802608	0	3.4818	0	0	0	
52.3	0.337	0.103	-2.1731	0	0.550529	0.802608	0	3.4818	0	0	0	
52.31	0.337	0.103	-2.1643	0	0.585138	1.02238	0	3.42238	0	0	0	
52.32	0.337	0.103	-2.15407	0	0.619362	1.02238	0	3.42238	0	0	0	
52.33	0.337	0.103	-2.14385	0	0.653585	1.02238	0	3.42238	0	0	0	
52.34	0.337	0.103	-2.13362	0	0.687809	1.02238	0	3.42238	0	0	0	
52.35	0.337	0.103	-2.12264	0	0.721775	1.23777	0	3.34914	0	0	0	
52.36	0.337	0.103	-2.11026	0	0.755266	1.23777	0	3.34914	0	0	0	
52.37	0.337	0.103	-2.09789	0	0.788758	1.23777	0	3.34914	0	0	0	
52.38	0.337	0.103	-2.08551	0	0.822249	1.23777	0	3.34914	0	0	0	
52.39	0.337	0.103	-2.07239	0	0.855434	1.44792	0	3.2624	0	0	0	
52.4	0.337	0.103	-2.05791	0	0.888058	1.44792	0	3.2624	0	0	0	
52.41	0.337	0.103	-2.04343	0	0.920682	1.44792	0	3.2624	0	0	0	
52.42	0.337	0.103	-2.02895	0	0.953307	1.44792	0	3.2624	0	0	0	
52.43	0.337	0.103	-2.01375	0	0.985578	1.65197	0	3.16253	0	0	0	
52.44	0.337	0.103	-1.99723	0	1.0172	1.65197	0	3.16253	0	0	0	
52.45	0.337	0.103	-1.98071	0	1.04883	1.65197	0	3.16253	0	0	0	
52.46	0.337	0.103	-1.96419	0	1.08045	1.65197	0	3.16253	0	0	0	
52.47	0.337	0.103	-1.94698	0	1.11168	1.84911	0	3.04997	0	0	0	
52.48	0.337	0.103	-1.92849	0	1.14218	1.84911	0	3.04997	0	0	0	
52.49	0.337	0.103	-1.91	0	1.17268	1.84911	0	3.04997	0	0	0	
52.5	0.337	0.103	-1.89151	0	1.20318	1.84911	0	3.04997	0	0	0	
52.51	0.337	0.103	-1.87235	0	1.23324	2.03856	0	2.92519	0	0	0	
52.52	0.337	0.103	-1.85196	0	1.26249	2.03856	0	2.92519	0	0	0	
52.53	0.337	0.103	-1.83157	0	1.29175	2.03856	0	2.92519	0	0	0	
52.54	0.337	0.103	-1.81119	0	1.321	2.03856	0	2.92519	0	0	0	
52.55	0.337	0.103	-1.79017	0	1.34977	2.21956	0	2.78871	0	0	0	
52.56	0.337	0.103	-1.76797	0	1.37765	2.21956	0	2.78871	0	0	0	
52.57	0.337	0.103	-1.74577	0	1.40554	2.21956	0	2.78871	0	0	0	
52.58	0.337	0.103	-1.72358	0	1.43343	2.21956	0	2.78871	0	0	0	
52.59	0.337	0.103	-1.70078	0	1.4608	2.39141	0	2.64111	0	0	0	
52.6	0.337	0.103	-1.67686	0	1.48721	2.39141	0	2.64111	0	0	0	
52.61	0.337	0.103	-1.65295	0	1.51362	2.39141	0	2.64111	0	0	0	
52.62	0.337	0.103	-1.62903	0	1.54003	2.39141	0	2.64111	0	0	0	
52.63	0.337	0.103	-1.60455	0	1.56588	2.55342	0	2.48301	0	0	0	
52.64	0.337	0.103	-1.57901	0	1.59071	2.55342	0	2.48301	0	0	0	
52.65	0.337	0.103	-1.55348	0	1.61554	2.55342	0	2.48301	0	0	0	
52.66	0.337	0.103	-1.52795	0	1.64037	2.55342	0	2.48301	0	0	0	
52.67	0.337	0.103	-1.50188	0	1.66461	2.70495	0	2.31506	0	0	0	
52.68	0.337	0.103	-1.47483	0	1.68776	2.70495	0	2.31506	0	0	0	
52.69	0.337	0.103	-1.44778	0	1.71091	2.70495	0	2.31506	0	0	0	
52.7	0.337	0.103	-1.42073	0	1.73406	2.70495	0	2.31506	0	0	0	
52.71	0.337	0.103	-1.39318	0	1.75659	2.84541	0	2.13795	0	0	0	
52.72	0.337	0.103	-1.36473	0	1.77797	2.84541	0	2.13795	0	0	0	
52.73	0.337	0.103	-1.33628	0	1.79935	2.84541	0	2.13795	0	0	0	
52.74	0.337	0.103	-1.30782	0	1.82073	2.84541	0	2.13795	0	0	0	
52.75	0.337	0.103	-1.27891	0	1.84145	2.97427	0	1.95243	0	0	0	
52.76	0.337	0.103	-1.24917	0	1.86098	2.97427	0	1.95243	0	0	0	
52.77	0.337	0.103	-1.21943	0	1.8805	2.97427	0	1.95243	0	0	0	
52.78	0.337	0.103	-1.18969	0	1.90002	2.97427	0	1.95243	0	0	0	
52.79	0.337	0.103	-1.15953	0	1.91887	3.09101	0	1.75923	0	0	0	
52.8	0.337	0.103	-1.12862	0	1.93646	3.09101	0	1.75923	0	0	0	
52.81	0.337	0.103	-1.09771	0	1.95405	3.09101	0	1.75923	0	0	0	
52.82	0.337	0.103	-1.0668	0	1.97164	3.09101	0	1.75923	0	0	0	
52.83	0.337	0.103	-1.03552	0	1.98853	3.19519	0	1.55917	0	0	0	
52.84	0.337	0.103	-1.00357	0	2.00412	3.19519	0	1.55917	0	0	0	
52.85	0.337	0.103	-0.971619	0	2.01971	3.19519	0	1.55917	0	0	0	
52.86	0.337	0.103	-0.939668	0	2.03531	3.19519	0	1.55917	0	0	0	
52.87	0.337	0.103	-0.907394	0	2.05017	3.28642	0	1.35305	0	0	0	
52.88	0.337	0.103	-0.87453	0	2.0637	3.28642	0	1.35305	0	0	0	
52.89	0.337	0.103	-0.841666	0	2.07723	3.28642	0	1.35305	0	0	0	
52.9	0.337	0.103	-0.808801	0	2.09076	3.28642	0	1.35305	0	0	0	
52.91	0.337	0.103	-0.775662	0	2.10355	3.36434	0	1.14172	0	0	0	
52.92	0.337	0.103	-0.742019	0	2.11496	3.36434	0	1.14172	0	0	0	
52.93	0.337	0.103	-0.708375	0	2.12638	3.36434	0	1.14172	0	0	0	
52.94	0.337	0.103	-0.674732	0	2.1378	3.36434	0	1.14172	0	0	0	
52.95	0.337	0.103	-0.640862	0	2.14846	3.42868	0	0.926023	0	0	0	
52.96	0.337	0.103	-0.606575	0	2.15772	3.42868	0	0.926023	0	0	0	
52.97	0.337	0.103	-0.572288	0	2.16698	3.42868	0	0.926023	0	0	0	
52.98	0.337	0.103	-0.538001	0	2.17624	3.42868	0	0.926023	0	0	0	
52.99	0.337	0.103	-0.503536	0	2.18472	3.4792	0	0.706843	0	0	0	
53	0.337	0.103	-0.468744	0	2.19179	3.4792	0	0.706843	0	0	0	
53.01	0.337	0.103	-0.433952	0	2.19886	3.4792	0	0.706843	0	0	0	
53.02	0.337	0.103	-0.39916	0	2.20593	3.4792	0	0.706843	0	0	0	
53.03	0.337	0.103	-0.364239	0	2.21221	3.51572	0	0.485063	0	0	0	
53.04	0.337	0.103	-0.329082	0	2.21707	3.51572	0	0.485063	0	0	0	
53.05	0.337	0.103	-0.293925	0	2.22192	3.51572	0	0.485063	0	0	0	
53.06	0.337	0.103	-0.258768	0	2.22677	3.51572	0	0.485063	0	0	0	
53.07	0.337	0.103	-0.223532	0	2.23083	3.53811	0	0.261574	0	0	0	
53.08	0.337	0.103	-0.188151	0	2.23344	3.53811	0	0.261574	0	0	0	
53.09	0.337	0.103	-0.152769	0	2.23606	3.53811	0	0.261574	0	0	0	
53.1	0.337	0.103	-0.117388	0	2.23868	3.53811	0	0.261574	0	0	0	
53.11	0.337	0.103	-0.0819783	0	2.2405	3.54632	0	0.0372751	0	0	0	
53.12	0.337	0.103	-0.0465151	0	2.24087	3.54632	0	0.0372751	0	0	0	
53.13	0.337	0.103	-0.0110519	0	2.24125	3.54632	0	0.0372751	0	0	0	
53.14	0.337	0.103	0.0244112	0	2.24162	3.54632	0	0.0372751	0	0	0	
53.15	0.337	0.103	0.0598533	0	2.2412	3.54033	0	-0.186936	0	0	0	
53.16	0.337	0.103	0.0952566	0	2.23933	3.54033	0	-0.186936	0	0	0	
53.17	0.337	0.103	0.13066	0	2.23746	3.54033	0	-0.186936	0	0	0	
53.18	0.337	0.103	0.166063	0	2.23559	3.54033	0	-0.186936	0	0	0	
53.19	0.337	0.103	0.201395	0	2.23294	3.5202	0	-0.410162	0	0	0	
53.2	0.337	0.103	0.236597	0	2.22883	3.5202	0	-0.410162	0	0	0	
53.21	0.337	0.103	0.271799	0	2.22473	3.5202	0	-0.410162	0	0	0	
53.22	0.337	0.103	0.307001	0	2.22063	3.5202	0	-0.410162	0	0	0	
53.23	0.337	0.103	0.342083	0	2.21575	3.48602	0	-0.631514	0	0	0	
53.24	0.337	0.103	0.376943	0	2.20943	3.48602	0	-0.631514	0	0	0	
53.25	0.337	0.103	0.411803	0	2.20312	3.48602	0	-0.631514	0	0	0	
53.26	0.337	0.103	0.446663	0	2.1968	3.48602	0	-0.631514	0	0	0	
53.27	0.337	0.103	0.481354	0	2.18972	3.43797	0	-0.850111	0	0	0	
53.28	0.337	0.103	0.515734	0	2.18122	3.43797	0	-0.850111	0	0	0	
53.29	0.337	0.103	0.550114	0	2.17272	3.43797	0	-0.850111	0	0	0	
53.3	0.337	0.103	0.584493	0	2.16421	3.43797	0	-0.850111	0	0	0	
53.31	0.337	0.103	0.618655	0	2.15495	3.37625	0	-1.06509	0	0	0	
53.32	0.337	0.103	0.652418	0	2.1443	3.37625	0	-1.06509	0	0	0	
53.33	0.337	0.103	0.68618	0	2.13365	3.37625	0	-1.06509	0	0	0	
53.34	0.337	0.103	0.719943	0	2.123	3.37625	0	-1.06509	0	0	0	
53.35	0.337	0.103	0.75344	0	2.11161	3.30114	0	-1.27559	0	0	0	
53.36	0.337	0.103	0.786452	0	2.09885	3.30114	0	-1.27559	0	0	0	
53.37	0.337	0.103	0.819463	0	2.0861	3.30114	0	-1.27559	0	0	0	
53.38	0.337	0.103	0.852475	0	2.07334	3.30114	0	-1.27559	0	0	0	
53.39	0.337	0.103	0.885175	0	2.05986	3.21296	0	-1.48079	0	0	0	
53.4	0.337	0.103	0.917305	0	2.04505	3.21296	0	-1.48079	0	0	0	
53.41	0.337	0.103	0.949434	0	2.03025	3.21296	0	-1.48079	0	0	0	
53.42	0.337	0.103	0.981564	0	2.01544	3.21296	0	-1.48079	0	0	0	
53.43	0.337	0.103	1.01334	0	1.99993	3.11209	0	-1.67988	0	0	0	
53.44	0.337	0.103	1.04446	0	1.98313	3.11209	0	-1.67988	0	0	0	
53.45	0.337	0.103	1.07558	0	1.96633	3.11209	0	-1.67988	0	0	0	
53.46	0.337	0.103	1.1067	0	1.94953	3.11209	0	-1.67988	0	0	0	
53.47	0.337	0.103	1.13742	0	1.93205	2.99894	0	-1.87208	0	0	0	
53.48	0.337	0.103	1.16741	0	1.91333	2.99894	0	-1.87208	0	0	0	
53.49	0.337	0.103	1.1974	0	1.89461	2.99894	0	-1.87208	0	0	0	
53.5	0.337	0.103	1.22739	0	1.87589	2.99894	0	-1.87208	0	0	0	
53.51	0.337	0.103	1.25694	0	1.85652	2.87399	0	-2.05663	0	0	0	
53.52	0.337	0.103	1.28568	0	1.83595	2.87399	0	-2.05663	0	0	0	
53.53	0.337	0.103	1.31442	0	1.81539	2.87399	0	-2.05663	0	0	0	
53.54	0.337	0.103	1.34316	0	1.79482	2.87399	0	-2.05663	0	0	0	
53.55	0.337	0.103	1.37142	0	1.77363	2.73775	0	-2.23282	0	0	0	
53.56	0.337	0.103	1.3988	0	1.75131	2.73775	0	-2.23282	0	0	0	
53.57	0.337	0.103	1.42617	0	1.72898	2.73775	0	-2.23282	0	0	0	
53.58	0.337	0.103	1.45355	0	1.70665	2.73775	0	-2.23282	0	0	0	
53.59	0.337	0.103	1.48041	0	1.68373	2.59079	0	-2.39997	0	0	0	
53.6	0.337	0.103	1.50632	0	1.65973	2.59079	0	-2.39997	0	0	0	
53.61	0.337	0.103	1.53223	0	1.63573	2.59079	0	-2.39997	0	0	0	
53.62	0.337	0.103	1.55813	0	1.61173	2.59079	0	-2.39997	0	0	0	
53.63	0.337	0.103	1.58349	0	1.58718	2.43371	0	-2.55741	0	0	0	
53.64	0.337	0.103	1.60782	0	1.5616	2.43371	0	-2.55741	0	0	0	
53.65	0.337	0.103	1.63216	0	1.53603	2.43371	0	-2.55741	0	0	0	
53.66	0.337	0.103	1.6565	0	1.51045	2.43371	0	-2.55741	0	0	0	
53.67	0.337	0.103	1.68025	0	1.48436	2.26715	0	-2.70456	0	0	0	
53.68	0.337	0.103	1.70292	0	1.45732	2.26715	0	-2.70456	0	0	0	
53.69	0.337	0.103	1.72559	0	1.43027	2.26715	0	-2.70456	0	0	0	
53.7	0.337	0.103	1.74826	0	1.40322	2.26715	0	-2.70456	0	0	0	
53.71	0.337	0.103	1.77032	0	1.3757	2.09178	0	-2.84084	0	0	0	
53.72	0.337	0.103	1.79123	0	1.34729	2.09178	0	-2.84084	0	0	0	
53.73	0.337	0.103	1.81215	0	1.31888	2.09178	0	-2.84084	0	0	0	
53.74	0.337	0.103	1.83307	0	1.29047	2.09178	0	-2.84084	0	0	0	
53.75	0.337	0.103	1.85334	0	1.26162	1.90831	0	-2.96573	0	0	0	
53.76	0.337	0.103	1.87242	0	1.23197	1.90831	0	-2.96573	0	0	0	
53.77	0.337	0.103	1.89151	0	1.20231	1.90831	0	-2.96573	0	0	0	
53.78	0.337	0.103	1.91059	0	1.17265	1.90831	0	-2.96573	0	0	0	
53.79	0.337	0.103	1.929	0	1.1426	1.71749	0	-3.07876	0	0	0	
53.8	0.337	0.103	1.94617	0	1.11181	1.71749	0	-3.07876	0	0	0	
53.81	0.337	0.103	1.96335	0	1.08102	1.71749	0	-3.07876	0	0	0	
53.82	0.337	0.103	1.98052	0	1.05023	1.71749	0	-3.07876	0	0	0	
53.83	0.337	0.103	1.997	0	1.01909	1.52008	0	-3.1795	0	0	0	
53.84	0.337	0.103	2.0122	0	0.987296	1.52008	0	-3.1795	0	0	0	
53.85	0.337	0.103	2.0274	0	0.955501	1.52008	0	-3.1795	0	0	0	
53.86	0.337	0.103	2.0426	0	0.923706	1.52008	0	-3.1795	0	0	0	
53.87	0.337	0.103	2.05709	0	0.8916	1.31687	0	-3.26758	0	0	0	
53.88	0.337	0.103	2.07026	0	0.858924	1.31687	0	-3.26758	0	0	0	
53.89	0.337	0.103	2.08343	0	0.826249	1.31687	0	-3.26758	0	0	0	
53.9	0.337	0.103	2.09659	0	0.793573	1.31687	0	-3.26758	0	0	0	
53.91	0.337	0.103	2.10903	0	0.760632	1.10867	0	-3.34266	0	0	0	
53.92	0.337	0.103	2.12012	0	0.727206	1.10867	0	-3.34266	0	0	0	
53.93	0.337	0.103	2.1312	0	0.693779	1.10867	0	-3.34266	0	0	0	
53.94	0.337	0.103	2.14229	0	0.660352	1.10867	0	-3.34266	0	0	0	
53.95	0.337	0.103	2.15263	0	0.626708	0.89632	0	-3.40449	0	0	0	
53.96	0.337	0.103	2.16159	0	0.592663	0.89632	0	-3.40449	0	0	0	
53.97	0.337	0.103	2.17055	0	0.558618	0.89632	0	-3.40449	0	0	0	
53.98	0.337	0.103	2.17952	0	0.524573	0.89632	0	-3.40449	0	0	0	
53.99	0.337	0.103	2.18772	0	0.490358	0.680656	0	-3.45283	0	0	0	
54	0.337	0.103	2.19453	0	0.455829	0.680656	0	-3.45283	0	0	0	
54.01	0.337	0.103	2.20133	0	0.421301	0.680656	0	-3.45283	0	0	0	
54.02	0.337	0.103	2.20814	0	0.386773	0.680656	0	-3.45283	0	0	0	
54.03	0.337	0.103	2.21418	0	0.352122	0.462537	0	-3.48751	0	0	0	
54.04	0.337	0.103	2.2188	0	0.317247	0.462537	0	-3.48751	0	0	0	
54.05	0.337	0.103	2.22343	0	0.282372	0.462537	0	-3.48751	0	0	0	
54.06	0.337	0.103	2.22805	0	0.247497	0.462537	0	-3.48751	0	0	0	
54.07	0.337	0.103	2.2319	0	0.212548	0.242824	0	-3.50844	0	0	0	
54.08	0.337	0.103	2.23433	0	0.177464	0.242824	0	-3.50844	0	0	0	
54.09	0.337	0.103	2.23676	0	0.142379	0.242824	0	-3.50844	0	0	0	
54.1	0.337	0.103	2.23919	0	0.107295	0.242824	0	-3.50844	0	0	0	
54.11	0.337	0.103	2.24084	0	0.0721854	0.0223848	0	-3.51554	0	0	0	
54.12	0.337	0.103	2.24106	0	0.03703	0.0223848	0	-3.51554	0	0	0	
54.13	0.337	0.103	2.24129	0	0.00187466	0.0223848	0	-3.51554	0	0	0	
54.14	0.337	0.103	2.24151	0	-0.0332807	0.0223848	0	-3.51554	0	0	0	
54.15	0.337	0.103	2.24096	0	-0.0684124	-0.197913	0	-3.50881	0	0	0	
54.16	0.337	0.103	2.23898	0	-0.103501	-0.197913	0	-3.50881	0	0	0	
54.17	0.337	0.103	2.237	0	-0.138589	-0.197913	0	-3.50881	0	0	0	
54.18	0.337	0.103	2.23502	0	-0.173677	-0.197913	0	-3.50881	0	0	0	
54.19	0.337	0.103	2.23227	0	-0.208693	-0.417205	0	-3.48831	0	0	0	
54.2	0.337	0.103	2.22809	0	-0.243576	-0.417205	0	-3.48831	0	0	0	
54.21	0.337	0.103	2.22392	0	-0.278459	-0.417205	0	-3.48831	0	0	0	
54.22	0.337	0.103	2.21975	0	-0.313342	-0.417205	0	-3.48831	0	0	0	
54.23	0.337	0.103	2.21481	0	-0.348105	-0.634631	0	-3.45414	0	0	0	
54.24	0.337	0.103	2.20846	0	-0.382646	-0.634631	0	-3.45414	0	0	0	
54.25	0.337	0.103	2.20212	0	-0.417187	-0.634631	0	-3.45414	0	0	0	
54.26	0.337	0.103	2.19577	0	-0.451729	-0.634631	0	-3.45414	0	0	0	
54.27	0.337	0.103	2.18867	0	-0.486102	-0.849342	0	-3.40645	0	0	0	
54.28	0.337	0.103	2.18017	0	-0.520166	-0.849342	0	-3.40645	0	0	0	
54.29	0.337	0.103	2.17168	0	-0.554231	-0.849342	0	-3.40645	0	0	0	
54.3	0.337	0.103	2.16319	0	-0.588295	-0.849342	0	-3.40645	0	0	0	
54.31	0.337	0.103	2.15395	0	-0.622145	-1.0605	0	-3.34546	0	0	0	
54.32	0.337	0.103	2.14334	0	-0.655599	-1.0605	0	-3.34546	0	0	0	
54.33	0.337	0.103	2.13274	0	-0.689054	-1.0605	0	-3.34546	0	0	0	
54.34	0.337	0.103	2.12213	0	-0.722509	-1.0605	0	-3.34546	0	0	0	
54.35	0.337	0.103	2.1108	0	-0.755702	-1.26729	0	-3.27143	0	0	0	
54.36	0.337	0.103	2.09813	0	-0.788416	-1.26729	0	-3.27143	0	0	0	
54.37	0.337	0.103	2.08545	0	-0.821131	-1.26729	0	-3.27143	0	0	0	
54.38	0.337	0.103	2.07278	0	-0.853845	-1.26729	0	-3.27143	0	0	0	
54.39	0.337	0.103	2.0594	0	-0.886253	-1.4689	0	-3.18467	0	0	0	
54.4	0.337	0.103	2.04471	0	-0.9181	-1.4689	0	-3.18467	0	0	0	
54.41	0.337	0.103	2.03002	0	-0.949947	-1.4689	0	-3.18467	0	0	0	
54.42	0.337	0.103	2.01533	0	-0.981793	-1.4689	0	-3.18467	0	0	0	
54.43	0.337	0.103	1.99995	0	-1.01329	-1.66455	0	-3.08553	0	0	0	
54.44	0.337	0.103	1.98331	0	-1.04415	-1.66455	0	-3.08553	0	0	0	
54.45	0.337	0.103	1.96666	0	-1.075	-1.66455	0	-3.08553	0	0	0	
54.46	0.337	0.103	1.95002	0	-1.10586	-1.66455	0	-3.08553	0	0	0	
54.47	0.337	0.103	1.9327	0	-1.13632	-1.8535	0	-2.97444	0	0	0	
54.48	0.337	0.103	1.91417	0	-1.16606	-1.8535	0	-2.97444	0	0	0	
54.49	0.337	0.103	1.89563	0	-1.19581	-1.8535	0	-2.97444	0	0	0	
54.5	0.337	0.103	1.8771	0	-1.22555	-1.8535	0	-2.97444	0	0	0	
54.51	0.337	0.103	1.85792	0	-1.25487	-2.03501	0	-2.85185	0	0	0	
54.52	0.337	0.103	1.83757	0	-1.28338	-2.03501	0	-2.85185	0	0	0	
54.53	0.337	0.103	1.81722	0	-1.3119	-2.03501	0	-2.85185	0	0	0	
54.54	0.337	0.103	1.79687	0	-1.34042	-2.03501	0	-2.85185	0	0	0	
54.55	0.337	0.103	1.77591	0	-1.36847	-2.20839	0	-2.71825	0	0	0	
54.56	0.337	0.103	1.75383	0	-1.39565	-2.20839	0	-2.71825	0	0	0	
54.57	0.337	0.103	1.73174	0	-1.42283	-2.20839	0	-2.71825	0	0	0	
54.58	0.337	0.103	1.70966	0	-1.45002	-2.20839	0	-2.71825	0	0	0	
54.59	0.337	0.103	1.68699	0	-1.47669	-2.37297	0	-2.57418	0	0	0	
54.6	0.337	0.103	1.66327	0	-1.50243	-2.37297	0	-2.57418	0	0	0	
54.61	0.337	0.103	1.63954	0	-1.52817	-2.37297	0	-2.57418	0	0	0	
54.62	0.337	0.103	1.61581	0	-1.55392	-2.37297	0	-2.57418	0	0	0	
54.63	0.337	0.103	1.59153	0	-1.57911	-2.52814	0	-2.42023	0	0	0	
54.64	0.337	0.103	1.56625	0	-1.60332	-2.52814	0	-2.42023	0	0	0	
54.65	0.337	0.103	1.54097	0	-1.62752	-2.52814	0	-2.42023	0	0	0	
54.66	0.337	0.103	1.51568	0	-1.65172	-2.52814	0	-2.42023	0	0	0	
54.67	0.337	0.103	1.48989	0	-1.67535	-2.67329	0	-2.257	0	0	0	
54.68	0.337	0.103	1.46316	0	-1.69792	-2.67329	0	-2.257	0	0	0	
54.69	0.337	0.103	1.43643	0	-1.72049	-2.67329	0	-2.257	0	0	0	
54.7	0.337	0.103	1.40969	0	-1.74306	-2.67329	0	-2.257	0	0	0	
54.71	0.337	0.103	1.38248	0	-1.76502	-2.80789	0	-2.08516	0	0	0	
54.72	0.337	0.103	1.35441	0	-1.78587	-2.80789	0	-2.08516	0	0	0	
54.73	0.337	0.103	1.32633	0	-1.80672	-2.80789	0	-2.08516	0	0	0	
54.74	0.337	0.103	1.29825	0	-1.82758	-2.80789	0	-2.08516	0	0	0	
54.75	0.337	0.103	1.26973	0	-1.84779	-2.93143	0	-1.90538	0	0	0	
54.76	0.337	0.103	1.24042	0	-1.86685	-2.93143	0	-1.90538	0	0	0	
54.77	0.337	0.103	1.2111	0	-1.8859	-2.93143	0	-1.90538	0	0	0	
54.78	0.337	0.103	1.18179	0	-1.90496	-2.93143	0	-1.90538	0	0	0	
54.79	0.337	0.103	1.15208	0	-1.92335	-3.04344	0	-1.71838	0	0	0	
54.8	0.337	0.103	1.12165	0	-1.94053	-3.04344	0	-1.71838	0	0	0	
54.81	0.337	0.103	1.09121	0	-1.95772	-3.04344	0	-1.71838	0	0	0	
54.82	0.337	0.103	1.06078	0	-1.9749	-3.04344	0	-1.71838	0	0	0	
54.83	0.337	0.103	1.02999	0	-1.9914	-3.14351	0	-1.5249	0	0	0	
54.84	0.337	0.103	0.998555	0	-2.00665	-3.14351	0	-1.5249	0	0	0	
54.85	0.337	0.103	0.96712	0	-2.0219	-3.14351	0	-1.5249	0	0	0	
54.86	0.337	0.103	0.935685	0	-2.03715	-3.14351	0	-1.5249	0	0	0	
54.87	0.337	0.103	0.90394	0	-2.0517	-3.23128	0	-1.3257	0	0	0	
54.88	0.337	0.103	0.871627	0	-2.06495	-3.23128	0	-1.3257	0	0	0	
54.89	0.337	0.103	0.839314	0	-2.07821	-3.23128	0	-1.3257	0	0	0	
54.9	0.337	0.103	0.807002	0	-2.09147	-3.23128	0	-1.3257	0	0	0	
54.91	0.337	0.103	0.774424	0	-2.104	-3.30642	0	-1.12155	0	0	0	
54.92	0.337	0.103	0.741359	0	-2.11522	-3.30642	0	-1.12155	0	0	0	
54.93	0.337	0.103	0.708295	0	-2.12643	-3.30642	0	-1.12155	0	0	0	
54.94	0.337	0.103	0.675231	0	-2.13765	-3.30642	0	-1.12155	0	0	0	
54.95	0.337	0.103	0.641947	0	-2.14813	-3.36866	0	-0.913268	0	0	0	
54.96	0.337	0.103	0.608261	0	-2.15726	-3.36866	0	-0.913268	0	0	0	
54.97	0.337	0.103	0.574574	0	-2.1664	-3.36866	0	-0.913268	0	0	0	
54.98	0.337	0.103	0.540887	0	-2.17553	-3.36866	0	-0.913268	0	0	0	
54.99	0.337	0.103	0.507027	0	-2.18392	-3.41779	0	-0.70166	0	0	0	
55	0.337	0.103	0.47285	0	-2.19093	-3.41779	0	-0.70166	0	0	0	
55.01	0.337	0.103	0.438672	0	-2.19795	-3.41779	0	-0.70166	0	0	0	
55.02	0.337	0.103	0.404494	0	-2.20497	-3.41779	0	-0.70166	0	0	0	
55.03	0.337	0.103	0.370189	0	-2.21123	-3.45364	0	-0.487553	0	0	0	
55.04	0.337	0.103	0.335653	0	-2.2161	-3.45364	0	-0.487553	0	0	0	
55.05	0.337	0.103	0.301117	0	-2.22098	-3.45364	0	-0.487553	0	0	0	
55.06	0.337	0.103	0.26658	0	-2.22585	-3.45364	0	-0.487553	0	0	0	
55.07	0.337	0.103	0.231965	0	-2.22997	-3.47608	0	-0.271778	0	0	0	
55.08	0.337	0.103	0.197204	0	-2.23269	-3.47608	0	-0.271778	0	0	0	
55.09	0.337	0.103	0.162443	0	-2.2354	-3.47608	0	-0.271778	0	0	0	
55.1	0.337	0.103	0.127682	0	-2.23812	-3.47608	0	-0.271778	0	0	0	
55.11	0.337	0.103	0.0928898	0	-2.24007	-3.48506	0	-0.0551724	0	0	0	
55.12	0.337	0.103	0.0580392	0	-2.24063	-3.48506	0	-0.0551724	0	0	0	
55.13	0.337	0.103	0.0231885	0	-2.24118	-3.48506	0	-0.0551724	0	0	0	
55.14	0.337	0.103	-0.0116621	0	-2.24173	-3.48506	0	-0.0551724	0	0	0	
55.15	0.337	0.103	-0.0464969	0	-2.24152	-3.48057	0	0.161424	0	0	0	
55.16	0.337	0.103	-0.0813026	0	-2.2399	-3.48057	0	0.161424	0	0	0	
55.17	0.337	0.103	-0.116108	0	-2.23829	-3.48057	0	0.161424	0	0	0	
55.18	0.337	0.103	-0.150914	0	-2.23668	-3.48057	0	0.161424	0	0	0	
55.19	0.337	0.103	-0.185656	0	-2.2343	-3.46264	0	0.377177	0	0	0	
55.2	0.337	0.103	-0.220283	0	-2.23053	-3.46264	0	0.377177	0	0	0	
55.21	0.337	0.103	-0.254909	0	-2.22676	-3.46264	0	0.377177	0	0	0	
55.22	0.337	0.103	-0.289536	0	-2.22298	-3.46264	0	0.377177	0	0	0	
55.23	0.337	0.103	-0.324052	0	-2.21846	-3.43137	0	0.591253	0	0	0	
55.24	0.337	0.103	-0.358366	0	-2.21255	-3.43137	0	0.591253	0	0	0	
55.25	0.337	0.103	-0.392679	0	-2.20663	-3.43137	0	0.591253	0	0	0	
55.26	0.337	0.103	-0.426993	0	-2.20072	-3.43137	0	0.591253	0	0	0	
55.27	0.337	0.103	-0.46115	0	-2.19406	-3.3869	0	0.802832	0	0	0	
55.28	0.337	0.103	-0.495019	0	-2.18603	-3.3869	0	0.802832	0	0	0	
55.29	0.337	0.103	-0.528888	0	-2.178	-3.3869	0	0.802832	0	0	0	
55.3	0.337	0.103	-0.562757	0	-2.16998	-3.3869	0	0.802832	0	0	0	
55.31	0.337	0.103	-0.596423	0	-2.16121	-3.32943	0	1.0111	0	0	0	
55.32	0.337	0.103	-0.629718	0	-2.1511	-3.32943	0	1.0111	0	0	0	
55.33	0.337	0.103	-0.663012	0	-2.14099	-3.32943	0	1.0111	0	0	0	
55.34	0.337	0.103	-0.696306	0	-2.13088	-3.32943	0	1.0111	0	0	0	
55.35	0.337	0.103	-0.729353	0	-2.12005	-3.25919	0	1.21526	0	0	0	
55.36	0.337	0.103	-0.761945	0	-2.1079	-3.25919	0	1.21526	0	0	0	
55.37	0.337	0.103	-0.794536	0	-2.09574	-3.25919	0	1.21526	0	0	0	
55.38	0.337	0.103	-0.827128	0	-2.08359	-3.25919	0	1.21526	0	0	0	
55.39	0.337	0.103	-0.859429	0	-2.07074	-3.17648	0	1.41454	0	0	0	
55.4	0.337	0.103	-0.891193	0	-2.05659	-3.17648	0	1.41454	0	0	0	
55.41	0.337	0.103	-0.922958	0	-2.04244	-3.17648	0	1.41454	0	0	0	
55.42	0.337	0.103	-0.954723	0	-2.0283	-3.17648	0	1.41454	0	0	0	
55.43	0.337	0.103	-0.986153	0	-2.01347	-3.08164	0	1.60818	0	0	0	
55.44	0.337	0.103	-1.01697	0	-1.99739	-3.08164	0	1.60818	0	0	0	
55.45	0.337	0.103	-1.04779	0	-1.98131	-3.08164	0	1.60818	0	0	0	
55.46	0.337	0.103	-1.0786	0	-1.96523	-3.08164	0	1.60818	0	0	0	
55.47	0.337	0.103	-1.10904	0	-1.94848	-2.97506	0	1.79544	0	0	0	
55.48	0.337	0.103	-1.13879	0	-1.93053	-2.97506	0	1.79544	0	0	0	
55.49	0.337	0.103	-1.16854	0	-1.91257	-2.97506	0	1.79544	0	0	0	
55.5	0.337	0.103	-1.19829	0	-1.89462	-2.97506	0	1.79544	0	0	0	
55.51	0.337	0.103	-1.22763	0	-1.87603	-2.85716	0	1.97561	0	0	0	
55.52	0.337	0.103	-1.2562	0	-1.85627	-2.85716	0	1.97561	0	0	0	
55.53	0.337	0.103	-1.28477	0	-1.83652	-2.85716	0	1.97561	0	0	0	
55.54	0.337	0.103	-1.31334	0	-1.81676	-2.85716	0	1.97561	0	0	0	
55.55	0.337	0.103	-1.34146	0	-1.7964	-2.72841	0	2.14802	0	0	0	
55.56	0.337	0.103	-1.36875	0	-1.77492	-2.72841	0	2.14802	0	0	0	
55.57	0.337	0.103	-1.39603	0	-1.75344	-2.72841	0	2.14802	0	0	0	
55.58	0.337	0.103	-1.42331	0	-1.73196	-2.72841	0	2.14802	0	0	0	
55.59	0.337	0.103	-1.45011	0	-1.7099	-2.58933	0	2.31202	0	0	0	
55.6	0.337	0.103	-1.476	0	-1.68678	-2.58933	0	2.31202	0	0	0	
55.61	0.337	0.103	-1.50189	0	-1.66366	-2.58933	0	2.31202	0	0	0	
55.62	0.337	0.103	-1.52779	0	-1.64054	-2.58933	0	2.31202	0	0	0	
55.63	0.337	0.103	-1.55316	0	-1.61687	-2.44047	0	2.46699	0	0	0	
55.64	0.337	0.103	-1.57756	0	-1.5922	-2.44047	0	2.46699	0	0	0	
55.65	0.337	0.103	-1.60197	0	-1.56753	-2.44047	0	2.46699	0	0	0	
55.66	0.337	0.103	-1.62637	0	-1.54286	-2.44047	0	2.46699	0	0	0	
55.67	0.337	0.103	-1.65022	0	-1.51768	-2.28241	0	2.61235	0	0	0	
55.68	0.337	0.103	-1.67304	0	-1.49156	-2.28241	0	2.61235	0	0	0	
55.69	0.337	0.103	-1.69587	0	-1.46543	-2.28241	0	2.61235	0	0	0	
55.7	0.337	0.103	-1.71869	0	-1.43931	-2.28241	0	2.61235	0	0	0	
55.71	0.337	0.103	-1.74093	0	-1.41271	-2.11577	0	2.74757	0	0	0	
55.72	0.337	0.103	-1.76208	0	-1.38523	-2.11577	0	2.74757	0	0	0	
55.73	0.337	0.103	-1.78324	0	-1.35776	-2.11577	0	2.74757	0	0	0	
55.74	0.337	0.103	-1.8044	0	-1.33028	-2.11577	0	2.74757	0	0	0	
55.75	0.337	0.103	-1.82494	0	-1.30237	-1.94122	0	2.87214	0	0	0	
55.76	0.337	0.103	-1.84435	0	-1.27364	-1.94122	0	2.87214	0	0	0	
55.77	0.337	0.103	-1.86377	0	-1.24492	-1.94122	0	2.87214	0	0	0	
55.78	0.337	0.103	-1.88318	0	-1.2162	-1.94122	0	2.87214	0	0	0	
55.79	0.337	0.103	-1.90195	0	-1.18708	-1.75942	0	2.98561	0	0	0	
55.8	0.337	0.103	-1.91954	0	-1.15722	-1.75942	0	2.98561	0	0	0	
55.81	0.337	0.103	-1.93714	0	-1.12737	-1.75942	0	2.98561	0	0	0	
55.82	0.337	0.103	-1.95473	0	-1.09751	-1.75942	0	2.98561	0	0	0	
55.83	0.337	0.103	-1.97166	0	-1.0673	-1.57108	0	3.08756	0	0	0	
55.84	0.337	0.103	-1.98737	0	-1.03642	-1.57108	0	3.08756	0	0	0	
55.85	0.337	0.103	-2.00308	0	-1.00554	-1.57108	0	3.08756	0	0	0	
55.86	0.337	0.103	-2.01879	0	-0.974668	-1.57108	0	3.08756	0	0	0	
55.87	0.337	0.103	-2.03382	0	-0.943475	-1.37693	0	3.17763	0	0	0	
55.88	0.337	0.103	-2.04759	0	-0.911699	-1.37693	0	3.17763	0	0	0	
55.89	0.337	0.103	-2.06136	0	-0.879922	-1.37693	0	3.17763	0	0	0	
55.9	0.337	0.103	-2.07513	0	-0.848146	-1.37693	0	3.17763	0	0	0	
55.91	0.337	0.103	-2.08819	0	-0.816095	-1.17773	0	3.25548	0	0	0	
55.92	0.337	0.103	-2.09997	0	-0.783541	-1.17773	0	3.25548	0	0	0	
55.93	0.337	0.103	-2.11175	0	-0.750986	-1.17773	0	3.25548	0	0	0	
55.94	0.337	0.103	-2.12353	0	-0.718431	-1.17773	0	3.25548	0	0	0	
55.95	0.337	0.103	-2.13459	0	-0.685646	-0.974245	0	3.32084	0	0	0	
55.96	0.337	0.103	-2.14433	0	-0.652437	-0.974245	0	3.32084	0	0	0	
55.97	0.337	0.103	-2.15407	0	-0.619229	-0.974245	0	3.32084	0	0	0	
55.98	0.337	0.103	-2.16381	0	-0.586021	-0.974245	0	3.32084	0	0	0	
55.99	0.337	0.103	-2.17282	0	-0.552627	-0.76725	0	3.37348	0	0	0	
56	0.337	0.103	-2.1805	0	-0.518892	-0.76725	0	3.37348	0	0	0	
56.01	0.337	0.103	-2.18817	0	-0.485157	-0.76725	0	3.37348	0	0	0	
56.02	0.337	0.103	-2.19584	0	-0.451422	-0.76725	0	3.37348	0	0	0	
56.03	0.337	0.103	-2.20278	0	-0.417547	-0.557543	0	3.41324	0	0	0	
56.04	0.337	0.103	-2.20835	0	-0.383415	-0.557543	0	3.41324	0	0	0	
56.05	0.337	0.103	-2.21393	0	-0.349282	-0.557543	0	3.41324	0	0	0	
56.06	0.337	0.103	-2.2195	0	-0.31515	-0.557543	0	3.41324	0	0	0	
56.07	0.337	0.103	-2.22433	0	-0.280923	-0.345926	0	3.43996	0	0	0	
56.08	0.337	0.103	-2.22779	0	-0.246524	-0.345926	0	3.43996	0	0	0	
56.09	0.337	0.103	-2.23125	0	-0.212124	-0.345926	0	3.43996	0	0	0	
56.1	0.337	0.103	-2.23471	0	-0.177724	-0.345926	0	3.43996	0	0	0	
56.11	0.337	0.103	-2.23742	0	-0.143277	-0.133207	0	3.45358	0	0	0	
56.12	0.337	0.103	-2.23875	0	-0.108741	-0.133207	0	3.45358	0	0	0	
56.13	0.337	0.103	-2.24008	0	-0.0742051	-0.133207	0	3.45358	0	0	0	
56.14	0.337	0.103	-2.24141	0	-0.0396693	-0.133207	0	3.45358	0	0	0	
56.15	0.337	0.103	-2.24199	0	-0.00513174	0.079805	0	3.45407	0	0	0	
56.16	0.337	0.103	-2.2412	0	0.029409	0.079805	0	3.45407	0	0	0	
56.17	0.337	0.103	-2.2404	0	0.0639497	0.079805	0	3.45407	0	0	0	
56.18	0.337	0.103	-2.2396	0	0.0984904	0.079805	0	3.45407	0	0	0	
56.19	0.337	0.103	-2.23805	0	0.132987	0.2923	0	3.44144	0	0	0	
56.2	0.337	0.103	-2.23513	0	0.167401	0.2923	0	3.44144	0	0	0	
56.21	0.337	0.103	-2.23221	0	0.201815	0.2923	0	3.44144	0	0	0	
56.22	0.337	0.103	-2.22928	0	0.23623	0.2923	0	3.44144	0	0	0	
56.23	0.337	0.103	-2.22562	0	0.270554	0.503472	0	3.41577	0	0	0	
56.24	0.337	0.103	-2.22058	0	0.304712	0.503472	0	3.41577	0	0	0	
56.25	0.337	0.103	-2.21555	0	0.338869	0.503472	0	3.41577	0	0	0	
56.26	0.337	0.103	-2.21051	0	0.373027	0.503472	0	3.41577	0	0	0	
56.27	0.337	0.103	-2.20474	0	0.407049	0.712523	0	3.37718	0	0	0	
56.28	0.337	0.103	-2.19761	0	0.44082	0.712523	0	3.37718	0	0	0	
56.29	0.337	0.103	-2.19049	0	0.474592	0.712523	0	3.37718	0	0	0	
56.3	0.337	0.103	-2.18336	0	0.508364	0.712523	0	3.37718	0	0	0	
56.31	0.337	0.103	-2.17551	0	0.541955	0.918666	0	3.32582	0	0	0	
56.32	0.337	0.103	-2.16632	0	0.575213	0.918666	0	3.32582	0	0	0	
56.33	0.337	0.103	-2.15714	0	0.608471	0.918666	0	3.32582	0	0	0	
56.34	0.337	0.103	-2.14795	0	0.641729	0.918666	0	3.32582	0	0	0	
56.35	0.337	0.103	-2.13805	0	0.674762	1.12112	0	3.26193	0	0	0	
56.36	0.337	0.103	-2.12684	0	0.707381	1.12112	0	3.26193	0	0	0	
56.37	0.337	0.103	-2.11563	0	0.740001	1.12112	0	3.26193	0	0	0	
56.38	0.337	0.103	-2.10442	0	0.77262	1.12112	0	3.26193	0	0	0	
56.39	0.337	0.103	-2.09251	0	0.804971	1.31914	0	3.18576	0	0	0	
56.4	0.337	0.103	-2.07932	0	0.836828	1.31914	0	3.18576	0	0	0	
56.41	0.337	0.103	-2.06612	0	0.868686	1.31914	0	3.18576	0	0	0	
56.42	0.337	0.103	-2.05293	0	0.900543	1.31914	0	3.18576	0	0	0	
56.43	0.337	0.103	-2.03906	0	0.93209	1.51196	0	3.09761	0	0	0	
56.44	0.337	0.103	-2.02394	0	0.963066	1.51196	0	3.09761	0	0	0	
56.45	0.337	0.103	-2.00882	0	0.994042	1.51196	0	3.09761	0	0	0	
56.46	0.337	0.103	-1.9937	0	1.02502	1.51196	0	3.09761	0	0	0	
56.47	0.337	0.103	-1.97792	0	1.05564	1.69888	0	2.99785	0	0	0	
56.48	0.337	0.103	-1.96094	0	1.08562	1.69888	0	2.99785	0	0	0	
56.49	0.337	0.103	-1.94395	0	1.1156	1.69888	0	2.99785	0	0	0	
56.5	0.337	0.103	-1.92696	0	1.14558	1.69888	0	2.99785	0	0	0	
56.51	0.337	0.103	-1.90933	0	1.17517	1.8792	0	2.88687	0	0	0	
56.52	0.337	0.103	-1.89054	0	1.20403	1.8792	0	2.88687	0	0	0	
56.53	0.337	0.103	-1.87175	0	1.2329	1.8792	0	2.88687	0	0	0	
56.54	0.337	0.103	-1.85296	0	1.26177	1.8792	0	2.88687	0	0	0	
56.55	0.337	0.103	-1.83355	0	1.29021	2.05224	0	2.7651	0	0	0	
56.56	0.337	0.103	-1.81303	0	1.31786	2.05224	0	2.7651	0	0	0	
56.57	0.337	0.103	-1.79251	0	1.34551	2.05224	0	2.7651	0	0	0	
56.58	0.337	0.103	-1.77199	0	1.37316	2.05224	0	2.7651	0	0	0	
56.59	0.337	0.103	-1.75088	0	1.40035	2.21738	0	2.63303	0	0	0	
56.6	0.337	0.103	-1.72871	0	1.42668	2.21738	0	2.63303	0	0	0	
56.61	0.337	0.103	-1.70653	0	1.45301	2.21738	0	2.63303	0	0	0	
56.62	0.337	0.103	-1.68436	0	1.47934	2.21738	0	2.63303	0	0	0	
56.63	0.337	0.103	-1.66163	0	1.50517	2.37399	0	2.49116	0	0	0	
56.64	0.337	0.103	-1.63789	0	1.53008	2.37399	0	2.49116	0	0	0	
56.65	0.337	0.103	-1.61415	0	1.55499	2.37399	0	2.49116	0	0	0	
56.66	0.337	0.103	-1.59041	0	1.5799	2.37399	0	2.49116	0	0	0	
56.67	0.337	0.103	-1.56615	0	1.60428	2.5215	0	2.34006	0	0	0	
56.68	0.337	0.103	-1.54094	0	1.62768	2.5215	0	2.34006	0	0	0	
56.69	0.337	0.103	-1.51572	0	1.65108	2.5215	0	2.34006	0	0	0	
56.7	0.337	0.103	-1.49051	0	1.67448	2.5215	0	2.34006	0	0	0	
56.71	0.337	0.103	-1.46481	0	1.69732	2.65938	0	2.1803	0	0	0	
56.72	0.337	0.103	-1.43821	0	1.71912	2.65938	0	2.1803	0	0	0	
56.73	0.337	0.103	-1.41162	0	1.74093	2.65938	0	2.1803	0	0	0	
56.74	0.337	0.103	-1.38503	0	1.76273	2.65938	0	2.1803	0	0	0	
56.75	0.337	0.103	-1.35798	0	1.78394	2.78712	0	2.01249	0	0	0	
56.76	0.337	0.103	-1.33011	0	1.80407	2.78712	0	2.01249	0	0	0	
56.77	0.337	0.103	-1.30224	0	1.82419	2.78712	0	2.01249	0	0	0	
56.78	0.337	0.103	-1.27437	0	1.84432	2.78712	0	2.01249	0	0	0	
56.79	0.337	0.103	-1.24608	0	1.86382	2.90425	0	1.83729	0	0	0	
56.8	0.337	0.103	-1.21704	0	1.8822	2.90425	0	1.83729	0	0	0	
56.81	0.337	0.103	-1.188	0	1.90057	2.90425	0	1.83729	0	0	0	
56.82	0.337	0.103	-1.15896	0	1.91894	2.90425	0	1.83729	0	0	0	
56.83	0.337	0.103	-1.12954	0	1.93667	3.01036	0	1.65536	0	0	0	
56.84	0.337	0.103	-1.09944	0	1.95323	3.01036	0	1.65536	0	0	0	
56.85	0.337	0.103	-1.06933	0	1.96978	3.01036	0	1.65536	0	0	0	
56.86	0.337	0.103	-1.03923	0	1.98633	3.01036	0	1.65536	0	0	0	
56.87	0.337	0.103	-1.00879	0	2.00222	3.10506	0	1.4674	0	0	0	
56.88	0.337	0.103	-0.977741	0	2.0169	3.10506	0	1.4674	0	0	0	
56.89	0.337	0.103	-0.946691	0	2.03157	3.10506	0	1.4674	0	0	0	
56.9	0.337	0.103	-0.91564	0	2.04625	3.10506	0	1.4674	0	0	0	
56.91	0.337	0.103	-0.884297	0	2.06024	3.18802	0	1.27412	0	0	0	
56.92	0.337	0.103	-0.852417	0	2.07298	3.18802	0	1.27412	0	0	0	
56.93	0.337	0.103	-0.820537	0	2.08572	3.18802	0	1.27412	0	0	0	
56.94	0.337	0.103	-0.788656	0	2.09846	3.18802	0	1.27412	0	0	0	
56.95	0.337	0.103	-0.756526	0	2.11051	3.25895	0	1.07625	0	0	0	
56.96	0.337	0.103	-0.723936	0	2.12127	3.25895	0	1.07625	0	0	0	
56.97	0.337	0.103	-0.691347	0	2.13203	3.25895	0	1.07625	0	0	0	
56.98	0.337	0.103	-0.658757	0	2.14279	3.25895	0	1.07625	0	0	0	
56.99	0.337	0.103	-0.625961	0	2.15284	3.31759	0	0.874549	0	0	0	
57	0.337	0.103	-0.592785	0	2.16159	3.31759	0	0.874549	0	0	0	
57.01	0.337	0.103	-0.559609	0	2.17033	3.31759	0	0.874549	0	0	0	
57.02	0.337	0.103	-0.526433	0	2.17908	3.31759	0	0.874549	0	0	0	
57.03	0.337	0.103	-0.493095	0	2.1871	3.36376	0	0.669773	0	0	0	
57.04	0.337	0.103	-0.459457	0	2.1938	3.36376	0	0.669773	0	0	0	
57.05	0.337	0.103	-0.425819	0	2.2005	3.36376	0	0.669773	0	0	0	
57.06	0.337	0.103	-0.392182	0	2.2072	3.36376	0	0.669773	0	0	0	
57.07	0.337	0.103	-0.358426	0	2.21316	3.3973	0	0.462694	0	0	0	
57.08	0.337	0.103	-0.324453	0	2.21779	3.3973	0	0.462694	0	0	0	
57.09	0.337	0.103	-0.29048	0	2.22242	3.3973	0	0.462694	0	0	0	
57.1	0.337	0.103	-0.256507	0	2.22704	3.3973	0	0.462694	0	0	0	
57.11	0.337	0.103	-0.22246	0	2.23094	3.4181	0	0.25409	0	0	0	
57.12	0.337	0.103	-0.188279	0	2.23348	3.4181	0	0.25409	0	0	0	
57.13	0.337	0.103	-0.154098	0	2.23602	3.4181	0	0.25409	0	0	0	
57.14	0.337	0.103	-0.119917	0	2.23856	3.4181	0	0.25409	0	0	0	
57.15	0.337	0.103	-0.0857081	0	2.24036	3.42611	0	0.0447425	0	0	0	
57.16	0.337	0.103	-0.051447	0	2.24081	3.42611	0	0.0447425	0	0	0	
57.17	0.337	0.103	-0.0171859	0	2.24126	3.42611	0	0.0447425	0	0	0	
57.18	0.337	0.103	0.0170751	0	2.2417	3.42611	0	0.0447425	0	0	0	
57.19	0.337	0.103	0.0513193	0	2.24141	3.42132	0	-0.164565	0	0	0	
57.2	0.337	0.103	0.0855325	0	2.23977	3.42132	0	-0.164565	0	0	0	
57.21	0.337	0.103	0.119746	0	2.23812	3.42132	0	-0.164565	0	0	0	
57.22	0.337	0.103	0.153959	0	2.23648	3.42132	0	-0.164565	0	0	0	
57.23	0.337	0.103	0.18811	0	2.23409	3.40376	0	-0.373052	0	0	0	
57.24	0.337	0.103	0.222148	0	2.23036	3.40376	0	-0.373052	0	0	0	
57.25	0.337	0.103	0.256185	0	2.22663	3.40376	0	-0.373052	0	0	0	
57.26	0.337	0.103	0.290223	0	2.2229	3.40376	0	-0.373052	0	0	0	
57.27	0.337	0.103	0.324154	0	2.21844	3.37353	0	-0.579942	0	0	0	
57.28	0.337	0.103	0.357889	0	2.21264	3.37353	0	-0.579942	0	0	0	
57.29	0.337	0.103	0.391625	0	2.20684	3.37353	0	-0.579942	0	0	0	
57.3	0.337	0.103	0.42536	0	2.20104	3.37353	0	-0.579942	0	0	0	
57.31	0.337	0.103	0.458944	0	2.19452	3.33076	0	-0.784467	0	0	0	
57.32	0.337	0.103	0.492252	0	2.18668	3.33076	0	-0.784467	0	0	0	
57.33	0.337	0.103	0.52556	0	2.17883	3.33076	0	-0.784467	0	0	0	
57.34	0.337	0.103	0.558867	0	2.17099	3.33076	0	-0.784467	0	0	0	
57.35	0.337	0.103	0.59198	0	2.16243	3.27562	0	-0.985868	0	0	0	
57.36	0.337	0.103	0.624737	0	2.15258	3.27562	0	-0.985868	0	0	0	
57.37	0.337	0.103	0.657493	0	2.14272	3.27562	0	-0.985868	0	0	0	
57.38	0.337	0.103	0.690249	0	2.13286	3.27562	0	-0.985868	0	0	0	
57.39	0.337	0.103	0.722768	0	2.1223	3.20835	0	-1.1834	0	0	0	
57.4	0.337	0.103	0.754851	0	2.11047	3.20835	0	-1.1834	0	0	0	
57.41	0.337	0.103	0.786935	0	2.09864	3.20835	0	-1.1834	0	0	0	
57.42	0.337	0.103	0.819019	0	2.0868	3.20835	0	-1.1834	0	0	0	
57.43	0.337	0.103	0.850823	0	2.07429	3.12921	0	-1.37634	0	0	0	
57.44	0.337	0.103	0.882115	0	2.06052	3.12921	0	-1.37634	0	0	0	
57.45	0.337	0.103	0.913407	0	2.04676	3.12921	0	-1.37634	0	0	0	
57.46	0.337	0.103	0.944699	0	2.033	3.12921	0	-1.37634	0	0	0	
57.47	0.337	0.103	0.975672	0	2.01857	3.03852	0	-1.56397	0	0	0	
57.48	0.337	0.103	1.00606	0	2.00293	3.03852	0	-1.56397	0	0	0	
57.49	0.337	0.103	1.03644	0	1.98729	3.03852	0	-1.56397	0	0	0	
57.5	0.337	0.103	1.06683	0	1.97165	3.03852	0	-1.56397	0	0	0	
57.51	0.337	0.103	1.09685	0	1.95537	2.93663	0	-1.74561	0	0	0	
57.52	0.337	0.103	1.12622	0	1.93792	2.93663	0	-1.74561	0	0	0	
57.53	0.337	0.103	1.15559	0	1.92046	2.93663	0	-1.74561	0	0	0	
57.54	0.337	0.103	1.18495	0	1.903	2.93663	0	-1.74561	0	0	0	
57.55	0.337	0.103	1.21392	0	1.88493	2.82394	0	-1.92059	0	0	0	
57.56	0.337	0.103	1.24216	0	1.86572	2.82394	0	-1.92059	0	0	0	
57.57	0.337	0.103	1.2704	0	1.84652	2.82394	0	-1.92059	0	0	0	
57.58	0.337	0.103	1.29864	0	1.82731	2.82394	0	-1.92059	0	0	0	
57.59	0.337	0.103	1.32644	0	1.80751	2.70089	0	-2.08828	0	0	0	
57.6	0.337	0.103	1.35345	0	1.78663	2.70089	0	-2.08828	0	0	0	
57.61	0.337	0.103	1.38046	0	1.76575	2.70089	0	-2.08828	0	0	0	
57.62	0.337	0.103	1.40747	0	1.74487	2.70089	0	-2.08828	0	0	0	
57.63	0.337	0.103	1.43401	0	1.72342	2.56794	0	-2.24806	0	0	0	
57.64	0.337	0.103	1.45969	0	1.70094	2.56794	0	-2.24806	0	0	0	
57.65	0.337	0.103	1.48537	0	1.67846	2.56794	0	-2.24806	0	0	0	
57.66	0.337	0.103	1.51105	0	1.65598	2.56794	0	-2.24806	0	0	0	
57.67	0.337	0.103	1.53623	0	1.63296	2.42561	0	-2.39935	0	0	0	
57.68	0.337	0.103	1.56048	0	1.60897	2.42561	0	-2.39935	0	0	0	
57.69	0.337	0.103	1.58474	0	1.58498	2.42561	0	-2.39935	0	0	0	
57.7	0.337	0.103	1.609	0	1.56098	2.42561	0	-2.39935	0	0	0	
57.71	0.337	0.103	1.63272	0	1.53649	2.27444	0	-2.54161	0	0	0	
57.72	0.337	0.103	1.65546	0	1.51107	2.27444	0	-2.54161	0	0	0	
57.73	0.337	0.103	1.67821	0	1.48566	2.27444	0	-2.54161	0	0	0	
57.74	0.337	0.103	1.70095	0	1.46024	2.27444	0	-2.54161	0	0	0	
57.75	0.337	0.103	1.72313	0	1.43436	2.115	0	-2.67433	0	0	0	
57.76	0.337	0.103	1.74428	0	1.40761	2.115	0	-2.67433	0	0	0	
57.77	0.337	0.103	1.76543	0	1.38087	2.115	0	-2.67433	0	0	0	
57.78	0.337	0.103	1.78658	0	1.35413	2.115	0	-2.67433	0	0	0	
57.79	0.337	0.103	1.80714	0	1.32695	1.9479	0	-2.79703	0	0	0	
57.8	0.337	0.103	1.82662	0	1.29898	1.9479	0	-2.79703	0	0	0	
57.81	0.337	0.103	1.8461	0	1.27101	1.9479	0	-2.79703	0	0	0	
57.82	0.337	0.103	1.86558	0	1.24304	1.9479	0	-2.79703	0	0	0	
57.83	0.337	0.103	1.88445	0	1.21467	1.77376	0	-2.90927	0	0	0	
57.84	0.337	0.103	1.90218	0	1.18558	1.77376	0	-2.90927	0	0	0	
57.85	0.337	0.103	1.91992	0	1.15649	1.77376	0	-2.90927	0	0	0	
57.86	0.337	0.103	1.93766	0	1.12739	1.77376	0	-2.90927	0	0	0	
57.87	0.337	0.103	1.95476	0	1.09794	1.59324	0	-3.01067	0	0	0	
57.88	0.337	0.103	1.97069	0	1.06784	1.59324	0	-3.01067	0	0	0	
57.89	0.337	0.103	1.98662	0	1.03773	1.59324	0	-3.01067	0	0	0	
57.9	0.337	0.103	2.00256	0	1.00762	1.59324	0	-3.01067	0	0	0	
57.91	0.337	0.103	2.01783	0	0.977199	1.40702	0	-3.10085	0	0	0	
57.92	0.337	0.103	2.0319	0	0.946191	1.40702	0	-3.10085	0	0	0	
57.93	0.337	0.103	2.04597	0	0.915182	1.40702	0	-3.10085	0	0	0	
57.94	0.337	0.103	2.06004	0	0.884174	1.40702	0	-3.10085	0	0	0	
57.95	0.337	0.103	2.07344	0	0.852888	1.2158	0	-3.17951	0	0	0	
57.96	0.337	0.103	2.0856	0	0.821093	1.2158	0	-3.17951	0	0	0	
57.97	0.337	0.103	2.09775	0	0.789298	1.2158	0	-3.17951	0	0	0	
57.98	0.337	0.103	2.10991	0	0.757503	1.2158	0	-3.17951	0	0	0	
57.99	0.337	0.103	2.12138	0	0.725472	1.02027	0	-3.24637	0	0	0	
58	0.337	0.103	2.13158	0	0.693008	1.02027	0	-3.24637	0	0	0	
58.01	0.337	0.103	2.14179	0	0.660544	1.02027	0	-3.24637	0	0	0	
58.02	0.337	0.103	2.15199	0	0.628081	1.02027	0	-3.24637	0	0	0	
58.03	0.337	0.103	2.16149	0	0.595423	0.821184	0	-3.30122	0	0	0	
58.04	0.337	0.103	2.1697	0	0.562411	0.821184	0	-3.30122	0	0	0	
58.05	0.337	0.103	2.17791	0	0.529399	0.821184	0	-3.30122	0	0	0	
58.06	0.337	0.103	2.18612	0	0.496387	0.821184	0	-3.30122	0	0	0	
58.07	0.337	0.103	2.19362	0	0.463224	0.619267	0	-3.34386	0	0	0	
58.08	0.337	0.103	2.19982	0	0.429786	0.619267	0	-3.34386	0	0	0	
58.09	0.337	0.103	2.20601	0	0.396347	0.619267	0	-3.34386	0	0	0	
58.1	0.337	0.103	2.2122	0	0.362909	0.619267	0	-3.34386	0	0	0	
58.11	0.337	0.103	2.21768	0	0.329363	0.415268	0	-3.37415	0	0	0	
58.12	0.337	0.103	2.22183	0	0.295622	0.415268	0	-3.37415	0	0	0	
58.13	0.337	0.103	2.22598	0	0.26188	0.415268	0	-3.37415	0	0	0	
58.14	0.337	0.103	2.23013	0	0.228139	0.415268	0	-3.37415	0	0	0	
58.15	0.337	0.103	2.23356	0	0.194334	0.209941	0	-3.39202	0	0	0	
58.16	0.337	0.103	2.23566	0	0.160414	0.209941	0	-3.39202	0	0	0	
58.17	0.337	0.103	2.23776	0	0.126494	0.209941	0	-3.39202	0	0	0	
58.18	0.337	0.103	2.23986	0	0.0925736	0.209941	0	-3.39202	0	0	0	
58.19	0.337	0.103	2.24123	0	0.0586344	0.00404195	0	-3.3974	0	0	0	
58.2	0.337	0.103	2.24127	0	0.0246604	0.00404195	0	-3.3974	0	0	0	
58.21	0.337	0.103	2.24131	0	-0.00931365	0.00404195	0	-3.3974	0	0	0	
58.22	0.337	0.103	2.24135	0	-0.0432877	0.00404195	0	-3.3974	0	0	0	
58.23	0.337	0.103	2.24067	0	-0.0772367	-0.201672	0	-3.39031	0	0	0	
58.24	0.337	0.103	2.23865	0	-0.11114	-0.201672	0	-3.39031	0	0	0	
58.25	0.337	0.103	2.23664	0	-0.145043	-0.201672	0	-3.39031	0	0	0	
58.26	0.337	0.103	2.23462	0	-0.178946	-0.201672	0	-3.39031	0	0	0	
58.27	0.337	0.103	2.23188	0	-0.21278	-0.406446	0	-3.37079	0	0	0	
58.28	0.337	0.103	2.22782	0	-0.246488	-0.406446	0	-3.37079	0	0	0	
58.29	0.337	0.103	2.22375	0	-0.280196	-0.406446	0	-3.37079	0	0	0	
58.3	0.337	0.103	2.21969	0	-0.313904	-0.406446	0	-3.37079	0	0	0	
58.31	0.337	0.103	2.21491	0	-0.3475	-0.609531	0	-3.33893	0	0	0	
58.32	0.337	0.103	2.20881	0	-0.380889	-0.609531	0	-3.33893	0	0	0	
58.33	0.337	0.103	2.20272	0	-0.414278	-0.609531	0	-3.33893	0	0	0	
58.34	0.337	0.103	2.19662	0	-0.447667	-0.609531	0	-3.33893	0	0	0	
58.35	0.337	0.103	2.18982	0	-0.480901	-0.810185	0	-3.29486	0	0	0	
58.36	0.337	0.103	2.18172	0	-0.51385	-0.810185	0	-3.29486	0	0	0	
58.37	0.337	0.103	2.17361	0	-0.546799	-0.810185	0	-3.29486	0	0	0	
58.38	0.337	0.103	2.16551	0	-0.579747	-0.810185	0	-3.29486	0	0	0	
58.39	0.337	0.103	2.15671	0	-0.612498	-1.00768	0	-3.23878	0	0	0	
58.4	0.337	0.103	2.14664	0	-0.644886	-1.00768	0	-3.23878	0	0	0	
58.41	0.337	0.103	2.13656	0	-0.677273	-1.00768	0	-3.23878	0	0	0	
58.42	0.337	0.103	2.12648	0	-0.709661	-1.00768	0	-3.23878	0	0	0	
58.43	0.337	0.103	2.11572	0	-0.74181	-1.20129	0	-3.17089	0	0	0	
58.44	0.337	0.103	2.10371	0	-0.773518	-1.20129	0	-3.17089	0	0	0	
58.45	0.337	0.103	2.0917	0	-0.805227	-1.20129	0	-3.17089	0	0	0	
58.46	0.337	0.103	2.07968	0	-0.836936	-1.20129	0	-3.17089	0	0	0	
58.47	0.337	0.103	2.067	0	-0.868365	-1.39033	0	-3.09148	0	0	0	
58.48	0.337	0.103	2.0531	0	-0.89928	-1.39033	0	-3.09148	0	0	0	
58.49	0.337	0.103	2.0392	0	-0.930195	-1.39033	0	-3.09148	0	0	0	
58.5	0.337	0.103	2.02529	0	-0.961109	-1.39033	0	-3.09148	0	0	0	
58.51	0.337	0.103	2.01074	0	-0.991704	-1.5741	0	-3.00084	0	0	0	
58.52	0.337	0.103	1.995	0	-1.02171	-1.5741	0	-3.00084	0	0	0	
58.53	0.337	0.103	1.97926	0	-1.05172	-1.5741	0	-3.00084	0	0	0	
58.54	0.337	0.103	1.96352	0	-1.08173	-1.5741	0	-3.00084	0	0	0	
58.55	0.337	0.103	1.94715	0	-1.11138	-1.75194	0	-2.89933	0	0	0	
58.56	0.337	0.103	1.92963	0	-1.14037	-1.75194	0	-2.89933	0	0	0	
58.57	0.337	0.103	1.91211	0	-1.16937	-1.75194	0	-2.89933	0	0	0	
58.58	0.337	0.103	1.89459	0	-1.19836	-1.75194	0	-2.89933	0	0	0	
58.59	0.337	0.103	1.87647	0	-1.22696	-1.92322	0	-2.78734	0	0	0	
58.6	0.337	0.103	1.85724	0	-1.25483	-1.92322	0	-2.78734	0	0	0	
58.61	0.337	0.103	1.83801	0	-1.2827	-1.92322	0	-2.78734	0	0	0	
58.62	0.337	0.103	1.81877	0	-1.31058	-1.92322	0	-2.78734	0	0	0	
58.63	0.337	0.103	1.79896	0	-1.33802	-2.08732	0	-2.66529	0	0	0	
58.64	0.337	0.103	1.77809	0	-1.36467	-2.08732	0	-2.66529	0	0	0	
58.65	0.337	0.103	1.75722	0	-1.39133	-2.08732	0	-2.66529	0	0	0	
58.66	0.337	0.103	1.73634	0	-1.41798	-2.08732	0	-2.66529	0	0	0	
58.67	0.337	0.103	1.71492	0	-1.44417	-2.24365	0	-2.53364	0	0	0	
58.68	0.337	0.103	1.69248	0	-1.4695	-2.24365	0	-2.53364	0	0	0	
58.69	0.337	0.103	1.67004	0	-1.49484	-2.24365	0	-2.53364	0	0	0	
58.7	0.337	0.103	1.64761	0	-1.52018	-2.24365	0	-2.53364	0	0	0	
58.71	0.337	0.103	1.62465	0	-1.54502	-2.39166	0	-2.39288	0	0	0	
58.72	0.337	0.103	1.60073	0	-1.56895	-2.39166	0	-2.39288	0	0	0	
58.73	0.337	0.103	1.57682	0	-1.59287	-2.39166	0	-2.39288	0	0	0	
58.74	0.337	0.103	1.5529	0	-1.6168	-2.39166	0	-2.39288	0	0	0	
58.75	0.337	0.103	1.52849	0	-1.64021	-2.53081	0	-2.24356	0	0	0	
58.76	0.337	0.103	1.50318	0	-1.66264	-2.53081	0	-2.24356	0	0	0	
58.77	0.337	0.103	1.47788	0	-1.68508	-2.53081	0	-2.24356	0	0	0	
58.78	0.337	0.103	1.45257	0	-1.70751	-2.53081	0	-2.24356	0	0	0	
58.79	0.337	0.103	1.4268	0	-1.72939	-2.66063	0	-2.08621	0	0	0	
58.8	0.337	0.103	1.4002	0	-1.75026	-2.66063	0	-2.08621	0	0	0	
58.81	0.337	0.103	1.37359	0	-1.77112	-2.66063	0	-2.08621	0	0	0	
58.82	0.337	0.103	1.34698	0	-1.79198	-2.66063	0	-2.08621	0	0	0	
58.83	0.337	0.103	1.31995	0	-1.81226	-2.78065	0	-1.92143	0	0	0	
58.84	0.337	0.103	1.29215	0	-1.83147	-2.78065	0	-1.92143	0	0	0	
58.85	0.337	0.103	1.26434	0	-1.85069	-2.78065	0	-1.92143	0	0	0	
58.86	0.337	0.103	1.23653	0	-1.8699	-2.78065	0	-1.92143	0	0	0	
58.87	0.337	0.103	1.20834	0	-1.88851	-2.89045	0	-1.74983	0	0	0	
58.88	0.337	0.103	1.17944	0	-1.90601	-2.89045	0	-1.74983	0	0	0	
58.89	0.337	0.103	1.15053	0	-1.92351	-2.89045	0	-1.74983	0	0	0	
58.9	0.337	0.103	1.12163	0	-1.94101	-2.89045	0	-1.74983	0	0	0	
58.91	0.337	0.103	1.09237	0	-1.95788	-2.98964	0	-1.57203	0	0	0	
58.92	0.337	0.103	1.06248	0	-1.9736	-2.98964	0	-1.57203	0	0	0	
58.93	0.337	0.103	1.03258	0	-1.98932	-2.98964	0	-1.57203	0	0	0	
58.94	0.337	0.103	1.00268	0	-2.00504	-2.98964	0	-1.57203	0	0	0	
58.95	0.337	0.103	0.972475	0	-2.02011	-3.0779	0	-1.38871	0	0	0	
58.96	0.337	0.103	0.941697	0	-2.034	-3.0779	0	-1.38871	0	0	0	
58.97	0.337	0.103	0.910918	0	-2.04789	-3.0779	0	-1.38871	0	0	0	
58.98	0.337	0.103	0.880139	0	-2.06177	-3.0779	0	-1.38871	0	0	0	
58.99	0.337	0.103	0.849088	0	-2.075	-3.1549	0	-1.20052	0	0	0	
59	0.337	0.103	0.817539	0	-2.087	-3.1549	0	-1.20052	0	0	0	
59.01	0.337	0.103	0.78599	0	-2.09901	-3.1549	0	-1.20052	0	0	0	
59.02	0.337	0.103	0.754441	0	-2.11101	-3.1549	0	-1.20052	0	0	0	
59.03	0.337	0.103	0.722661	0	-2.12234	-3.2204	0	-1.00816	0	0	0	
59.04	0.337	0.103	0.690457	0	-2.13242	-3.2204	0	-1.00816	0	0	0	
59.05	0.337	0.103	0.658253	0	-2.1425	-3.2204	0	-1.00816	0	0	0	
59.06	0.337	0.103	0.626049	0	-2.15258	-3.2204	0	-1.00816	0	0	0	
59.07	0.337	0.103	0.593655	0	-2.16198	-3.27417	0	-0.812339	0	0	0	
59.08	0.337	0.103	0.560914	0	-2.1701	-3.27417	0	-0.812339	0	0	0	
59.09	0.337	0.103	0.528172	0	-2.17822	-3.27417	0	-0.812339	0	0	0	
59.1	0.337	0.103	0.49543	0	-2.18635	-3.27417	0	-0.812339	0	0	0	
59.11	0.337	0.103	0.462541	0	-2.19377	-3.31604	0	-0.613762	0	0	0	
59.12	0.337	0.103	0.42938	0	-2.19991	-3.31604	0	-0.613762	0	0	0	
59.13	0.337	0.103	0.39622	0	-2.20604	-3.31604	0	-0.613762	0	0	0	
59.14	0.337	0.103	0.36306	0	-2.21218	-3.31604	0	-0.613762	0	0	0	
59.15	0.337	0.103	0.329794	0	-2.21761	-3.34587	0	-0.413154	0	0	0	
59.16	0.337	0.103	0.296335	0	-2.22174	-3.34587	0	-0.413154	0	0	0	
59.17	0.337	0.103	0.262877	0	-2.22587	-3.34587	0	-0.413154	0	0	0	
59.18	0.337	0.103	0.229418	0	-2.23001	-3.34587	0	-0.413154	0	0	0	
59.19	0.337	0.103	0.195897	0	-2.23343	-3.36358	0	-0.211246	0	0	0	
59.2	0.337	0.103	0.162261	0	-2.23554	-3.36358	0	-0.211246	0	0	0	
59.21	0.337	0.103	0.128625	0	-2.23765	-3.36358	0	-0.211246	0	0	0	
59.22	0.337	0.103	0.0949891	0	-2.23976	-3.36358	0	-0.211246	0	0	0	
59.23	0.337	0.103	0.0613337	0	-2.24116	-3.36912	0	-0.00876647	0	0	0	
59.24	0.337	0.103	0.0276425	0	-2.24125	-3.36912	0	-0.00876647	0	0	0	
59.25	0.337	0.103	-0.00604873	0	-2.24134	-3.36912	0	-0.00876647	0	0	0	
59.26	0.337	0.103	-0.03974	0	-2.24142	-3.36912	0	-0.00876647	0	0	0	
59.27	0.337	0.103	-0.0734078	0	-2.2408	-3.3625	0	0.193551	0	0	0	
59.28	0.337	0.103	-0.107033	0	-2.23886	-3.3625	0	0.193551	0	0	0	
59.29	0.337	0.103	-0.140658	0	-2.23693	-3.3625	0	0.193551	0	0	0	
59.3	0.337	0.103	-0.174283	0	-2.23499	-3.3625	0	0.193551	0	0	0	
59.31	0.337	0.103	-0.207842	0	-2.23235	-3.34374	0	0.394977	0	0	0	
59.32	0.337	0.103	-0.241279	0	-2.2284	-3.34374	0	0.394977	0	0	0	
59.33	0.337	0.103	-0.274716	0	-2.22445	-3.34374	0	0.394977	0	0	0	
59.34	0.337	0.103	-0.308154	0	-2.2205	-3.34374	0	0.394977	0	0	0	
59.35	0.337	0.103	-0.341483	0	-2.21584	-3.31295	0	0.594786	0	0	0	
59.36	0.337	0.103	-0.374612	0	-2.20989	-3.31295	0	0.594786	0	0	0	
59.37	0.337	0.103	-0.407742	0	-2.20395	-3.31295	0	0.594786	0	0	0	
59.38	0.337	0.103	-0.440871	0	-2.198	-3.31295	0	0.594786	0	0	0	
59.39	0.337	0.103	-0.47385	0	-2.19135	-3.27025	0	0.792262	0	0	0	
59.4	0.337	0.103	-0.506552	0	-2.18343	-3.27025	0	0.792262	0	0	0	
59.41	0.337	0.103	-0.539255	0	-2.17551	-3.27025	0	0.792262	0	0	0	
59.42	0.337	0.103	-0.571957	0	-2.16759	-3.27025	0	0.792262	0	0	0	
59.43	0.337	0.103	-0.604468	0	-2.15898	-3.21581	0	0.986696	0	0	0	
59.44	0.337	0.103	-0.636626	0	-2.14911	-3.21581	0	0.986696	0	0	0	
59.45	0.337	0.103	-0.668784	0	-2.13924	-3.21581	0	0.986696	0	0	0	
59.46	0.337	0.103	-0.700942	0	-2.12938	-3.21581	0	0.986696	0	0	0	
59.47	0.337	0.103	-0.732868	0	-2.11884	-3.14985	0	1.17739	0	0	0	
59.48	0.337	0.103	-0.764366	0	-2.10706	-3.14985	0	1.17739	0	0	0	
59.49	0.337	0.103	-0.795865	0	-2.09529	-3.14985	0	1.17739	0	0	0	
59.5	0.337	0.103	-0.827363	0	-2.08351	-3.14985	0	1.17739	0	0	0	
59.51	0.337	0.103	-0.858589	0	-2.07108	-3.07263	0	1.36368	0	0	0	
59.52	0.337	0.103	-0.889316	0	-2.05745	-3.07263	0	1.36368	0	0	0	
59.53	0.337	0.103	-0.920042	0	-2.04381	-3.07263	0	1.36368	0	0	0	
59.54	0.337	0.103	-0.950768	0	-2.03017	-3.07263	0	1.36368	0	0	0	
59.55	0.337	0.103	-0.981183	0	-2.0159	-2.98443	0	1.54488	0	0	0	
59.56	0.337	0.103	-1.01103	0	-2.00045	-2.98443	0	1.54488	0	0	0	
59.57	0.337	0.103	-1.04087	0	-1.985	-2.98443	0	1.54488	0	0	0	
59.58	0.337	0.103	-1.07072	0	-1.96955	-2.98443	0	1.54488	0	0	0	
59.59	0.337	0.103	-1.10021	0	-1.95348	-2.8856	0	1.72036	0	0	0	
59.6	0.337	0.103	-1.12907	0	-1.93628	-2.8856	0	1.72036	0	0	0	
59.61	0.337	0.103	-1.15792	0	-1.91908	-2.8856	0	1.72036	0	0	0	
59.62	0.337	0.103	-1.18678	0	-1.90187	-2.8856	0	1.72036	0	0	0	
59.63	0.337	0.103	-1.21525	0	-1.88407	-2.7765	0	1.8895	0	0	0	
59.64	0.337	0.103	-1.24302	0	-1.86518	-2.7765	0	1.8895	0	0	0	
59.65	0.337	0.103	-1.27078	0	-1.84628	-2.7765	0	1.8895	0	0	0	
59.66	0.337	0.103	-1.29855	0	-1.82739	-2.7765	0	1.8895	0	0	0	
59.67	0.337	0.103	-1.32589	0	-1.80792	-2.65755	0	2.0517	0	0	0	
59.68	0.337	0.103	-1.35247	0	-1.7874	-2.65755	0	2.0517	0	0	0	
59.69	0.337	0.103	-1.37904	0	-1.76689	-2.65755	0	2.0517	0	0	0	
59.7	0.337	0.103	-1.40562	0	-1.74637	-2.65755	0	2.0517	0	0	0	
59.71	0.337	0.103	-1.43174	0	-1.72531	-2.52918	0	2.20639	0	0	0	
59.72	0.337	0.103	-1.45703	0	-1.70324	-2.52918	0	2.20639	0	0	0	
59.73	0.337	0.103	-1.48232	0	-1.68118	-2.52918	0	2.20639	0	0	0	
59.74	0.337	0.103	-1.50762	0	-1.65911	-2.52918	0	2.20639	0	0	0	
59.75	0.337	0.103	-1.53242	0	-1.63653	-2.39187	0	2.35303	0	0	0	
59.76	0.337	0.103	-1.55634	0	-1.613	-2.39187	0	2.35303	0	0	0	
59.77	0.337	0.103	-1.58026	0	-1.58947	-2.39187	0	2.35303	0	0	0	
59.78	0.337	0.103	-1.60418	0	-1.56594	-2.39187	0	2.35303	0	0	0	
59.79	0.337	0.103	-1.62758	0	-1.54193	-2.24612	0	2.4911	0	0	0	
59.8	0.337	0.103	-1.65005	0	-1.51701	-2.24612	0	2.4911	0	0	0	
59.81	0.337	0.103	-1.67251	0	-1.4921	-2.24612	0	2.4911	0	0	0	
59.82	0.337	0.103	-1.69497	0	-1.46719	-2.24612	0	2.4911	0	0	0	
59.83	0.337	0.103	-1.71689	0	-1.44183	-2.09248	0	2.62013	0	0	0	
59.84	0.337	0.103	-1.73781	0	-1.41562	-2.09248	0	2.62013	0	0	0	
59.85	0.337	0.103	-1.75874	0	-1.38942	-2.09248	0	2.62013	0	0	0	
59.86	0.337	0.103	-1.77966	0	-1.36322	-2.09248	0	2.62013	0	0	0	
59.87	0.337	0.103	-1.80002	0	-1.3366	-1.9315	0	2.73967	0	0	0	
59.88	0.337	0.103	-1.81933	0	-1.3092	-1.9315	0	2.73967	0	0	0	
59.89	0.337	0.103	-1.83865	0	-1.28181	-1.9315	0	2.73967	0	0	0	
59.9	0.337	0.103	-1.85796	0	-1.25441	-1.9315	0	2.73967	0	0	0	
59.91	0.337	0.103	-1.87669	0	-1.22663	-1.76377	0	2.8493	0	0	0	
59.92	0.337	0.103	-1.89432	0	-1.19813	-1.76377	0	2.8493	0	0	0	
59.93	0.337	0.103	-1.91196	0	-1.16964	-1.76377	0	2.8493	0	0	0	
59.94	0.337	0.103	-1.9296	0	-1.14115	-1.76377	0	2.8493	0	0	0	
59.95	0.337	0.103	-1.94662	0	-1.1123	-1.58989	0	2.94865	0	0	0	
59.96	0.337	0.103	-1.96252	0	-1.08282	-1.58989	0	2.94865	0	0	0	
59.97	0.337	0.103	-1.97842	0	-1.05333	-1.58989	0	2.94865	0	0	0	
59.98	0.337	0.103	-1.99432	0	-1.02384	-1.58989	0	2.94865	0	0	0	
59.99	0.337	0.103	-2.00959	0	-0.994044	-1.41051	0	3.03738	0	0	0	
60	0.337	0.103	-2.02369	0	-0.963671	-1.41051	0	3.03738	0	0	0	
60.01	0.337	0.103	-2.0378	0	-0.933297	-1.41051	0	3.03738	0	0	0	
60.02	0.337	0.103	-2.0519	0	-0.902923	-1.41051	0	3.03738	0	0	0	
60.03	0.337	0.103	-2.06536	0	-0.872275	-1.22626	0	3.1152	0	0	0	
60.04	0.337	0.103	-2.07762	0	-0.841123	-1.22626	0	3.1152	0	0	0	
60.05	0.337	0.103	-2.08988	0	-0.809971	-1.22626	0	3.1152	0	0	0	
60.06	0.337	0.103	-2.10215	0	-0.778819	-1.22626	0	3.1152	0	0	0	
60.07	0.337	0.103	-2.11374	0	-0.747432	-1.03782	0	3.18183	0	0	0	
60.08	0.337	0.103	-2.12412	0	-0.715613	-1.03782	0	3.18183	0	0	0	
60.09	0.337	0.103	-2.1345	0	-0.683795	-1.03782	0	3.18183	0	0	0	
60.1	0.337	0.103	-2.14488	0	-0.651977	-1.03782	0	3.18183	0	0	0	
60.11	0.337	0.103	-2.15458	0	-0.619963	-0.845853	0	3.23707	0	0	0	
60.12	0.337	0.103	-2.16304	0	-0.587593	-0.845853	0	3.23707	0	0	0	
60.13	0.337	0.103	-2.1715	0	-0.555222	-0.845853	0	3.23707	0	0	0	
60.14	0.337	0.103	-2.17995	0	-0.522851	-0.845853	0	3.23707	0	0	0	
60.15	0.337	0.103	-2.18773	0	-0.490327	-0.651058	0	3.28073	0	0	0	
60.16	0.337	0.103	-2.19424	0	-0.457519	-0.651058	0	3.28073	0	0	0	
60.17	0.337	0.103	-2.20075	0	-0.424712	-0.651058	0	3.28073	0	0	0	
60.18	0.337	0.103	-2.20726	0	-0.391905	-0.651058	0	3.28073	0	0	0	
60.19	0.337	0.103	-2.21307	0	-0.358985	-0.45413	0	3.31267	0	0	0	
60.2	0.337	0.103	-2.21761	0	-0.325858	-0.45413	0	3.31267	0	0	0	
60.21	0.337	0.103	-2.22216	0	-0.292731	-0.45413	0	3.31267	0	0	0	
60.22	0.337	0.103	-2.2267	0	-0.259605	-0.45413	0	3.31267	0	0	0	
60.23	0.337	0.103	-2.23054	0	-0.226407	-0.255772	0	3.33281	0	0	0	
60.24	0.337	0.103	-2.2331	0	-0.193079	-0.255772	0	3.33281	0	0	0	
60.25	0.337	0.103	-2.23565	0	-0.159751	-0.255772	0	3.33281	0	0	0	
60.26	0.337	0.103	-2.23821	0	-0.126423	-0.255772	0	3.33281	0	0	0	
60.27	0.337	0.103	-2.24007	0	-0.0930655	-0.0566922	0	3.34108	0	0	0	
60.28	0.337	0.103	-2.24063	0	-0.0596547	-0.0566922	0	3.34108	0	0	0	
60.29	0.337	0.103	-2.2412	0	-0.026244	-0.0566922	0	3.34108	0	0	0	
60.3	0.337	0.103	-2.24177	0	0.00716681	-0.0566922	0	3.34108	0	0	0	
60.31	0.337	0.103	-2.24163	0	0.0405649	0.142402	0	3.33747	0	0	0	
60.32	0.337	0.103	-2.24021	0	0.0739396	0.142402	0	3.33747	0	0	0	
60.33	0.337	0.103	-2.23878	0	0.107314	0.142402	0	3.33747	0	0	0	
60.34	0.337	0.103	-2.23736	0	0.140689	0.142402	0	3.33747	0	0	0	
60.35	0.337	0.103	-2.23524	0	0.174009	0.340804	0	3.32203	0	0	0	
60.36	0.337	0.103	-2.23183	0	0.20723	0.340804	0	3.32203	0	0	0	
60.37	0.337	0.103	-2.22842	0	0.24045	0.340804	0	3.32203	0	0	0	
60.38	0.337	0.103	-2.22501	0	0.27367	0.340804	0	3.32203	0	0	0	
60.39	0.337	0.103	-2.22091	0	0.306795	0.537811	0	3.29481	0	0	0	
60.4	0.337	0.103	-2.21553	0	0.339743	0.537811	0	3.29481	0	0	0	
60.41	0.337	0.103	-2.21015	0	0.372691	0.537811	0	3.29481	0	0	0	
60.42	0.337	0.103	-2.20478	0	0.405639	0.537811	0	3.29481	0	0	0	
60.43	0.337	0.103	-2.19871	0	0.43845	0.732727	0	3.25595	0	0	0	
60.44	0.337	0.103	-2.19138	0	0.471009	0.732727	0	3.25595	0	0	0	
60.45	0.337	0.103	-2.18406	0	0.503569	0.732727	0	3.25595	0	0	0	
60.46	0.337	0.103	-2.17673	0	0.536128	0.732727	0	3.25595	0	0	0	
60.47	0.337	0.103	-2.16872	0	0.56851	0.924864	0	3.20558	0	0	0	
60.48	0.337	0.103	-2.15947	0	0.600566	0.924864	0	3.20558	0	0	0	
60.49	0.337	0.103	-2.15023	0	0.632622	0.924864	0	3.20558	0	0	0	
60.5	0.337	0.103	-2.14098	0	0.664678	0.924864	0	3.20558	0	0	0	
60.51	0.337	0.103	-2.13106	0	0.696516	1.11355	0	3.14391	0	0	0	
60.52	0.337	0.103	-2.11993	0	0.727955	1.11355	0	3.14391	0	0	0	
60.53	0.337	0.103	-2.10879	0	0.759394	1.11355	0	3.14391	0	0	0	
60.54	0.337	0.103	-2.09766	0	0.790833	1.11355	0	3.14391	0	0	0	
60.55	0.337	0.103	-2.08587	0	0.822016	1.29811	0	3.07117	0	0	0	
60.56	0.337	0.103	-2.07289	0	0.852727	1.29811	0	3.07117	0	0	0	
60.57	0.337	0.103	-2.05991	0	0.883439	1.29811	0	3.07117	0	0	0	
60.58	0.337	0.103	-2.04693	0	0.914151	1.29811	0	3.07117	0	0	0	
60.59	0.337	0.103	-2.03331	0	0.944568	1.47792	0	2.98765	0	0	0	
60.6	0.337	0.103	-2.01853	0	0.974444	1.47792	0	2.98765	0	0	0	
60.61	0.337	0.103	-2.00375	0	1.00432	1.47792	0	2.98765	0	0	0	
60.62	0.337	0.103	-1.98897	0	1.0342	1.47792	0	2.98765	0	0	0	
60.63	0.337	0.103	-1.97358	0	1.06374	1.65233	0	2.89364	0	0	0	
60.64	0.337	0.103	-1.95706	0	1.09268	1.65233	0	2.89364	0	0	0	
60.65	0.337	0.103	-1.94053	0	1.12162	1.65233	0	2.89364	0	0	0	
60.66	0.337	0.103	-1.92401	0	1.15055	1.65233	0	2.89364	0	0	0	
60.67	0.337	0.103	-1.90689	0	1.17912	1.82074	0	2.7895	0	0	0	
60.68	0.337	0.103	-1.88868	0	1.20702	1.82074	0	2.7895	0	0	0	
60.69	0.337	0.103	-1.87048	0	1.23491	1.82074	0	2.7895	0	0	0	
60.7	0.337	0.103	-1.85227	0	1.26281	1.82074	0	2.7895	0	0	0	
60.71	0.337	0.103	-1.83349	0	1.2903	1.98257	0	2.67562	0	0	0	
60.72	0.337	0.103	-1.81367	0	1.31706	1.98257	0	2.67562	0	0	0	
60.73	0.337	0.103	-1.79384	0	1.34381	1.98257	0	2.67562	0	0	0	
60.74	0.337	0.103	-1.77401	0	1.37057	1.98257	0	2.67562	0	0	0	
60.75	0.337	0.103	-1.75364	0	1.39689	2.13726	0	2.5524	0	0	0	
60.76	0.337	0.103	-1.73227	0	1.42241	2.13726	0	2.5524	0	0	0	
60.77	0.337	0.103	-1.7109	0	1.44794	2.13726	0	2.5524	0	0	0	
60.78	0.337	0.103	-1.68953	0	1.47346	2.13726	0	2.5524	0	0	0	
60.79	0.337	0.103	-1.66763	0	1.49852	2.28427	0	2.4203	0	0	0	
60.8	0.337	0.103	-1.64479	0	1.52272	2.28427	0	2.4203	0	0	0	
60.81	0.337	0.103	-1.62195	0	1.54693	2.28427	0	2.4203	0	0	0	
60.82	0.337	0.103	-1.59911	0	1.57113	2.28427	0	2.4203	0	0	0	
60.83	0.337	0.103	-1.57577	0	1.59484	2.42309	0	2.2798	0	0	0	
60.84	0.337	0.103	-1.55154	0	1.61763	2.42309	0	2.2798	0	0	0	
60.85	0.337	0.103	-1.52731	0	1.64043	2.42309	0	2.2798	0	0	0	
60.86	0.337	0.103	-1.50308	0	1.66323	2.42309	0	2.2798	0	0	0	
60.87	0.337	0.103	-1.47839	0	1.6855	2.55325	0	2.1314	0	0	0	
60.88	0.337	0.103	-1.45286	0	1.70682	2.55325	0	2.1314	0	0	0	
60.89	0.337	0.103	-1.42733	0	1.72813	2.55325	0	2.1314	0	0	0	
60.9	0.337	0.103	-1.40179	0	1.74945	2.55325	0	2.1314	0	0	0	
60.91	0.337	0.103	-1.37583	0	1.77021	2.67431	0	1.97564	0	0	0	
60.92	0.337	0.103	-1.34909	0	1.78997	2.67431	0	1.97564	0	0	0	
60.93	0.337	0.103	-1.32235	0	1.80972	2.67431	0	1.97564	0	0	0	
60.94	0.337	0.103	-1.2956	0	1.82948	2.67431	0	1.97564	0	0	0	
60.95	0.337	0.103	-1.26847	0	1.84866	2.78586	0	1.81308	0	0	0	
60.96	0.337	0.103	-1.24061	0	1.86679	2.78586	0	1.81308	0	0	0	
60.97	0.337	0.103	-1.21275	0	1.88492	2.78586	0	1.81308	0	0	0	
60.98	0.337	0.103	-1.18489	0	1.90305	2.78586	0	1.81308	0	0	0	
60.99	0.337	0.103	-1.15668	0	1.92059	2.8875	0	1.64429	0	0	0	
61	0.337	0.103	-1.1278	0	1.93703	2.8875	0	1.64429	0	0	0	
61.01	0.337	0.103	-1.09893	0	1.95348	2.8875	0	1.64429	0	0	0	
61.02	0.337	0.103	-1.07005	0	1.96992	2.8875	0	1.64429	0	0	0	
61.03	0.337	0.103	-1.04085	0	1.98575	2.97892	0	1.46989	0	0	0	
61.04	0.337	0.103	-1.01106	0	2.00045	2.97892	0	1.46989	0	0	0	
61.05	0.337	0.103	-0.981274	0	2.01514	2.97892	0	1.46989	0	0	0	
61.06	0.337	0.103	-0.951485	0	2.02984	2.97892	0	1.46989	0	0	0	
61.07	0.337	0.103	-0.921411	0	2.04391	3.05979	0	1.2905	0	0	0	
61.08	0.337	0.103	-0.890813	0	2.05681	3.05979	0	1.2905	0	0	0	
61.09	0.337	0.103	-0.860215	0	2.06972	3.05979	0	1.2905	0	0	0	
61.1	0.337	0.103	-0.829617	0	2.08262	3.05979	0	1.2905	0	0	0	
61.11	0.337	0.103	-0.798772	0	2.09488	3.12986	0	1.10674	0	0	0	
61.12	0.337	0.103	-0.767473	0	2.10595	3.12986	0	1.10674	0	0	0	
61.13	0.337	0.103	-0.736175	0	2.11702	3.12986	0	1.10674	0	0	0	
61.14	0.337	0.103	-0.704876	0	2.12808	3.12986	0	1.10674	0	0	0	
61.15	0.337	0.103	-0.673369	0	2.13849	3.18889	0	0.919274	0	0	0	
61.16	0.337	0.103	-0.64148	0	2.14768	3.18889	0	0.919274	0	0	0	
61.17	0.337	0.103	-0.609592	0	2.15688	3.18889	0	0.919274	0	0	0	
61.18	0.337	0.103	-0.577703	0	2.16607	3.18889	0	0.919274	0	0	0	
61.19	0.337	0.103	-0.545645	0	2.17459	3.23669	0	0.728761	0	0	0	
61.2	0.337	0.103	-0.513278	0	2.18188	3.23669	0	0.728761	0	0	0	
61.21	0.337	0.103	-0.480911	0	2.18916	3.23669	0	0.728761	0	0	0	
61.22	0.337	0.103	-0.448544	0	2.19645	3.23669	0	0.728761	0	0	0	
61.23	0.337	0.103	-0.416049	0	2.20306	3.27312	0	0.535873	0	0	0	
61.24	0.337	0.103	-0.383318	0	2.20842	3.27312	0	0.535873	0	0	0	
61.25	0.337	0.103	-0.350587	0	2.21378	3.27312	0	0.535873	0	0	0	
61.26	0.337	0.103	-0.317856	0	2.21913	3.27312	0	0.535873	0	0	0	
61.27	0.337	0.103	-0.285036	0	2.22381	3.29806	0	0.341289	0	0	0	
61.28	0.337	0.103	-0.252056	0	2.22722	3.29806	0	0.341289	0	0	0	
61.29	0.337	0.103	-0.219075	0	2.23063	3.29806	0	0.341289	0	0	0	
61.3	0.337	0.103	-0.186095	0	2.23405	3.29806	0	0.341289	0	0	0	
61.31	0.337	0.103	-0.153067	0	2.23677	3.31144	0	0.145692	0	0	0	
61.32	0.337	0.103	-0.119952	0	2.23823	3.31144	0	0.145692	0	0	0	
61.33	0.337	0.103	-0.086838	0	2.23968	3.31144	0	0.145692	0	0	0	
61.34	0.337	0.103	-0.0537235	0	2.24114	3.31144	0	0.145692	0	0	0	
61.35	0.337	0.103	-0.0206027	0	2.24191	3.31324	0	-0.050234	0	0	0	
61.36	0.337	0.103	0.0125297	0	2.2414	3.31324	0	-0.050234	0	0	0	
61.37	0.337	0.103	0.0456621	0	2.2409	3.31324	0	-0.050234	0	0	0	
61.38	0.337	0.103	0.0787946	0	2.2404	3.31324	0	-0.050234	0	0	0	
61.39	0.337	0.103	0.111893	0	2.23921	3.30347	0	-0.245803	0	0	0	
61.4	0.337	0.103	0.144927	0	2.23675	3.30347	0	-0.245803	0	0	0	
61.41	0.337	0.103	0.177962	0	2.23429	3.30347	0	-0.245803	0	0	0	
61.42	0.337	0.103	0.210997	0	2.23183	3.30347	0	-0.245803	0	0	0	
61.43	0.337	0.103	0.243956	0	2.22869	3.28218	0	-0.440334	0	0	0	
61.44	0.337	0.103	0.276778	0	2.22428	3.28218	0	-0.440334	0	0	0	
61.45	0.337	0.103	0.3096	0	2.21988	3.28218	0	-0.440334	0	0	0	
61.46	0.337	0.103	0.342422	0	2.21548	3.28218	0	-0.440334	0	0	0	
61.47	0.337	0.103	0.375128	0	2.21039	3.24946	0	-0.633149	0	0	0	
61.48	0.337	0.103	0.407623	0	2.20406	3.24946	0	-0.633149	0	0	0	
61.49	0.337	0.103	0.440117	0	2.19773	3.24946	0	-0.633149	0	0	0	
61.5	0.337	0.103	0.472612	0	2.1914	3.24946	0	-0.633149	0	0	0	
61.51	0.337	0.103	0.504951	0	2.1844	3.20543	0	-0.823579	0	0	0	
61.52	0.337	0.103	0.537005	0	2.17616	3.20543	0	-0.823579	0	0	0	
61.53	0.337	0.103	0.56906	0	2.16793	3.20543	0	-0.823579	0	0	0	
61.54	0.337	0.103	0.601114	0	2.15969	3.20543	0	-0.823579	0	0	0	
61.55	0.337	0.103	0.632974	0	2.15079	3.15029	0	-1.01096	0	0	0	
61.56	0.337	0.103	0.664477	0	2.14068	3.15029	0	-1.01096	0	0	0	
61.57	0.337	0.103	0.69598	0	2.13057	3.15029	0	-1.01096	0	0	0	
61.58	0.337	0.103	0.727482	0	2.12046	3.15029	0	-1.01096	0	0	0	
61.59	0.337	0.103	0.758752	0	2.10971	3.08422	0	-1.19466	0	0	0	
61.6	0.337	0.103	0.789594	0	2.09776	3.08422	0	-1.19466	0	0	0	
61.61	0.337	0.103	0.820437	0	2.08581	3.08422	0	-1.19466	0	0	0	
61.62	0.337	0.103	0.851279	0	2.07387	3.08422	0	-1.19466	0	0	0	
61.63	0.337	0.103	0.88185	0	2.06129	3.00749	0	-1.37402	0	0	0	
61.64	0.337	0.103	0.911925	0	2.04755	3.00749	0	-1.37402	0	0	0	
61.65	0.337	0.103	0.942	0	2.03381	3.00749	0	-1.37402	0	0	0	
61.66	0.337	0.103	0.972075	0	2.02007	3.00749	0	-1.37402	0	0	0	
61.67	0.337	0.103	1.00184	0	2.00571	2.92036	0	-1.54845	0	0	0	
61.68	0.337	0.103	1.03105	0	1.99023	2.92036	0	-1.54845	0	0	0	
61.69	0.337	0.103	1.06025	0	1.97474	2.92036	0	-1.54845	0	0	0	
61.7	0.337	0.103	1.08945	0	1.95926	2.92036	0	-1.54845	0	0	0	
61.71	0.337	0.103	1.11831	0	1.94318	2.82317	0	-1.71733	0	0	0	
61.72	0.337	0.103	1.14655	0	1.926	2.82317	0	-1.71733	0	0	0	
61.73	0.337	0.103	1.17478	0	1.90883	2.82317	0	-1.71733	0	0	0	
61.74	0.337	0.103	1.20301	0	1.89166	2.82317	0	-1.71733	0	0	0	
61.75	0.337	0.103	1.23086	0	1.87391	2.71626	0	-1.88009	0	0	0	
61.76	0.337	0.103	1.25803	0	1.85511	2.71626	0	-1.88009	0	0	0	
61.77	0.337	0.103	1.28519	0	1.83631	2.71626	0	-1.88009	0	0	0	
61.78	0.337	0.103	1.31235	0	1.81751	2.71626	0	-1.88009	0	0	0	
61.79	0.337	0.103	1.3391	0	1.79816	2.60002	0	-2.03618	0	0	0	
61.8	0.337	0.103	1.3651	0	1.77779	2.60002	0	-2.03618	0	0	0	
61.81	0.337	0.103	1.3911	0	1.75743	2.60002	0	-2.03618	0	0	0	
61.82	0.337	0.103	1.41711	0	1.73707	2.60002	0	-2.03618	0	0	0	
61.83	0.337	0.103	1.44266	0	1.71618	2.47487	0	-2.18506	0	0	0	
61.84	0.337	0.103	1.46741	0	1.69433	2.47487	0	-2.18506	0	0	0	
61.85	0.337	0.103	1.49216	0	1.67248	2.47487	0	-2.18506	0	0	0	
61.86	0.337	0.103	1.51691	0	1.65063	2.47487	0	-2.18506	0	0	0	
61.87	0.337	0.103	1.54119	0	1.62828	2.34125	0	-2.32623	0	0	0	
61.88	0.337	0.103	1.5646	0	1.60502	2.34125	0	-2.32623	0	0	0	
61.89	0.337	0.103	1.58801	0	1.58176	2.34125	0	-2.32623	0	0	0	
61.9	0.337	0.103	1.61142	0	1.5585	2.34125	0	-2.32623	0	0	0	
61.91	0.337	0.103	1.63434	0	1.53476	2.19965	0	-2.4592	0	0	0	
61.92	0.337	0.103	1.65633	0	1.51017	2.19965	0	-2.4592	0	0	0	
61.93	0.337	0.103	1.67833	0	1.48558	2.19965	0	-2.4592	0	0	0	
61.94	0.337	0.103	1.70033	0	1.46099	2.19965	0	-2.4592	0	0	0	
61.95	0.337	0.103	1.7218	0	1.43596	2.05055	0	-2.58355	0	0	0	
61.96	0.337	0.103	1.7423	0	1.41012	2.05055	0	-2.58355	0	0	0	
61.97	0.337	0.103	1.76281	0	1.38429	2.05055	0	-2.58355	0	0	0	
61.98	0.337	0.103	1.78331	0	1.35845	2.05055	0	-2.58355	0	0	0	
61.99	0.337	0.103	1.80327	0	1.33221	1.8945	0	-2.69883	0	0	0	
62	0.337	0.103	1.82221	0	1.30522	1.8945	0	-2.69883	0	0	0	
62.01	0.337	0.103	1.84116	0	1.27823	1.8945	0	-2.69883	0	0	0	
62.02	0.337	0.103	1.8601	0	1.25124	1.8945	0	-2.69883	0	0	0	
62.03	0.337	0.103	1.87848	0	1.22388	1.73204	0	-2.80468	0	0	0	
62.04	0.337	0.103	1.8958	0	1.19584	1.73204	0	-2.80468	0	0	0	
62.05	0.337	0.103	1.91312	0	1.16779	1.73204	0	-2.80468	0	0	0	
62.06	0.337	0.103	1.93044	0	1.13974	1.73204	0	-2.80468	0	0	0	
62.07	0.337	0.103	1.94716	0	1.11136	1.56374	0	-2.90074	0	0	0	
62.08	0.337	0.103	1.9628	0	1.08235	1.56374	0	-2.90074	0	0	0	
62.09	0.337	0.103	1.97844	0	1.05334	1.56374	0	-2.90074	0	0	0	
62.1	0.337	0.103	1.99408	0	1.02433	1.56374	0	-2.90074	0	0	0	
62.11	0.337	0.103	2.0091	0	0.995024	1.39019	0	-2.98669	0	0	0	
62.12	0.337	0.103	2.023	0	0.965157	1.39019	0	-2.98669	0	0	0	
62.13	0.337	0.103	2.03691	0	0.93529	1.39019	0	-2.98669	0	0	0	
62.14	0.337	0.103	2.05081	0	0.905423	1.39019	0	-2.98669	0	0	0	
62.15	0.337	0.103	2.06408	0	0.87529	1.21201	0	-3.06225	0	0	0	
62.16	0.337	0.103	2.0762	0	0.844667	1.21201	0	-3.06225	0	0	0	
62.17	0.337	0.103	2.08832	0	0.814045	1.21201	0	-3.06225	0	0	0	
62.18	0.337	0.103	2.10044	0	0.783422	1.21201	0	-3.06225	0	0	0	
62.19	0.337	0.103	2.11192	0	0.752571	1.0298	0	-3.12718	0	0	0	
62.2	0.337	0.103	2.12222	0	0.721299	1.0298	0	-3.12718	0	0	0	
62.21	0.337	0.103	2.13251	0	0.690027	1.0298	0	-3.12718	0	0	0	
62.22	0.337	0.103	2.14281	0	0.658755	1.0298	0	-3.12718	0	0	0	
62.23	0.337	0.103	2.15246	0	0.627293	0.84421	0	-3.18127	0	0	0	
62.24	0.337	0.103	2.1609	0	0.59548	0.84421	0	-3.18127	0	0	0	
62.25	0.337	0.103	2.16934	0	0.563667	0.84421	0	-3.18127	0	0	0	
62.26	0.337	0.103	2.17778	0	0.531855	0.84421	0	-3.18127	0	0	0	
62.27	0.337	0.103	2.18556	0	0.49989	0.65588	0	-3.22434	0	0	0	
62.28	0.337	0.103	2.19212	0	0.467647	0.65588	0	-3.22434	0	0	0	
62.29	0.337	0.103	2.19868	0	0.435403	0.65588	0	-3.22434	0	0	0	
62.3	0.337	0.103	2.20524	0	0.40316	0.65588	0	-3.22434	0	0	0	
62.31	0.337	0.103	2.21112	0	0.370804	0.465463	0	-3.25628	0	0	0	
62.32	0.337	0.103	2.21578	0	0.338241	0.465463	0	-3.25628	0	0	0	
62.33	0.337	0.103	2.22043	0	0.305678	0.465463	0	-3.25628	0	0	0	
62.34	0.337	0.103	2.22509	0	0.273115	0.465463	0	-3.25628	0	0	0	
62.35	0.337	0.103	2.22907	0	0.24048	0.273617	0	-3.27697	0	0	0	
62.36	0.337	0.103	2.2318	0	0.20771	0.273617	0	-3.27697	0	0	0	
62.37	0.337	0.103	2.23454	0	0.17494	0.273617	0	-3.27697	0	0	0	
62.38	0.337	0.103	2.23727	0	0.142171	0.273617	0	-3.27697	0	0	0	
62.39	0.337	0.103	2.23933	0	0.109368	0.0810047	0	-3.28638	0	0	0	
62.4	0.337	0.103	2.24014	0	0.0765038	0.0810047	0	-3.28638	0	0	0	
62.41	0.337	0.103	2.24095	0	0.04364	0.0810047	0	-3.28638	0	0	0	
62.42	0.337	0.103	2.24176	0	0.0107762	0.0810047	0	-3.28638	0	0	0	
62.43	0.337	0.103	2.24189	0	-0.0220809	-0.111711	0	-3.28448	0	0	0	
62.44	0.337	0.103	2.24077	0	-0.0549257	-0.111711	0	-3.28448	0	0	0	
62.45	0.337	0.103	2.23966	0	-0.0877705	-0.111711	0	-3.28448	0	0	0	
62.46	0.337	0.103	2.23854	0	-0.120615	-0.111711	0	-3.28448	0	0	0	
62.47	0.337	0.103	2.23675	0	-0.153414	-0.303867	0	-3.2713	0	0	0	
62.48	0.337	0.103	2.23371	0	-0.186127	-0.303867	0	-3.2713	0	0	0	
62.49	0.337	0.103	2.23067	0	-0.21884	-0.303867	0	-3.2713	0	0	0	
62.5	0.337	0.103	2.22763	0	-0.251553	-0.303867	0	-3.2713	0	0	0	
62.51	0.337	0.103	2.22392	0	-0.28418	-0.494806	0	-3.2469	0	0	0	
62.52	0.337	0.103	2.21897	0	-0.316649	-0.494806	0	-3.2469	0	0	0	
62.53	0.337	0.103	2.21402	0	-0.349118	-0.494806	0	-3.2469	0	0	0	
62.54	0.337	0.103	2.20907	0	-0.381587	-0.494806	0	-3.2469	0	0	0	
62.55	0.337	0.103	2.20346	0	-0.413931	-0.683874	0	-3.21139	0	0	0	
62.56	0.337	0.103	2.19662	0	-0.446044	-0.683874	0	-3.21139	0	0	0	
62.57	0.337	0.103	2.18978	0	-0.478158	-0.683874	0	-3.21139	0	0	0	
62.58	0.337	0.103	2.18294	0	-0.510272	-0.683874	0	-3.21139	0	0	0	
62.59	0.337	0.103	2.17544	0	-0.542222	-0.870425	0	-3.16489	0	0	0	
62.6	0.337	0.103	2.16674	0	-0.573871	-0.870425	0	-3.16489	0	0	0	
62.61	0.337	0.103	2.15804	0	-0.60552	-0.870425	0	-3.16489	0	0	0	
62.62	0.337	0.103	2.14933	0	-0.637169	-0.870425	0	-3.16489	0	0	0	
62.63	0.337	0.103	2.13998	0	-0.668615	-1.05382	0	-3.10759	0	0	0	
62.64	0.337	0.103	2.12944	0	-0.699691	-1.05382	0	-3.10759	0	0	0	
62.65	0.337	0.103	2.1189	0	-0.730767	-1.05382	0	-3.10759	0	0	0	
62.66	0.337	0.103	2.10837	0	-0.761843	-1.05382	0	-3.10759	0	0	0	
62.67	0.337	0.103	2.09719	0	-0.792679	-1.23345	0	-3.0397	0	0	0	
62.68	0.337	0.103	2.08486	0	-0.823076	-1.23345	0	-3.0397	0	0	0	
62.69	0.337	0.103	2.07253	0	-0.853473	-1.23345	0	-3.0397	0	0	0	
62.7	0.337	0.103	2.06019	0	-0.88387	-1.23345	0	-3.0397	0	0	0	
62.71	0.337	0.103	2.04724	0	-0.913991	-1.40869	0	-2.96146	0	0	0	
62.72	0.337	0.103	2.03315	0	-0.943606	-1.40869	0	-2.96146	0	0	0	
62.73	0.337	0.103	2.01906	0	-0.97322	-1.40869	0	-2.96146	0	0	0	
62.74	0.337	0.103	2.00498	0	-1.00283	-1.40869	0	-2.96146	0	0	0	
62.75	0.337	0.103	1.99029	0	-1.03214	-1.57895	0	-2.87316	0	0	0	
62.76	0.337	0.103	1.9745	0	-1.06087	-1.57895	0	-2.87316	0	0	0	
62.77	0.337	0.103	1.95871	0	-1.0896	-1.57895	0	-2.87316	0	0	0	
62.78	0.337	0.103	1.94292	0	-1.11833	-1.57895	0	-2.87316	0	0	0	
62.79	0.337	0.103	1.92655	0	-1.14672	-1.74366	0	-2.77513	0	0	0	
62.8	0.337	0.103	1.90911	0	-1.17447	-1.74366	0	-2.77513	0	0	0	
62.81	0.337	0.103	1.89168	0	-1.20222	-1.74366	0	-2.77513	0	0	0	
62.82	0.337	0.103	1.87424	0	-1.22997	-1.74366	0	-2.77513	0	0	0	
62.83	0.337	0.103	1.85625	0	-1.25734	-1.90226	0	-2.6677	0	0	0	
62.84	0.337	0.103	1.83722	0	-1.28402	-1.90226	0	-2.6677	0	0	0	
62.85	0.337	0.103	1.8182	0	-1.3107	-1.90226	0	-2.6677	0	0	0	
62.86	0.337	0.103	1.79918	0	-1.33738	-1.90226	0	-2.6677	0	0	0	
62.87	0.337	0.103	1.77962	0	-1.36364	-2.05422	0	-2.55125	0	0	0	
62.88	0.337	0.103	1.75908	0	-1.38915	-2.05422	0	-2.55125	0	0	0	
62.89	0.337	0.103	1.73853	0	-1.41467	-2.05422	0	-2.55125	0	0	0	
62.9	0.337	0.103	1.71799	0	-1.44018	-2.05422	0	-2.55125	0	0	0	
62.91	0.337	0.103	1.69694	0	-1.46525	-2.19904	0	-2.42621	0	0	0	
62.92	0.337	0.103	1.67495	0	-1.48951	-2.19904	0	-2.42621	0	0	0	
62.93	0.337	0.103	1.65296	0	-1.51378	-2.19904	0	-2.42621	0	0	0	
62.94	0.337	0.103	1.63097	0	-1.53804	-2.19904	0	-2.42621	0	0	0	
62.95	0.337	0.103	1.60849	0	-1.56183	-2.33623	0	-2.293	0	0	0	
62.96	0.337	0.103	1.58513	0	-1.58476	-2.33623	0	-2.293	0	0	0	
62.97	0.337	0.103	1.56177	0	-1.60769	-2.33623	0	-2.293	0	0	0	
62.98	0.337	0.103	1.53841	0	-1.63062	-2.33623	0	-2.293	0	0	0	
62.99	0.337	0.103	1.51459	0	-1.65305	-2.46532	0	-2.1521	0	0	0	
63	0.337	0.103	1.48994	0	-1.67457	-2.46532	0	-2.1521	0	0	0	
63.01	0.337	0.103	1.46528	0	-1.69609	-2.46532	0	-2.1521	0	0	0	
63.02	0.337	0.103	1.44063	0	-1.71762	-2.46532	0	-2.1521	0	0	0	
63.03	0.337	0.103	1.41555	0	-1.73861	-2.58591	0	-2.00399	0	0	0	
63.04	0.337	0.103	1.38969	0	-1.75865	-2.58591	0	-2.00399	0	0	0	
63.05	0.337	0.103	1.36383	0	-1.77869	-2.58591	0	-2.00399	0	0	0	
63.06	0.337	0.103	1.33797	0	-1.79873	-2.58591	0	-2.00399	0	0	0	
63.07	0.337	0.103	1.31172	0	-1.81823	-2.69758	0	-1.8492	0	0	0	
63.08	0.337	0.103	1.28475	0	-1.83672	-2.69758	0	-1.8492	0	0	0	
63.09	0.337	0.103	1.25777	0	-1.85521	-2.69758	0	-1.8492	0	0	0	
63.1	0.337	0.103	1.23079	0	-1.8737	-2.69758	0	-1.8492	0	0	0	
63.11	0.337	0.103	1.20346	0	-1.89163	-2.79998	0	-1.68825	0	0	0	
63.12	0.337	0.103	1.17546	0	-1.90851	-2.79998	0	-1.68825	0	0	0	
63.13	0.337	0.103	1.14746	0	-1.92539	-2.79998	0	-1.68825	0	0	0	
63.14	0.337	0.103	1.11946	0	-1.94228	-2.79998	0	-1.68825	0	0	0	
63.15	0.337	0.103	1.09113	0	-1.95857	-2.89276	0	-1.52171	0	0	0	
63.16	0.337	0.103	1.0622	0	-1.97379	-2.89276	0	-1.52171	0	0	0	
63.17	0.337	0.103	1.03327	0	-1.989	-2.89276	0	-1.52171	0	0	0	
63.18	0.337	0.103	1.00435	0	-2.00422	-2.89276	0	-1.52171	0	0	0	
63.19	0.337	0.103	0.975127	0	-2.01883	-2.97563	0	-1.35015	0	0	0	
63.2	0.337	0.103	0.945371	0	-2.03234	-2.97563	0	-1.35015	0	0	0	
63.21	0.337	0.103	0.915615	0	-2.04584	-2.97563	0	-1.35015	0	0	0	
63.22	0.337	0.103	0.885858	0	-2.05934	-2.97563	0	-1.35015	0	0	0	
63.23	0.337	0.103	0.855846	0	-2.07222	-3.04831	0	-1.17415	0	0	0	
63.24	0.337	0.103	0.825363	0	-2.08396	-3.04831	0	-1.17415	0	0	0	
63.25	0.337	0.103	0.794879	0	-2.0957	-3.04831	0	-1.17415	0	0	0	
63.26	0.337	0.103	0.764396	0	-2.10744	-3.04831	0	-1.17415	0	0	0	
63.27	0.337	0.103	0.733694	0	-2.11855	-3.11059	0	-0.99433	0	0	0	
63.28	0.337	0.103	0.702588	0	-2.12849	-3.11059	0	-0.99433	0	0	0	
63.29	0.337	0.103	0.671482	0	-2.13844	-3.11059	0	-0.99433	0	0	0	
63.3	0.337	0.103	0.640376	0	-2.14838	-3.11059	0	-0.99433	0	0	0	
63.31	0.337	0.103	0.609088	0	-2.15768	-3.16226	0	-0.811296	0	0	0	
63.32	0.337	0.103	0.577465	0	-2.16579	-3.16226	0	-0.811296	0	0	0	
63.33	0.337	0.103	0.545842	0	-2.1739	-3.16226	0	-0.811296	0	0	0	
63.34	0.337	0.103	0.51422	0	-2.18202	-3.16226	0	-0.811296	0	0	0	
63.35	0.337	0.103	0.482453	0	-2.18948	-3.20316	0	-0.625677	0	0	0	
63.36	0.337	0.103	0.450421	0	-2.19573	-3.20316	0	-0.625677	0	0	0	
63.37	0.337	0.103	0.41839	0	-2.20199	-3.20316	0	-0.625677	0	0	0	
63.38	0.337	0.103	0.386358	0	-2.20825	-3.20316	0	-0.625677	0	0	0	
63.39	0.337	0.103	0.354221	0	-2.21384	-3.23317	0	-0.438103	0	0	0	
63.4	0.337	0.103	0.321889	0	-2.21822	-3.23317	0	-0.438103	0	0	0	
63.41	0.337	0.103	0.289557	0	-2.2226	-3.23317	0	-0.438103	0	0	0	
63.42	0.337	0.103	0.257226	0	-2.22698	-3.23317	0	-0.438103	0	0	0	
63.43	0.337	0.103	0.224827	0	-2.2307	-3.25221	0	-0.249215	0	0	0	
63.44	0.337	0.103	0.192305	0	-2.23319	-3.25221	0	-0.249215	0	0	0	
63.45	0.337	0.103	0.159782	0	-2.23568	-3.25221	0	-0.249215	0	0	0	
63.46	0.337	0.103	0.12726	0	-2.23818	-3.25221	0	-0.249215	0	0	0	
63.47	0.337	0.103	0.09471	0	-2.24	-3.26023	0	-0.0596516	0	0	0	
63.48	0.337	0.103	0.0621078	0	-2.2406	-3.26023	0	-0.0596516	0	0	0	
63.49	0.337	0.103	0.0295055	0	-2.24119	-3.26023	0	-0.0596516	0	0	0	
63.5	0.337	0.103	-0.00309674	0	-2.24179	-3.26023	0	-0.0596516	0	0	0	
63.51	0.337	0.103	-0.0356883	0	-2.24172	-3.25721	0	0.129943	0	0	0	
63.52	0.337	0.103	-0.0682604	0	-2.24042	-3.25721	0	0.129943	0	0	0	
63.53	0.337	0.103	-0.100832	0	-2.23912	-3.25721	0	0.129943	0	0	0	
63.54	0.337	0.103	-0.133405	0	-2.23782	-3.25721	0	0.129943	0	0	0	
63.55	0.337	0.103	-0.165927	0	-2.23585	-3.24318	0	0.31893	0	0	0	
63.56	0.337	0.103	-0.198359	0	-2.23266	-3.24318	0	0.31893	0	0	0	
63.57	0.337	0.103	-0.230791	0	-2.22947	-3.24318	0	0.31893	0	0	0	
63.58	0.337	0.103	-0.263223	0	-2.22628	-3.24318	0	0.31893	0	0	0	
63.59	0.337	0.103	-0.295566	0	-2.22243	-3.21821	0	0.50667	0	0	0	
63.6	0.337	0.103	-0.327748	0	-2.21737	-3.21821	0	0.50667	0	0	0	
63.61	0.337	0.103	-0.359931	0	-2.2123	-3.21821	0	0.50667	0	0	0	
63.62	0.337	0.103	-0.392113	0	-2.20723	-3.21821	0	0.50667	0	0	0	
63.63	0.337	0.103	-0.424169	0	-2.20151	-3.1824	0	0.692531	0	0	0	
63.64	0.337	0.103	-0.455993	0	-2.19458	-3.1824	0	0.692531	0	0	0	
63.65	0.337	0.103	-0.487817	0	-2.18766	-3.1824	0	0.692531	0	0	0	
63.66	0.337	0.103	-0.519641	0	-2.18073	-3.1824	0	0.692531	0	0	0	
63.67	0.337	0.103	-0.551301	0	-2.17316	-3.13589	0	0.875891	0	0	0	
63.68	0.337	0.103	-0.582659	0	-2.1644	-3.13589	0	0.875891	0	0	0	
63.69	0.337	0.103	-0.614018	0	-2.15564	-3.13589	0	0.875891	0	0	0	
63.7	0.337	0.103	-0.645377	0	-2.14688	-3.13589	0	0.875891	0	0	0	
63.71	0.337	0.103	-0.676535	0	-2.13749	-3.07884	0	1.05613	0	0	0	
63.72	0.337	0.103	-0.707323	0	-2.12693	-3.07884	0	1.05613	0	0	0	
63.73	0.337	0.103	-0.738112	0	-2.11637	-3.07884	0	1.05613	0	0	0	
63.74	0.337	0.103	-0.7689	0	-2.10581	-3.07884	0	1.05613	0	0	0	
63.75	0.337	0.103	-0.799451	0	-2.09462	-3.01147	0	1.23265	0	0	0	
63.76	0.337	0.103	-0.829565	0	-2.0823	-3.01147	0	1.23265	0	0	0	
63.77	0.337	0.103	-0.85968	0	-2.06997	-3.01147	0	1.23265	0	0	0	
63.78	0.337	0.103	-0.889795	0	-2.05764	-3.01147	0	1.23265	0	0	0	
63.79	0.337	0.103	-0.919636	0	-2.04471	-2.93401	0	1.40487	0	0	0	
63.8	0.337	0.103	-0.948976	0	-2.03066	-2.93401	0	1.40487	0	0	0	
63.81	0.337	0.103	-0.978316	0	-2.01661	-2.93401	0	1.40487	0	0	0	
63.82	0.337	0.103	-1.00766	0	-2.00256	-2.93401	0	1.40487	0	0	0	
63.83	0.337	0.103	-1.03669	0	-1.98792	-2.84675	0	1.5722	0	0	0	
63.84	0.337	0.103	-1.06516	0	-1.9722	-2.84675	0	1.5722	0	0	0	
63.85	0.337	0.103	-1.09362	0	-1.95648	-2.84675	0	1.5722	0	0	0	
63.86	0.337	0.103	-1.12209	0	-1.94076	-2.84675	0	1.5722	0	0	0	
63.87	0.337	0.103	-1.15022	0	-1.92446	-2.74999	0	1.73409	0	0	0	
63.88	0.337	0.103	-1.17772	0	-1.90712	-2.74999	0	1.73409	0	0	0	
63.89	0.337	0.103	-1.20522	0	-1.88978	-2.74999	0	1.73409	0	0	0	
63.9	0.337	0.103	-1.23272	0	-1.87244	-2.74999	0	1.73409	0	0	0	
63.91	0.337	0.103	-1.25984	0	-1.85455	-2.64407	0	1.89001	0	0	0	
63.92	0.337	0.103	-1.28628	0	-1.83565	-2.64407	0	1.89001	0	0	0	
63.93	0.337	0.103	-1.31272	0	-1.81675	-2.64407	0	1.89001	0	0	0	
63.94	0.337	0.103	-1.33917	0	-1.79785	-2.64407	0	1.89001	0	0	0	
63.95	0.337	0.103	-1.3652	0	-1.77842	-2.52936	0	2.03944	0	0	0	
63.96	0.337	0.103	-1.3905	0	-1.75803	-2.52936	0	2.03944	0	0	0	
63.97	0.337	0.103	-1.41579	0	-1.73763	-2.52936	0	2.03944	0	0	0	
63.98	0.337	0.103	-1.44108	0	-1.71724	-2.52936	0	2.03944	0	0	0	
63.99	0.337	0.103	-1.46594	0	-1.69634	-2.40626	0	2.18189	0	0	0	
64	0.337	0.103	-1.49	0	-1.67452	-2.40626	0	2.18189	0	0	0	
64.01	0.337	0.103	-1.51407	0	-1.65271	-2.40626	0	2.18189	0	0	0	
64.02	0.337	0.103	-1.53813	0	-1.63089	-2.40626	0	2.18189	0	0	0	
64.03	0.337	0.103	-1.56173	0	-1.60859	-2.27519	0	2.31689	0	0	0	
64.04	0.337	0.103	-1.58448	0	-1.58542	-2.27519	0	2.31689	0	0	0	
64.05	0.337	0.103	-1.60723	0	-1.56225	-2.27519	0	2.31689	0	0	0	
64.06	0.337	0.103	-1.62999	0	-1.53908	-2.27519	0	2.31689	0	0	0	
64.07	0.337	0.103	-1.65225	0	-1.51547	-2.13661	0	2.444	0	0	0	
64.08	0.337	0.103	-1.67361	0	-1.49103	-2.13661	0	2.444	0	0	0	
64.09	0.337	0.103	-1.69498	0	-1.46659	-2.13661	0	2.444	0	0	0	
64.1	0.337	0.103	-1.71635	0	-1.44215	-2.13661	0	2.444	0	0	0	
64.11	0.337	0.103	-1.7372	0	-1.41729	-1.99099	0	2.56281	0	0	0	
64.12	0.337	0.103	-1.75711	0	-1.39166	-1.99099	0	2.56281	0	0	0	
64.13	0.337	0.103	-1.77702	0	-1.36603	-1.99099	0	2.56281	0	0	0	
64.14	0.337	0.103	-1.79693	0	-1.3404	-1.99099	0	2.56281	0	0	0	
64.15	0.337	0.103	-1.8163	0	-1.31439	-1.83882	0	2.67292	0	0	0	
64.16	0.337	0.103	-1.83469	0	-1.28766	-1.83882	0	2.67292	0	0	0	
64.17	0.337	0.103	-1.85308	0	-1.26093	-1.83882	0	2.67292	0	0	0	
64.18	0.337	0.103	-1.87147	0	-1.2342	-1.83882	0	2.67292	0	0	0	
64.19	0.337	0.103	-1.8893	0	-1.20711	-1.68064	0	2.77399	0	0	0	
64.2	0.337	0.103	-1.9061	0	-1.17937	-1.68064	0	2.77399	0	0	0	
64.21	0.337	0.103	-1.92291	0	-1.15163	-1.68064	0	2.77399	0	0	0	
64.22	0.337	0.103	-1.93972	0	-1.12389	-1.68064	0	2.77399	0	0	0	
64.23	0.337	0.103	-1.95594	0	-1.09583	-1.51697	0	2.86568	0	0	0	
64.24	0.337	0.103	-1.97111	0	-1.06717	-1.51697	0	2.86568	0	0	0	
64.25	0.337	0.103	-1.98628	0	-1.03852	-1.51697	0	2.86568	0	0	0	
64.26	0.337	0.103	-2.00145	0	-1.00986	-1.51697	0	2.86568	0	0	0	
64.27	0.337	0.103	-2.01603	0	-0.980914	-1.34838	0	2.94772	0	0	0	
64.28	0.337	0.103	-2.02951	0	-0.951437	-1.34838	0	2.94772	0	0	0	
64.29	0.337	0.103	-2.043	0	-0.92196	-1.34838	0	2.94772	0	0	0	
64.3	0.337	0.103	-2.05648	0	-0.892482	-1.34838	0	2.94772	0	0	0	
64.31	0.337	0.103	-2.06935	0	-0.862751	-1.17542	0	3.01982	0	0	0	
64.32	0.337	0.103	-2.08111	0	-0.832553	-1.17542	0	3.01982	0	0	0	
64.33	0.337	0.103	-2.09286	0	-0.802354	-1.17542	0	3.01982	0	0	0	
64.34	0.337	0.103	-2.10462	0	-0.772156	-1.17542	0	3.01982	0	0	0	
64.35	0.337	0.103	-2.11575	0	-0.741739	-0.998698	0	3.08178	0	0	0	
64.36	0.337	0.103	-2.12573	0	-0.710922	-0.998698	0	3.08178	0	0	0	
64.37	0.337	0.103	-2.13572	0	-0.680104	-0.998698	0	3.08178	0	0	0	
64.38	0.337	0.103	-2.14571	0	-0.649286	-0.998698	0	3.08178	0	0	0	
64.39	0.337	0.103	-2.15506	0	-0.618286	-0.818794	0	3.13339	0	0	0	
64.4	0.337	0.103	-2.16325	0	-0.586952	-0.818794	0	3.13339	0	0	0	
64.41	0.337	0.103	-2.17144	0	-0.555618	-0.818794	0	3.13339	0	0	0	
64.42	0.337	0.103	-2.17962	0	-0.524284	-0.818794	0	3.13339	0	0	0	
64.43	0.337	0.103	-2.18717	0	-0.492805	-0.636318	0	3.17451	0	0	0	
64.44	0.337	0.103	-2.19353	0	-0.46106	-0.636318	0	3.17451	0	0	0	
64.45	0.337	0.103	-2.1999	0	-0.429315	-0.636318	0	3.17451	0	0	0	
64.46	0.337	0.103	-2.20626	0	-0.39757	-0.636318	0	3.17451	0	0	0	
64.47	0.337	0.103	-2.21197	0	-0.365718	-0.45188	0	3.205	0	0	0	
64.48	0.337	0.103	-2.21649	0	-0.333667	-0.45188	0	3.205	0	0	0	
64.49	0.337	0.103	-2.22101	0	-0.301617	-0.45188	0	3.205	0	0	0	
64.5	0.337	0.103	-2.22553	0	-0.269567	-0.45188	0	3.205	0	0	0	
64.51	0.337	0.103	-2.22939	0	-0.237448	-0.2661	0	3.22479	0	0	0	
64.52	0.337	0.103	-2.23205	0	-0.2052	-0.2661	0	3.22479	0	0	0	
64.53	0.337	0.103	-2.23471	0	-0.172952	-0.2661	0	3.22479	0	0	0	
64.54	0.337	0.103	-2.23737	0	-0.140704	-0.2661	0	3.22479	0	0	0	
64.55	0.337	0.103	-2.23938	0	-0.108424	-0.0795969	0	3.23382	0	0	0	
64.56	0.337	0.103	-2.24017	0	-0.076086	-0.0795969	0	3.23382	0	0	0	
64.57	0.337	0.103	-2.24097	0	-0.0437478	-0.0795969	0	3.23382	0	0	0	
64.58	0.337	0.103	-2.24176	0	-0.0114096	-0.0795969	0	3.23382	0	0	0	
64.59	0.337	0.103	-2.2419	0	0.0209225	0.107007	0	3.23208	0	0	0	
64.6	0.337	0.103	-2.24083	0	0.0532433	0.107007	0	3.23208	0	0	0	
64.61	0.337	0.103	-2.23976	0	0.0855641	0.107007	0	3.23208	0	0	0	
64.62	0.337	0.103	-2.23869	0	0.117885	0.107007	0	3.23208	0	0	0	
64.63	0.337	0.103	-2.23697	0	0.150162	0.29309	0	3.21959	0	0	0	
64.64	0.337	0.103	-2.23403	0	0.182357	0.29309	0	3.21959	0	0	0	
64.65	0.337	0.103	-2.2311	0	0.214553	0.29309	0	3.21959	0	0	0	
64.66	0.337	0.103	-2.22817	0	0.246749	0.29309	0	3.21959	0	0	0	
64.67	0.337	0.103	-2.22459	0	0.278863	0.478036	0	3.1964	0	0	0	
64.68	0.337	0.103	-2.21981	0	0.310827	0.478036	0	3.1964	0	0	0	
64.69	0.337	0.103	-2.21503	0	0.342791	0.478036	0	3.1964	0	0	0	
64.7	0.337	0.103	-2.21025	0	0.374755	0.478036	0	3.1964	0	0	0	
64.71	0.337	0.103	-2.20482	0	0.4066	0.66123	0	3.16262	0	0	0	
64.72	0.337	0.103	-2.19821	0	0.438226	0.66123	0	3.16262	0	0	0	
64.73	0.337	0.103	-2.1916	0	0.469853	0.66123	0	3.16262	0	0	0	
64.74	0.337	0.103	-2.18499	0	0.501479	0.66123	0	3.16262	0	0	0	
64.75	0.337	0.103	-2.17773	0	0.532949	0.842068	0	3.11836	0	0	0	
64.76	0.337	0.103	-2.16931	0	0.564133	0.842068	0	3.11836	0	0	0	
64.77	0.337	0.103	-2.16089	0	0.595316	0.842068	0	3.11836	0	0	0	
64.78	0.337	0.103	-2.15247	0	0.6265	0.842068	0	3.11836	0	0	0	
64.79	0.337	0.103	-2.14342	0	0.657491	1.01995	0	3.0638	0	0	0	
64.8	0.337	0.103	-2.13323	0	0.688129	1.01995	0	3.0638	0	0	0	
64.81	0.337	0.103	-2.12303	0	0.718767	1.01995	0	3.0638	0	0	0	
64.82	0.337	0.103	-2.11283	0	0.749405	1.01995	0	3.0638	0	0	0	
64.83	0.337	0.103	-2.10201	0	0.779815	1.1943	0	2.99912	0	0	0	
64.84	0.337	0.103	-2.09007	0	0.809806	1.1943	0	2.99912	0	0	0	
64.85	0.337	0.103	-2.07813	0	0.839797	1.1943	0	2.99912	0	0	0	
64.86	0.337	0.103	-2.06618	0	0.869788	1.1943	0	2.99912	0	0	0	
64.87	0.337	0.103	-2.05364	0	0.899516	1.36453	0	2.92455	0	0	0	
64.88	0.337	0.103	-2.03999	0	0.928762	1.36453	0	2.92455	0	0	0	
64.89	0.337	0.103	-2.02635	0	0.958008	1.36453	0	2.92455	0	0	0	
64.9	0.337	0.103	-2.0127	0	0.987253	1.36453	0	2.92455	0	0	0	
64.91	0.337	0.103	-1.99847	0	1.0162	1.5301	0	2.84037	0	0	0	
64.92	0.337	0.103	-1.98317	0	1.04461	1.5301	0	2.84037	0	0	0	
64.93	0.337	0.103	-1.96787	0	1.07301	1.5301	0	2.84037	0	0	0	
64.94	0.337	0.103	-1.95257	0	1.10141	1.5301	0	2.84037	0	0	0	
64.95	0.337	0.103	-1.9367	0	1.12949	1.69045	0	2.74685	0	0	0	
64.96	0.337	0.103	-1.9198	0	1.15695	1.69045	0	2.74685	0	0	0	
64.97	0.337	0.103	-1.9029	0	1.18442	1.69045	0	2.74685	0	0	0	
64.98	0.337	0.103	-1.88599	0	1.21189	1.69045	0	2.74685	0	0	0	
64.99	0.337	0.103	-1.86854	0	1.239	1.84507	0	2.64432	0	0	0	
65	0.337	0.103	-1.85009	0	1.26544	1.84507	0	2.64432	0	0	0	
65.01	0.337	0.103	-1.83164	0	1.29189	1.84507	0	2.64432	0	0	0	
65.02	0.337	0.103	-1.81319	0	1.31833	1.84507	0	2.64432	0	0	0	
65.03	0.337	0.103	-1.79422	0	1.34438	1.99345	0	2.53314	0	0	0	
65.04	0.337	0.103	-1.77428	0	1.36971	1.99345	0	2.53314	0	0	0	
65.05	0.337	0.103	-1.75435	0	1.39504	1.99345	0	2.53314	0	0	0	
65.06	0.337	0.103	-1.73441	0	1.42037	1.99345	0	2.53314	0	0	0	
65.07	0.337	0.103	-1.71398	0	1.44528	2.13511	0	2.41369	0	0	0	
65.08	0.337	0.103	-1.69263	0	1.46942	2.13511	0	2.41369	0	0	0	
65.09	0.337	0.103	-1.67128	0	1.49356	2.13511	0	2.41369	0	0	0	
65.1	0.337	0.103	-1.64992	0	1.51769	2.13511	0	2.41369	0	0	0	
65.11	0.337	0.103	-1.6281	0	1.54138	2.2696	0	2.28636	0	0	0	
65.12	0.337	0.103	-1.6054	0	1.56425	2.2696	0	2.28636	0	0	0	
65.13	0.337	0.103	-1.58271	0	1.58711	2.2696	0	2.28636	0	0	0	
65.14	0.337	0.103	-1.56001	0	1.60997	2.2696	0	2.28636	0	0	0	
65.15	0.337	0.103	-1.53687	0	1.63236	2.39648	0	2.1516	0	0	0	
65.16	0.337	0.103	-1.5129	0	1.65388	2.39648	0	2.1516	0	0	0	
65.17	0.337	0.103	-1.48894	0	1.67539	2.39648	0	2.1516	0	0	0	
65.18	0.337	0.103	-1.46497	0	1.69691	2.39648	0	2.1516	0	0	0	
65.19	0.337	0.103	-1.44059	0	1.71793	2.51534	0	2.00986	0	0	0	
65.2	0.337	0.103	-1.41544	0	1.73802	2.51534	0	2.00986	0	0	0	
65.21	0.337	0.103	-1.39028	0	1.75812	2.51534	0	2.00986	0	0	0	
65.22	0.337	0.103	-1.36513	0	1.77822	2.51534	0	2.00986	0	0	0	
65.23	0.337	0.103	-1.33959	0	1.7978	2.6258	0	1.86162	0	0	0	
65.24	0.337	0.103	-1.31333	0	1.81641	2.6258	0	1.86162	0	0	0	
65.25	0.337	0.103	-1.28707	0	1.83503	2.6258	0	1.86162	0	0	0	
65.26	0.337	0.103	-1.26081	0	1.85365	2.6258	0	1.86162	0	0	0	
65.27	0.337	0.103	-1.23419	0	1.87172	2.72751	0	1.70737	0	0	0	
65.28	0.337	0.103	-1.20692	0	1.88879	2.72751	0	1.70737	0	0	0	
65.29	0.337	0.103	-1.17964	0	1.90586	2.72751	0	1.70737	0	0	0	
65.3	0.337	0.103	-1.15237	0	1.92294	2.72751	0	1.70737	0	0	0	
65.31	0.337	0.103	-1.12477	0	1.93945	2.82015	0	1.54763	0	0	0	
65.32	0.337	0.103	-1.09657	0	1.95493	2.82015	0	1.54763	0	0	0	
65.33	0.337	0.103	-1.06836	0	1.9704	2.82015	0	1.54763	0	0	0	
65.34	0.337	0.103	-1.04016	0	1.98588	2.82015	0	1.54763	0	0	0	
65.35	0.337	0.103	-1.01167	0	2.00077	2.90343	0	1.38293	0	0	0	
65.36	0.337	0.103	-0.982634	0	2.0146	2.90343	0	1.38293	0	0	0	
65.37	0.337	0.103	-0.953599	0	2.02843	2.90343	0	1.38293	0	0	0	
65.38	0.337	0.103	-0.924565	0	2.04226	2.90343	0	1.38293	0	0	0	
65.39	0.337	0.103	-0.895271	0	2.05549	2.97708	0	1.21383	0	0	0	
65.4	0.337	0.103	-0.8655	0	2.06763	2.97708	0	1.21383	0	0	0	
65.41	0.337	0.103	-0.83573	0	2.07977	2.97708	0	1.21383	0	0	0	
65.42	0.337	0.103	-0.805959	0	2.09191	2.97708	0	1.21383	0	0	0	
65.43	0.337	0.103	-0.775963	0	2.10344	3.04088	0	1.04088	0	0	0	
65.44	0.337	0.103	-0.745554	0	2.11385	3.04088	0	1.04088	0	0	0	
65.45	0.337	0.103	-0.715145	0	2.12425	3.04088	0	1.04088	0	0	0	
65.46	0.337	0.103	-0.684737	0	2.13466	3.04088	0	1.04088	0	0	0	
65.47	0.337	0.103	-0.654138	0	2.14445	3.09463	0	0.864668	0	0	0	
65.48	0.337	0.103	-0.623192	0	2.1531	3.09463	0	0.864668	0	0	0	
65.49	0.337	0.103	-0.592246	0	2.16174	3.09463	0	0.864668	0	0	0	
65.5	0.337	0.103	-0.561299	0	2.17039	3.09463	0	0.864668	0	0	0	
65.51	0.337	0.103	-0.5302	0	2.17841	3.13817	0	0.685767	0	0	0	
65.52	0.337	0.103	-0.498818	0	2.18526	3.13817	0	0.685767	0	0	0	
65.53	0.337	0.103	-0.467436	0	2.19212	3.13817	0	0.685767	0	0	0	
65.54	0.337	0.103	-0.436054	0	2.19898	3.13817	0	0.685767	0	0	0	
65.55	0.337	0.103	-0.404555	0	2.2052	3.17138	0	0.50477	0	0	0	
65.56	0.337	0.103	-0.372842	0	2.21025	3.17138	0	0.50477	0	0	0	
65.57	0.337	0.103	-0.341128	0	2.21529	3.17138	0	0.50477	0	0	0	
65.58	0.337	0.103	-0.309414	0	2.22034	3.17138	0	0.50477	0	0	0	
65.59	0.337	0.103	-0.27762	0	2.22475	3.19415	0	0.322274	0	0	0	
65.6	0.337	0.103	-0.245679	0	2.22797	3.19415	0	0.322274	0	0	0	
65.61	0.337	0.103	-0.213737	0	2.23119	3.19415	0	0.322274	0	0	0	
65.62	0.337	0.103	-0.181796	0	2.23441	3.19415	0	0.322274	0	0	0	
65.63	0.337	0.103	-0.149811	0	2.23699	3.20643	0	0.13888	0	0	0	
65.64	0.337	0.103	-0.117746	0	2.23838	3.20643	0	0.13888	0	0	0	
65.65	0.337	0.103	-0.0856821	0	2.23977	3.20643	0	0.13888	0	0	0	
65.66	0.337	0.103	-0.0536178	0	2.24116	3.20643	0	0.13888	0	0	0	
65.67	0.337	0.103	-0.0215472	0	2.2419	3.2082	0	-0.0448095	0	0	0	
65.68	0.337	0.103	0.0105348	0	2.24145	3.2082	0	-0.0448095	0	0	0	
65.69	0.337	0.103	0.0426168	0	2.241	3.2082	0	-0.0448095	0	0	0	
65.7	0.337	0.103	0.0746987	0	2.24055	3.2082	0	-0.0448095	0	0	0	
65.71	0.337	0.103	0.10675	0	2.23946	3.19946	0	-0.228193	0	0	0	
65.72	0.337	0.103	0.138744	0	2.23718	3.19946	0	-0.228193	0	0	0	
65.73	0.337	0.103	0.170739	0	2.23489	3.19946	0	-0.228193	0	0	0	
65.74	0.337	0.103	0.202734	0	2.23261	3.19946	0	-0.228193	0	0	0	
65.75	0.337	0.103	0.23466	0	2.22969	3.18025	0	-0.410672	0	0	0	
65.76	0.337	0.103	0.266463	0	2.22558	3.18025	0	-0.410672	0	0	0	
65.77	0.337	0.103	0.298265	0	2.22147	3.18025	0	-0.410672	0	0	0	
65.78	0.337	0.103	0.330068	0	2.21737	3.18025	0	-0.410672	0	0	0	
65.79	0.337	0.103	0.361766	0	2.21262	3.15066	0	-0.591649	0	0	0	
65.8	0.337	0.103	0.393273	0	2.2067	3.15066	0	-0.591649	0	0	0	
65.81	0.337	0.103	0.424779	0	2.20079	3.15066	0	-0.591649	0	0	0	
65.82	0.337	0.103	0.456286	0	2.19487	3.15066	0	-0.591649	0	0	0	
65.83	0.337	0.103	0.487652	0	2.18832	3.1108	0	-0.770536	0	0	0	
65.84	0.337	0.103	0.51876	0	2.18062	3.1108	0	-0.770536	0	0	0	
65.85	0.337	0.103	0.549868	0	2.17291	3.1108	0	-0.770536	0	0	0	
65.86	0.337	0.103	0.580976	0	2.16521	3.1108	0	-0.770536	0	0	0	
65.87	0.337	0.103	0.611907	0	2.15688	3.06081	0	-0.94675	0	0	0	
65.88	0.337	0.103	0.642516	0	2.14741	3.06081	0	-0.94675	0	0	0	
65.89	0.337	0.103	0.673124	0	2.13795	3.06081	0	-0.94675	0	0	0	
65.9	0.337	0.103	0.703732	0	2.12848	3.06081	0	-0.94675	0	0	0	
65.91	0.337	0.103	0.734128	0	2.1184	3.00086	0	-1.11972	0	0	0	
65.92	0.337	0.103	0.764137	0	2.1072	3.00086	0	-1.11972	0	0	0	
65.93	0.337	0.103	0.794145	0	2.09601	3.00086	0	-1.11972	0	0	0	
65.94	0.337	0.103	0.824154	0	2.08481	3.00086	0	-1.11972	0	0	0	
65.95	0.337	0.103	0.853917	0	2.07301	2.93118	0	-1.28889	0	0	0	
65.96	0.337	0.103	0.883229	0	2.06013	2.93118	0	-1.28889	0	0	0	
65.97	0.337	0.103	0.912541	0	2.04724	2.93118	0	-1.28889	0	0	0	
65.98	0.337	0.103	0.941852	0	2.03435	2.93118	0	-1.28889	0	0	0	
65.99	0.337	0.103	0.970885	0	2.02088	2.852	0	-1.45371	0	0	0	
66	0.337	0.103	0.999405	0	2.00634	2.852	0	-1.45371	0	0	0	
66.01	0.337	0.103	1.02792	0	1.9918	2.852	0	-1.45371	0	0	0	
66.02	0.337	0.103	1.05644	0	1.97727	2.852	0	-1.45371	0	0	0	
66.03	0.337	0.103	1.08465	0	1.96217	2.76359	0	-1.61365	0	0	0	
66.04	0.337	0.103	1.11229	0	1.94603	2.76359	0	-1.61365	0	0	0	
66.05	0.337	0.103	1.13992	0	1.92989	2.76359	0	-1.61365	0	0	0	
66.06	0.337	0.103	1.16756	0	1.91376	2.76359	0	-1.61365	0	0	0	
66.07	0.337	0.103	1.19485	0	1.89707	2.66625	0	-1.76819	0	0	0	
66.08	0.337	0.103	1.22152	0	1.87939	2.66625	0	-1.76819	0	0	0	
66.09	0.337	0.103	1.24818	0	1.86171	2.66625	0	-1.76819	0	0	0	
66.1	0.337	0.103	1.27484	0	1.84403	2.66625	0	-1.76819	0	0	0	
66.11	0.337	0.103	1.30113	0	1.82582	2.56031	0	-1.91684	0	0	0	
66.12	0.337	0.103	1.32673	0	1.80665	2.56031	0	-1.91684	0	0	0	
66.13	0.337	0.103	1.35234	0	1.78749	2.56031	0	-1.91684	0	0	0	
66.14	0.337	0.103	1.37794	0	1.76832	2.56031	0	-1.91684	0	0	0	
66.15	0.337	0.103	1.40314	0	1.74865	2.44614	0	-2.05913	0	0	0	
66.16	0.337	0.103	1.4276	0	1.72806	2.44614	0	-2.05913	0	0	0	
66.17	0.337	0.103	1.45206	0	1.70746	2.44614	0	-2.05913	0	0	0	
66.18	0.337	0.103	1.47652	0	1.68687	2.44614	0	-2.05913	0	0	0	
66.19	0.337	0.103	1.50055	0	1.6658	2.32411	0	-2.1946	0	0	0	
66.2	0.337	0.103	1.5238	0	1.64386	2.32411	0	-2.1946	0	0	0	
66.21	0.337	0.103	1.54704	0	1.62191	2.32411	0	-2.1946	0	0	0	
66.22	0.337	0.103	1.57028	0	1.59997	2.32411	0	-2.1946	0	0	0	
66.23	0.337	0.103	1.59306	0	1.57757	2.19463	0	-2.32282	0	0	0	
66.24	0.337	0.103	1.61501	0	1.55434	2.19463	0	-2.32282	0	0	0	
66.25	0.337	0.103	1.63695	0	1.53111	2.19463	0	-2.32282	0	0	0	
66.26	0.337	0.103	1.6589	0	1.50788	2.19463	0	-2.32282	0	0	0	
66.27	0.337	0.103	1.68037	0	1.48423	2.05813	0	-2.44338	0	0	0	
66.28	0.337	0.103	1.70095	0	1.4598	2.05813	0	-2.44338	0	0	0	
66.29	0.337	0.103	1.72153	0	1.43536	2.05813	0	-2.44338	0	0	0	
66.3	0.337	0.103	1.74211	0	1.41093	2.05813	0	-2.44338	0	0	0	
66.31	0.337	0.103	1.76219	0	1.3861	1.91507	0	-2.55591	0	0	0	
66.32	0.337	0.103	1.78134	0	1.36054	1.91507	0	-2.55591	0	0	0	
66.33	0.337	0.103	1.80049	0	1.33498	1.91507	0	-2.55591	0	0	0	
66.34	0.337	0.103	1.81964	0	1.30942	1.91507	0	-2.55591	0	0	0	
66.35	0.337	0.103	1.83826	0	1.28349	1.76592	0	-2.66005	0	0	0	
66.36	0.337	0.103	1.85592	0	1.25689	1.76592	0	-2.66005	0	0	0	
66.37	0.337	0.103	1.87358	0	1.23029	1.76592	0	-2.66005	0	0	0	
66.38	0.337	0.103	1.89124	0	1.20369	1.76592	0	-2.66005	0	0	0	
66.39	0.337	0.103	1.90835	0	1.17675	1.61117	0	-2.75548	0	0	0	
66.4	0.337	0.103	1.92447	0	1.1492	1.61117	0	-2.75548	0	0	0	
66.41	0.337	0.103	1.94058	0	1.12164	1.61117	0	-2.75548	0	0	0	
66.42	0.337	0.103	1.95669	0	1.09409	1.61117	0	-2.75548	0	0	0	
66.43	0.337	0.103	1.97224	0	1.06623	1.45133	0	-2.84189	0	0	0	
66.44	0.337	0.103	1.98675	0	1.03781	1.45133	0	-2.84189	0	0	0	
66.45	0.337	0.103	2.00126	0	1.00939	1.45133	0	-2.84189	0	0	0	
66.46	0.337	0.103	2.01578	0	0.980974	1.45133	0	-2.84189	0	0	0	
66.47	0.337	0.103	2.02971	0	0.952283	1.28693	0	-2.91902	0	0	0	
66.48	0.337	0.103	2.04258	0	0.923093	1.28693	0	-2.91902	0	0	0	
66.49	0.337	0.103	2.05545	0	0.893903	1.28693	0	-2.91902	0	0	0	
66.5	0.337	0.103	2.06832	0	0.864712	1.28693	0	-2.91902	0	0	0	
66.51	0.337	0.103	2.08059	0	0.835284	1.1185	0	-2.98664	0	0	0	
66.52	0.337	0.103	2.09178	0	0.805417	1.1185	0	-2.98664	0	0	0	
66.53	0.337	0.103	2.10296	0	0.775551	1.1185	0	-2.98664	0	0	0	
66.54	0.337	0.103	2.11415	0	0.745684	1.1185	0	-2.98664	0	0	0	
66.55	0.337	0.103	2.12473	0	0.715614	0.946596	0	-3.04454	0	0	0	
66.56	0.337	0.103	2.13419	0	0.685168	0.946596	0	-3.04454	0	0	0	
66.57	0.337	0.103	2.14366	0	0.654723	0.946596	0	-3.04454	0	0	0	
66.58	0.337	0.103	2.15312	0	0.624278	0.946596	0	-3.04454	0	0	0	
66.59	0.337	0.103	2.16197	0	0.593663	0.771779	0	-3.09254	0	0	0	
66.6	0.337	0.103	2.16969	0	0.562738	0.771779	0	-3.09254	0	0	0	
66.61	0.337	0.103	2.17741	0	0.531812	0.771779	0	-3.09254	0	0	0	
66.62	0.337	0.103	2.18513	0	0.500887	0.771779	0	-3.09254	0	0	0	
66.63	0.337	0.103	2.19222	0	0.469827	0.594618	0	-3.13051	0	0	0	
66.64	0.337	0.103	2.19817	0	0.438522	0.594618	0	-3.13051	0	0	0	
66.65	0.337	0.103	2.20411	0	0.407217	0.594618	0	-3.13051	0	0	0	
66.66	0.337	0.103	2.21006	0	0.375912	0.594618	0	-3.13051	0	0	0	
66.67	0.337	0.103	2.21537	0	0.344509	0.415688	0	-3.15833	0	0	0	
66.68	0.337	0.103	2.21953	0	0.312926	0.415688	0	-3.15833	0	0	0	
66.69	0.337	0.103	2.22369	0	0.281342	0.415688	0	-3.15833	0	0	0	
66.7	0.337	0.103	2.22784	0	0.249759	0.415688	0	-3.15833	0	0	0	
66.71	0.337	0.103	2.23137	0	0.218113	0.235569	0	-3.17594	0	0	0	
66.72	0.337	0.103	2.23372	0	0.186354	0.235569	0	-3.17594	0	0	0	
66.73	0.337	0.103	2.23608	0	0.154595	0.235569	0	-3.17594	0	0	0	
66.74	0.337	0.103	2.23843	0	0.122835	0.235569	0	-3.17594	0	0	0	
66.75	0.337	0.103	2.24015	0	0.0910499	0.0548439	0	-3.18329	0	0	0	
66.76	0.337	0.103	2.2407	0	0.059217	0.0548439	0	-3.18329	0	0	0	
66.77	0.337	0.103	2.24125	0	0.0273841	0.0548439	0	-3.18329	0	0	0	
66.78	0.337	0.103	2.2418	0	-0.00444871	0.0548439	0	-3.18329	0	0	0	
66.79	0.337	0.103	2.24171	0	-0.0362713	-0.125904	0	-3.18036	0	0	0	
66.8	0.337	0.103	2.24045	0	-0.0680749	-0.125904	0	-3.18036	0	0	0	
66.81	0.337	0.103	2.23919	0	-0.0998785	-0.125904	0	-3.18036	0	0	0	
66.82	0.337	0.103	2.23793	0	-0.131682	-0.125904	0	-3.18036	0	0	0	
66.83	0.337	0.103	2.23603	0	-0.163439	-0.306092	0	-3.16719	0	0	0	
66.84	0.337	0.103	2.23297	0	-0.195111	-0.306092	0	-3.16719	0	0	0	
66.85	0.337	0.103	2.22991	0	-0.226783	-0.306092	0	-3.16719	0	0	0	
66.86	0.337	0.103	2.22685	0	-0.258455	-0.306092	0	-3.16719	0	0	0	
66.87	0.337	0.103	2.22316	0	-0.290044	-0.485141	0	-3.14383	0	0	0	
66.88	0.337	0.103	2.21831	0	-0.321483	-0.485141	0	-3.14383	0	0	0	
66.89	0.337	0.103	2.21346	0	-0.352921	-0.485141	0	-3.14383	0	0	0	
66.9	0.337	0.103	2.20861	0	-0.384359	-0.485141	0	-3.14383	0	0	0	
66.91	0.337	0.103	2.20313	0	-0.41568	-0.662475	0	-3.11037	0	0	0	
66.92	0.337	0.103	2.1965	0	-0.446783	-0.662475	0	-3.11037	0	0	0	
66.93	0.337	0.103	2.18988	0	-0.477887	-0.662475	0	-3.11037	0	0	0	
66.94	0.337	0.103	2.18325	0	-0.508991	-0.662475	0	-3.11037	0	0	0	
66.95	0.337	0.103	2.17601	0	-0.539941	-0.837528	0	-3.06694	0	0	0	
66.96	0.337	0.103	2.16764	0	-0.570611	-0.837528	0	-3.06694	0	0	0	
66.97	0.337	0.103	2.15926	0	-0.60128	-0.837528	0	-3.06694	0	0	0	
66.98	0.337	0.103	2.15089	0	-0.631949	-0.837528	0	-3.06694	0	0	0	
66.99	0.337	0.103	2.1419	0	-0.662431	-1.00974	0	-3.01368	0	0	0	
67	0.337	0.103	2.13181	0	-0.692568	-1.00974	0	-3.01368	0	0	0	
67.01	0.337	0.103	2.12171	0	-0.722704	-1.00974	0	-3.01368	0	0	0	
67.02	0.337	0.103	2.11161	0	-0.752841	-1.00974	0	-3.01368	0	0	0	
67.03	0.337	0.103	2.10092	0	-0.782756	-1.17856	0	-2.95078	0	0	0	
67.04	0.337	0.103	2.08913	0	-0.812264	-1.17856	0	-2.95078	0	0	0	
67.05	0.337	0.103	2.07735	0	-0.841772	-1.17856	0	-2.95078	0	0	0	
67.06	0.337	0.103	2.06556	0	-0.871279	-1.17856	0	-2.95078	0	0	0	
67.07	0.337	0.103	2.05319	0	-0.900532	-1.34345	0	-2.87846	0	0	0	
67.08	0.337	0.103	2.03976	0	-0.929317	-1.34345	0	-2.87846	0	0	0	
67.09	0.337	0.103	2.02633	0	-0.958101	-1.34345	0	-2.87846	0	0	0	
67.1	0.337	0.103	2.01289	0	-0.986886	-1.34345	0	-2.87846	0	0	0	
67.11	0.337	0.103	1.99889	0	-1.01538	-1.50389	0	-2.79696	0	0	0	
67.12	0.337	0.103	1.98385	0	-1.04335	-1.50389	0	-2.79696	0	0	0	
67.13	0.337	0.103	1.96881	0	-1.07132	-1.50389	0	-2.79696	0	0	0	
67.14	0.337	0.103	1.95377	0	-1.09929	-1.50389	0	-2.79696	0	0	0	
67.15	0.337	0.103	1.93819	0	-1.12694	-1.65937	0	-2.70655	0	0	0	
67.16	0.337	0.103	1.92159	0	-1.15401	-1.65937	0	-2.70655	0	0	0	
67.17	0.337	0.103	1.905	0	-1.18107	-1.65937	0	-2.70655	0	0	0	
67.18	0.337	0.103	1.88841	0	-1.20814	-1.65937	0	-2.70655	0	0	0	
67.19	0.337	0.103	1.87128	0	-1.23486	-1.8094	0	-2.60755	0	0	0	
67.2	0.337	0.103	1.85319	0	-1.26093	-1.8094	0	-2.60755	0	0	0	
67.21	0.337	0.103	1.83509	0	-1.28701	-1.8094	0	-2.60755	0	0	0	
67.22	0.337	0.103	1.817	0	-1.31308	-1.8094	0	-2.60755	0	0	0	
67.23	0.337	0.103	1.7984	0	-1.33878	-1.9535	0	-2.50028	0	0	0	
67.24	0.337	0.103	1.77886	0	-1.36378	-1.9535	0	-2.50028	0	0	0	
67.25	0.337	0.103	1.75933	0	-1.38878	-1.9535	0	-2.50028	0	0	0	
67.26	0.337	0.103	1.73979	0	-1.41379	-1.9535	0	-2.50028	0	0	0	
67.27	0.337	0.103	1.71977	0	-1.43838	-2.09122	0	-2.38509	0	0	0	
67.28	0.337	0.103	1.69886	0	-1.46223	-2.09122	0	-2.38509	0	0	0	
67.29	0.337	0.103	1.67795	0	-1.48609	-2.09122	0	-2.38509	0	0	0	
67.3	0.337	0.103	1.65704	0	-1.50994	-2.09122	0	-2.38509	0	0	0	
67.31	0.337	0.103	1.63566	0	-1.53335	-2.22214	0	-2.26236	0	0	0	
67.32	0.337	0.103	1.61344	0	-1.55598	-2.22214	0	-2.26236	0	0	0	
67.33	0.337	0.103	1.59122	0	-1.5786	-2.22214	0	-2.26236	0	0	0	
67.34	0.337	0.103	1.569	0	-1.60123	-2.22214	0	-2.26236	0	0	0	
67.35	0.337	0.103	1.54634	0	-1.62339	-2.34583	0	-2.1325	0	0	0	
67.36	0.337	0.103	1.52288	0	-1.64472	-2.34583	0	-2.1325	0	0	0	
67.37	0.337	0.103	1.49942	0	-1.66604	-2.34583	0	-2.1325	0	0	0	
67.38	0.337	0.103	1.47596	0	-1.68737	-2.34583	0	-2.1325	0	0	0	
67.39	0.337	0.103	1.4521	0	-1.70821	-2.46192	0	-1.99594	0	0	0	
67.4	0.337	0.103	1.42748	0	-1.72817	-2.46192	0	-1.99594	0	0	0	
67.41	0.337	0.103	1.40286	0	-1.74813	-2.46192	0	-1.99594	0	0	0	
67.42	0.337	0.103	1.37824	0	-1.76809	-2.46192	0	-1.99594	0	0	0	
67.43	0.337	0.103	1.35324	0	-1.78754	-2.57005	0	-1.85311	0	0	0	
67.44	0.337	0.103	1.32754	0	-1.80607	-2.57005	0	-1.85311	0	0	0	
67.45	0.337	0.103	1.30184	0	-1.8246	-2.57005	0	-1.85311	0	0	0	
67.46	0.337	0.103	1.27614	0	-1.84314	-2.57005	0	-1.85311	0	0	0	
67.47	0.337	0.103	1.25008	0	-1.86114	-2.66988	0	-1.70448	0	0	0	
67.48	0.337	0.103	1.22339	0	-1.87819	-2.66988	0	-1.70448	0	0	0	
67.49	0.337	0.103	1.19669	0	-1.89523	-2.66988	0	-1.70448	0	0	0	
67.5	0.337	0.103	1.16999	0	-1.91228	-2.66988	0	-1.70448	0	0	0	
67.51	0.337	0.103	1.14297	0	-1.92878	-2.7611	0	-1.55054	0	0	0	
67.52	0.337	0.103	1.11536	0	-1.94428	-2.7611	0	-1.55054	0	0	0	
67.53	0.337	0.103	1.08775	0	-1.95979	-2.7611	0	-1.55054	0	0	0	
67.54	0.337	0.103	1.06013	0	-1.9753	-2.7611	0	-1.55054	0	0	0	
67.55	0.337	0.103	1.03223	0	-1.99024	-2.84344	0	-1.39179	0	0	0	
67.56	0.337	0.103	1.0038	0	-2.00416	-2.84344	0	-1.39179	0	0	0	
67.57	0.337	0.103	0.975364	0	-2.01808	-2.84344	0	-1.39179	0	0	0	
67.58	0.337	0.103	0.94693	0	-2.03199	-2.84344	0	-1.39179	0	0	0	
67.59	0.337	0.103	0.918237	0	-2.04534	-2.91664	0	-1.22873	0	0	0	
67.6	0.337	0.103	0.889071	0	-2.05762	-2.91664	0	-1.22873	0	0	0	
67.61	0.337	0.103	0.859905	0	-2.06991	-2.91664	0	-1.22873	0	0	0	
67.62	0.337	0.103	0.830738	0	-2.0822	-2.91664	0	-1.22873	0	0	0	
67.63	0.337	0.103	0.801346	0	-2.0939	-2.98049	0	-1.06189	0	0	0	
67.64	0.337	0.103	0.771542	0	-2.10452	-2.98049	0	-1.06189	0	0	0	
67.65	0.337	0.103	0.741737	0	-2.11514	-2.98049	0	-1.06189	0	0	0	
67.66	0.337	0.103	0.711932	0	-2.12575	-2.98049	0	-1.06189	0	0	0	
67.67	0.337	0.103	0.681935	0	-2.13577	-3.0348	0	-0.891814	0	0	0	
67.68	0.337	0.103	0.651587	0	-2.14469	-3.0348	0	-0.891814	0	0	0	
67.69	0.337	0.103	0.621239	0	-2.15361	-3.0348	0	-0.891814	0	0	0	
67.7	0.337	0.103	0.590891	0	-2.16253	-3.0348	0	-0.891814	0	0	0	
67.71	0.337	0.103	0.560386	0	-2.17084	-3.0794	0	-0.719042	0	0	0	
67.72	0.337	0.103	0.529592	0	-2.17803	-3.0794	0	-0.719042	0	0	0	
67.73	0.337	0.103	0.498798	0	-2.18522	-3.0794	0	-0.719042	0	0	0	
67.74	0.337	0.103	0.468004	0	-2.19241	-3.0794	0	-0.719042	0	0	0	
67.75	0.337	0.103	0.437088	0	-2.19898	-3.11416	0	-0.544128	0	0	0	
67.76	0.337	0.103	0.405946	0	-2.20442	-3.11416	0	-0.544128	0	0	0	
67.77	0.337	0.103	0.374804	0	-2.20986	-3.11416	0	-0.544128	0	0	0	
67.78	0.337	0.103	0.343663	0	-2.21531	-3.11416	0	-0.544128	0	0	0	
67.79	0.337	0.103	0.312433	0	-2.22012	-3.139	0	-0.367631	0	0	0	
67.8	0.337	0.103	0.281043	0	-2.2238	-3.139	0	-0.367631	0	0	0	
67.81	0.337	0.103	0.249653	0	-2.22748	-3.139	0	-0.367631	0	0	0	
67.82	0.337	0.103	0.218263	0	-2.23115	-3.139	0	-0.367631	0	0	0	
67.83	0.337	0.103	0.186821	0	-2.2342	-3.15385	0	-0.190114	0	0	0	
67.84	0.337	0.103	0.155283	0	-2.2361	-3.15385	0	-0.190114	0	0	0	
67.85	0.337	0.103	0.123744	0	-2.23801	-3.15385	0	-0.190114	0	0	0	
67.86	0.337	0.103	0.0922056	0	-2.23991	-3.15385	0	-0.190114	0	0	0	
67.87	0.337	0.103	0.0606502	0	-2.24118	-3.15866	0	-0.0121429	0	0	0	
67.88	0.337	0.103	0.0290635	0	-2.2413	-3.15866	0	-0.0121429	0	0	0	
67.89	0.337	0.103	-0.00252307	0	-2.24142	-3.15866	0	-0.0121429	0	0	0	
67.9	0.337	0.103	-0.0341097	0	-2.24154	-3.15866	0	-0.0121429	0	0	0	
67.91	0.337	0.103	-0.0656779	0	-2.24104	-3.15345	0	0.165717	0	0	0	
67.92	0.337	0.103	-0.0972124	0	-2.23938	-3.15345	0	0.165717	0	0	0	
67.93	0.337	0.103	-0.128747	0	-2.23772	-3.15345	0	0.165717	0	0	0	
67.94	0.337	0.103	-0.160281	0	-2.23607	-3.15345	0	0.165717	0	0	0	
67.95	0.337	0.103	-0.191762	0	-2.23378	-3.13824	0	0.342903	0	0	0	
67.96	0.337	0.103	-0.223145	0	-2.23036	-3.13824	0	0.342903	0	0	0	
67.97	0.337	0.103	-0.254527	0	-2.22693	-3.13824	0	0.342903	0	0	0	
67.98	0.337	0.103	-0.285909	0	-2.2235	-3.13824	0	0.342903	0	0	0	
67.99	0.337	0.103	-0.317203	0	-2.21945	-3.11309	0	0.518852	0	0	0	
68	0.337	0.103	-0.348334	0	-2.21426	-3.11309	0	0.518852	0	0	0	
68.01	0.337	0.103	-0.379465	0	-2.20907	-3.11309	0	0.518852	0	0	0	
68.02	0.337	0.103	-0.410596	0	-2.20388	-3.11309	0	0.518852	0	0	0	
68.03	0.337	0.103	-0.441603	0	-2.19808	-3.0781	0	0.69301	0	0	0	
68.04	0.337	0.103	-0.472384	0	-2.19115	-3.0781	0	0.69301	0	0	0	
68.05	0.337	0.103	-0.503165	0	-2.18422	-3.0781	0	0.69301	0	0	0	
68.06	0.337	0.103	-0.533946	0	-2.17729	-3.0781	0	0.69301	0	0	0	
68.07	0.337	0.103	-0.56457	0	-2.16975	-3.0334	0	0.864828	0	0	0	
68.08	0.337	0.103	-0.594904	0	-2.1611	-3.0334	0	0.864828	0	0	0	
68.09	0.337	0.103	-0.625238	0	-2.15246	-3.0334	0	0.864828	0	0	0	
68.1	0.337	0.103	-0.655572	0	-2.14381	-3.0334	0	0.864828	0	0	0	
68.11	0.337	0.103	-0.685714	0	-2.13456	-2.97913	0	1.03376	0	0	0	
68.12	0.337	0.103	-0.715505	0	-2.12423	-2.97913	0	1.03376	0	0	0	
68.13	0.337	0.103	-0.745297	0	-2.11389	-2.97913	0	1.03376	0	0	0	
68.14	0.337	0.103	-0.775088	0	-2.10355	-2.97913	0	1.03376	0	0	0	
68.15	0.337	0.103	-0.804655	0	-2.09263	-2.91548	0	1.19929	0	0	0	
68.16	0.337	0.103	-0.833809	0	-2.08064	-2.91548	0	1.19929	0	0	0	
68.17	0.337	0.103	-0.862964	0	-2.06864	-2.91548	0	1.19929	0	0	0	
68.18	0.337	0.103	-0.892119	0	-2.05665	-2.91548	0	1.19929	0	0	0	
68.19	0.337	0.103	-0.921017	0	-2.04409	-2.84267	0	1.36089	0	0	0	
68.2	0.337	0.103	-0.949444	0	-2.03048	-2.84267	0	1.36089	0	0	0	
68.21	0.337	0.103	-0.97787	0	-2.01687	-2.84267	0	1.36089	0	0	0	
68.22	0.337	0.103	-1.0063	0	-2.00326	-2.84267	0	1.36089	0	0	0	
68.23	0.337	0.103	-1.03444	0	-1.9891	-2.76094	0	1.51805	0	0	0	
68.24	0.337	0.103	-1.06204	0	-1.97392	-2.76094	0	1.51805	0	0	0	
68.25	0.337	0.103	-1.08965	0	-1.95874	-2.76094	0	1.51805	0	0	0	
68.26	0.337	0.103	-1.11726	0	-1.94356	-2.76094	0	1.51805	0	0	0	
68.27	0.337	0.103	-1.14455	0	-1.92784	-2.67055	0	1.67028	0	0	0	
68.28	0.337	0.103	-1.17126	0	-1.91114	-2.67055	0	1.67028	0	0	0	
68.29	0.337	0.103	-1.19796	0	-1.89443	-2.67055	0	1.67028	0	0	0	
68.3	0.337	0.103	-1.22467	0	-1.87773	-2.67055	0	1.67028	0	0	0	
68.31	0.337	0.103	-1.25103	0	-1.86051	-2.57182	0	1.81712	0	0	0	
68.32	0.337	0.103	-1.27675	0	-1.84234	-2.57182	0	1.81712	0	0	0	
68.33	0.337	0.103	-1.30246	0	-1.82417	-2.57182	0	1.81712	0	0	0	
68.34	0.337	0.103	-1.32818	0	-1.806	-2.57182	0	1.81712	0	0	0	
68.35	0.337	0.103	-1.35352	0	-1.78733	-2.46505	0	1.9581	0	0	0	
68.36	0.337	0.103	-1.37817	0	-1.76775	-2.46505	0	1.9581	0	0	0	
68.37	0.337	0.103	-1.40282	0	-1.74816	-2.46505	0	1.9581	0	0	0	
68.38	0.337	0.103	-1.42748	0	-1.72858	-2.46505	0	1.9581	0	0	0	
68.39	0.337	0.103	-1.45172	0	-1.70853	-2.35061	0	2.09279	0	0	0	
68.4	0.337	0.103	-1.47523	0	-1.6876	-2.35061	0	2.09279	0	0	0	
68.41	0.337	0.103	-1.49873	0	-1.66667	-2.35061	0	2.09279	0	0	0	
68.42	0.337	0.103	-1.52224	0	-1.64574	-2.35061	0	2.09279	0	0	0	
68.43	0.337	0.103	-1.54532	0	-1.62436	-2.22885	0	2.22078	0	0	0	
68.44	0.337	0.103	-1.56761	0	-1.60216	-2.22885	0	2.22078	0	0	0	
68.45	0.337	0.103	-1.58989	0	-1.57995	-2.22885	0	2.22078	0	0	0	
68.46	0.337	0.103	-1.61218	0	-1.55774	-2.22885	0	2.22078	0	0	0	
68.47	0.337	0.103	-1.63402	0	-1.53511	-2.10017	0	2.34167	0	0	0	
68.48	0.337	0.103	-1.65502	0	-1.51169	-2.10017	0	2.34167	0	0	0	
68.49	0.337	0.103	-1.67602	0	-1.48827	-2.10017	0	2.34167	0	0	0	
68.5	0.337	0.103	-1.69702	0	-1.46486	-2.10017	0	2.34167	0	0	0	
68.51	0.337	0.103	-1.71755	0	-1.44104	-1.965	0	2.45508	0	0	0	
68.52	0.337	0.103	-1.7372	0	-1.41649	-1.965	0	2.45508	0	0	0	
68.53	0.337	0.103	-1.75685	0	-1.39194	-1.965	0	2.45508	0	0	0	
68.54	0.337	0.103	-1.7765	0	-1.36739	-1.965	0	2.45508	0	0	0	
68.55	0.337	0.103	-1.79565	0	-1.34246	-1.82375	0	2.56068	0	0	0	
68.56	0.337	0.103	-1.81389	0	-1.31686	-1.82375	0	2.56068	0	0	0	
68.57	0.337	0.103	-1.83212	0	-1.29125	-1.82375	0	2.56068	0	0	0	
68.58	0.337	0.103	-1.85036	0	-1.26564	-1.82375	0	2.56068	0	0	0	
68.59	0.337	0.103	-1.86808	0	-1.23969	-1.67689	0	2.65814	0	0	0	
68.6	0.337	0.103	-1.88485	0	-1.21311	-1.67689	0	2.65814	0	0	0	
68.61	0.337	0.103	-1.90162	0	-1.18653	-1.67689	0	2.65814	0	0	0	
68.62	0.337	0.103	-1.91839	0	-1.15995	-1.67689	0	2.65814	0	0	0	
68.63	0.337	0.103	-1.93462	0	-1.13305	-1.52488	0	2.74717	0	0	0	
68.64	0.337	0.103	-1.94987	0	-1.10558	-1.52488	0	2.74717	0	0	0	
68.65	0.337	0.103	-1.96512	0	-1.07811	-1.52488	0	2.74717	0	0	0	
68.66	0.337	0.103	-1.98037	0	-1.05064	-1.52488	0	2.74717	0	0	0	
68.67	0.337	0.103	-1.99506	0	-1.02288	-1.36821	0	2.82749	0	0	0	
68.68	0.337	0.103	-2.00874	0	-0.994608	-1.36821	0	2.82749	0	0	0	
68.69	0.337	0.103	-2.02243	0	-0.966334	-1.36821	0	2.82749	0	0	0	
68.7	0.337	0.103	-2.03611	0	-0.938059	-1.36821	0	2.82749	0	0	0	
68.71	0.337	0.103	-2.04922	0	-0.909532	-1.20737	0	2.89888	0	0	0	
68.72	0.337	0.103	-2.0613	0	-0.880543	-1.20737	0	2.89888	0	0	0	
68.73	0.337	0.103	-2.07337	0	-0.851554	-1.20737	0	2.89888	0	0	0	
68.74	0.337	0.103	-2.08544	0	-0.822565	-1.20737	0	2.89888	0	0	0	
68.75	0.337	0.103	-2.09694	0	-0.793357	-1.04288	0	2.96111	0	0	0	
68.76	0.337	0.103	-2.10737	0	-0.763746	-1.04288	0	2.96111	0	0	0	
68.77	0.337	0.103	-2.1178	0	-0.734135	-1.04288	0	2.96111	0	0	0	
68.78	0.337	0.103	-2.12822	0	-0.704524	-1.04288	0	2.96111	0	0	0	
68.79	0.337	0.103	-2.13806	0	-0.674726	-0.875262	0	3.01401	0	0	0	
68.8	0.337	0.103	-2.14681	0	-0.644586	-0.875262	0	3.01401	0	0	0	
68.81	0.337	0.103	-2.15557	0	-0.614446	-0.875262	0	3.01401	0	0	0	
68.82	0.337	0.103	-2.16432	0	-0.584306	-0.875262	0	3.01401	0	0	0	
68.83	0.337	0.103	-2.17247	0	-0.554012	-0.705036	0	3.05742	0	0	0	
68.84	0.337	0.103	-2.17952	0	-0.523438	-0.705036	0	3.05742	0	0	0	
68.85	0.337	0.103	-2.18657	0	-0.492864	-0.705036	0	3.05742	0	0	0	
68.86	0.337	0.103	-2.19362	0	-0.46229	-0.705036	0	3.05742	0	0	0	
68.87	0.337	0.103	-2.20007	0	-0.431596	-0.532744	0	3.09122	0	0	0	
68.88	0.337	0.103	-2.20539	0	-0.400684	-0.532744	0	3.09122	0	0	0	
68.89	0.337	0.103	-2.21072	0	-0.369772	-0.532744	0	3.09122	0	0	0	
68.9	0.337	0.103	-2.21605	0	-0.33886	-0.532744	0	3.09122	0	0	0	
68.91	0.337	0.103	-2.22076	0	-0.307862	-0.358927	0	3.11532	0	0	0	
68.92	0.337	0.103	-2.22435	0	-0.276709	-0.358927	0	3.11532	0	0	0	
68.93	0.337	0.103	-2.22794	0	-0.245556	-0.358927	0	3.11532	0	0	0	
68.94	0.337	0.103	-2.23153	0	-0.214403	-0.358927	0	3.11532	0	0	0	
68.95	0.337	0.103	-2.2345	0	-0.183199	-0.18413	0	3.12965	0	0	0	
68.96	0.337	0.103	-2.23634	0	-0.151903	-0.18413	0	3.12965	0	0	0	
68.97	0.337	0.103	-2.23819	0	-0.120606	-0.18413	0	3.12965	0	0	0	
68.98	0.337	0.103	-2.24003	0	-0.0893098	-0.18413	0	3.12965	0	0	0	
68.99	0.337	0.103	-2.24125	0	-0.0579973	-0.00890328	0	3.13418	0	0	0	
69	0.337	0.103	-2.24134	0	-0.0266555	-0.00890328	0	3.13418	0	0	0	
69.01	0.337	0.103	-2.24143	0	0.0046863	-0.00890328	0	3.13418	0	0	0	
69.02	0.337	0.103	-2.24152	0	0.0360281	-0.00890328	0	3.13418	0	0	0	
69.03	0.337	0.103	-2.24099	0	0.0673514	0.166207	0	3.12892	0	0	0	
69.04	0.337	0.103	-2.23933	0	0.0986406	0.166207	0	3.12892	0	0	0	
69.05	0.337	0.103	-2.23766	0	0.12993	0.166207	0	3.12892	0	0	0	
69.06	0.337	0.103	-2.236	0	0.161219	0.166207	0	3.12892	0	0	0	
69.07	0.337	0.103	-2.23372	0	0.192455	0.340653	0	3.11389	0	0	0	
69.08	0.337	0.103	-2.23032	0	0.223594	0.340653	0	3.11389	0	0	0	
69.09	0.337	0.103	-2.22691	0	0.254733	0.340653	0	3.11389	0	0	0	
69.1	0.337	0.103	-2.2235	0	0.285872	0.340653	0	3.11389	0	0	0	
69.11	0.337	0.103	-2.21949	0	0.316923	0.513892	0	3.08915	0	0	0	
69.12	0.337	0.103	-2.21435	0	0.347815	0.513892	0	3.08915	0	0	0	
69.13	0.337	0.103	-2.20921	0	0.378706	0.513892	0	3.08915	0	0	0	
69.14	0.337	0.103	-2.20407	0	0.409598	0.513892	0	3.08915	0	0	0	
69.15	0.337	0.103	-2.19833	0	0.440368	0.685385	0	3.0548	0	0	0	
69.16	0.337	0.103	-2.19147	0	0.470916	0.685385	0	3.0548	0	0	0	
69.17	0.337	0.103	-2.18462	0	0.501464	0.685385	0	3.0548	0	0	0	
69.18	0.337	0.103	-2.17777	0	0.532012	0.685385	0	3.0548	0	0	0	
69.19	0.337	0.103	-2.17031	0	0.562406	0.854599	0	3.01095	0	0	0	
69.2	0.337	0.103	-2.16177	0	0.592515	0.854599	0	3.01095	0	0	0	
69.21	0.337	0.103	-2.15322	0	0.622625	0.854599	0	3.01095	0	0	0	
69.22	0.337	0.103	-2.14468	0	0.652734	0.854599	0	3.01095	0	0	0	
69.23	0.337	0.103	-2.13554	0	0.682656	1.02101	0	2.95775	0	0	0	
69.24	0.337	0.103	-2.12533	0	0.712233	1.02101	0	2.95775	0	0	0	
69.25	0.337	0.103	-2.11512	0	0.741811	1.02101	0	2.95775	0	0	0	
69.26	0.337	0.103	-2.10491	0	0.771388	1.02101	0	2.95775	0	0	0	
69.27	0.337	0.103	-2.09413	0	0.800746	1.18411	0	2.89539	0	0	0	
69.28	0.337	0.103	-2.08229	0	0.8297	1.18411	0	2.89539	0	0	0	
69.29	0.337	0.103	-2.07045	0	0.858654	1.18411	0	2.89539	0	0	0	
69.3	0.337	0.103	-2.0586	0	0.887608	1.18411	0	2.89539	0	0	0	
69.31	0.337	0.103	-2.0462	0	0.91631	1.34338	0	2.82406	0	0	0	
69.32	0.337	0.103	-2.03277	0	0.944551	1.34338	0	2.82406	0	0	0	
69.33	0.337	0.103	-2.01933	0	0.972791	1.34338	0	2.82406	0	0	0	
69.34	0.337	0.103	-2.0059	0	1.00103	1.34338	0	2.82406	0	0	0	
69.35	0.337	0.103	-1.99192	0	1.02899	1.49834	0	2.74401	0	0	0	
69.36	0.337	0.103	-1.97694	0	1.05643	1.49834	0	2.74401	0	0	0	
69.37	0.337	0.103	-1.96195	0	1.08387	1.49834	0	2.74401	0	0	0	
69.38	0.337	0.103	-1.94697	0	1.11131	1.49834	0	2.74401	0	0	0	
69.39	0.337	0.103	-1.93146	0	1.13844	1.64852	0	2.6555	0	0	0	
69.4	0.337	0.103	-1.91497	0	1.16499	1.64852	0	2.6555	0	0	0	
69.41	0.337	0.103	-1.89849	0	1.19155	1.64852	0	2.6555	0	0	0	
69.42	0.337	0.103	-1.882	0	1.2181	1.64852	0	2.6555	0	0	0	
69.43	0.337	0.103	-1.865	0	1.24432	1.79345	0	2.5588	0	0	0	
69.44	0.337	0.103	-1.84707	0	1.26991	1.79345	0	2.5588	0	0	0	
69.45	0.337	0.103	-1.82913	0	1.29549	1.79345	0	2.5588	0	0	0	
69.46	0.337	0.103	-1.8112	0	1.32108	1.79345	0	2.5588	0	0	0	
69.47	0.337	0.103	-1.79277	0	1.3463	1.9327	0	2.45423	0	0	0	
69.48	0.337	0.103	-1.77345	0	1.37084	1.9327	0	2.45423	0	0	0	
69.49	0.337	0.103	-1.75412	0	1.39538	1.9327	0	2.45423	0	0	0	
69.5	0.337	0.103	-1.73479	0	1.41993	1.9327	0	2.45423	0	0	0	
69.51	0.337	0.103	-1.715	0	1.44407	2.06583	0	2.34213	0	0	0	
69.52	0.337	0.103	-1.69434	0	1.4675	2.06583	0	2.34213	0	0	0	
69.53	0.337	0.103	-1.67368	0	1.49092	2.06583	0	2.34213	0	0	0	
69.54	0.337	0.103	-1.65302	0	1.51434	2.06583	0	2.34213	0	0	0	
69.55	0.337	0.103	-1.63192	0	1.53734	2.19243	0	2.22286	0	0	0	
69.56	0.337	0.103	-1.60999	0	1.55957	2.19243	0	2.22286	0	0	0	
69.57	0.337	0.103	-1.58807	0	1.5818	2.19243	0	2.22286	0	0	0	
69.58	0.337	0.103	-1.56614	0	1.60402	2.19243	0	2.22286	0	0	0	
69.59	0.337	0.103	-1.5438	0	1.62581	2.31214	0	2.0968	0	0	0	
69.6	0.337	0.103	-1.52068	0	1.64678	2.31214	0	2.0968	0	0	0	
69.61	0.337	0.103	-1.49755	0	1.66774	2.31214	0	2.0968	0	0	0	
69.62	0.337	0.103	-1.47443	0	1.68871	2.31214	0	2.0968	0	0	0	
69.63	0.337	0.103	-1.45092	0	1.70921	2.42459	0	1.96433	0	0	0	
69.64	0.337	0.103	-1.42667	0	1.72886	2.42459	0	1.96433	0	0	0	
69.65	0.337	0.103	-1.40242	0	1.7485	2.42459	0	1.96433	0	0	0	
69.66	0.337	0.103	-1.37818	0	1.76814	2.42459	0	1.96433	0	0	0	
69.67	0.337	0.103	-1.35356	0	1.7873	2.52943	0	1.8259	0	0	0	
69.68	0.337	0.103	-1.32827	0	1.80556	2.52943	0	1.8259	0	0	0	
69.69	0.337	0.103	-1.30297	0	1.82382	2.52943	0	1.8259	0	0	0	
69.7	0.337	0.103	-1.27768	0	1.84207	2.52943	0	1.8259	0	0	0	
69.71	0.337	0.103	-1.25204	0	1.85983	2.62635	0	1.68192	0	0	0	
69.72	0.337	0.103	-1.22578	0	1.87665	2.62635	0	1.68192	0	0	0	
69.73	0.337	0.103	-1.19952	0	1.89346	2.62635	0	1.68192	0	0	0	
69.74	0.337	0.103	-1.17325	0	1.91028	2.62635	0	1.68192	0	0	0	
69.75	0.337	0.103	-1.14668	0	1.92658	2.71507	0	1.53286	0	0	0	
69.76	0.337	0.103	-1.11952	0	1.94191	2.71507	0	1.53286	0	0	0	
69.77	0.337	0.103	-1.09237	0	1.95723	2.71507	0	1.53286	0	0	0	
69.78	0.337	0.103	-1.06522	0	1.97256	2.71507	0	1.53286	0	0	0	
69.79	0.337	0.103	-1.03779	0	1.98735	2.79533	0	1.37918	0	0	0	
69.8	0.337	0.103	-1.00984	0	2.00114	2.79533	0	1.37918	0	0	0	
69.81	0.337	0.103	-0.981883	0	2.01493	2.79533	0	1.37918	0	0	0	
69.82	0.337	0.103	-0.95393	0	2.02872	2.79533	0	1.37918	0	0	0	
69.83	0.337	0.103	-0.925724	0	2.04196	2.86687	0	1.22136	0	0	0	
69.84	0.337	0.103	-0.897055	0	2.05417	2.86687	0	1.22136	0	0	0	
69.85	0.337	0.103	-0.868387	0	2.06639	2.86687	0	1.22136	0	0	0	
69.86	0.337	0.103	-0.839718	0	2.0786	2.86687	0	1.22136	0	0	0	
69.87	0.337	0.103	-0.810828	0	2.09024	2.92951	0	1.0599	0	0	0	
69.88	0.337	0.103	-0.781533	0	2.10084	2.92951	0	1.0599	0	0	0	
69.89	0.337	0.103	-0.752238	0	2.11144	2.92951	0	1.0599	0	0	0	
69.9	0.337	0.103	-0.722943	0	2.12204	2.92951	0	1.0599	0	0	0	
69.91	0.337	0.103	-0.693459	0	2.13206	2.98304	0	0.895297	0	0	0	
69.92	0.337	0.103	-0.663629	0	2.14101	2.98304	0	0.895297	0	0	0	
69.93	0.337	0.103	-0.633798	0	2.14997	2.98304	0	0.895297	0	0	0	
69.94	0.337	0.103	-0.603968	0	2.15892	2.98304	0	0.895297	0	0	0	
69.95	0.337	0.103	-0.573981	0	2.16728	3.02733	0	0.728067	0	0	0	
69.96	0.337	0.103	-0.543708	0	2.17456	3.02733	0	0.728067	0	0	0	
69.97	0.337	0.103	-0.513435	0	2.18184	3.02733	0	0.728067	0	0	0	
69.98	0.337	0.103	-0.483161	0	2.18912	3.02733	0	0.728067	0	0	0	
69.99	0.337	0.103	-0.452765	0	2.19581	3.06225	0	0.558729	0	0	0	
70	0.337	0.103	-0.422142	0	2.20139	3.06225	0	0.558729	0	0	0	
70.01	0.337	0.103	-0.39152	0	2.20698	3.06225	0	0.558729	0	0	0	
70.02	0.337	0.103	-0.360897	0	2.21257	3.06225	0	0.558729	0	0	0	
70.03	0.337	0.103	-0.330185	0	2.21755	3.0877	0	0.387806	0	0	0	
70.04	0.337	0.103	-0.299308	0	2.22143	3.0877	0	0.387806	0	0	0	
70.05	0.337	0.103	-0.268431	0	2.22531	3.0877	0	0.387806	0	0	0	
70.06	0.337	0.103	-0.237554	0	2.22919	3.0877	0	0.387806	0	0	0	
70.07	0.337	0.103	-0.206621	0	2.23246	3.10361	0	0.215828	0	0	0	
70.08	0.337	0.103	-0.175585	0	2.23462	3.10361	0	0.215828	0	0	0	
70.09	0.337	0.103	-0.144549	0	2.23678	3.10361	0	0.215828	0	0	0	
70.1	0.337	0.103	-0.113513	0	2.23893	3.10361	0	0.215828	0	0	0	
70.11	0.337	0.103	-0.0824542	0	2.24048	3.10996	0	0.0433262	0	0	0	
70.12	0.337	0.103	-0.0513545	0	2.24092	3.10996	0	0.0433262	0	0	0	
70.13	0.337	0.103	-0.0202549	0	2.24135	3.10996	0	0.0433262	0	0	0	
70.14	0.337	0.103	0.0108447	0	2.24178	3.10996	0	0.0433262	0	0	0	
70.15	0.337	0.103	0.041933	0	2.24161	3.10674	0	-0.129169	0	0	0	
70.16	0.337	0.103	0.0730003	0	2.24032	3.10674	0	-0.129169	0	0	0	
70.17	0.337	0.103	0.104068	0	2.23902	3.10674	0	-0.129169	0	0	0	
70.18	0.337	0.103	0.135135	0	2.23773	3.10674	0	-0.129169	0	0	0	
70.19	0.337	0.103	0.166157	0	2.23583	3.09396	0	-0.301126	0	0	0	
70.2	0.337	0.103	0.197097	0	2.23282	3.09396	0	-0.301126	0	0	0	
70.21	0.337	0.103	0.228037	0	2.22981	3.09396	0	-0.301126	0	0	0	
70.22	0.337	0.103	0.258976	0	2.2268	3.09396	0	-0.301126	0	0	0	
70.23	0.337	0.103	0.289837	0	2.22319	3.07168	0	-0.472018	0	0	0	
70.24	0.337	0.103	0.320554	0	2.21847	3.07168	0	-0.472018	0	0	0	
70.25	0.337	0.103	0.351271	0	2.21375	3.07168	0	-0.472018	0	0	0	
70.26	0.337	0.103	0.381987	0	2.20903	3.07168	0	-0.472018	0	0	0	
70.27	0.337	0.103	0.412592	0	2.20371	3.03998	0	-0.641321	0	0	0	
70.28	0.337	0.103	0.442992	0	2.1973	3.03998	0	-0.641321	0	0	0	
70.29	0.337	0.103	0.473392	0	2.19088	3.03998	0	-0.641321	0	0	0	
70.3	0.337	0.103	0.503792	0	2.18447	3.03998	0	-0.641321	0	0	0	
70.31	0.337	0.103	0.534047	0	2.17747	2.99897	0	-0.808517	0	0	0	
70.32	0.337	0.103	0.564037	0	2.16938	2.99897	0	-0.808517	0	0	0	
70.33	0.337	0.103	0.594026	0	2.1613	2.99897	0	-0.808517	0	0	0	
70.34	0.337	0.103	0.624016	0	2.15321	2.99897	0	-0.808517	0	0	0	
70.35	0.337	0.103	0.653829	0	2.14454	2.9488	0	-0.973096	0	0	0	
70.36	0.337	0.103	0.683317	0	2.13481	2.9488	0	-0.973096	0	0	0	
70.37	0.337	0.103	0.712805	0	2.12508	2.9488	0	-0.973096	0	0	0	
70.38	0.337	0.103	0.742293	0	2.11535	2.9488	0	-0.973096	0	0	0	
70.39	0.337	0.103	0.771572	0	2.10505	2.88962	0	-1.13456	0	0	0	
70.4	0.337	0.103	0.800468	0	2.09371	2.88962	0	-1.13456	0	0	0	
70.41	0.337	0.103	0.829364	0	2.08236	2.88962	0	-1.13456	0	0	0	
70.42	0.337	0.103	0.85826	0	2.07101	2.88962	0	-1.13456	0	0	0	
70.43	0.337	0.103	0.886917	0	2.05911	2.82162	0	-1.29241	0	0	0	
70.44	0.337	0.103	0.915133	0	2.04619	2.82162	0	-1.29241	0	0	0	
70.45	0.337	0.103	0.943349	0	2.03326	2.82162	0	-1.29241	0	0	0	
70.46	0.337	0.103	0.971565	0	2.02034	2.82162	0	-1.29241	0	0	0	
70.47	0.337	0.103	0.999512	0	2.00687	2.74504	0	-1.44617	0	0	0	
70.48	0.337	0.103	1.02696	0	1.99241	2.74504	0	-1.44617	0	0	0	
70.49	0.337	0.103	1.05441	0	1.97795	2.74504	0	-1.44617	0	0	0	
70.5	0.337	0.103	1.08186	0	1.96349	2.74504	0	-1.44617	0	0	0	
70.51	0.337	0.103	1.10901	0	1.9485	2.66012	0	-1.59538	0	0	0	
70.52	0.337	0.103	1.13561	0	1.93255	2.66012	0	-1.59538	0	0	0	
70.53	0.337	0.103	1.16222	0	1.91659	2.66012	0	-1.59538	0	0	0	
70.54	0.337	0.103	1.18882	0	1.90064	2.66012	0	-1.59538	0	0	0	
70.55	0.337	0.103	1.21509	0	1.88418	2.56712	0	-1.73959	0	0	0	
70.56	0.337	0.103	1.24076	0	1.86678	2.56712	0	-1.73959	0	0	0	
70.57	0.337	0.103	1.26643	0	1.84938	2.56712	0	-1.73959	0	0	0	
70.58	0.337	0.103	1.2921	0	1.83199	2.56712	0	-1.73959	0	0	0	
70.59	0.337	0.103	1.31742	0	1.8141	2.46635	0	-1.87836	0	0	0	
70.6	0.337	0.103	1.34208	0	1.79532	2.46635	0	-1.87836	0	0	0	
70.61	0.337	0.103	1.36675	0	1.77654	2.46635	0	-1.87836	0	0	0	
70.62	0.337	0.103	1.39141	0	1.75775	2.46635	0	-1.87836	0	0	0	
70.63	0.337	0.103	1.41569	0	1.7385	2.35811	0	-2.01127	0	0	0	
70.64	0.337	0.103	1.43927	0	1.71839	2.35811	0	-2.01127	0	0	0	
70.65	0.337	0.103	1.46285	0	1.69827	2.35811	0	-2.01127	0	0	0	
70.66	0.337	0.103	1.48644	0	1.67816	2.35811	0	-2.01127	0	0	0	
70.67	0.337	0.103	1.50961	0	1.6576	2.24276	0	-2.13793	0	0	0	
70.68	0.337	0.103	1.53204	0	1.63622	2.24276	0	-2.13793	0	0	0	
70.69	0.337	0.103	1.55446	0	1.61484	2.24276	0	-2.13793	0	0	0	
70.7	0.337	0.103	1.57689	0	1.59346	2.24276	0	-2.13793	0	0	0	
70.71	0.337	0.103	1.59889	0	1.57166	2.12065	0	-2.25796	0	0	0	
70.72	0.337	0.103	1.6201	0	1.54908	2.12065	0	-2.25796	0	0	0	
70.73	0.337	0.103	1.6413	0	1.5265	2.12065	0	-2.25796	0	0	0	
70.74	0.337	0.103	1.66251	0	1.50392	2.12065	0	-2.25796	0	0	0	
70.75	0.337	0.103	1.68326	0	1.48094	1.99217	0	-2.371	0	0	0	
70.76	0.337	0.103	1.70318	0	1.45723	1.99217	0	-2.371	0	0	0	
70.77	0.337	0.103	1.7231	0	1.43352	1.99217	0	-2.371	0	0	0	
70.78	0.337	0.103	1.74303	0	1.40981	1.99217	0	-2.371	0	0	0	
70.79	0.337	0.103	1.76247	0	1.38573	1.85771	0	-2.47672	0	0	0	
70.8	0.337	0.103	1.78105	0	1.36096	1.85771	0	-2.47672	0	0	0	
70.81	0.337	0.103	1.79963	0	1.3362	1.85771	0	-2.47672	0	0	0	
70.82	0.337	0.103	1.81821	0	1.31143	1.85771	0	-2.47672	0	0	0	
70.83	0.337	0.103	1.83629	0	1.28632	1.7177	0	-2.5748	0	0	0	
70.84	0.337	0.103	1.85347	0	1.26057	1.7177	0	-2.5748	0	0	0	
70.85	0.337	0.103	1.87064	0	1.23482	1.7177	0	-2.5748	0	0	0	
70.86	0.337	0.103	1.88782	0	1.20907	1.7177	0	-2.5748	0	0	0	
70.87	0.337	0.103	1.90448	0	1.18301	1.57256	0	-2.66495	0	0	0	
70.88	0.337	0.103	1.92021	0	1.15636	1.57256	0	-2.66495	0	0	0	
70.89	0.337	0.103	1.93594	0	1.12971	1.57256	0	-2.66495	0	0	0	
70.9	0.337	0.103	1.95166	0	1.10306	1.57256	0	-2.66495	0	0	0	
70.91	0.337	0.103	1.96686	0	1.07612	1.42276	0	-2.74691	0	0	0	
70.92	0.337	0.103	1.98109	0	1.04865	1.42276	0	-2.74691	0	0	0	
70.93	0.337	0.103	1.99531	0	1.02118	1.42276	0	-2.74691	0	0	0	
70.94	0.337	0.103	2.00954	0	0.993712	1.42276	0	-2.74691	0	0	0	
70.95	0.337	0.103	2.02323	0	0.965983	1.26874	0	-2.82045	0	0	0	
70.96	0.337	0.103	2.03591	0	0.937779	1.26874	0	-2.82045	0	0	0	
70.97	0.337	0.103	2.0486	0	0.909574	1.26874	0	-2.82045	0	0	0	
70.98	0.337	0.103	2.06129	0	0.88137	1.26874	0	-2.82045	0	0	0	
70.99	0.337	0.103	2.07342	0	0.852936	1.11099	0	-2.88534	0	0	0	
71	0.337	0.103	2.08453	0	0.824083	1.11099	0	-2.88534	0	0	0	
71.01	0.337	0.103	2.09564	0	0.795229	1.11099	0	-2.88534	0	0	0	
71.02	0.337	0.103	2.10675	0	0.766376	1.11099	0	-2.88534	0	0	0	
71.03	0.337	0.103	2.11729	0	0.737325	0.949981	0	-2.94141	0	0	0	
71.04	0.337	0.103	2.12679	0	0.707911	0.949981	0	-2.94141	0	0	0	
71.05	0.337	0.103	2.13629	0	0.678496	0.949981	0	-2.94141	0	0	0	
71.06	0.337	0.103	2.14579	0	0.649082	0.949981	0	-2.94141	0	0	0	
71.07	0.337	0.103	2.15471	0	0.619502	0.786218	0	-2.98849	0	0	0	
71.08	0.337	0.103	2.16257	0	0.589617	0.786218	0	-2.98849	0	0	0	
71.09	0.337	0.103	2.17044	0	0.559732	0.786218	0	-2.98849	0	0	0	
71.1	0.337	0.103	2.1783	0	0.529847	0.786218	0	-2.98849	0	0	0	
71.11	0.337	0.103	2.18557	0	0.499828	0.620198	0	-3.02646	0	0	0	
71.12	0.337	0.103	2.19178	0	0.469564	0.620198	0	-3.02646	0	0	0	
71.13	0.337	0.103	2.19798	0	0.439299	0.620198	0	-3.02646	0	0	0	
71.14	0.337	0.103	2.20418	0	0.409034	0.620198	0	-3.02646	0	0	0	
71.15	0.337	0.103	2.20979	0	0.378668	0.452429	0	-3.05521	0	0	0	
71.16	0.337	0.103	2.21431	0	0.348116	0.452429	0	-3.05521	0	0	0	
71.17	0.337	0.103	2.21884	0	0.317564	0.452429	0	-3.05521	0	0	0	
71.18	0.337	0.103	2.22336	0	0.287012	0.452429	0	-3.05521	0	0	0	
71.19	0.337	0.103	2.22729	0	0.256391	0.283422	0	-3.07467	0	0	0	
71.2	0.337	0.103	2.23013	0	0.225645	0.283422	0	-3.07467	0	0	0	
71.21	0.337	0.103	2.23296	0	0.194898	0.283422	0	-3.07467	0	0	0	
71.22	0.337	0.103	2.23579	0	0.164151	0.283422	0	-3.07467	0	0	0	
71.23	0.337	0.103	2.23803	0	0.133369	0.113691	0	-3.08478	0	0	0	
71.24	0.337	0.103	2.23917	0	0.102521	0.113691	0	-3.08478	0	0	0	
71.25	0.337	0.103	2.2403	0	0.0716734	0.113691	0	-3.08478	0	0	0	
71.26	0.337	0.103	2.24144	0	0.0408256	0.113691	0	-3.08478	0	0	0	
71.27	0.337	0.103	2.24198	0	0.00997511	-0.0562482	0	-3.08554	0	0	0	
71.28	0.337	0.103	2.24142	0	-0.0208803	-0.0562482	0	-3.08554	0	0	0	
71.29	0.337	0.103	2.24085	0	-0.0517356	-0.0562482	0	-3.08554	0	0	0	
71.3	0.337	0.103	2.24029	0	-0.082591	-0.0562482	0	-3.08554	0	0	0	
71.31	0.337	0.103	2.23913	0	-0.113416	-0.225881	0	-3.07694	0	0	0	
71.32	0.337	0.103	2.23687	0	-0.144186	-0.225881	0	-3.07694	0	0	0	
71.33	0.337	0.103	2.23461	0	-0.174955	-0.225881	0	-3.07694	0	0	0	
71.34	0.337	0.103	2.23235	0	-0.205724	-0.225881	0	-3.07694	0	0	0	
71.35	0.337	0.103	2.2295	0	-0.236431	-0.394694	0	-3.05904	0	0	0	
71.36	0.337	0.103	2.22555	0	-0.267021	-0.394694	0	-3.05904	0	0	0	
71.37	0.337	0.103	2.2216	0	-0.297612	-0.394694	0	-3.05904	0	0	0	
71.38	0.337	0.103	2.21766	0	-0.328202	-0.394694	0	-3.05904	0	0	0	
71.39	0.337	0.103	2.21312	0	-0.358697	-0.562177	0	-3.0319	0	0	0	
71.4	0.337	0.103	2.2075	0	-0.389016	-0.562177	0	-3.0319	0	0	0	
71.41	0.337	0.103	2.20188	0	-0.419335	-0.562177	0	-3.0319	0	0	0	
71.42	0.337	0.103	2.19625	0	-0.449654	-0.562177	0	-3.0319	0	0	0	
71.43	0.337	0.103	2.19005	0	-0.479845	-0.727826	0	-2.9956	0	0	0	
71.44	0.337	0.103	2.18277	0	-0.509801	-0.727826	0	-2.9956	0	0	0	
71.45	0.337	0.103	2.17549	0	-0.539757	-0.727826	0	-2.9956	0	0	0	
71.46	0.337	0.103	2.16821	0	-0.569713	-0.727826	0	-2.9956	0	0	0	
71.47	0.337	0.103	2.16036	0	-0.599509	-0.891142	0	-2.95028	0	0	0	
71.48	0.337	0.103	2.15145	0	-0.629012	-0.891142	0	-2.95028	0	0	0	
71.49	0.337	0.103	2.14254	0	-0.658514	-0.891142	0	-2.95028	0	0	0	
71.5	0.337	0.103	2.13363	0	-0.688017	-0.891142	0	-2.95028	0	0	0	
71.51	0.337	0.103	2.12415	0	-0.717329	-1.05164	0	-2.89608	0	0	0	
71.52	0.337	0.103	2.11363	0	-0.74629	-1.05164	0	-2.89608	0	0	0	
71.53	0.337	0.103	2.10311	0	-0.775251	-1.05164	0	-2.89608	0	0	0	
71.54	0.337	0.103	2.0926	0	-0.804211	-1.05164	0	-2.89608	0	0	0	
71.55	0.337	0.103	2.08153	0	-0.83295	-1.20882	0	-2.83318	0	0	0	
71.56	0.337	0.103	2.06944	0	-0.861282	-1.20882	0	-2.83318	0	0	0	
71.57	0.337	0.103	2.05735	0	-0.889614	-1.20882	0	-2.83318	0	0	0	
71.58	0.337	0.103	2.04526	0	-0.917946	-1.20882	0	-2.83318	0	0	0	
71.59	0.337	0.103	2.03263	0	-0.946026	-1.36224	0	-2.76178	0	0	0	
71.6	0.337	0.103	2.01901	0	-0.973644	-1.36224	0	-2.76178	0	0	0	
71.61	0.337	0.103	2.00539	0	-1.00126	-1.36224	0	-2.76178	0	0	0	
71.62	0.337	0.103	1.99177	0	-1.02888	-1.36224	0	-2.76178	0	0	0	
71.63	0.337	0.103	1.97762	0	-1.05622	-1.51142	0	-2.6821	0	0	0	
71.64	0.337	0.103	1.9625	0	-1.08304	-1.51142	0	-2.6821	0	0	0	
71.65	0.337	0.103	1.94739	0	-1.10986	-1.51142	0	-2.6821	0	0	0	
71.66	0.337	0.103	1.93228	0	-1.13668	-1.51142	0	-2.6821	0	0	0	
71.67	0.337	0.103	1.91665	0	-1.16319	-1.65593	0	-2.5944	0	0	0	
71.68	0.337	0.103	1.90009	0	-1.18913	-1.65593	0	-2.5944	0	0	0	
71.69	0.337	0.103	1.88353	0	-1.21508	-1.65593	0	-2.5944	0	0	0	
71.7	0.337	0.103	1.86697	0	-1.24102	-1.65593	0	-2.5944	0	0	0	
71.71	0.337	0.103	1.84992	0	-1.26663	-1.79533	0	-2.49896	0	0	0	
71.72	0.337	0.103	1.83197	0	-1.29162	-1.79533	0	-2.49896	0	0	0	
71.73	0.337	0.103	1.81402	0	-1.31661	-1.79533	0	-2.49896	0	0	0	
71.74	0.337	0.103	1.79606	0	-1.3416	-1.79533	0	-2.49896	0	0	0	
71.75	0.337	0.103	1.77764	0	-1.36623	-1.92921	0	-2.39606	0	0	0	
71.76	0.337	0.103	1.75834	0	-1.39019	-1.92921	0	-2.39606	0	0	0	
71.77	0.337	0.103	1.73905	0	-1.41415	-1.92921	0	-2.39606	0	0	0	
71.78	0.337	0.103	1.71976	0	-1.43811	-1.92921	0	-2.39606	0	0	0	
71.79	0.337	0.103	1.70002	0	-1.46168	-2.05718	0	-2.28603	0	0	0	
71.8	0.337	0.103	1.67944	0	-1.48454	-2.05718	0	-2.28603	0	0	0	
71.81	0.337	0.103	1.65887	0	-1.5074	-2.05718	0	-2.28603	0	0	0	
71.82	0.337	0.103	1.6383	0	-1.53026	-2.05718	0	-2.28603	0	0	0	
71.83	0.337	0.103	1.6173	0	-1.55271	-2.17886	0	-2.16921	0	0	0	
71.84	0.337	0.103	1.59551	0	-1.5744	-2.17886	0	-2.16921	0	0	0	
71.85	0.337	0.103	1.57372	0	-1.59609	-2.17886	0	-2.16921	0	0	0	
71.86	0.337	0.103	1.55193	0	-1.61779	-2.17886	0	-2.16921	0	0	0	
71.87	0.337	0.103	1.52974	0	-1.63904	-2.29389	0	-2.04596	0	0	0	
71.88	0.337	0.103	1.5068	0	-1.6595	-2.29389	0	-2.04596	0	0	0	
71.89	0.337	0.103	1.48386	0	-1.67996	-2.29389	0	-2.04596	0	0	0	
71.9	0.337	0.103	1.46092	0	-1.70042	-2.29389	0	-2.04596	0	0	0	
71.91	0.337	0.103	1.4376	0	-1.72042	-2.40194	0	-1.91666	0	0	0	
71.92	0.337	0.103	1.41358	0	-1.73959	-2.40194	0	-1.91666	0	0	0	
71.93	0.337	0.103	1.38956	0	-1.75876	-2.40194	0	-1.91666	0	0	0	
71.94	0.337	0.103	1.36554	0	-1.77792	-2.40194	0	-1.91666	0	0	0	
71.95	0.337	0.103	1.34117	0	-1.79662	-2.50268	0	-1.78171	0	0	0	
71.96	0.337	0.103	1.31614	0	-1.81443	-2.50268	0	-1.78171	0	0	0	
71.97	0.337	0.103	1.29112	0	-1.83225	-2.50268	0	-1.78171	0	0	0	
71.98	0.337	0.103	1.26609	0	-1.85007	-2.50268	0	-1.78171	0	0	0	
71.99	0.337	0.103	1.24073	0	-1.86739	-2.59583	0	-1.64151	0	0	0	
72	0.337	0.103	1.21478	0	-1.8838	-2.59583	0	-1.64151	0	0	0	
72.01	0.337	0.103	1.18882	0	-1.90022	-2.59583	0	-1.64151	0	0	0	
72.02	0.337	0.103	1.16286	0	-1.91663	-2.59583	0	-1.64151	0	0	0	
72.03	0.337	0.103	1.1366	0	-1.93254	-2.68111	0	-1.4965	0	0	0	
72.04	0.337	0.103	1.10979	0	-1.9475	-2.68111	0	-1.4965	0	0	0	
72.05	0.337	0.103	1.08298	0	-1.96247	-2.68111	0	-1.4965	0	0	0	
72.06	0.337	0.103	1.05617	0	-1.97743	-2.68111	0	-1.4965	0	0	0	
72.07	0.337	0.103	1.02908	0	-1.99187	-2.75829	0	-1.34712	0	0	0	
72.08	0.337	0.103	1.0015	0	-2.00534	-2.75829	0	-1.34712	0	0	0	
72.09	0.337	0.103	0.973918	0	-2.01881	-2.75829	0	-1.34712	0	0	0	
72.1	0.337	0.103	0.946335	0	-2.03228	-2.75829	0	-1.34712	0	0	0	
72.11	0.337	0.103	0.918509	0	-2.04522	-2.82714	0	-1.19382	0	0	0	
72.12	0.337	0.103	0.890237	0	-2.05715	-2.82714	0	-1.19382	0	0	0	
72.13	0.337	0.103	0.861966	0	-2.06909	-2.82714	0	-1.19382	0	0	0	
72.14	0.337	0.103	0.833695	0	-2.08103	-2.82714	0	-1.19382	0	0	0	
72.15	0.337	0.103	0.80521	0	-2.09241	-2.88747	0	-1.03706	0	0	0	
72.16	0.337	0.103	0.776336	0	-2.10279	-2.88747	0	-1.03706	0	0	0	
72.17	0.337	0.103	0.747461	0	-2.11316	-2.88747	0	-1.03706	0	0	0	
72.18	0.337	0.103	0.718586	0	-2.12353	-2.88747	0	-1.03706	0	0	0	
72.19	0.337	0.103	0.68953	0	-2.13333	-2.9391	0	-0.877319	0	0	0	
72.2	0.337	0.103	0.660139	0	-2.14211	-2.9391	0	-0.877319	0	0	0	
72.21	0.337	0.103	0.630748	0	-2.15088	-2.9391	0	-0.877319	0	0	0	
72.22	0.337	0.103	0.601357	0	-2.15965	-2.9391	0	-0.877319	0	0	0	
72.23	0.337	0.103	0.571815	0	-2.16785	-2.98189	0	-0.715081	0	0	0	
72.24	0.337	0.103	0.541996	0	-2.175	-2.98189	0	-0.715081	0	0	0	
72.25	0.337	0.103	0.512177	0	-2.18216	-2.98189	0	-0.715081	0	0	0	
72.26	0.337	0.103	0.482358	0	-2.18931	-2.98189	0	-0.715081	0	0	0	
72.27	0.337	0.103	0.45242	0	-2.19588	-3.01573	0	-0.550833	0	0	0	
72.28	0.337	0.103	0.422263	0	-2.20139	-3.01573	0	-0.550833	0	0	0	
72.29	0.337	0.103	0.392105	0	-2.20689	-3.01573	0	-0.550833	0	0	0	
72.3	0.337	0.103	0.361948	0	-2.2124	-3.01573	0	-0.550833	0	0	0	
72.31	0.337	0.103	0.331703	0	-2.21733	-3.04053	0	-0.385067	0	0	0	
72.32	0.337	0.103	0.301298	0	-2.22118	-3.04053	0	-0.385067	0	0	0	
72.33	0.337	0.103	0.270893	0	-2.22503	-3.04053	0	-0.385067	0	0	0	
72.34	0.337	0.103	0.240488	0	-2.22888	-3.04053	0	-0.385067	0	0	0	
72.35	0.337	0.103	0.210027	0	-2.23214	-3.05622	0	-0.218282	0	0	0	
72.36	0.337	0.103	0.179465	0	-2.23432	-3.05622	0	-0.218282	0	0	0	
72.37	0.337	0.103	0.148902	0	-2.23651	-3.05622	0	-0.218282	0	0	0	
72.38	0.337	0.103	0.11834	0	-2.23869	-3.05622	0	-0.218282	0	0	0	
72.39	0.337	0.103	0.087755	0	-2.24028	-3.06277	0	-0.0509771	0	0	0	
72.4	0.337	0.103	0.0571272	0	-2.24079	-3.06277	0	-0.0509771	0	0	0	
72.41	0.337	0.103	0.0264995	0	-2.2413	-3.06277	0	-0.0509771	0	0	0	
72.42	0.337	0.103	-0.00412825	0	-2.24181	-3.06277	0	-0.0509771	0	0	0	
72.43	0.337	0.103	-0.0347468	0	-2.24173	-3.06018	0	0.116348	0	0	0	
72.44	0.337	0.103	-0.0653486	0	-2.24057	-3.06018	0	0.116348	0	0	0	
72.45	0.337	0.103	-0.0959504	0	-2.2394	-3.06018	0	0.116348	0	0	0	
72.46	0.337	0.103	-0.126552	0	-2.23824	-3.06018	0	0.116348	0	0	0	
72.47	0.337	0.103	-0.157113	0	-2.23649	-3.04846	0	0.283194	0	0	0	
72.48	0.337	0.103	-0.187597	0	-2.23366	-3.04846	0	0.283194	0	0	0	
72.49	0.337	0.103	-0.218082	0	-2.23082	-3.04846	0	0.283194	0	0	0	
72.5	0.337	0.103	-0.248566	0	-2.22799	-3.04846	0	0.283194	0	0	0	
72.51	0.337	0.103	-0.278978	0	-2.22458	-3.02766	0	0.449064	0	0	0	
72.52	0.337	0.103	-0.309254	0	-2.22008	-3.02766	0	0.449064	0	0	0	
72.53	0.337	0.103	-0.339531	0	-2.21559	-3.02766	0	0.449064	0	0	0	
72.54	0.337	0.103	-0.369807	0	-2.2111	-3.02766	0	0.449064	0	0	0	
72.55	0.337	0.103	-0.399979	0	-2.20603	-2.99785	0	0.613464	0	0	0	
72.56	0.337	0.103	-0.429957	0	-2.1999	-2.99785	0	0.613464	0	0	0	
72.57	0.337	0.103	-0.459936	0	-2.19376	-2.99785	0	0.613464	0	0	0	
72.58	0.337	0.103	-0.489914	0	-2.18763	-2.99785	0	0.613464	0	0	0	
72.59	0.337	0.103	-0.519756	0	-2.18092	-2.95914	0	0.775908	0	0	0	
72.6	0.337	0.103	-0.549348	0	-2.17316	-2.95914	0	0.775908	0	0	0	
72.61	0.337	0.103	-0.578939	0	-2.1654	-2.95914	0	0.775908	0	0	0	
72.62	0.337	0.103	-0.60853	0	-2.15764	-2.95914	0	0.775908	0	0	0	
72.63	0.337	0.103	-0.637954	0	-2.14932	-2.91164	0	0.935914	0	0	0	
72.64	0.337	0.103	-0.667071	0	-2.13996	-2.91164	0	0.935914	0	0	0	
72.65	0.337	0.103	-0.696187	0	-2.1306	-2.91164	0	0.935914	0	0	0	
72.66	0.337	0.103	-0.725304	0	-2.12124	-2.91164	0	0.935914	0	0	0	
72.67	0.337	0.103	-0.754222	0	-2.11133	-2.85553	0	1.09301	0	0	0	
72.68	0.337	0.103	-0.782777	0	-2.1004	-2.85553	0	1.09301	0	0	0	
72.69	0.337	0.103	-0.811333	0	-2.08947	-2.85553	0	1.09301	0	0	0	
72.7	0.337	0.103	-0.839888	0	-2.07854	-2.85553	0	1.09301	0	0	0	
72.71	0.337	0.103	-0.868215	0	-2.06707	-2.79096	0	1.24673	0	0	0	
72.72	0.337	0.103	-0.896125	0	-2.0546	-2.79096	0	1.24673	0	0	0	
72.73	0.337	0.103	-0.924035	0	-2.04213	-2.79096	0	1.24673	0	0	0	
72.74	0.337	0.103	-0.951944	0	-2.02967	-2.79096	0	1.24673	0	0	0	
72.75	0.337	0.103	-0.979597	0	-2.01667	-2.71815	0	1.39662	0	0	0	
72.76	0.337	0.103	-1.00678	0	-2.0027	-2.71815	0	1.39662	0	0	0	
72.77	0.337	0.103	-1.03396	0	-1.98874	-2.71815	0	1.39662	0	0	0	
72.78	0.337	0.103	-1.06114	0	-1.97477	-2.71815	0	1.39662	0	0	0	
72.79	0.337	0.103	-1.08804	0	-1.96029	-2.63732	0	1.54225	0	0	0	
72.8	0.337	0.103	-1.11441	0	-1.94487	-2.63732	0	1.54225	0	0	0	
72.81	0.337	0.103	-1.14078	0	-1.92945	-2.63732	0	1.54225	0	0	0	
72.82	0.337	0.103	-1.16716	0	-1.91402	-2.63732	0	1.54225	0	0	0	
72.83	0.337	0.103	-1.19322	0	-1.8981	-2.54872	0	1.68319	0	0	0	
72.84	0.337	0.103	-1.21871	0	-1.88127	-2.54872	0	1.68319	0	0	0	
72.85	0.337	0.103	-1.24419	0	-1.86444	-2.54872	0	1.68319	0	0	0	
72.86	0.337	0.103	-1.26968	0	-1.84761	-2.54872	0	1.68319	0	0	0	
72.87	0.337	0.103	-1.29483	0	-1.8303	-2.45263	0	1.81901	0	0	0	
72.88	0.337	0.103	-1.31935	0	-1.81211	-2.45263	0	1.81901	0	0	0	
72.89	0.337	0.103	-1.34388	0	-1.79392	-2.45263	0	1.81901	0	0	0	
72.9	0.337	0.103	-1.36841	0	-1.77573	-2.45263	0	1.81901	0	0	0	
72.91	0.337	0.103	-1.39257	0	-1.75708	-2.34934	0	1.94934	0	0	0	
72.92	0.337	0.103	-1.41606	0	-1.73758	-2.34934	0	1.94934	0	0	0	
72.93	0.337	0.103	-1.43956	0	-1.71809	-2.34934	0	1.94934	0	0	0	
72.94	0.337	0.103	-1.46305	0	-1.6986	-2.34934	0	1.94934	0	0	0	
72.95	0.337	0.103	-1.48615	0	-1.67866	-2.23917	0	2.07379	0	0	0	
72.96	0.337	0.103	-1.50855	0	-1.65793	-2.23917	0	2.07379	0	0	0	
72.97	0.337	0.103	-1.53094	0	-1.63719	-2.23917	0	2.07379	0	0	0	
72.98	0.337	0.103	-1.55333	0	-1.61645	-2.23917	0	2.07379	0	0	0	
72.99	0.337	0.103	-1.57531	0	-1.5953	-2.12245	0	2.19199	0	0	0	
73	0.337	0.103	-1.59653	0	-1.57338	-2.12245	0	2.19199	0	0	0	
73.01	0.337	0.103	-1.61776	0	-1.55146	-2.12245	0	2.19199	0	0	0	
73.02	0.337	0.103	-1.63898	0	-1.52954	-2.12245	0	2.19199	0	0	0	
73.03	0.337	0.103	-1.65977	0	-1.50722	-1.99953	0	2.30361	0	0	0	
73.04	0.337	0.103	-1.67977	0	-1.48419	-1.99953	0	2.30361	0	0	0	
73.05	0.337	0.103	-1.69976	0	-1.46115	-1.99953	0	2.30361	0	0	0	
73.06	0.337	0.103	-1.71976	0	-1.43811	-1.99953	0	2.30361	0	0	0	
73.07	0.337	0.103	-1.7393	0	-1.41471	-1.87079	0	2.40832	0	0	0	
73.08	0.337	0.103	-1.75801	0	-1.39062	-1.87079	0	2.40832	0	0	0	
73.09	0.337	0.103	-1.77672	0	-1.36654	-1.87079	0	2.40832	0	0	0	
73.1	0.337	0.103	-1.79542	0	-1.34246	-1.87079	0	2.40832	0	0	0	
73.11	0.337	0.103	-1.81366	0	-1.31803	-1.73662	0	2.50583	0	0	0	
73.12	0.337	0.103	-1.83102	0	-1.29297	-1.73662	0	2.50583	0	0	0	
73.13	0.337	0.103	-1.84839	0	-1.26791	-1.73662	0	2.50583	0	0	0	
73.14	0.337	0.103	-1.86576	0	-1.24286	-1.73662	0	2.50583	0	0	0	
73.15	0.337	0.103	-1.88263	0	-1.21748	-1.59742	0	2.59585	0	0	0	
73.16	0.337	0.103	-1.89861	0	-1.19152	-1.59742	0	2.59585	0	0	0	
73.17	0.337	0.103	-1.91458	0	-1.16556	-1.59742	0	2.59585	0	0	0	
73.18	0.337	0.103	-1.93056	0	-1.13961	-1.59742	0	2.59585	0	0	0	
73.19	0.337	0.103	-1.94602	0	-1.11336	-1.45361	0	2.67812	0	0	0	
73.2	0.337	0.103	-1.96056	0	-1.08658	-1.45361	0	2.67812	0	0	0	
73.21	0.337	0.103	-1.97509	0	-1.05979	-1.45361	0	2.67812	0	0	0	
73.22	0.337	0.103	-1.98963	0	-1.03301	-1.45361	0	2.67812	0	0	0	
73.23	0.337	0.103	-2.00364	0	-1.00597	-1.30561	0	2.75243	0	0	0	
73.24	0.337	0.103	-2.0167	0	-0.978445	-1.30561	0	2.75243	0	0	0	
73.25	0.337	0.103	-2.02976	0	-0.950921	-1.30561	0	2.75243	0	0	0	
73.26	0.337	0.103	-2.04281	0	-0.923397	-1.30561	0	2.75243	0	0	0	
73.27	0.337	0.103	-2.05533	0	-0.895639	-1.15388	0	2.81855	0	0	0	
73.28	0.337	0.103	-2.06687	0	-0.867454	-1.15388	0	2.81855	0	0	0	
73.29	0.337	0.103	-2.07841	0	-0.839268	-1.15388	0	2.81855	0	0	0	
73.3	0.337	0.103	-2.08995	0	-0.811083	-1.15388	0	2.81855	0	0	0	
73.31	0.337	0.103	-2.10094	0	-0.782693	-0.998858	0	2.8763	0	0	0	
73.32	0.337	0.103	-2.11093	0	-0.75393	-0.998858	0	2.8763	0	0	0	
73.33	0.337	0.103	-2.12092	0	-0.725167	-0.998858	0	2.8763	0	0	0	
73.34	0.337	0.103	-2.13091	0	-0.696404	-0.998858	0	2.8763	0	0	0	
73.35	0.337	0.103	-2.14034	0	-0.667468	-0.841013	0	2.92552	0	0	0	
73.36	0.337	0.103	-2.14875	0	-0.638213	-0.841013	0	2.92552	0	0	0	
73.37	0.337	0.103	-2.15716	0	-0.608957	-0.841013	0	2.92552	0	0	0	
73.38	0.337	0.103	-2.16557	0	-0.579702	-0.841013	0	2.92552	0	0	0	
73.39	0.337	0.103	-2.17341	0	-0.550304	-0.680813	0	2.96609	0	0	0	
73.4	0.337	0.103	-2.18022	0	-0.520643	-0.680813	0	2.96609	0	0	0	
73.41	0.337	0.103	-2.18703	0	-0.490982	-0.680813	0	2.96609	0	0	0	
73.42	0.337	0.103	-2.19384	0	-0.461321	-0.680813	0	2.96609	0	0	0	
73.43	0.337	0.103	-2.20008	0	-0.431548	-0.518731	0	2.99788	0	0	0	
73.44	0.337	0.103	-2.20526	0	-0.401569	-0.518731	0	2.99788	0	0	0	
73.45	0.337	0.103	-2.21045	0	-0.37159	-0.518731	0	2.99788	0	0	0	
73.46	0.337	0.103	-2.21564	0	-0.341612	-0.518731	0	2.99788	0	0	0	
73.47	0.337	0.103	-2.22025	0	-0.311552	-0.355249	0	3.02082	0	0	0	
73.48	0.337	0.103	-2.2238	0	-0.281344	-0.355249	0	3.02082	0	0	0	
73.49	0.337	0.103	-2.22735	0	-0.251136	-0.355249	0	3.02082	0	0	0	
73.5	0.337	0.103	-2.23091	0	-0.220927	-0.355249	0	3.02082	0	0	0	
73.51	0.337	0.103	-2.23388	0	-0.19067	-0.190848	0	3.03485	0	0	0	
73.52	0.337	0.103	-2.23579	0	-0.160321	-0.190848	0	3.03485	0	0	0	
73.53	0.337	0.103	-2.23769	0	-0.129973	-0.190848	0	3.03485	0	0	0	
73.54	0.337	0.103	-2.2396	0	-0.0996242	-0.190848	0	3.03485	0	0	0	
73.55	0.337	0.103	-2.24093	0	-0.0692577	-0.0260142	0	3.03995	0	0	0	
73.56	0.337	0.103	-2.24119	0	-0.0388582	-0.0260142	0	3.03995	0	0	0	
73.57	0.337	0.103	-2.24145	0	-0.00845875	-0.0260142	0	3.03995	0	0	0	
73.58	0.337	0.103	-2.24171	0	0.0219407	-0.0260142	0	3.03995	0	0	0	
73.59	0.337	0.103	-2.24139	0	0.0523266	0.138768	0	3.0361	0	0	0	
73.6	0.337	0.103	-2.24	0	0.0826876	0.138768	0	3.0361	0	0	0	
73.61	0.337	0.103	-2.23861	0	0.113049	0.138768	0	3.0361	0	0	0	
73.62	0.337	0.103	-2.23723	0	0.14341	0.138768	0	3.0361	0	0	0	
73.63	0.337	0.103	-2.23526	0	0.173726	0.303015	0	3.02333	0	0	0	
73.64	0.337	0.103	-2.23223	0	0.203959	0.303015	0	3.02333	0	0	0	
73.65	0.337	0.103	-2.2292	0	0.234192	0.303015	0	3.02333	0	0	0	
73.66	0.337	0.103	-2.22617	0	0.264426	0.303015	0	3.02333	0	0	0	
73.67	0.337	0.103	-2.22256	0	0.294583	0.466243	0	3.0017	0	0	0	
73.68	0.337	0.103	-2.2179	0	0.3246	0.466243	0	3.0017	0	0	0	
73.69	0.337	0.103	-2.21324	0	0.354617	0.466243	0	3.0017	0	0	0	
73.7	0.337	0.103	-2.20858	0	0.384634	0.466243	0	3.0017	0	0	0	
73.71	0.337	0.103	-2.20334	0	0.414543	0.627977	0	2.97127	0	0	0	
73.72	0.337	0.103	-2.19706	0	0.444256	0.627977	0	2.97127	0	0	0	
73.73	0.337	0.103	-2.19078	0	0.473969	0.627977	0	2.97127	0	0	0	
73.74	0.337	0.103	-2.1845	0	0.503681	0.627977	0	2.97127	0	0	0	
73.75	0.337	0.103	-2.17766	0	0.533256	0.787742	0	2.93215	0	0	0	
73.76	0.337	0.103	-2.16978	0	0.562577	0.787742	0	2.93215	0	0	0	
73.77	0.337	0.103	-2.1619	0	0.591899	0.787742	0	2.93215	0	0	0	
73.78	0.337	0.103	-2.15403	0	0.62122	0.787742	0	2.93215	0	0	0	
73.79	0.337	0.103	-2.1456	0	0.650374	0.945074	0	2.88446	0	0	0	
73.8	0.337	0.103	-2.13614	0	0.679218	0.945074	0	2.88446	0	0	0	
73.81	0.337	0.103	-2.12669	0	0.708063	0.945074	0	2.88446	0	0	0	
73.82	0.337	0.103	-2.11724	0	0.736907	0.945074	0	2.88446	0	0	0	
73.83	0.337	0.103	-2.10725	0	0.765554	1.09951	0	2.82835	0	0	0	
73.84	0.337	0.103	-2.09625	0	0.793837	1.09951	0	2.82835	0	0	0	
73.85	0.337	0.103	-2.08526	0	0.822121	1.09951	0	2.82835	0	0	0	
73.86	0.337	0.103	-2.07426	0	0.850404	1.09951	0	2.82835	0	0	0	
73.87	0.337	0.103	-2.06273	0	0.878461	1.25061	0	2.764	0	0	0	
73.88	0.337	0.103	-2.05023	0	0.906101	1.25061	0	2.764	0	0	0	
73.89	0.337	0.103	-2.03772	0	0.933741	1.25061	0	2.764	0	0	0	
73.9	0.337	0.103	-2.02522	0	0.961381	1.25061	0	2.764	0	0	0	
73.91	0.337	0.103	-2.01219	0	0.988766	1.39793	0	2.69161	0	0	0	
73.92	0.337	0.103	-1.99821	0	1.01568	1.39793	0	2.69161	0	0	0	
73.93	0.337	0.103	-1.98423	0	1.0426	1.39793	0	2.69161	0	0	0	
73.94	0.337	0.103	-1.97025	0	1.06951	1.39793	0	2.69161	0	0	0	
73.95	0.337	0.103	-1.95577	0	1.09615	1.54105	0	2.6114	0	0	0	
73.96	0.337	0.103	-1.94036	0	1.12226	1.54105	0	2.6114	0	0	0	
73.97	0.337	0.103	-1.92495	0	1.14837	1.54105	0	2.6114	0	0	0	
73.98	0.337	0.103	-1.90954	0	1.17449	1.54105	0	2.6114	0	0	0	
73.99	0.337	0.103	-1.89364	0	1.20029	1.67955	0	2.52361	0	0	0	
74	0.337	0.103	-1.87684	0	1.22553	1.67955	0	2.52361	0	0	0	
74.01	0.337	0.103	-1.86005	0	1.25077	1.67955	0	2.52361	0	0	0	
74.02	0.337	0.103	-1.84325	0	1.276	1.67955	0	2.52361	0	0	0	
74.03	0.337	0.103	-1.82598	0	1.3009	1.81303	0	2.42851	0	0	0	
74.04	0.337	0.103	-1.80785	0	1.32519	1.81303	0	2.42851	0	0	0	
74.05	0.337	0.103	-1.78972	0	1.34947	1.81303	0	2.42851	0	0	0	
74.06	0.337	0.103	-1.77159	0	1.37376	1.81303	0	2.42851	0	0	0	
74.07	0.337	0.103	-1.75301	0	1.39768	1.94111	0	2.32639	0	0	0	
74.08	0.337	0.103	-1.7336	0	1.42095	1.94111	0	2.32639	0	0	0	
74.09	0.337	0.103	-1.71419	0	1.44421	1.94111	0	2.32639	0	0	0	
74.1	0.337	0.103	-1.69478	0	1.46747	1.94111	0	2.32639	0	0	0	
74.11	0.337	0.103	-1.67494	0	1.49035	2.06342	0	2.21756	0	0	0	
74.12	0.337	0.103	-1.6543	0	1.51253	2.06342	0	2.21756	0	0	0	
74.13	0.337	0.103	-1.63367	0	1.53471	2.06342	0	2.21756	0	0	0	
74.14	0.337	0.103	-1.61303	0	1.55688	2.06342	0	2.21756	0	0	0	
74.15	0.337	0.103	-1.59199	0	1.57865	2.17962	0	2.10234	0	0	0	
74.16	0.337	0.103	-1.57019	0	1.59967	2.17962	0	2.10234	0	0	0	
74.17	0.337	0.103	-1.5484	0	1.6207	2.17962	0	2.10234	0	0	0	
74.18	0.337	0.103	-1.5266	0	1.64172	2.17962	0	2.10234	0	0	0	
74.19	0.337	0.103	-1.50442	0	1.66232	2.28936	0	1.98107	0	0	0	
74.2	0.337	0.103	-1.48152	0	1.68213	2.28936	0	1.98107	0	0	0	
74.21	0.337	0.103	-1.45863	0	1.70194	2.28936	0	1.98107	0	0	0	
74.22	0.337	0.103	-1.43574	0	1.72175	2.28936	0	1.98107	0	0	0	
74.23	0.337	0.103	-1.41248	0	1.74111	2.39235	0	1.85412	0	0	0	
74.24	0.337	0.103	-1.38856	0	1.75965	2.39235	0	1.85412	0	0	0	
74.25	0.337	0.103	-1.36463	0	1.77819	2.39235	0	1.85412	0	0	0	
74.26	0.337	0.103	-1.34071	0	1.79673	2.39235	0	1.85412	0	0	0	
74.27	0.337	0.103	-1.31645	0	1.81481	2.48829	0	1.72187	0	0	0	
74.28	0.337	0.103	-1.29156	0	1.83203	2.48829	0	1.72187	0	0	0	
74.29	0.337	0.103	-1.26668	0	1.84925	2.48829	0	1.72187	0	0	0	
74.3	0.337	0.103	-1.2418	0	1.86647	2.48829	0	1.72187	0	0	0	
74.31	0.337	0.103	-1.2166	0	1.8832	2.5769	0	1.5847	0	0	0	
74.32	0.337	0.103	-1.19083	0	1.89905	2.5769	0	1.5847	0	0	0	
74.33	0.337	0.103	-1.16506	0	1.91489	2.5769	0	1.5847	0	0	0	
74.34	0.337	0.103	-1.1393	0	1.93074	2.5769	0	1.5847	0	0	0	
74.35	0.337	0.103	-1.11324	0	1.94609	2.65795	0	1.44302	0	0	0	
74.36	0.337	0.103	-1.08666	0	1.96052	2.65795	0	1.44302	0	0	0	
74.37	0.337	0.103	-1.06008	0	1.97495	2.65795	0	1.44302	0	0	0	
74.38	0.337	0.103	-1.0335	0	1.98938	2.65795	0	1.44302	0	0	0	
74.39	0.337	0.103	-1.00666	0	2.0033	2.73119	0	1.29726	0	0	0	
74.4	0.337	0.103	-0.979352	0	2.01627	2.73119	0	1.29726	0	0	0	
74.41	0.337	0.103	-0.95204	0	2.02924	2.73119	0	1.29726	0	0	0	
74.42	0.337	0.103	-0.924728	0	2.04221	2.73119	0	1.29726	0	0	0	
74.43	0.337	0.103	-0.897186	0	2.05466	2.79644	0	1.14783	0	0	0	
74.44	0.337	0.103	-0.869222	0	2.06614	2.79644	0	1.14783	0	0	0	
74.45	0.337	0.103	-0.841257	0	2.07762	2.79644	0	1.14783	0	0	0	
74.46	0.337	0.103	-0.813293	0	2.08909	2.79644	0	1.14783	0	0	0	
74.47	0.337	0.103	-0.785127	0	2.10003	2.85351	0	0.995185	0	0	0	
74.48	0.337	0.103	-0.756592	0	2.10999	2.85351	0	0.995185	0	0	0	
74.49	0.337	0.103	-0.728057	0	2.11994	2.85351	0	0.995185	0	0	0	
74.5	0.337	0.103	-0.699522	0	2.12989	2.85351	0	0.995185	0	0	0	
74.51	0.337	0.103	-0.670815	0	2.13929	2.90225	0	0.839764	0	0	0	
74.52	0.337	0.103	-0.641792	0	2.14769	2.90225	0	0.839764	0	0	0	
74.53	0.337	0.103	-0.61277	0	2.15609	2.90225	0	0.839764	0	0	0	
74.54	0.337	0.103	-0.583747	0	2.16449	2.90225	0	0.839764	0	0	0	
74.55	0.337	0.103	-0.554583	0	2.17233	2.94252	0	0.682023	0	0	0	
74.56	0.337	0.103	-0.525158	0	2.17915	2.94252	0	0.682023	0	0	0	
74.57	0.337	0.103	-0.495733	0	2.18597	2.94252	0	0.682023	0	0	0	
74.58	0.337	0.103	-0.466307	0	2.19279	2.94252	0	0.682023	0	0	0	
74.59	0.337	0.103	-0.43677	0	2.19904	2.97422	0	0.522424	0	0	0	
74.6	0.337	0.103	-0.407028	0	2.20427	2.97422	0	0.522424	0	0	0	
74.61	0.337	0.103	-0.377286	0	2.20949	2.97422	0	0.522424	0	0	0	
74.62	0.337	0.103	-0.347544	0	2.21472	2.97422	0	0.522424	0	0	0	
74.63	0.337	0.103	-0.31772	0	2.21937	2.99726	0	0.361432	0	0	0	
74.64	0.337	0.103	-0.287748	0	2.22299	2.99726	0	0.361432	0	0	0	
74.65	0.337	0.103	-0.257775	0	2.2266	2.99726	0	0.361432	0	0	0	
74.66	0.337	0.103	-0.227802	0	2.23022	2.99726	0	0.361432	0	0	0	
74.67	0.337	0.103	-0.197779	0	2.23326	3.0116	0	0.199516	0	0	0	
74.68	0.337	0.103	-0.167663	0	2.23525	3.0116	0	0.199516	0	0	0	
74.69	0.337	0.103	-0.137547	0	2.23725	3.0116	0	0.199516	0	0	0	
74.7	0.337	0.103	-0.107431	0	2.23924	3.0116	0	0.199516	0	0	0	
74.71	0.337	0.103	-0.0772953	0	2.24067	3.0172	0	0.0371453	0	0	0	
74.72	0.337	0.103	-0.0471233	0	2.24104	3.0172	0	0.0371453	0	0	0	
74.73	0.337	0.103	-0.0169512	0	2.24141	3.0172	0	0.0371453	0	0	0	
74.74	0.337	0.103	0.0132208	0	2.24178	3.0172	0	0.0371453	0	0	0	
74.75	0.337	0.103	0.0433818	0	2.24158	3.01406	0	-0.125208	0	0	0	
74.76	0.337	0.103	0.0735224	0	2.24033	3.01406	0	-0.125208	0	0	0	
74.77	0.337	0.103	0.103663	0	2.23908	3.01406	0	-0.125208	0	0	0	
74.78	0.337	0.103	0.133804	0	2.23782	3.01406	0	-0.125208	0	0	0	
74.79	0.337	0.103	0.163902	0	2.236	3.0022	0	-0.287075	0	0	0	
74.8	0.337	0.103	0.193924	0	2.23313	3.0022	0	-0.287075	0	0	0	
74.81	0.337	0.103	0.223946	0	2.23026	3.0022	0	-0.287075	0	0	0	
74.82	0.337	0.103	0.253968	0	2.22739	3.0022	0	-0.287075	0	0	0	
74.83	0.337	0.103	0.283918	0	2.22395	2.98165	0	-0.447987	0	0	0	
74.84	0.337	0.103	0.313734	0	2.21947	2.98165	0	-0.447987	0	0	0	
74.85	0.337	0.103	0.343551	0	2.21499	2.98165	0	-0.447987	0	0	0	
74.86	0.337	0.103	0.373367	0	2.21051	2.98165	0	-0.447987	0	0	0	
74.87	0.337	0.103	0.403081	0	2.20547	2.9525	0	-0.60748	0	0	0	
74.88	0.337	0.103	0.432606	0	2.19939	2.9525	0	-0.60748	0	0	0	
74.89	0.337	0.103	0.462131	0	2.19332	2.9525	0	-0.60748	0	0	0	
74.9	0.337	0.103	0.491656	0	2.18724	2.9525	0	-0.60748	0	0	0	
74.91	0.337	0.103	0.521049	0	2.18061	2.91484	0	-0.765096	0	0	0	
74.92	0.337	0.103	0.550197	0	2.17296	2.91484	0	-0.765096	0	0	0	
74.93	0.337	0.103	0.579345	0	2.16531	2.91484	0	-0.765096	0	0	0	
74.94	0.337	0.103	0.608494	0	2.15766	2.91484	0	-0.765096	0	0	0	
74.95	0.337	0.103	0.63748	0	2.14946	2.86879	0	-0.920381	0	0	0	
74.96	0.337	0.103	0.666168	0	2.14026	2.86879	0	-0.920381	0	0	0	
74.97	0.337	0.103	0.694856	0	2.13105	2.86879	0	-0.920381	0	0	0	
74.98	0.337	0.103	0.723543	0	2.12185	2.86879	0	-0.920381	0	0	0	
74.99	0.337	0.103	0.75204	0	2.11211	2.81449	0	-1.07289	0	0	0	
75	0.337	0.103	0.780185	0	2.10138	2.81449	0	-1.07289	0	0	0	
75.01	0.337	0.103	0.80833	0	2.09065	2.81449	0	-1.07289	0	0	0	
75.02	0.337	0.103	0.836474	0	2.07992	2.81449	0	-1.07289	0	0	0	
75.03	0.337	0.103	0.864399	0	2.06867	2.7521	0	-1.22218	0	0	0	
75.04	0.337	0.103	0.89192	0	2.05644	2.7521	0	-1.22218	0	0	0	
75.05	0.337	0.103	0.919441	0	2.04422	2.7521	0	-1.22218	0	0	0	
75.06	0.337	0.103	0.946962	0	2.032	2.7521	0	-1.22218	0	0	0	
75.07	0.337	0.103	0.974235	0	2.01926	2.68183	0	-1.36784	0	0	0	
75.08	0.337	0.103	1.00105	0	2.00559	2.68183	0	-1.36784	0	0	0	
75.09	0.337	0.103	1.02787	0	1.99191	2.68183	0	-1.36784	0	0	0	
75.1	0.337	0.103	1.05469	0	1.97823	2.68183	0	-1.36784	0	0	0	
75.11	0.337	0.103	1.08123	0	1.96405	2.60388	0	-1.50944	0	0	0	
75.12	0.337	0.103	1.10727	0	1.94896	2.60388	0	-1.50944	0	0	0	
75.13	0.337	0.103	1.13331	0	1.93386	2.60388	0	-1.50944	0	0	0	
75.14	0.337	0.103	1.15935	0	1.91877	2.60388	0	-1.50944	0	0	0	
75.15	0.337	0.103	1.18509	0	1.90319	2.51848	0	-1.64659	0	0	0	
75.16	0.337	0.103	1.21027	0	1.88672	2.51848	0	-1.64659	0	0	0	
75.17	0.337	0.103	1.23546	0	1.87026	2.51848	0	-1.64659	0	0	0	
75.18	0.337	0.103	1.26064	0	1.85379	2.51848	0	-1.64659	0	0	0	
75.19	0.337	0.103	1.2855	0	1.83686	2.42589	0	-1.77888	0	0	0	
75.2	0.337	0.103	1.30976	0	1.81907	2.42589	0	-1.77888	0	0	0	
75.21	0.337	0.103	1.33402	0	1.80128	2.42589	0	-1.77888	0	0	0	
75.22	0.337	0.103	1.35828	0	1.78349	2.42589	0	-1.77888	0	0	0	
75.23	0.337	0.103	1.38218	0	1.76526	2.32639	0	-1.90596	0	0	0	
75.24	0.337	0.103	1.40545	0	1.7462	2.32639	0	-1.90596	0	0	0	
75.25	0.337	0.103	1.42871	0	1.72714	2.32639	0	-1.90596	0	0	0	
75.26	0.337	0.103	1.45198	0	1.70808	2.32639	0	-1.90596	0	0	0	
75.27	0.337	0.103	1.47487	0	1.68859	2.22028	0	-2.02745	0	0	0	
75.28	0.337	0.103	1.49707	0	1.66831	2.22028	0	-2.02745	0	0	0	
75.29	0.337	0.103	1.51927	0	1.64804	2.22028	0	-2.02745	0	0	0	
75.3	0.337	0.103	1.54147	0	1.62777	2.22028	0	-2.02745	0	0	0	
75.31	0.337	0.103	1.56328	0	1.60708	2.10786	0	-2.14302	0	0	0	
75.32	0.337	0.103	1.58436	0	1.58565	2.10786	0	-2.14302	0	0	0	
75.33	0.337	0.103	1.60544	0	1.56422	2.10786	0	-2.14302	0	0	0	
75.34	0.337	0.103	1.62652	0	1.54279	2.10786	0	-2.14302	0	0	0	
75.35	0.337	0.103	1.64718	0	1.52098	1.98946	0	-2.25234	0	0	0	
75.36	0.337	0.103	1.66707	0	1.49845	1.98946	0	-2.25234	0	0	0	
75.37	0.337	0.103	1.68697	0	1.47593	1.98946	0	-2.25234	0	0	0	
75.38	0.337	0.103	1.70686	0	1.45341	1.98946	0	-2.25234	0	0	0	
75.39	0.337	0.103	1.72632	0	1.43052	1.86544	0	-2.35511	0	0	0	
75.4	0.337	0.103	1.74497	0	1.40697	1.86544	0	-2.35511	0	0	0	
75.41	0.337	0.103	1.76363	0	1.38342	1.86544	0	-2.35511	0	0	0	
75.42	0.337	0.103	1.78228	0	1.35987	1.86544	0	-2.35511	0	0	0	
75.43	0.337	0.103	1.80048	0	1.33598	1.73616	0	-2.45104	0	0	0	
75.44	0.337	0.103	1.81784	0	1.31147	1.73616	0	-2.45104	0	0	0	
75.45	0.337	0.103	1.8352	0	1.28696	1.73616	0	-2.45104	0	0	0	
75.46	0.337	0.103	1.85256	0	1.26245	1.73616	0	-2.45104	0	0	0	
75.47	0.337	0.103	1.86945	0	1.23762	1.60199	0	-2.53986	0	0	0	
75.48	0.337	0.103	1.88547	0	1.21222	1.60199	0	-2.53986	0	0	0	
75.49	0.337	0.103	1.90149	0	1.18683	1.60199	0	-2.53986	0	0	0	
75.5	0.337	0.103	1.91751	0	1.16143	1.60199	0	-2.53986	0	0	0	
75.51	0.337	0.103	1.93304	0	1.13574	1.46333	0	-2.62133	0	0	0	
75.52	0.337	0.103	1.94768	0	1.10953	1.46333	0	-2.62133	0	0	0	
75.53	0.337	0.103	1.96231	0	1.08331	1.46333	0	-2.62133	0	0	0	
75.54	0.337	0.103	1.97694	0	1.0571	1.46333	0	-2.62133	0	0	0	
75.55	0.337	0.103	1.99107	0	1.03063	1.32058	0	-2.69522	0	0	0	
75.56	0.337	0.103	2.00428	0	1.00367	1.32058	0	-2.69522	0	0	0	
75.57	0.337	0.103	2.01748	0	0.976722	1.32058	0	-2.69522	0	0	0	
75.58	0.337	0.103	2.03069	0	0.94977	1.32058	0	-2.69522	0	0	0	
75.59	0.337	0.103	2.04338	0	0.922585	1.17416	0	-2.76134	0	0	0	
75.6	0.337	0.103	2.05512	0	0.894971	1.17416	0	-2.76134	0	0	0	
75.61	0.337	0.103	2.06686	0	0.867358	1.17416	0	-2.76134	0	0	0	
75.62	0.337	0.103	2.0786	0	0.839745	1.17416	0	-2.76134	0	0	0	
75.63	0.337	0.103	2.08982	0	0.811926	1.02448	0	-2.81949	0	0	0	
75.64	0.337	0.103	2.10006	0	0.783731	1.02448	0	-2.81949	0	0	0	
75.65	0.337	0.103	2.11031	0	0.755536	1.02448	0	-2.81949	0	0	0	
75.66	0.337	0.103	2.12055	0	0.727341	1.02448	0	-2.81949	0	0	0	
75.67	0.337	0.103	2.13026	0	0.69897	0.87198	0	-2.86952	0	0	0	
75.68	0.337	0.103	2.13898	0	0.670275	0.87198	0	-2.86952	0	0	0	
75.69	0.337	0.103	2.1477	0	0.64158	0.87198	0	-2.86952	0	0	0	
75.7	0.337	0.103	2.15642	0	0.612884	0.87198	0	-2.86952	0	0	0	
75.71	0.337	0.103	2.16459	0	0.584042	0.717103	0	-2.91131	0	0	0	
75.72	0.337	0.103	2.17176	0	0.554928	0.717103	0	-2.91131	0	0	0	
75.73	0.337	0.103	2.17893	0	0.525815	0.717103	0	-2.91131	0	0	0	
75.74	0.337	0.103	2.18611	0	0.496702	0.717103	0	-2.91131	0	0	0	
75.75	0.337	0.103	2.19272	0	0.467471	0.560292	0	-2.94474	0	0	0	
75.76	0.337	0.103	2.19833	0	0.438024	0.560292	0	-2.94474	0	0	0	
75.77	0.337	0.103	2.20393	0	0.408576	0.560292	0	-2.94474	0	0	0	
75.78	0.337	0.103	2.20953	0	0.379129	0.560292	0	-2.94474	0	0	0	
75.79	0.337	0.103	2.21458	0	0.349593	0.401998	0	-2.96973	0	0	0	
75.8	0.337	0.103	2.2186	0	0.319896	0.401998	0	-2.96973	0	0	0	
75.81	0.337	0.103	2.22262	0	0.290199	0.401998	0	-2.96973	0	0	0	
75.82	0.337	0.103	2.22664	0	0.260501	0.401998	0	-2.96973	0	0	0	
75.83	0.337	0.103	2.23009	0	0.230746	0.242675	0	-2.98622	0	0	0	
75.84	0.337	0.103	2.23252	0	0.200884	0.242675	0	-2.98622	0	0	0	
75.85	0.337	0.103	2.23495	0	0.171021	0.242675	0	-2.98622	0	0	0	
75.86	0.337	0.103	2.23737	0	0.141159	0.242675	0	-2.98622	0	0	0	
75.87	0.337	0.103	2.23924	0	0.111269	0.08278	0	-2.99416	0	0	0	
75.88	0.337	0.103	2.24006	0	0.0813275	0.08278	0	-2.99416	0	0	0	
75.89	0.337	0.103	2.24089	0	0.0513858	0.08278	0	-2.99416	0	0	0	
75.9	0.337	0.103	2.24172	0	0.0214442	0.08278	0	-2.99416	0	0	0	
75.91	0.337	0.103	2.24198	0	-0.00849528	-0.0772309	0	-2.99356	0	0	0	
75.92	0.337	0.103	2.24121	0	-0.0384308	-0.0772309	0	-2.99356	0	0	0	
75.93	0.337	0.103	2.24044	0	-0.0683664	-0.0772309	0	-2.99356	0	0	0	
75.94	0.337	0.103	2.23967	0	-0.098302	-0.0772309	0	-2.99356	0	0	0	
75.95	0.337	0.103	2.23833	0	-0.128205	-0.236901	0	-2.98441	0	0	0	
75.96	0.337	0.103	2.23596	0	-0.158049	-0.236901	0	-2.98441	0	0	0	
75.97	0.337	0.103	2.23359	0	-0.187893	-0.236901	0	-2.98441	0	0	0	
75.98	0.337	0.103	2.23122	0	-0.217738	-0.236901	0	-2.98441	0	0	0	
75.99	0.337	0.103	2.22829	0	-0.247519	-0.395774	0	-2.96676	0	0	0	
76	0.337	0.103	2.22434	0	-0.277187	-0.395774	0	-2.96676	0	0	0	
76.01	0.337	0.103	2.22038	0	-0.306855	-0.395774	0	-2.96676	0	0	0	
76.02	0.337	0.103	2.21642	0	-0.336522	-0.395774	0	-2.96676	0	0	0	
76.03	0.337	0.103	2.21191	0	-0.366098	-0.553401	0	-2.94067	0	0	0	
76.04	0.337	0.103	2.20637	0	-0.395505	-0.553401	0	-2.94067	0	0	0	
76.05	0.337	0.103	2.20084	0	-0.424911	-0.553401	0	-2.94067	0	0	0	
76.06	0.337	0.103	2.19531	0	-0.454318	-0.553401	0	-2.94067	0	0	0	
76.07	0.337	0.103	2.18922	0	-0.483603	-0.709332	0	-2.90623	0	0	0	
76.08	0.337	0.103	2.18213	0	-0.512666	-0.709332	0	-2.90623	0	0	0	
76.09	0.337	0.103	2.17504	0	-0.541728	-0.709332	0	-2.90623	0	0	0	
76.1	0.337	0.103	2.16794	0	-0.57079	-0.709332	0	-2.90623	0	0	0	
76.11	0.337	0.103	2.16031	0	-0.599702	-0.863126	0	-2.86354	0	0	0	
76.12	0.337	0.103	2.15167	0	-0.628337	-0.863126	0	-2.86354	0	0	0	
76.13	0.337	0.103	2.14304	0	-0.656973	-0.863126	0	-2.86354	0	0	0	
76.14	0.337	0.103	2.13441	0	-0.685608	-0.863126	0	-2.86354	0	0	0	
76.15	0.337	0.103	2.12525	0	-0.714064	-1.01435	0	-2.81273	0	0	0	
76.16	0.337	0.103	2.1151	0	-0.742191	-1.01435	0	-2.81273	0	0	0	
76.17	0.337	0.103	2.10496	0	-0.770319	-1.01435	0	-2.81273	0	0	0	
76.18	0.337	0.103	2.09482	0	-0.798446	-1.01435	0	-2.81273	0	0	0	
76.19	0.337	0.103	2.08415	0	-0.826366	-1.16257	0	-2.75396	0	0	0	
76.2	0.337	0.103	2.07252	0	-0.853905	-1.16257	0	-2.75396	0	0	0	
76.21	0.337	0.103	2.0609	0	-0.881445	-1.16257	0	-2.75396	0	0	0	
76.22	0.337	0.103	2.04927	0	-0.908984	-1.16257	0	-2.75396	0	0	0	
76.23	0.337	0.103	2.03714	0	-0.936289	-1.30738	0	-2.6874	0	0	0	
76.24	0.337	0.103	2.02406	0	-0.963163	-1.30738	0	-2.6874	0	0	0	
76.25	0.337	0.103	2.01099	0	-0.990037	-1.30738	0	-2.6874	0	0	0	
76.26	0.337	0.103	1.99792	0	-1.01691	-1.30738	0	-2.6874	0	0	0	
76.27	0.337	0.103	1.98434	0	-1.04352	-1.44836	0	-2.61326	0	0	0	
76.28	0.337	0.103	1.96986	0	-1.06966	-1.44836	0	-2.61326	0	0	0	
76.29	0.337	0.103	1.95538	0	-1.09579	-1.44836	0	-2.61326	0	0	0	
76.3	0.337	0.103	1.94089	0	-1.12192	-1.44836	0	-2.61326	0	0	0	
76.31	0.337	0.103	1.92593	0	-1.14777	-1.58513	0	-2.53175	0	0	0	
76.32	0.337	0.103	1.91008	0	-1.17308	-1.58513	0	-2.53175	0	0	0	
76.33	0.337	0.103	1.89422	0	-1.1984	-1.58513	0	-2.53175	0	0	0	
76.34	0.337	0.103	1.87837	0	-1.22372	-1.58513	0	-2.53175	0	0	0	
76.35	0.337	0.103	1.86206	0	-1.24872	-1.71729	0	-2.44312	0	0	0	
76.36	0.337	0.103	1.84488	0	-1.27316	-1.71729	0	-2.44312	0	0	0	
76.37	0.337	0.103	1.82771	0	-1.29759	-1.71729	0	-2.44312	0	0	0	
76.38	0.337	0.103	1.81054	0	-1.32202	-1.71729	0	-2.44312	0	0	0	
76.39	0.337	0.103	1.79292	0	-1.34611	-1.84448	0	-2.34763	0	0	0	
76.4	0.337	0.103	1.77447	0	-1.36959	-1.84448	0	-2.34763	0	0	0	
76.41	0.337	0.103	1.75603	0	-1.39306	-1.84448	0	-2.34763	0	0	0	
76.42	0.337	0.103	1.73758	0	-1.41654	-1.84448	0	-2.34763	0	0	0	
76.43	0.337	0.103	1.71871	0	-1.43966	-1.96635	0	-2.24555	0	0	0	
76.44	0.337	0.103	1.69904	0	-1.46211	-1.96635	0	-2.24555	0	0	0	
76.45	0.337	0.103	1.67938	0	-1.48457	-1.96635	0	-2.24555	0	0	0	
76.46	0.337	0.103	1.65972	0	-1.50702	-1.96635	0	-2.24555	0	0	0	
76.47	0.337	0.103	1.63964	0	-1.5291	-2.08255	0	-2.13718	0	0	0	
76.48	0.337	0.103	1.61882	0	-1.55047	-2.08255	0	-2.13718	0	0	0	
76.49	0.337	0.103	1.59799	0	-1.57184	-2.08255	0	-2.13718	0	0	0	
76.5	0.337	0.103	1.57717	0	-1.59321	-2.08255	0	-2.13718	0	0	0	
76.51	0.337	0.103	1.55595	0	-1.61418	-2.19277	0	-2.02284	0	0	0	
76.52	0.337	0.103	1.53402	0	-1.63441	-2.19277	0	-2.02284	0	0	0	
76.53	0.337	0.103	1.5121	0	-1.65464	-2.19277	0	-2.02284	0	0	0	
76.54	0.337	0.103	1.49017	0	-1.67487	-2.19277	0	-2.02284	0	0	0	
76.55	0.337	0.103	1.46787	0	-1.69467	-2.29669	0	-1.90286	0	0	0	
76.56	0.337	0.103	1.44491	0	-1.7137	-2.29669	0	-1.90286	0	0	0	
76.57	0.337	0.103	1.42194	0	-1.73273	-2.29669	0	-1.90286	0	0	0	
76.58	0.337	0.103	1.39897	0	-1.75176	-2.29669	0	-1.90286	0	0	0	
76.59	0.337	0.103	1.37566	0	-1.77034	-2.39404	0	-1.77758	0	0	0	
76.6	0.337	0.103	1.35172	0	-1.78812	-2.39404	0	-1.77758	0	0	0	
76.61	0.337	0.103	1.32778	0	-1.80589	-2.39404	0	-1.77758	0	0	0	
76.62	0.337	0.103	1.30384	0	-1.82367	-2.39404	0	-1.77758	0	0	0	
76.63	0.337	0.103	1.27958	0	-1.84099	-2.48454	0	-1.64737	0	0	0	
76.64	0.337	0.103	1.25474	0	-1.85746	-2.48454	0	-1.64737	0	0	0	
76.65	0.337	0.103	1.22989	0	-1.87393	-2.48454	0	-1.64737	0	0	0	
76.66	0.337	0.103	1.20505	0	-1.89041	-2.48454	0	-1.64737	0	0	0	
76.67	0.337	0.103	1.17991	0	-1.90641	-2.56796	0	-1.5126	0	0	0	
76.68	0.337	0.103	1.15423	0	-1.92153	-2.56796	0	-1.5126	0	0	0	
76.69	0.337	0.103	1.12855	0	-1.93666	-2.56796	0	-1.5126	0	0	0	
76.7	0.337	0.103	1.10287	0	-1.95178	-2.56796	0	-1.5126	0	0	0	
76.71	0.337	0.103	1.07692	0	-1.96642	-2.64405	0	-1.37365	0	0	0	
76.72	0.337	0.103	1.05048	0	-1.98016	-2.64405	0	-1.37365	0	0	0	
76.73	0.337	0.103	1.02404	0	-1.99389	-2.64405	0	-1.37365	0	0	0	
76.74	0.337	0.103	0.997598	0	-2.00763	-2.64405	0	-1.37365	0	0	0	
76.75	0.337	0.103	0.970916	0	-2.02086	-2.71262	0	-1.23093	0	0	0	
76.76	0.337	0.103	0.94379	0	-2.03317	-2.71262	0	-1.23093	0	0	0	
76.77	0.337	0.103	0.916663	0	-2.04548	-2.71262	0	-1.23093	0	0	0	
76.78	0.337	0.103	0.889537	0	-2.05779	-2.71262	0	-1.23093	0	0	0	
76.79	0.337	0.103	0.862196	0	-2.06958	-2.77348	0	-1.08485	0	0	0	
76.8	0.337	0.103	0.834461	0	-2.08043	-2.77348	0	-1.08485	0	0	0	
76.81	0.337	0.103	0.806727	0	-2.09128	-2.77348	0	-1.08485	0	0	0	
76.82	0.337	0.103	0.778992	0	-2.10213	-2.77348	0	-1.08485	0	0	0	
76.83	0.337	0.103	0.75107	0	-2.11245	-2.82647	0	-0.935807	0	0	0	
76.84	0.337	0.103	0.722805	0	-2.12181	-2.82647	0	-0.935807	0	0	0	
76.85	0.337	0.103	0.694541	0	-2.13117	-2.82647	0	-0.935807	0	0	0	
76.86	0.337	0.103	0.666276	0	-2.14053	-2.82647	0	-0.935807	0	0	0	
76.87	0.337	0.103	0.637853	0	-2.14935	-2.87145	0	-0.78424	0	0	0	
76.88	0.337	0.103	0.609138	0	-2.15719	-2.87145	0	-0.78424	0	0	0	
76.89	0.337	0.103	0.580424	0	-2.16504	-2.87145	0	-0.78424	0	0	0	
76.9	0.337	0.103	0.551709	0	-2.17288	-2.87145	0	-0.78424	0	0	0	
76.91	0.337	0.103	0.522865	0	-2.18018	-2.9083	0	-0.630575	0	0	0	
76.92	0.337	0.103	0.493782	0	-2.18648	-2.9083	0	-0.630575	0	0	0	
76.93	0.337	0.103	0.464699	0	-2.19279	-2.9083	0	-0.630575	0	0	0	
76.94	0.337	0.103	0.435616	0	-2.1991	-2.9083	0	-0.630575	0	0	0	
76.95	0.337	0.103	0.406432	0	-2.20485	-2.93693	0	-0.475249	0	0	0	
76.96	0.337	0.103	0.377062	0	-2.20961	-2.93693	0	-0.475249	0	0	0	
76.97	0.337	0.103	0.347693	0	-2.21436	-2.93693	0	-0.475249	0	0	0	
76.98	0.337	0.103	0.318324	0	-2.21911	-2.93693	0	-0.475249	0	0	0	
76.99	0.337	0.103	0.288883	0	-2.22331	-2.95728	0	-0.318699	0	0	0	
77	0.337	0.103	0.25931	0	-2.2265	-2.95728	0	-0.318699	0	0	0	
77.01	0.337	0.103	0.229737	0	-2.22968	-2.95728	0	-0.318699	0	0	0	
77.02	0.337	0.103	0.200164	0	-2.23287	-2.95728	0	-0.318699	0	0	0	
77.03	0.337	0.103	0.170549	0	-2.2355	-2.96928	0	-0.16137	0	0	0	
77.04	0.337	0.103	0.140856	0	-2.23712	-2.96928	0	-0.16137	0	0	0	
77.05	0.337	0.103	0.111164	0	-2.23873	-2.96928	0	-0.16137	0	0	0	
77.06	0.337	0.103	0.0814708	0	-2.24034	-2.96928	0	-0.16137	0	0	0	
77.07	0.337	0.103	0.0517652	0	-2.2414	-2.97292	0	-0.00370356	0	0	0	
77.08	0.337	0.103	0.022036	0	-2.24144	-2.97292	0	-0.00370356	0	0	0	
77.09	0.337	0.103	-0.00769316	0	-2.24148	-2.97292	0	-0.00370356	0	0	0	
77.1	0.337	0.103	-0.0374224	0	-2.24151	-2.97292	0	-0.00370356	0	0	0	
77.11	0.337	0.103	-0.0671349	0	-2.24099	-2.9682	0	0.153856	0	0	0	
77.12	0.337	0.103	-0.0968169	0	-2.23946	-2.9682	0	0.153856	0	0	0	
77.13	0.337	0.103	-0.126499	0	-2.23792	-2.9682	0	0.153856	0	0	0	
77.14	0.337	0.103	-0.156181	0	-2.23638	-2.9682	0	0.153856	0	0	0	
77.15	0.337	0.103	-0.185817	0	-2.23429	-2.95514	0	0.310866	0	0	0	
77.16	0.337	0.103	-0.215368	0	-2.23118	-2.95514	0	0.310866	0	0	0	
77.17	0.337	0.103	-0.24492	0	-2.22807	-2.95514	0	0.310866	0	0	0	
77.18	0.337	0.103	-0.274471	0	-2.22496	-2.95514	0	0.310866	0	0	0	
77.19	0.337	0.103	-0.303947	0	-2.2213	-2.93379	0	0.466886	0	0	0	
77.2	0.337	0.103	-0.333285	0	-2.21663	-2.93379	0	0.466886	0	0	0	
77.21	0.337	0.103	-0.362623	0	-2.21196	-2.93379	0	0.466886	0	0	0	
77.22	0.337	0.103	-0.391961	0	-2.20729	-2.93379	0	0.466886	0	0	0	
77.23	0.337	0.103	-0.421195	0	-2.20208	-2.90422	0	0.621479	0	0	0	
77.24	0.337	0.103	-0.450237	0	-2.19587	-2.90422	0	0.621479	0	0	0	
77.25	0.337	0.103	-0.479279	0	-2.18965	-2.90422	0	0.621479	0	0	0	
77.26	0.337	0.103	-0.508321	0	-2.18344	-2.90422	0	0.621479	0	0	0	
77.27	0.337	0.103	-0.53723	0	-2.17668	-2.86653	0	0.774214	0	0	0	
77.28	0.337	0.103	-0.565896	0	-2.16894	-2.86653	0	0.774214	0	0	0	
77.29	0.337	0.103	-0.594561	0	-2.1612	-2.86653	0	0.774214	0	0	0	
77.3	0.337	0.103	-0.623226	0	-2.15346	-2.86653	0	0.774214	0	0	0	
77.31	0.337	0.103	-0.65173	0	-2.14518	-2.82082	0	0.924664	0	0	0	
77.32	0.337	0.103	-0.679938	0	-2.13594	-2.82082	0	0.924664	0	0	0	
77.33	0.337	0.103	-0.708147	0	-2.12669	-2.82082	0	0.924664	0	0	0	
77.34	0.337	0.103	-0.736355	0	-2.11744	-2.82082	0	0.924664	0	0	0	
77.35	0.337	0.103	-0.764374	0	-2.10768	-2.76724	0	1.07241	0	0	0	
77.36	0.337	0.103	-0.792046	0	-2.09695	-2.76724	0	1.07241	0	0	0	
77.37	0.337	0.103	-0.819719	0	-2.08623	-2.76724	0	1.07241	0	0	0	
77.38	0.337	0.103	-0.847391	0	-2.0755	-2.76724	0	1.07241	0	0	0	
77.39	0.337	0.103	-0.874847	0	-2.06427	-2.70594	0	1.21704	0	0	0	
77.4	0.337	0.103	-0.901907	0	-2.0521	-2.70594	0	1.21704	0	0	0	
77.41	0.337	0.103	-0.928966	0	-2.03993	-2.70594	0	1.21704	0	0	0	
77.42	0.337	0.103	-0.956025	0	-2.02776	-2.70594	0	1.21704	0	0	0	
77.43	0.337	0.103	-0.982842	0	-2.01509	-2.63711	0	1.35816	0	0	0	
77.44	0.337	0.103	-1.00921	0	-2.00151	-2.63711	0	1.35816	0	0	0	
77.45	0.337	0.103	-1.03558	0	-1.98793	-2.63711	0	1.35816	0	0	0	
77.46	0.337	0.103	-1.06196	0	-1.97434	-2.63711	0	1.35816	0	0	0	
77.47	0.337	0.103	-1.08806	0	-1.96028	-2.56095	0	1.49537	0	0	0	
77.48	0.337	0.103	-1.11367	0	-1.94533	-2.56095	0	1.49537	0	0	0	
77.49	0.337	0.103	-1.13928	0	-1.93037	-2.56095	0	1.49537	0	0	0	
77.5	0.337	0.103	-1.16489	0	-1.91542	-2.56095	0	1.49537	0	0	0	
77.51	0.337	0.103	-1.1902	0	-1.9	-2.47769	0	1.62829	0	0	0	
77.52	0.337	0.103	-1.21498	0	-1.88371	-2.47769	0	1.62829	0	0	0	
77.53	0.337	0.103	-1.23976	0	-1.86743	-2.47769	0	1.62829	0	0	0	
77.54	0.337	0.103	-1.26453	0	-1.85115	-2.47769	0	1.62829	0	0	0	
77.55	0.337	0.103	-1.28899	0	-1.83441	-2.38755	0	1.75657	0	0	0	
77.56	0.337	0.103	-1.31287	0	-1.81685	-2.38755	0	1.75657	0	0	0	
77.57	0.337	0.103	-1.33674	0	-1.79928	-2.38755	0	1.75657	0	0	0	
77.58	0.337	0.103	-1.36062	0	-1.78171	-2.38755	0	1.75657	0	0	0	
77.59	0.337	0.103	-1.38415	0	-1.76371	-2.29081	0	1.87984	0	0	0	
77.6	0.337	0.103	-1.40706	0	-1.74492	-2.29081	0	1.87984	0	0	0	
77.61	0.337	0.103	-1.42997	0	-1.72612	-2.29081	0	1.87984	0	0	0	
77.62	0.337	0.103	-1.45288	0	-1.70732	-2.29081	0	1.87984	0	0	0	
77.63	0.337	0.103	-1.47542	0	-1.6881	-2.18774	0	1.99776	0	0	0	
77.64	0.337	0.103	-1.4973	0	-1.66813	-2.18774	0	1.99776	0	0	0	
77.65	0.337	0.103	-1.51918	0	-1.64815	-2.18774	0	1.99776	0	0	0	
77.66	0.337	0.103	-1.54105	0	-1.62817	-2.18774	0	1.99776	0	0	0	
77.67	0.337	0.103	-1.56255	0	-1.6078	-2.07864	0	2.11002	0	0	0	
77.68	0.337	0.103	-1.58333	0	-1.5867	-2.07864	0	2.11002	0	0	0	
77.69	0.337	0.103	-1.60412	0	-1.5656	-2.07864	0	2.11002	0	0	0	
77.7	0.337	0.103	-1.62491	0	-1.5445	-2.07864	0	2.11002	0	0	0	
77.71	0.337	0.103	-1.64529	0	-1.52302	-1.96382	0	2.21631	0	0	0	
77.72	0.337	0.103	-1.66492	0	-1.50086	-1.96382	0	2.21631	0	0	0	
77.73	0.337	0.103	-1.68456	0	-1.4787	-1.96382	0	2.21631	0	0	0	
77.74	0.337	0.103	-1.7042	0	-1.45653	-1.96382	0	2.21631	0	0	0	
77.75	0.337	0.103	-1.72342	0	-1.43402	-1.8436	0	2.31634	0	0	0	
77.76	0.337	0.103	-1.74185	0	-1.41085	-1.8436	0	2.31634	0	0	0	
77.77	0.337	0.103	-1.76029	0	-1.38769	-1.8436	0	2.31634	0	0	0	
77.78	0.337	0.103	-1.77872	0	-1.36453	-1.8436	0	2.31634	0	0	0	
77.79	0.337	0.103	-1.79672	0	-1.34103	-1.71834	0	2.40984	0	0	0	
77.8	0.337	0.103	-1.8139	0	-1.31693	-1.71834	0	2.40984	0	0	0	
77.81	0.337	0.103	-1.83108	0	-1.29284	-1.71834	0	2.40984	0	0	0	
77.82	0.337	0.103	-1.84827	0	-1.26874	-1.71834	0	2.40984	0	0	0	
77.83	0.337	0.103	-1.86499	0	-1.24433	-1.58837	0	2.49655	0	0	0	
77.84	0.337	0.103	-1.88088	0	-1.21937	-1.58837	0	2.49655	0	0	0	
77.85	0.337	0.103	-1.89676	0	-1.1944	-1.58837	0	2.49655	0	0	0	
77.86	0.337	0.103	-1.91264	0	-1.16944	-1.58837	0	2.49655	0	0	0	
77.87	0.337	0.103	-1.92805	0	-1.14419	-1.45408	0	2.57624	0	0	0	
77.88	0.337	0.103	-1.94259	0	-1.11843	-1.45408	0	2.57624	0	0	0	
77.89	0.337	0.103	-1.95714	0	-1.09267	-1.45408	0	2.57624	0	0	0	
77.9	0.337	0.103	-1.97168	0	-1.0669	-1.45408	0	2.57624	0	0	0	
77.91	0.337	0.103	-1.98573	0	-1.04089	-1.31584	0	2.64871	0	0	0	
77.92	0.337	0.103	-1.99889	0	-1.0144	-1.31584	0	2.64871	0	0	0	
77.93	0.337	0.103	-2.01205	0	-0.987911	-1.31584	0	2.64871	0	0	0	
77.94	0.337	0.103	-2.0252	0	-0.961424	-1.31584	0	2.64871	0	0	0	
77.95	0.337	0.103	-2.03786	0	-0.934708	-1.17404	0	2.71375	0	0	0	
77.96	0.337	0.103	-2.0496	0	-0.90757	-1.17404	0	2.71375	0	0	0	
77.97	0.337	0.103	-2.06134	0	-0.880433	-1.17404	0	2.71375	0	0	0	
77.98	0.337	0.103	-2.07308	0	-0.853295	-1.17404	0	2.71375	0	0	0	
77.99	0.337	0.103	-2.08431	0	-0.825955	-1.02908	0	2.77119	0	0	0	
78	0.337	0.103	-2.0946	0	-0.798243	-1.02908	0	2.77119	0	0	0	
78.01	0.337	0.103	-2.1049	0	-0.770531	-1.02908	0	2.77119	0	0	0	
78.02	0.337	0.103	-2.11519	0	-0.742819	-1.02908	0	2.77119	0	0	0	
78.03	0.337	0.103	-2.12496	0	-0.714932	-0.881367	0	2.82089	0	0	0	
78.04	0.337	0.103	-2.13377	0	-0.686723	-0.881367	0	2.82089	0	0	0	
78.05	0.337	0.103	-2.14258	0	-0.658514	-0.881367	0	2.82089	0	0	0	
78.06	0.337	0.103	-2.1514	0	-0.630306	-0.881367	0	2.82089	0	0	0	
78.07	0.337	0.103	-2.15968	0	-0.601949	-0.731311	0	2.86271	0	0	0	
78.08	0.337	0.103	-2.16699	0	-0.573322	-0.731311	0	2.86271	0	0	0	
78.09	0.337	0.103	-2.17431	0	-0.544695	-0.731311	0	2.86271	0	0	0	
78.1	0.337	0.103	-2.18162	0	-0.516068	-0.731311	0	2.86271	0	0	0	
78.11	0.337	0.103	-2.1884	0	-0.487321	-0.579335	0	2.89655	0	0	0	
78.12	0.337	0.103	-2.19419	0	-0.458356	-0.579335	0	2.89655	0	0	0	
78.13	0.337	0.103	-2.19998	0	-0.42939	-0.579335	0	2.89655	0	0	0	
78.14	0.337	0.103	-2.20578	0	-0.400425	-0.579335	0	2.89655	0	0	0	
78.15	0.337	0.103	-2.21103	0	-0.371368	-0.425862	0	2.92233	0	0	0	
78.16	0.337	0.103	-2.21529	0	-0.342145	-0.425862	0	2.92233	0	0	0	
78.17	0.337	0.103	-2.21955	0	-0.312922	-0.425862	0	2.92233	0	0	0	
78.18	0.337	0.103	-2.2238	0	-0.283698	-0.425862	0	2.92233	0	0	0	
78.19	0.337	0.103	-2.22752	0	-0.254413	-0.271321	0	2.93998	0	0	0	
78.2	0.337	0.103	-2.23023	0	-0.225013	-0.271321	0	2.93998	0	0	0	
78.21	0.337	0.103	-2.23294	0	-0.195613	-0.271321	0	2.93998	0	0	0	
78.22	0.337	0.103	-2.23566	0	-0.166213	-0.271321	0	2.93998	0	0	0	
78.23	0.337	0.103	-2.23782	0	-0.13678	-0.11614	0	2.94947	0	0	0	
78.24	0.337	0.103	-2.23899	0	-0.107285	-0.11614	0	2.94947	0	0	0	
78.25	0.337	0.103	-2.24015	0	-0.0777905	-0.11614	0	2.94947	0	0	0	
78.26	0.337	0.103	-2.24131	0	-0.0482959	-0.11614	0	2.94947	0	0	0	
78.27	0.337	0.103	-2.24192	0	-0.0187966	0.0392483	0	2.95077	0	0	0	
78.28	0.337	0.103	-2.24153	0	0.0107111	0.0392483	0	2.95077	0	0	0	
78.29	0.337	0.103	-2.24114	0	0.0402188	0.0392483	0	2.95077	0	0	0	
78.3	0.337	0.103	-2.24074	0	0.0697265	0.0392483	0	2.95077	0	0	0	
78.31	0.337	0.103	-2.2398	0	0.0992099	0.194414	0	2.9439	0	0	0	
78.32	0.337	0.103	-2.23786	0	0.128649	0.194414	0	2.9439	0	0	0	
78.33	0.337	0.103	-2.23592	0	0.158088	0.194414	0	2.9439	0	0	0	
78.34	0.337	0.103	-2.23397	0	0.187527	0.194414	0	2.9439	0	0	0	
78.35	0.337	0.103	-2.23148	0	0.216913	0.348928	0	2.92888	0	0	0	
78.36	0.337	0.103	-2.22799	0	0.246202	0.348928	0	2.92888	0	0	0	
78.37	0.337	0.103	-2.2245	0	0.27549	0.348928	0	2.92888	0	0	0	
78.38	0.337	0.103	-2.22101	0	0.304779	0.348928	0	2.92888	0	0	0	
78.39	0.337	0.103	-2.21698	0	0.333986	0.502363	0	2.90576	0	0	0	
78.4	0.337	0.103	-2.21196	0	0.363044	0.502363	0	2.90576	0	0	0	
78.41	0.337	0.103	-2.20694	0	0.392102	0.502363	0	2.90576	0	0	0	
78.42	0.337	0.103	-2.20191	0	0.421159	0.502363	0	2.90576	0	0	0	
78.43	0.337	0.103	-2.19635	0	0.450107	0.654296	0	2.87463	0	0	0	
78.44	0.337	0.103	-2.18981	0	0.478853	0.654296	0	2.87463	0	0	0	
78.45	0.337	0.103	-2.18327	0	0.5076	0.654296	0	2.87463	0	0	0	
78.46	0.337	0.103	-2.17672	0	0.536346	0.654296	0	2.87463	0	0	0	
78.47	0.337	0.103	-2.16965	0	0.564954	0.804309	0	2.83556	0	0	0	
78.48	0.337	0.103	-2.16161	0	0.59331	0.804309	0	2.83556	0	0	0	
78.49	0.337	0.103	-2.15357	0	0.621666	0.804309	0	2.83556	0	0	0	
78.5	0.337	0.103	-2.14552	0	0.650021	0.804309	0	2.83556	0	0	0	
78.51	0.337	0.103	-2.13696	0	0.678212	0.951989	0	2.7887	0	0	0	
78.52	0.337	0.103	-2.12744	0	0.706099	0.951989	0	2.7887	0	0	0	
78.53	0.337	0.103	-2.11792	0	0.733985	0.951989	0	2.7887	0	0	0	
78.54	0.337	0.103	-2.1084	0	0.761872	0.951989	0	2.7887	0	0	0	
78.55	0.337	0.103	-2.09837	0	0.789567	1.09693	0	2.73416	0	0	0	
78.56	0.337	0.103	-2.0874	0	0.816909	1.09693	0	2.73416	0	0	0	
78.57	0.337	0.103	-2.07643	0	0.84425	1.09693	0	2.73416	0	0	0	
78.58	0.337	0.103	-2.06546	0	0.871592	1.09693	0	2.73416	0	0	0	
78.59	0.337	0.103	-2.05399	0	0.898714	1.23874	0	2.67211	0	0	0	
78.6	0.337	0.103	-2.0416	0	0.925435	1.23874	0	2.67211	0	0	0	
78.61	0.337	0.103	-2.02922	0	0.952157	1.23874	0	2.67211	0	0	0	
78.62	0.337	0.103	-2.01683	0	0.978878	1.23874	0	2.67211	0	0	0	
78.63	0.337	0.103	-2.00395	0	1.00535	1.37703	0	2.60273	0	0	0	
78.64	0.337	0.103	-1.99018	0	1.03138	1.37703	0	2.60273	0	0	0	
78.65	0.337	0.103	-1.97641	0	1.05741	1.37703	0	2.60273	0	0	0	
78.66	0.337	0.103	-1.96264	0	1.08344	1.37703	0	2.60273	0	0	0	
78.67	0.337	0.103	-1.9484	0	1.10919	1.51141	0	2.52623	0	0	0	
78.68	0.337	0.103	-1.93328	0	1.13446	1.51141	0	2.52623	0	0	0	
78.69	0.337	0.103	-1.91817	0	1.15972	1.51141	0	2.52623	0	0	0	
78.7	0.337	0.103	-1.90306	0	1.18498	1.51141	0	2.52623	0	0	0	
78.71	0.337	0.103	-1.88748	0	1.20995	1.64154	0	2.44282	0	0	0	
78.72	0.337	0.103	-1.87107	0	1.23438	1.64154	0	2.44282	0	0	0	
78.73	0.337	0.103	-1.85465	0	1.2588	1.64154	0	2.44282	0	0	0	
78.74	0.337	0.103	-1.83824	0	1.28323	1.64154	0	2.44282	0	0	0	
78.75	0.337	0.103	-1.82138	0	1.30734	1.76704	0	2.35273	0	0	0	
78.76	0.337	0.103	-1.80371	0	1.33087	1.76704	0	2.35273	0	0	0	
78.77	0.337	0.103	-1.78604	0	1.3544	1.76704	0	2.35273	0	0	0	
78.78	0.337	0.103	-1.76837	0	1.37792	1.76704	0	2.35273	0	0	0	
78.79	0.337	0.103	-1.75027	0	1.40111	1.88758	0	2.25623	0	0	0	
78.8	0.337	0.103	-1.7314	0	1.42367	1.88758	0	2.25623	0	0	0	
78.81	0.337	0.103	-1.71252	0	1.44624	1.88758	0	2.25623	0	0	0	
78.82	0.337	0.103	-1.69364	0	1.4688	1.88758	0	2.25623	0	0	0	
78.83	0.337	0.103	-1.67436	0	1.491	2.00285	0	2.15359	0	0	0	
78.84	0.337	0.103	-1.65433	0	1.51254	2.00285	0	2.15359	0	0	0	
78.85	0.337	0.103	-1.6343	0	1.53407	2.00285	0	2.15359	0	0	0	
78.86	0.337	0.103	-1.61428	0	1.55561	2.00285	0	2.15359	0	0	0	
78.87	0.337	0.103	-1.59386	0	1.57676	2.11251	0	2.0451	0	0	0	
78.88	0.337	0.103	-1.57274	0	1.59721	2.11251	0	2.0451	0	0	0	
78.89	0.337	0.103	-1.55161	0	1.61766	2.11251	0	2.0451	0	0	0	
78.9	0.337	0.103	-1.53049	0	1.63811	2.11251	0	2.0451	0	0	0	
78.91	0.337	0.103	-1.50899	0	1.65816	2.21629	0	1.93107	0	0	0	
78.92	0.337	0.103	-1.48683	0	1.67747	2.21629	0	1.93107	0	0	0	
78.93	0.337	0.103	-1.46467	0	1.69678	2.21629	0	1.93107	0	0	0	
78.94	0.337	0.103	-1.44251	0	1.71609	2.21629	0	1.93107	0	0	0	
78.95	0.337	0.103	-1.42	0	1.73498	2.3139	0	1.81181	0	0	0	
78.96	0.337	0.103	-1.39686	0	1.7531	2.3139	0	1.81181	0	0	0	
78.97	0.337	0.103	-1.37372	0	1.77122	2.3139	0	1.81181	0	0	0	
78.98	0.337	0.103	-1.35058	0	1.78934	2.3139	0	1.81181	0	0	0	
78.99	0.337	0.103	-1.32712	0	1.80702	2.40508	0	1.68766	0	0	0	
79	0.337	0.103	-1.30307	0	1.82389	2.40508	0	1.68766	0	0	0	
79.01	0.337	0.103	-1.27902	0	1.84077	2.40508	0	1.68766	0	0	0	
79.02	0.337	0.103	-1.25497	0	1.85765	2.40508	0	1.68766	0	0	0	
79.03	0.337	0.103	-1.23062	0	1.87407	2.48959	0	1.55896	0	0	0	
79.04	0.337	0.103	-1.20572	0	1.88966	2.48959	0	1.55896	0	0	0	
79.05	0.337	0.103	-1.18083	0	1.90525	2.48959	0	1.55896	0	0	0	
79.06	0.337	0.103	-1.15593	0	1.92084	2.48959	0	1.55896	0	0	0	
79.07	0.337	0.103	-1.13076	0	1.93596	2.5672	0	1.42608	0	0	0	
79.08	0.337	0.103	-1.10509	0	1.95022	2.5672	0	1.42608	0	0	0	
79.09	0.337	0.103	-1.07942	0	1.96448	2.5672	0	1.42608	0	0	0	
79.1	0.337	0.103	-1.05375	0	1.97874	2.5672	0	1.42608	0	0	0	
79.11	0.337	0.103	-1.02782	0	1.99252	2.63772	0	1.28938	0	0	0	
79.12	0.337	0.103	-1.00145	0	2.00541	2.63772	0	1.28938	0	0	0	
79.13	0.337	0.103	-0.975071	0	2.01831	2.63772	0	1.28938	0	0	0	
79.14	0.337	0.103	-0.948693	0	2.0312	2.63772	0	1.28938	0	0	0	
79.15	0.337	0.103	-0.922093	0	2.0436	2.70095	0	1.14924	0	0	0	
79.16	0.337	0.103	-0.895084	0	2.05509	2.70095	0	1.14924	0	0	0	
79.17	0.337	0.103	-0.868074	0	2.06659	2.70095	0	1.14924	0	0	0	
79.18	0.337	0.103	-0.841065	0	2.07808	2.70095	0	1.14924	0	0	0	
79.19	0.337	0.103	-0.813858	0	2.08907	2.75673	0	1.00606	0	0	0	
79.2	0.337	0.103	-0.786291	0	2.09913	2.75673	0	1.00606	0	0	0	
79.21	0.337	0.103	-0.758724	0	2.10919	2.75673	0	1.00606	0	0	0	
79.22	0.337	0.103	-0.731157	0	2.11925	2.75673	0	1.00606	0	0	0	
79.23	0.337	0.103	-0.703419	0	2.12879	2.80492	0	0.860225	0	0	0	
79.24	0.337	0.103	-0.67537	0	2.1374	2.80492	0	0.860225	0	0	0	
79.25	0.337	0.103	-0.647321	0	2.146	2.80492	0	0.860225	0	0	0	
79.26	0.337	0.103	-0.619272	0	2.1546	2.80492	0	0.860225	0	0	0	
79.27	0.337	0.103	-0.59108	0	2.16268	2.84539	0	0.712139	0	0	0	
79.28	0.337	0.103	-0.562626	0	2.1698	2.84539	0	0.712139	0	0	0	
79.29	0.337	0.103	-0.534172	0	2.17692	2.84539	0	0.712139	0	0	0	
79.3	0.337	0.103	-0.505718	0	2.18405	2.84539	0	0.712139	0	0	0	
79.31	0.337	0.103	-0.477149	0	2.19064	2.87805	0	0.562212	0	0	0	
79.32	0.337	0.103	-0.448369	0	2.19626	2.87805	0	0.562212	0	0	0	
79.33	0.337	0.103	-0.419588	0	2.20188	2.87805	0	0.562212	0	0	0	
79.34	0.337	0.103	-0.390808	0	2.2075	2.87805	0	0.562212	0	0	0	
79.35	0.337	0.103	-0.36194	0	2.21259	2.90281	0	0.410855	0	0	0	
79.36	0.337	0.103	-0.332912	0	2.2167	2.90281	0	0.410855	0	0	0	
79.37	0.337	0.103	-0.303884	0	2.22081	2.90281	0	0.410855	0	0	0	
79.38	0.337	0.103	-0.274856	0	2.22492	2.90281	0	0.410855	0	0	0	
79.39	0.337	0.103	-0.245768	0	2.22849	2.91961	0	0.258484	0	0	0	
79.4	0.337	0.103	-0.216572	0	2.23107	2.91961	0	0.258484	0	0	0	
79.41	0.337	0.103	-0.187376	0	2.23366	2.91961	0	0.258484	0	0	0	
79.42	0.337	0.103	-0.15818	0	2.23624	2.91961	0	0.258484	0	0	0	
79.43	0.337	0.103	-0.128953	0	2.23829	2.92842	0	0.105517	0	0	0	
79.44	0.337	0.103	-0.0996685	0	2.23934	2.92842	0	0.105517	0	0	0	
79.45	0.337	0.103	-0.0703843	0	2.2404	2.92842	0	0.105517	0	0	0	
79.46	0.337	0.103	-0.0411001	0	2.24145	2.92842	0	0.105517	0	0	0	
79.47	0.337	0.103	-0.011813	0	2.24197	2.92923	0	-0.0476271	0	0	0	
79.48	0.337	0.103	0.0174793	0	2.24149	2.92923	0	-0.0476271	0	0	0	
79.49	0.337	0.103	0.0467716	0	2.24102	2.92923	0	-0.0476271	0	0	0	
79.5	0.337	0.103	0.0760639	0	2.24054	2.92923	0	-0.0476271	0	0	0	
79.51	0.337	0.103	0.105331	0	2.23952	2.92204	0	-0.200531	0	0	0	
79.52	0.337	0.103	0.134551	0	2.23752	2.92204	0	-0.200531	0	0	0	
79.53	0.337	0.103	0.163772	0	2.23551	2.92204	0	-0.200531	0	0	0	
79.54	0.337	0.103	0.192992	0	2.23351	2.92204	0	-0.200531	0	0	0	
79.55	0.337	0.103	0.222159	0	2.23097	2.90688	0	-0.352777	0	0	0	
79.56	0.337	0.103	0.251228	0	2.22744	2.90688	0	-0.352777	0	0	0	
79.57	0.337	0.103	0.280296	0	2.22391	2.90688	0	-0.352777	0	0	0	
79.58	0.337	0.103	0.309365	0	2.22038	2.90688	0	-0.352777	0	0	0	
79.59	0.337	0.103	0.338353	0	2.21632	2.8838	0	-0.503951	0	0	0	
79.6	0.337	0.103	0.367191	0	2.21128	2.8838	0	-0.503951	0	0	0	
79.61	0.337	0.103	0.396029	0	2.20624	2.8838	0	-0.503951	0	0	0	
79.62	0.337	0.103	0.424867	0	2.2012	2.8838	0	-0.503951	0	0	0	
79.63	0.337	0.103	0.453595	0	2.19564	2.85287	0	-0.653642	0	0	0	
79.64	0.337	0.103	0.482124	0	2.1891	2.85287	0	-0.653642	0	0	0	
79.65	0.337	0.103	0.510653	0	2.18256	2.85287	0	-0.653642	0	0	0	
79.66	0.337	0.103	0.539182	0	2.17603	2.85287	0	-0.653642	0	0	0	
79.67	0.337	0.103	0.567574	0	2.16897	2.8142	0	-0.801444	0	0	0	
79.68	0.337	0.103	0.595716	0	2.16095	2.8142	0	-0.801444	0	0	0	
79.69	0.337	0.103	0.623858	0	2.15294	2.8142	0	-0.801444	0	0	0	
79.7	0.337	0.103	0.652	0	2.14493	2.8142	0	-0.801444	0	0	0	
79.71	0.337	0.103	0.679978	0	2.1364	2.76788	0	-0.946956	0	0	0	
79.72	0.337	0.103	0.707657	0	2.12693	2.76788	0	-0.946956	0	0	0	
79.73	0.337	0.103	0.735336	0	2.11746	2.76788	0	-0.946956	0	0	0	
79.74	0.337	0.103	0.763015	0	2.10799	2.76788	0	-0.946956	0	0	0	
79.75	0.337	0.103	0.790504	0	2.09802	2.71407	0	-1.08979	0	0	0	
79.76	0.337	0.103	0.817645	0	2.08712	2.71407	0	-1.08979	0	0	0	
79.77	0.337	0.103	0.844785	0	2.07622	2.71407	0	-1.08979	0	0	0	
79.78	0.337	0.103	0.871926	0	2.06532	2.71407	0	-1.08979	0	0	0	
79.79	0.337	0.103	0.898851	0	2.05393	2.6529	0	-1.22955	0	0	0	
79.8	0.337	0.103	0.92538	0	2.04164	2.6529	0	-1.22955	0	0	0	
79.81	0.337	0.103	0.951909	0	2.02934	2.6529	0	-1.22955	0	0	0	
79.82	0.337	0.103	0.978438	0	2.01704	2.6529	0	-1.22955	0	0	0	
79.83	0.337	0.103	1.00473	0	2.00427	2.58457	0	-1.36586	0	0	0	
79.84	0.337	0.103	1.03057	0	1.99061	2.58457	0	-1.36586	0	0	0	
79.85	0.337	0.103	1.05642	0	1.97695	2.58457	0	-1.36586	0	0	0	
79.86	0.337	0.103	1.08226	0	1.96329	2.58457	0	-1.36586	0	0	0	
79.87	0.337	0.103	1.10784	0	1.94917	2.50926	0	-1.49837	0	0	0	
79.88	0.337	0.103	1.13294	0	1.93418	2.50926	0	-1.49837	0	0	0	
79.89	0.337	0.103	1.15803	0	1.9192	2.50926	0	-1.49837	0	0	0	
79.9	0.337	0.103	1.18312	0	1.90421	2.50926	0	-1.49837	0	0	0	
79.91	0.337	0.103	1.20792	0	1.88878	2.42718	0	-1.62671	0	0	0	
79.92	0.337	0.103	1.2322	0	1.87251	2.42718	0	-1.62671	0	0	0	
79.93	0.337	0.103	1.25647	0	1.85624	2.42718	0	-1.62671	0	0	0	
79.94	0.337	0.103	1.28074	0	1.83998	2.42718	0	-1.62671	0	0	0	
79.95	0.337	0.103	1.3047	0	1.82327	2.33857	0	-1.75053	0	0	0	
79.96	0.337	0.103	1.32808	0	1.80577	2.33857	0	-1.75053	0	0	0	
79.97	0.337	0.103	1.35147	0	1.78826	2.33857	0	-1.75053	0	0	0	
79.98	0.337	0.103	1.37486	0	1.77076	2.33857	0	-1.75053	0	0	0	
79.99	0.337	0.103	1.39791	0	1.75283	2.24368	0	-1.86952	0	0	0	
80	0.337	0.103	1.42034	0	1.73414	2.24368	0	-1.86952	0	0	0	
80.01	0.337	0.103	1.44278	0	1.71544	2.24368	0	-1.86952	0	0	0	
80.02	0.337	0.103	1.46522	0	1.69675	2.24368	0	-1.86952	0	0	0	
80.03	0.337	0.103	1.4873	0	1.67765	2.14277	0	-1.98335	0	0	0	
80.04	0.337	0.103	1.50873	0	1.65782	2.14277	0	-1.98335	0	0	0	
80.05	0.337	0.103	1.53015	0	1.63798	2.14277	0	-1.98335	0	0	0	
80.06	0.337	0.103	1.55158	0	1.61815	2.14277	0	-1.98335	0	0	0	
80.07	0.337	0.103	1.57263	0	1.59793	2.03611	0	-2.09172	0	0	0	
80.08	0.337	0.103	1.59299	0	1.57702	2.03611	0	-2.09172	0	0	0	
80.09	0.337	0.103	1.61335	0	1.5561	2.03611	0	-2.09172	0	0	0	
80.1	0.337	0.103	1.63372	0	1.53518	2.03611	0	-2.09172	0	0	0	
80.11	0.337	0.103	1.65368	0	1.5139	1.92402	0	-2.19434	0	0	0	
80.12	0.337	0.103	1.67292	0	1.49196	1.92402	0	-2.19434	0	0	0	
80.13	0.337	0.103	1.69216	0	1.47002	1.92402	0	-2.19434	0	0	0	
80.14	0.337	0.103	1.7114	0	1.44807	1.92402	0	-2.19434	0	0	0	
80.15	0.337	0.103	1.73023	0	1.42579	1.80679	0	-2.29094	0	0	0	
80.16	0.337	0.103	1.7483	0	1.40288	1.80679	0	-2.29094	0	0	0	
80.17	0.337	0.103	1.76636	0	1.37997	1.80679	0	-2.29094	0	0	0	
80.18	0.337	0.103	1.78443	0	1.35706	1.80679	0	-2.29094	0	0	0	
80.19	0.337	0.103	1.80207	0	1.33383	1.68475	0	-2.38127	0	0	0	
80.2	0.337	0.103	1.81892	0	1.31002	1.68475	0	-2.38127	0	0	0	
80.21	0.337	0.103	1.83576	0	1.28621	1.68475	0	-2.38127	0	0	0	
80.22	0.337	0.103	1.85261	0	1.26239	1.68475	0	-2.38127	0	0	0	
80.23	0.337	0.103	1.86901	0	1.23829	1.55824	0	-2.46508	0	0	0	
80.24	0.337	0.103	1.8846	0	1.21363	1.55824	0	-2.46508	0	0	0	
80.25	0.337	0.103	1.90018	0	1.18898	1.55824	0	-2.46508	0	0	0	
80.26	0.337	0.103	1.91576	0	1.16433	1.55824	0	-2.46508	0	0	0	
80.27	0.337	0.103	1.93088	0	1.13941	1.42761	0	-2.54217	0	0	0	
80.28	0.337	0.103	1.94516	0	1.11399	1.42761	0	-2.54217	0	0	0	
80.29	0.337	0.103	1.95943	0	1.08857	1.42761	0	-2.54217	0	0	0	
80.3	0.337	0.103	1.97371	0	1.06315	1.42761	0	-2.54217	0	0	0	
80.31	0.337	0.103	1.98751	0	1.03748	1.29321	0	-2.61233	0	0	0	
80.32	0.337	0.103	2.00044	0	1.01135	1.29321	0	-2.61233	0	0	0	
80.33	0.337	0.103	2.01338	0	0.985229	1.29321	0	-2.61233	0	0	0	
80.34	0.337	0.103	2.02631	0	0.959106	1.29321	0	-2.61233	0	0	0	
80.35	0.337	0.103	2.03875	0	0.93276	1.1554	0	-2.67538	0	0	0	
80.36	0.337	0.103	2.05031	0	0.906007	1.1554	0	-2.67538	0	0	0	
80.37	0.337	0.103	2.06186	0	0.879253	1.1554	0	-2.67538	0	0	0	
80.38	0.337	0.103	2.07342	0	0.852499	1.1554	0	-2.67538	0	0	0	
80.39	0.337	0.103	2.08447	0	0.825549	1.01458	0	-2.73115	0	0	0	
80.4	0.337	0.103	2.09462	0	0.798237	1.01458	0	-2.73115	0	0	0	
80.41	0.337	0.103	2.10477	0	0.770926	1.01458	0	-2.73115	0	0	0	
80.42	0.337	0.103	2.11491	0	0.743614	1.01458	0	-2.73115	0	0	0	
80.43	0.337	0.103	2.12455	0	0.716132	0.871116	0	-2.77951	0	0	0	
80.44	0.337	0.103	2.13326	0	0.688337	0.871116	0	-2.77951	0	0	0	
80.45	0.337	0.103	2.14197	0	0.660542	0.871116	0	-2.77951	0	0	0	
80.46	0.337	0.103	2.15068	0	0.632747	0.871116	0	-2.77951	0	0	0	
80.47	0.337	0.103	2.15888	0	0.604808	0.725403	0	-2.82033	0	0	0	
80.48	0.337	0.103	2.16614	0	0.576605	0.725403	0	-2.82033	0	0	0	
80.49	0.337	0.103	2.17339	0	0.548401	0.725403	0	-2.82033	0	0	0	
80.5	0.337	0.103	2.18064	0	0.520198	0.725403	0	-2.82033	0	0	0	
80.51	0.337	0.103	2.18738	0	0.491878	0.577837	0	-2.85351	0	0	0	
80.52	0.337	0.103	2.19316	0	0.463342	0.577837	0	-2.85351	0	0	0	
80.53	0.337	0.103	2.19893	0	0.434807	0.577837	0	-2.85351	0	0	0	
80.54	0.337	0.103	2.20471	0	0.406272	0.577837	0	-2.85351	0	0	0	
80.55	0.337	0.103	2.20997	0	0.377647	0.428818	0	-2.87898	0	0	0	
80.56	0.337	0.103	2.21425	0	0.348857	0.428818	0	-2.87898	0	0	0	
80.57	0.337	0.103	2.21854	0	0.320068	0.428818	0	-2.87898	0	0	0	
80.58	0.337	0.103	2.22283	0	0.291278	0.428818	0	-2.87898	0	0	0	
80.59	0.337	0.103	2.22659	0	0.262426	0.27875	0	-2.89666	0	0	0	
80.6	0.337	0.103	2.22938	0	0.233459	0.27875	0	-2.89666	0	0	0	
80.61	0.337	0.103	2.23216	0	0.204493	0.27875	0	-2.89666	0	0	0	
80.62	0.337	0.103	2.23495	0	0.175526	0.27875	0	-2.89666	0	0	0	
80.63	0.337	0.103	2.23721	0	0.146524	0.128037	0	-2.90653	0	0	0	
80.64	0.337	0.103	2.23849	0	0.117459	0.128037	0	-2.90653	0	0	0	
80.65	0.337	0.103	2.23977	0	0.0883937	0.128037	0	-2.90653	0	0	0	
80.66	0.337	0.103	2.24105	0	0.0593284	0.128037	0	-2.90653	0	0	0	
80.67	0.337	0.103	2.2418	0	0.0302558	-0.0229123	0	-2.90857	0	0	0	
80.68	0.337	0.103	2.24157	0	0.0011701	-0.0229123	0	-2.90857	0	0	0	
80.69	0.337	0.103	2.24134	0	-0.0279156	-0.0229123	0	-2.90857	0	0	0	
80.7	0.337	0.103	2.24111	0	-0.0570013	-0.0229123	0	-2.90857	0	0	0	
80.71	0.337	0.103	2.24035	0	-0.0860666	-0.173693	0	-2.90278	0	0	0	
80.72	0.337	0.103	2.23861	0	-0.115094	-0.173693	0	-2.90278	0	0	0	
80.73	0.337	0.103	2.23687	0	-0.144122	-0.173693	0	-2.90278	0	0	0	
80.74	0.337	0.103	2.23514	0	-0.17315	-0.173693	0	-2.90278	0	0	0	
80.75	0.337	0.103	2.23287	0	-0.20213	-0.323899	0	-2.88918	0	0	0	
80.76	0.337	0.103	2.22963	0	-0.231022	-0.323899	0	-2.88918	0	0	0	
80.77	0.337	0.103	2.22639	0	-0.259913	-0.323899	0	-2.88918	0	0	0	
80.78	0.337	0.103	2.22315	0	-0.288805	-0.323899	0	-2.88918	0	0	0	
80.79	0.337	0.103	2.21939	0	-0.317622	-0.473127	0	-2.86783	0	0	0	
80.8	0.337	0.103	2.21466	0	-0.3463	-0.473127	0	-2.86783	0	0	0	
80.81	0.337	0.103	2.20992	0	-0.374978	-0.473127	0	-2.86783	0	0	0	
80.82	0.337	0.103	2.20519	0	-0.403657	-0.473127	0	-2.86783	0	0	0	
80.83	0.337	0.103	2.19994	0	-0.432232	-0.620977	0	-2.83878	0	0	0	
80.84	0.337	0.103	2.19373	0	-0.46062	-0.620977	0	-2.83878	0	0	0	
80.85	0.337	0.103	2.18752	0	-0.489008	-0.620977	0	-2.83878	0	0	0	
80.86	0.337	0.103	2.18131	0	-0.517396	-0.620977	0	-2.83878	0	0	0	
80.87	0.337	0.103	2.17459	0	-0.545654	-0.767054	0	-2.80212	0	0	0	
80.88	0.337	0.103	2.16692	0	-0.573675	-0.767054	0	-2.80212	0	0	0	
80.89	0.337	0.103	2.15925	0	-0.601697	-0.767054	0	-2.80212	0	0	0	
80.9	0.337	0.103	2.15157	0	-0.629718	-0.767054	0	-2.80212	0	0	0	
80.91	0.337	0.103	2.1434	0	-0.657583	-0.910968	0	-2.75797	0	0	0	
80.92	0.337	0.103	2.13429	0	-0.685163	-0.910968	0	-2.75797	0	0	0	
80.93	0.337	0.103	2.12518	0	-0.712743	-0.910968	0	-2.75797	0	0	0	
80.94	0.337	0.103	2.11607	0	-0.740322	-0.910968	0	-2.75797	0	0	0	
80.95	0.337	0.103	2.10646	0	-0.76772	-1.05233	0	-2.70645	0	0	0	
80.96	0.337	0.103	2.09594	0	-0.794785	-1.05233	0	-2.70645	0	0	0	
80.97	0.337	0.103	2.08541	0	-0.821849	-1.05233	0	-2.70645	0	0	0	
80.98	0.337	0.103	2.07489	0	-0.848914	-1.05233	0	-2.70645	0	0	0	
80.99	0.337	0.103	2.06388	0	-0.875771	-1.19078	0	-2.6477	0	0	0	
81	0.337	0.103	2.05197	0	-0.902248	-1.19078	0	-2.6477	0	0	0	
81.01	0.337	0.103	2.04006	0	-0.928725	-1.19078	0	-2.6477	0	0	0	
81.02	0.337	0.103	2.02815	0	-0.955202	-1.19078	0	-2.6477	0	0	0	
81.03	0.337	0.103	2.01577	0	-0.981447	-1.32593	0	-2.5819	0	0	0	
81.04	0.337	0.103	2.00251	0	-1.00727	-1.32593	0	-2.5819	0	0	0	
81.05	0.337	0.103	1.98925	0	-1.03308	-1.32593	0	-2.5819	0	0	0	
81.06	0.337	0.103	1.97599	0	-1.0589	-1.32593	0	-2.5819	0	0	0	
81.07	0.337	0.103	1.96227	0	-1.08447	-1.45743	0	-2.50922	0	0	0	
81.08	0.337	0.103	1.94769	0	-1.10956	-1.45743	0	-2.50922	0	0	0	
81.09	0.337	0.103	1.93312	0	-1.13465	-1.45743	0	-2.50922	0	0	0	
81.1	0.337	0.103	1.91855	0	-1.15974	-1.45743	0	-2.50922	0	0	0	
81.11	0.337	0.103	1.90352	0	-1.18456	-1.58494	0	-2.42988	0	0	0	
81.12	0.337	0.103	1.88767	0	-1.20885	-1.58494	0	-2.42988	0	0	0	
81.13	0.337	0.103	1.87182	0	-1.23315	-1.58494	0	-2.42988	0	0	0	
81.14	0.337	0.103	1.85597	0	-1.25745	-1.58494	0	-2.42988	0	0	0	
81.15	0.337	0.103	1.83969	0	-1.28145	-1.70811	0	-2.34408	0	0	0	
81.16	0.337	0.103	1.82261	0	-1.30489	-1.70811	0	-2.34408	0	0	0	
81.17	0.337	0.103	1.80553	0	-1.32833	-1.70811	0	-2.34408	0	0	0	
81.18	0.337	0.103	1.78845	0	-1.35177	-1.70811	0	-2.34408	0	0	0	
81.19	0.337	0.103	1.77095	0	-1.37489	-1.82662	0	-2.25207	0	0	0	
81.2	0.337	0.103	1.75268	0	-1.39741	-1.82662	0	-2.25207	0	0	0	
81.21	0.337	0.103	1.73441	0	-1.41993	-1.82662	0	-2.25207	0	0	0	
81.22	0.337	0.103	1.71615	0	-1.44245	-1.82662	0	-2.25207	0	0	0	
81.23	0.337	0.103	1.69748	0	-1.46462	-1.94017	0	-2.1541	0	0	0	
81.24	0.337	0.103	1.67808	0	-1.48616	-1.94017	0	-2.1541	0	0	0	
81.25	0.337	0.103	1.65868	0	-1.50771	-1.94017	0	-2.1541	0	0	0	
81.26	0.337	0.103	1.63928	0	-1.52925	-1.94017	0	-2.1541	0	0	0	
81.27	0.337	0.103	1.61949	0	-1.55042	-2.04844	0	-2.05045	0	0	0	
81.28	0.337	0.103	1.59901	0	-1.57093	-2.04844	0	-2.05045	0	0	0	
81.29	0.337	0.103	1.57852	0	-1.59143	-2.04844	0	-2.05045	0	0	0	
81.3	0.337	0.103	1.55804	0	-1.61194	-2.04844	0	-2.05045	0	0	0	
81.31	0.337	0.103	1.53719	0	-1.63206	-2.15117	0	-1.94138	0	0	0	
81.32	0.337	0.103	1.51568	0	-1.65147	-2.15117	0	-1.94138	0	0	0	
81.33	0.337	0.103	1.49417	0	-1.67088	-2.15117	0	-1.94138	0	0	0	
81.34	0.337	0.103	1.47266	0	-1.6903	-2.15117	0	-1.94138	0	0	0	
81.35	0.337	0.103	1.4508	0	-1.70931	-2.24807	0	-1.82721	0	0	0	
81.36	0.337	0.103	1.42832	0	-1.72758	-2.24807	0	-1.82721	0	0	0	
81.37	0.337	0.103	1.40584	0	-1.74585	-2.24807	0	-1.82721	0	0	0	
81.38	0.337	0.103	1.38336	0	-1.76412	-2.24807	0	-1.82721	0	0	0	
81.39	0.337	0.103	1.36056	0	-1.78198	-2.33891	0	-1.70824	0	0	0	
81.4	0.337	0.103	1.33717	0	-1.79906	-2.33891	0	-1.70824	0	0	0	
81.41	0.337	0.103	1.31378	0	-1.81614	-2.33891	0	-1.70824	0	0	0	
81.42	0.337	0.103	1.29039	0	-1.83322	-2.33891	0	-1.70824	0	0	0	
81.43	0.337	0.103	1.26671	0	-1.84987	-2.42344	0	-1.58479	0	0	0	
81.44	0.337	0.103	1.24247	0	-1.86572	-2.42344	0	-1.58479	0	0	0	
81.45	0.337	0.103	1.21824	0	-1.88157	-2.42344	0	-1.58479	0	0	0	
81.46	0.337	0.103	1.194	0	-1.89741	-2.42344	0	-1.58479	0	0	0	
81.47	0.337	0.103	1.16949	0	-1.91281	-2.50144	0	-1.45721	0	0	0	
81.48	0.337	0.103	1.14448	0	-1.92738	-2.50144	0	-1.45721	0	0	0	
81.49	0.337	0.103	1.11946	0	-1.94196	-2.50144	0	-1.45721	0	0	0	
81.5	0.337	0.103	1.09445	0	-1.95653	-2.50144	0	-1.45721	0	0	0	
81.51	0.337	0.103	1.06918	0	-1.97064	-2.57272	0	-1.32583	0	0	0	
81.52	0.337	0.103	1.04346	0	-1.9839	-2.57272	0	-1.32583	0	0	0	
81.53	0.337	0.103	1.01773	0	-1.99715	-2.57272	0	-1.32583	0	0	0	
81.54	0.337	0.103	0.992002	0	-2.01041	-2.57272	0	-1.32583	0	0	0	
81.55	0.337	0.103	0.966048	0	-2.02319	-2.6371	0	-1.19101	0	0	0	
81.56	0.337	0.103	0.939677	0	-2.0351	-2.6371	0	-1.19101	0	0	0	
81.57	0.337	0.103	0.913306	0	-2.04701	-2.6371	0	-1.19101	0	0	0	
81.58	0.337	0.103	0.886935	0	-2.05892	-2.6371	0	-1.19101	0	0	0	
81.59	0.337	0.103	0.860362	0	-2.07035	-2.69441	0	-1.05311	0	0	0	
81.6	0.337	0.103	0.833417	0	-2.08088	-2.69441	0	-1.05311	0	0	0	
81.61	0.337	0.103	0.806473	0	-2.09141	-2.69441	0	-1.05311	0	0	0	
81.62	0.337	0.103	0.779529	0	-2.10194	-2.69441	0	-1.05311	0	0	0	
81.63	0.337	0.103	0.752409	0	-2.11198	-2.7445	0	-0.912505	0	0	0	
81.64	0.337	0.103	0.724964	0	-2.1211	-2.7445	0	-0.912505	0	0	0	
81.65	0.337	0.103	0.697519	0	-2.13023	-2.7445	0	-0.912505	0	0	0	
81.66	0.337	0.103	0.670074	0	-2.13935	-2.7445	0	-0.912505	0	0	0	
81.67	0.337	0.103	0.642478	0	-2.14797	-2.78725	0	-0.769571	0	0	0	
81.68	0.337	0.103	0.614605	0	-2.15567	-2.78725	0	-0.769571	0	0	0	
81.69	0.337	0.103	0.586733	0	-2.16336	-2.78725	0	-0.769571	0	0	0	
81.7	0.337	0.103	0.55886	0	-2.17106	-2.78725	0	-0.769571	0	0	0	
81.71	0.337	0.103	0.530863	0	-2.17824	-2.82256	0	-0.62469	0	0	0	
81.72	0.337	0.103	0.502638	0	-2.18449	-2.82256	0	-0.62469	0	0	0	
81.73	0.337	0.103	0.474412	0	-2.19074	-2.82256	0	-0.62469	0	0	0	
81.74	0.337	0.103	0.446187	0	-2.19698	-2.82256	0	-0.62469	0	0	0	
81.75	0.337	0.103	0.417863	0	-2.20272	-2.85034	0	-0.478251	0	0	0	
81.76	0.337	0.103	0.38936	0	-2.2075	-2.85034	0	-0.478251	0	0	0	
81.77	0.337	0.103	0.360856	0	-2.21228	-2.85034	0	-0.478251	0	0	0	
81.78	0.337	0.103	0.332353	0	-2.21706	-2.85034	0	-0.478251	0	0	0	
81.79	0.337	0.103	0.303778	0	-2.22132	-2.87052	0	-0.330644	0	0	0	
81.8	0.337	0.103	0.275073	0	-2.22463	-2.87052	0	-0.330644	0	0	0	
81.81	0.337	0.103	0.246368	0	-2.22794	-2.87052	0	-0.330644	0	0	0	
81.82	0.337	0.103	0.217663	0	-2.23124	-2.87052	0	-0.330644	0	0	0	
81.83	0.337	0.103	0.188913	0	-2.23403	-2.88307	0	-0.182262	0	0	0	
81.84	0.337	0.103	0.160082	0	-2.23585	-2.88307	0	-0.182262	0	0	0	
81.85	0.337	0.103	0.131252	0	-2.23767	-2.88307	0	-0.182262	0	0	0	
81.86	0.337	0.103	0.102421	0	-2.23949	-2.88307	0	-0.182262	0	0	0	
81.87	0.337	0.103	0.0735729	0	-2.24079	-2.88796	0	-0.0335008	0	0	0	
81.88	0.337	0.103	0.0446933	0	-2.24113	-2.88796	0	-0.0335008	0	0	0	
81.89	0.337	0.103	0.0158137	0	-2.24146	-2.88796	0	-0.0335008	0	0	0	
81.9	0.337	0.103	-0.0130658	0	-2.2418	-2.88796	0	-0.0335008	0	0	0	
81.91	0.337	0.103	-0.0419356	0	-2.24161	-2.88517	0	0.115245	0	0	0	
81.92	0.337	0.103	-0.0707873	0	-2.24046	-2.88517	0	0.115245	0	0	0	
81.93	0.337	0.103	-0.0996391	0	-2.2393	-2.88517	0	0.115245	0	0	0	
81.94	0.337	0.103	-0.128491	0	-2.23815	-2.88517	0	0.115245	0	0	0	
81.95	0.337	0.103	-0.157306	0	-2.23647	-2.87474	0	0.263581	0	0	0	
81.96	0.337	0.103	-0.186053	0	-2.23384	-2.87474	0	0.263581	0	0	0	
81.97	0.337	0.103	-0.214801	0	-2.2312	-2.87474	0	0.263581	0	0	0	
81.98	0.337	0.103	-0.243548	0	-2.22857	-2.87474	0	0.263581	0	0	0	
81.99	0.337	0.103	-0.272232	0	-2.22541	-2.85669	0	0.411113	0	0	0	
82	0.337	0.103	-0.300799	0	-2.2213	-2.85669	0	0.411113	0	0	0	
82.01	0.337	0.103	-0.329366	0	-2.21719	-2.85669	0	0.411113	0	0	0	
82.02	0.337	0.103	-0.357932	0	-2.21308	-2.85669	0	0.411113	0	0	0	
82.03	0.337	0.103	-0.386409	0	-2.20845	-2.83109	0	0.557453	0	0	0	
82.04	0.337	0.103	-0.41472	0	-2.20288	-2.83109	0	0.557453	0	0	0	
82.05	0.337	0.103	-0.443031	0	-2.1973	-2.83109	0	0.557453	0	0	0	
82.06	0.337	0.103	-0.471342	0	-2.19173	-2.83109	0	0.557453	0	0	0	
82.07	0.337	0.103	-0.499536	0	-2.18564	-2.798	0	0.702214	0	0	0	
82.08	0.337	0.103	-0.527516	0	-2.17862	-2.798	0	0.702214	0	0	0	
82.09	0.337	0.103	-0.555496	0	-2.1716	-2.798	0	0.702214	0	0	0	
82.1	0.337	0.103	-0.583476	0	-2.16457	-2.798	0	0.702214	0	0	0	
82.11	0.337	0.103	-0.611313	0	-2.15705	-2.75753	0	0.845015	0	0	0	
82.12	0.337	0.103	-0.638889	0	-2.1486	-2.75753	0	0.845015	0	0	0	
82.13	0.337	0.103	-0.666464	0	-2.14015	-2.75753	0	0.845015	0	0	0	
82.14	0.337	0.103	-0.694039	0	-2.1317	-2.75753	0	0.845015	0	0	0	
82.15	0.337	0.103	-0.721446	0	-2.12275	-2.70979	0	0.985479	0	0	0	
82.16	0.337	0.103	-0.748544	0	-2.1129	-2.70979	0	0.985479	0	0	0	
82.17	0.337	0.103	-0.775642	0	-2.10304	-2.70979	0	0.985479	0	0	0	
82.18	0.337	0.103	-0.80274	0	-2.09319	-2.70979	0	0.985479	0	0	0	
82.19	0.337	0.103	-0.829644	0	-2.08285	-2.65492	0	1.12324	0	0	0	
82.2	0.337	0.103	-0.856193	0	-2.07162	-2.65492	0	1.12324	0	0	0	
82.21	0.337	0.103	-0.882743	0	-2.06038	-2.65492	0	1.12324	0	0	0	
82.22	0.337	0.103	-0.909292	0	-2.04915	-2.65492	0	1.12324	0	0	0	
82.23	0.337	0.103	-0.935623	0	-2.03744	-2.59307	0	1.25793	0	0	0	
82.24	0.337	0.103	-0.961554	0	-2.02486	-2.59307	0	1.25793	0	0	0	
82.25	0.337	0.103	-0.987484	0	-2.01228	-2.59307	0	1.25793	0	0	0	
82.26	0.337	0.103	-1.01341	0	-1.99971	-2.59307	0	1.25793	0	0	0	
82.27	0.337	0.103	-1.0391	0	-1.98666	-2.52441	0	1.38921	0	0	0	
82.28	0.337	0.103	-1.06435	0	-1.97277	-2.52441	0	1.38921	0	0	0	
82.29	0.337	0.103	-1.08959	0	-1.95888	-2.52441	0	1.38921	0	0	0	
82.3	0.337	0.103	-1.11484	0	-1.94499	-2.52441	0	1.38921	0	0	0	
82.31	0.337	0.103	-1.13981	0	-1.93064	-2.44912	0	1.51672	0	0	0	
82.32	0.337	0.103	-1.16431	0	-1.91548	-2.44912	0	1.51672	0	0	0	
82.33	0.337	0.103	-1.1888	0	-1.90031	-2.44912	0	1.51672	0	0	0	
82.34	0.337	0.103	-1.21329	0	-1.88514	-2.44912	0	1.51672	0	0	0	
82.35	0.337	0.103	-1.23749	0	-1.86954	-2.36743	0	1.64014	0	0	0	
82.36	0.337	0.103	-1.26117	0	-1.85314	-2.36743	0	1.64014	0	0	0	
82.37	0.337	0.103	-1.28484	0	-1.83674	-2.36743	0	1.64014	0	0	0	
82.38	0.337	0.103	-1.30851	0	-1.82034	-2.36743	0	1.64014	0	0	0	
82.39	0.337	0.103	-1.33188	0	-1.80351	-2.27954	0	1.75915	0	0	0	
82.4	0.337	0.103	-1.35467	0	-1.78592	-2.27954	0	1.75915	0	0	0	
82.41	0.337	0.103	-1.37747	0	-1.76833	-2.27954	0	1.75915	0	0	0	
82.42	0.337	0.103	-1.40026	0	-1.75074	-2.27954	0	1.75915	0	0	0	
82.43	0.337	0.103	-1.42273	0	-1.73275	-2.18571	0	1.87343	0	0	0	
82.44	0.337	0.103	-1.44459	0	-1.71401	-2.18571	0	1.87343	0	0	0	
82.45	0.337	0.103	-1.46644	0	-1.69528	-2.18571	0	1.87343	0	0	0	
82.46	0.337	0.103	-1.4883	0	-1.67654	-2.18571	0	1.87343	0	0	0	
82.47	0.337	0.103	-1.50981	0	-1.65742	-2.08617	0	1.9827	0	0	0	
82.48	0.337	0.103	-1.53067	0	-1.6376	-2.08617	0	1.9827	0	0	0	
82.49	0.337	0.103	-1.55153	0	-1.61777	-2.08617	0	1.9827	0	0	0	
82.5	0.337	0.103	-1.57239	0	-1.59794	-2.08617	0	1.9827	0	0	0	
82.51	0.337	0.103	-1.59288	0	-1.57775	-1.98121	0	2.08666	0	0	0	
82.52	0.337	0.103	-1.61269	0	-1.55688	-1.98121	0	2.08666	0	0	0	
82.53	0.337	0.103	-1.63251	0	-1.53601	-1.98121	0	2.08666	0	0	0	
82.54	0.337	0.103	-1.65232	0	-1.51515	-1.98121	0	2.08666	0	0	0	
82.55	0.337	0.103	-1.67174	0	-1.49393	-1.87111	0	2.18506	0	0	0	
82.56	0.337	0.103	-1.69045	0	-1.47208	-1.87111	0	2.18506	0	0	0	
82.57	0.337	0.103	-1.70916	0	-1.45023	-1.87111	0	2.18506	0	0	0	
82.58	0.337	0.103	-1.72788	0	-1.42838	-1.87111	0	2.18506	0	0	0	
82.59	0.337	0.103	-1.74618	0	-1.40621	-1.75615	0	2.27763	0	0	0	
82.6	0.337	0.103	-1.76374	0	-1.38343	-1.75615	0	2.27763	0	0	0	
82.61	0.337	0.103	-1.7813	0	-1.36065	-1.75615	0	2.27763	0	0	0	
82.62	0.337	0.103	-1.79887	0	-1.33788	-1.75615	0	2.27763	0	0	0	
82.63	0.337	0.103	-1.81601	0	-1.3148	-1.63665	0	2.36415	0	0	0	
82.64	0.337	0.103	-1.83237	0	-1.29115	-1.63665	0	2.36415	0	0	0	
82.65	0.337	0.103	-1.84874	0	-1.26751	-1.63665	0	2.36415	0	0	0	
82.66	0.337	0.103	-1.86511	0	-1.24387	-1.63665	0	2.36415	0	0	0	
82.67	0.337	0.103	-1.88104	0	-1.21995	-1.51294	0	2.44438	0	0	0	
82.68	0.337	0.103	-1.89616	0	-1.1955	-1.51294	0	2.44438	0	0	0	
82.69	0.337	0.103	-1.91129	0	-1.17106	-1.51294	0	2.44438	0	0	0	
82.7	0.337	0.103	-1.92642	0	-1.14661	-1.51294	0	2.44438	0	0	0	
82.71	0.337	0.103	-1.9411	0	-1.12191	-1.38533	0	2.51814	0	0	0	
82.72	0.337	0.103	-1.95496	0	-1.09673	-1.38533	0	2.51814	0	0	0	
82.73	0.337	0.103	-1.96881	0	-1.07155	-1.38533	0	2.51814	0	0	0	
82.74	0.337	0.103	-1.98266	0	-1.04637	-1.38533	0	2.51814	0	0	0	
82.75	0.337	0.103	-1.99605	0	-1.02095	-1.25416	0	2.58523	0	0	0	
82.76	0.337	0.103	-2.00859	0	-0.995096	-1.25416	0	2.58523	0	0	0	
82.77	0.337	0.103	-2.02114	0	-0.969244	-1.25416	0	2.58523	0	0	0	
82.78	0.337	0.103	-2.03368	0	-0.943392	-1.25416	0	2.58523	0	0	0	
82.79	0.337	0.103	-2.04575	0	-0.917327	-1.1198	0	2.64548	0	0	0	
82.8	0.337	0.103	-2.05694	0	-0.890872	-1.1198	0	2.64548	0	0	0	
82.81	0.337	0.103	-2.06814	0	-0.864418	-1.1198	0	2.64548	0	0	0	
82.82	0.337	0.103	-2.07934	0	-0.837963	-1.1198	0	2.64548	0	0	0	
82.83	0.337	0.103	-2.09005	0	-0.81132	-0.982588	0	2.69874	0	0	0	
82.84	0.337	0.103	-2.09988	0	-0.784333	-0.982588	0	2.69874	0	0	0	
82.85	0.337	0.103	-2.10971	0	-0.757345	-0.982588	0	2.69874	0	0	0	
82.86	0.337	0.103	-2.11953	0	-0.730358	-0.982588	0	2.69874	0	0	0	
82.87	0.337	0.103	-2.12886	0	-0.703208	-0.842894	0	2.74488	0	0	0	
82.88	0.337	0.103	-2.13729	0	-0.675759	-0.842894	0	2.74488	0	0	0	
82.89	0.337	0.103	-2.14572	0	-0.64831	-0.842894	0	2.74488	0	0	0	
82.9	0.337	0.103	-2.15415	0	-0.620861	-0.842894	0	2.74488	0	0	0	
82.91	0.337	0.103	-2.16208	0	-0.593275	-0.701086	0	2.7838	0	0	0	
82.92	0.337	0.103	-2.16909	0	-0.565437	-0.701086	0	2.7838	0	0	0	
82.93	0.337	0.103	-2.1761	0	-0.537599	-0.701086	0	2.7838	0	0	0	
82.94	0.337	0.103	-2.18311	0	-0.509761	-0.701086	0	2.7838	0	0	0	
82.95	0.337	0.103	-2.18962	0	-0.481812	-0.557538	0	2.81538	0	0	0	
82.96	0.337	0.103	-2.19519	0	-0.453658	-0.557538	0	2.81538	0	0	0	
82.97	0.337	0.103	-2.20077	0	-0.425504	-0.557538	0	2.81538	0	0	0	
82.98	0.337	0.103	-2.20634	0	-0.39735	-0.557538	0	2.81538	0	0	0	
82.99	0.337	0.103	-2.21141	0	-0.369111	-0.412628	0	2.83957	0	0	0	
83	0.337	0.103	-2.21553	0	-0.340716	-0.412628	0	2.83957	0	0	0	
83.01	0.337	0.103	-2.21966	0	-0.31232	-0.412628	0	2.83957	0	0	0	
83.02	0.337	0.103	-2.22379	0	-0.283924	-0.412628	0	2.83957	0	0	0	
83.03	0.337	0.103	-2.2274	0	-0.255469	-0.266739	0	2.8563	0	0	0	
83.04	0.337	0.103	-2.23006	0	-0.226906	-0.266739	0	2.8563	0	0	0	
83.05	0.337	0.103	-2.23273	0	-0.198343	-0.266739	0	2.8563	0	0	0	
83.06	0.337	0.103	-2.2354	0	-0.16978	-0.266739	0	2.8563	0	0	0	
83.07	0.337	0.103	-2.23755	0	-0.141185	-0.120252	0	2.86555	0	0	0	
83.08	0.337	0.103	-2.23875	0	-0.112529	-0.120252	0	2.86555	0	0	0	
83.09	0.337	0.103	-2.23996	0	-0.0838738	-0.120252	0	2.86555	0	0	0	
83.1	0.337	0.103	-2.24116	0	-0.0552184	-0.120252	0	2.86555	0	0	0	
83.11	0.337	0.103	-2.24184	0	-0.0265568	0.0264488	0	2.86728	0	0	0	
83.12	0.337	0.103	-2.24158	0	0.00211604	0.0264488	0	2.86728	0	0	0	
83.13	0.337	0.103	-2.24131	0	0.0307889	0.0264488	0	2.86728	0	0	0	
83.14	0.337	0.103	-2.24105	0	0.0594617	0.0264488	0	2.86728	0	0	0	
83.15	0.337	0.103	-2.24027	0	0.0881142	0.172978	0	2.86152	0	0	0	
83.16	0.337	0.103	-2.23854	0	0.116729	0.172978	0	2.86152	0	0	0	
83.17	0.337	0.103	-2.23681	0	0.145345	0.172978	0	2.86152	0	0	0	
83.18	0.337	0.103	-2.23508	0	0.17396	0.172978	0	2.86152	0	0	0	
83.19	0.337	0.103	-2.23283	0	0.202528	0.318954	0	2.84828	0	0	0	
83.2	0.337	0.103	-2.22964	0	0.231011	0.318954	0	2.84828	0	0	0	
83.21	0.337	0.103	-2.22645	0	0.259494	0.318954	0	2.84828	0	0	0	
83.22	0.337	0.103	-2.22327	0	0.287977	0.318954	0	2.84828	0	0	0	
83.23	0.337	0.103	-2.21956	0	0.316387	0.463996	0	2.8276	0	0	0	
83.24	0.337	0.103	-2.21492	0	0.344663	0.463996	0	2.8276	0	0	0	
83.25	0.337	0.103	-2.21028	0	0.372939	0.463996	0	2.8276	0	0	0	
83.26	0.337	0.103	-2.20564	0	0.401215	0.463996	0	2.8276	0	0	0	
83.27	0.337	0.103	-2.2005	0	0.429392	0.607725	0	2.79956	0	0	0	
83.28	0.337	0.103	-2.19442	0	0.457387	0.607725	0	2.79956	0	0	0	
83.29	0.337	0.103	-2.18834	0	0.485383	0.607725	0	2.79956	0	0	0	
83.3	0.337	0.103	-2.18227	0	0.513378	0.607725	0	2.79956	0	0	0	
83.31	0.337	0.103	-2.17569	0	0.541249	0.749768	0	2.76422	0	0	0	
83.32	0.337	0.103	-2.16819	0	0.568892	0.749768	0	2.76422	0	0	0	
83.33	0.337	0.103	-2.16069	0	0.596534	0.749768	0	2.76422	0	0	0	
83.34	0.337	0.103	-2.15319	0	0.624176	0.749768	0	2.76422	0	0	0	
83.35	0.337	0.103	-2.1452	0	0.651668	0.889757	0	2.7217	0	0	0	
83.36	0.337	0.103	-2.1363	0	0.678885	0.889757	0	2.7217	0	0	0	
83.37	0.337	0.103	-2.12741	0	0.706102	0.889757	0	2.7217	0	0	0	
83.38	0.337	0.103	-2.11851	0	0.733319	0.889757	0	2.7217	0	0	0	
83.39	0.337	0.103	-2.10913	0	0.760361	1.02733	0	2.6721	0	0	0	
83.4	0.337	0.103	-2.09885	0	0.787082	1.02733	0	2.6721	0	0	0	
83.41	0.337	0.103	-2.08858	0	0.813803	1.02733	0	2.6721	0	0	0	
83.42	0.337	0.103	-2.07831	0	0.840524	1.02733	0	2.6721	0	0	0	
83.43	0.337	0.103	-2.06756	0	0.867046	1.16213	0	2.61557	0	0	0	
83.44	0.337	0.103	-2.05594	0	0.893201	1.16213	0	2.61557	0	0	0	
83.45	0.337	0.103	-2.04432	0	0.919357	1.16213	0	2.61557	0	0	0	
83.46	0.337	0.103	-2.03269	0	0.945513	1.16213	0	2.61557	0	0	0	
83.47	0.337	0.103	-2.02061	0	0.971445	1.2938	0	2.55227	0	0	0	
83.48	0.337	0.103	-2.00767	0	0.996968	1.2938	0	2.55227	0	0	0	
83.49	0.337	0.103	-1.99473	0	1.02249	1.2938	0	2.55227	0	0	0	
83.5	0.337	0.103	-1.98179	0	1.04801	1.2938	0	2.55227	0	0	0	
83.51	0.337	0.103	-1.9684	0	1.07329	1.42202	0	2.48236	0	0	0	
83.52	0.337	0.103	-1.95418	0	1.09811	1.42202	0	2.48236	0	0	0	
83.53	0.337	0.103	-1.93996	0	1.12294	1.42202	0	2.48236	0	0	0	
83.54	0.337	0.103	-1.92574	0	1.14776	1.42202	0	2.48236	0	0	0	
83.55	0.337	0.103	-1.91108	0	1.17231	1.54644	0	2.40603	0	0	0	
83.56	0.337	0.103	-1.89562	0	1.19637	1.54644	0	2.40603	0	0	0	
83.57	0.337	0.103	-1.88016	0	1.22043	1.54644	0	2.40603	0	0	0	
83.58	0.337	0.103	-1.86469	0	1.2445	1.54644	0	2.40603	0	0	0	
83.59	0.337	0.103	-1.8488	0	1.26826	1.66675	0	2.3235	0	0	0	
83.6	0.337	0.103	-1.83213	0	1.2915	1.66675	0	2.3235	0	0	0	
83.61	0.337	0.103	-1.81547	0	1.31473	1.66675	0	2.3235	0	0	0	
83.62	0.337	0.103	-1.7988	0	1.33797	1.66675	0	2.3235	0	0	0	
83.63	0.337	0.103	-1.78172	0	1.36089	1.78265	0	2.23497	0	0	0	
83.64	0.337	0.103	-1.7639	0	1.38324	1.78265	0	2.23497	0	0	0	
83.65	0.337	0.103	-1.74607	0	1.40559	1.78265	0	2.23497	0	0	0	
83.66	0.337	0.103	-1.72824	0	1.42794	1.78265	0	2.23497	0	0	0	
83.67	0.337	0.103	-1.71003	0	1.44996	1.89383	0	2.1407	0	0	0	
83.68	0.337	0.103	-1.69109	0	1.47137	1.89383	0	2.1407	0	0	0	
83.69	0.337	0.103	-1.67215	0	1.49277	1.89383	0	2.1407	0	0	0	
83.7	0.337	0.103	-1.65321	0	1.51418	1.89383	0	2.1407	0	0	0	
83.71	0.337	0.103	-1.6339	0	1.53523	2.00001	0	2.04093	0	0	0	
83.72	0.337	0.103	-1.6139	0	1.55564	2.00001	0	2.04093	0	0	0	
83.73	0.337	0.103	-1.5939	0	1.57605	2.00001	0	2.04093	0	0	0	
83.74	0.337	0.103	-1.5739	0	1.59646	2.00001	0	2.04093	0	0	0	
83.75	0.337	0.103	-1.55354	0	1.6165	2.10093	0	1.93593	0	0	0	
83.76	0.337	0.103	-1.53253	0	1.63586	2.10093	0	1.93593	0	0	0	
83.77	0.337	0.103	-1.51152	0	1.65522	2.10093	0	1.93593	0	0	0	
83.78	0.337	0.103	-1.49051	0	1.67458	2.10093	0	1.93593	0	0	0	
83.79	0.337	0.103	-1.46917	0	1.69355	2.19632	0	1.82597	0	0	0	
83.8	0.337	0.103	-1.4472	0	1.71181	2.19632	0	1.82597	0	0	0	
83.81	0.337	0.103	-1.42524	0	1.73007	2.19632	0	1.82597	0	0	0	
83.82	0.337	0.103	-1.40328	0	1.74833	2.19632	0	1.82597	0	0	0	
83.83	0.337	0.103	-1.381	0	1.76618	2.28594	0	1.71135	0	0	0	
83.84	0.337	0.103	-1.35814	0	1.7833	2.28594	0	1.71135	0	0	0	
83.85	0.337	0.103	-1.33528	0	1.80041	2.28594	0	1.71135	0	0	0	
83.86	0.337	0.103	-1.31242	0	1.81753	2.28594	0	1.71135	0	0	0	
83.87	0.337	0.103	-1.28927	0	1.83422	2.36957	0	1.59237	0	0	0	
83.88	0.337	0.103	-1.26557	0	1.85014	2.36957	0	1.59237	0	0	0	
83.89	0.337	0.103	-1.24187	0	1.86607	2.36957	0	1.59237	0	0	0	
83.9	0.337	0.103	-1.21818	0	1.88199	2.36957	0	1.59237	0	0	0	
83.91	0.337	0.103	-1.19421	0	1.89748	2.447	0	1.46934	0	0	0	
83.92	0.337	0.103	-1.16974	0	1.91217	2.447	0	1.46934	0	0	0	
83.93	0.337	0.103	-1.14527	0	1.92687	2.447	0	1.46934	0	0	0	
83.94	0.337	0.103	-1.1208	0	1.94156	2.447	0	1.46934	0	0	0	
83.95	0.337	0.103	-1.09608	0	1.95581	2.51804	0	1.34258	0	0	0	
83.96	0.337	0.103	-1.0709	0	1.96923	2.51804	0	1.34258	0	0	0	
83.97	0.337	0.103	-1.04572	0	1.98266	2.51804	0	1.34258	0	0	0	
83.98	0.337	0.103	-1.02054	0	1.99608	2.51804	0	1.34258	0	0	0	
83.99	0.337	0.103	-0.99513	0	2.00905	2.5825	0	1.21244	0	0	0	
84	0.337	0.103	-0.969305	0	2.02117	2.5825	0	1.21244	0	0	0	
84.01	0.337	0.103	-0.94348	0	2.0333	2.5825	0	1.21244	0	0	0	
84.02	0.337	0.103	-0.917655	0	2.04542	2.5825	0	1.21244	0	0	0	
84.03	0.337	0.103	-0.891626	0	2.05708	2.64024	0	1.07924	0	0	0	
84.04	0.337	0.103	-0.865223	0	2.06787	2.64024	0	1.07924	0	0	0	
84.05	0.337	0.103	-0.838821	0	2.07866	2.64024	0	1.07924	0	0	0	
84.06	0.337	0.103	-0.812419	0	2.08945	2.64024	0	1.07924	0	0	0	
84.07	0.337	0.103	-0.785837	0	2.09977	2.69109	0	0.943346	0	0	0	
84.08	0.337	0.103	-0.758926	0	2.1092	2.69109	0	0.943346	0	0	0	
84.09	0.337	0.103	-0.732015	0	2.11863	2.69109	0	0.943346	0	0	0	
84.1	0.337	0.103	-0.705104	0	2.12807	2.69109	0	0.943346	0	0	0	
84.11	0.337	0.103	-0.678038	0	2.13701	2.73496	0	0.805101	0	0	0	
84.12	0.337	0.103	-0.650689	0	2.14506	2.73496	0	0.805101	0	0	0	
84.13	0.337	0.103	-0.623339	0	2.15312	2.73496	0	0.805101	0	0	0	
84.14	0.337	0.103	-0.59599	0	2.16117	2.73496	0	0.805101	0	0	0	
84.15	0.337	0.103	-0.56851	0	2.16872	2.77172	0	0.66487	0	0	0	
84.16	0.337	0.103	-0.540793	0	2.17537	2.77172	0	0.66487	0	0	0	
84.17	0.337	0.103	-0.513076	0	2.18202	2.77172	0	0.66487	0	0	0	
84.18	0.337	0.103	-0.485359	0	2.18867	2.77172	0	0.66487	0	0	0	
84.19	0.337	0.103	-0.457537	0	2.19482	2.80129	0	0.523015	0	0	0	
84.2	0.337	0.103	-0.429525	0	2.20005	2.80129	0	0.523015	0	0	0	
84.21	0.337	0.103	-0.401512	0	2.20528	2.80129	0	0.523015	0	0	0	
84.22	0.337	0.103	-0.373499	0	2.21051	2.80129	0	0.523015	0	0	0	
84.23	0.337	0.103	-0.345407	0	2.21523	2.8236	0	0.379907	0	0	0	
84.24	0.337	0.103	-0.317171	0	2.21903	2.8236	0	0.379907	0	0	0	
84.25	0.337	0.103	-0.288935	0	2.22283	2.8236	0	0.379907	0	0	0	
84.26	0.337	0.103	-0.260699	0	2.22663	2.8236	0	0.379907	0	0	0	
84.27	0.337	0.103	-0.23241	0	2.22992	2.83861	0	0.235915	0	0	0	
84.28	0.337	0.103	-0.204024	0	2.23228	2.83861	0	0.235915	0	0	0	
84.29	0.337	0.103	-0.175638	0	2.23464	2.83861	0	0.235915	0	0	0	
84.3	0.337	0.103	-0.147252	0	2.237	2.83861	0	0.235915	0	0	0	
84.31	0.337	0.103	-0.118839	0	2.23885	2.84628	0	0.0914127	0	0	0	
84.32	0.337	0.103	-0.0903758	0	2.23976	2.84628	0	0.0914127	0	0	0	
84.33	0.337	0.103	-0.061913	0	2.24068	2.84628	0	0.0914127	0	0	0	
84.34	0.337	0.103	-0.0334502	0	2.24159	2.84628	0	0.0914127	0	0	0	
84.35	0.337	0.103	-0.00498624	0	2.24199	2.8466	0	-0.0532268	0	0	0	
84.36	0.337	0.103	0.0234798	0	2.24146	2.8466	0	-0.0532268	0	0	0	
84.37	0.337	0.103	0.0519458	0	2.24093	2.8466	0	-0.0532268	0	0	0	
84.38	0.337	0.103	0.0804118	0	2.2404	2.8466	0	-0.0532268	0	0	0	
84.39	0.337	0.103	0.108853	0	2.23936	2.83958	0	-0.19763	0	0	0	
84.4	0.337	0.103	0.137249	0	2.23738	2.83958	0	-0.19763	0	0	0	
84.41	0.337	0.103	0.165645	0	2.2354	2.83958	0	-0.19763	0	0	0	
84.42	0.337	0.103	0.194041	0	2.23343	2.83958	0	-0.19763	0	0	0	
84.43	0.337	0.103	0.222386	0	2.23094	2.82525	0	-0.341426	0	0	0	
84.44	0.337	0.103	0.250638	0	2.22753	2.82525	0	-0.341426	0	0	0	
84.45	0.337	0.103	0.278891	0	2.22411	2.82525	0	-0.341426	0	0	0	
84.46	0.337	0.103	0.307143	0	2.2207	2.82525	0	-0.341426	0	0	0	
84.47	0.337	0.103	0.33532	0	2.21678	2.80365	0	-0.484244	0	0	0	
84.48	0.337	0.103	0.363356	0	2.21194	2.80365	0	-0.484244	0	0	0	
84.49	0.337	0.103	0.391393	0	2.2071	2.80365	0	-0.484244	0	0	0	
84.5	0.337	0.103	0.419429	0	2.20226	2.80365	0	-0.484244	0	0	0	
84.51	0.337	0.103	0.447364	0	2.19691	2.77484	0	-0.625717	0	0	0	
84.52	0.337	0.103	0.475112	0	2.19066	2.77484	0	-0.625717	0	0	0	
84.53	0.337	0.103	0.502861	0	2.1844	2.77484	0	-0.625717	0	0	0	
84.54	0.337	0.103	0.530609	0	2.17814	2.77484	0	-0.625717	0	0	0	
84.55	0.337	0.103	0.558231	0	2.17139	2.73891	0	-0.765484	0	0	0	
84.56	0.337	0.103	0.58562	0	2.16374	2.73891	0	-0.765484	0	0	0	
84.57	0.337	0.103	0.613009	0	2.15608	2.73891	0	-0.765484	0	0	0	
84.58	0.337	0.103	0.640398	0	2.14843	2.73891	0	-0.765484	0	0	0	
84.59	0.337	0.103	0.667635	0	2.14029	2.69595	0	-0.903186	0	0	0	
84.6	0.337	0.103	0.694595	0	2.13125	2.69595	0	-0.903186	0	0	0	
84.61	0.337	0.103	0.721554	0	2.12222	2.69595	0	-0.903186	0	0	0	
84.62	0.337	0.103	0.748514	0	2.11319	2.69595	0	-0.903186	0	0	0	
84.63	0.337	0.103	0.775297	0	2.10368	2.64609	0	-1.03847	0	0	0	
84.64	0.337	0.103	0.801758	0	2.0933	2.64609	0	-1.03847	0	0	0	
84.65	0.337	0.103	0.828219	0	2.08291	2.64609	0	-1.03847	0	0	0	
84.66	0.337	0.103	0.85468	0	2.07253	2.64609	0	-1.03847	0	0	0	
84.67	0.337	0.103	0.880941	0	2.06168	2.58947	0	-1.17099	0	0	0	
84.68	0.337	0.103	0.906836	0	2.04997	2.58947	0	-1.17099	0	0	0	
84.69	0.337	0.103	0.932731	0	2.03826	2.58947	0	-1.17099	0	0	0	
84.7	0.337	0.103	0.958625	0	2.02655	2.58947	0	-1.17099	0	0	0	
84.71	0.337	0.103	0.984297	0	2.01438	2.52622	0	-1.30042	0	0	0	
84.72	0.337	0.103	1.00956	0	2.00138	2.52622	0	-1.30042	0	0	0	
84.73	0.337	0.103	1.03482	0	1.98837	2.52622	0	-1.30042	0	0	0	
84.74	0.337	0.103	1.06008	0	1.97537	2.52622	0	-1.30042	0	0	0	
84.75	0.337	0.103	1.0851	0	1.96192	2.45654	0	-1.42642	0	0	0	
84.76	0.337	0.103	1.10967	0	1.94765	2.45654	0	-1.42642	0	0	0	
84.77	0.337	0.103	1.13423	0	1.93339	2.45654	0	-1.42642	0	0	0	
84.78	0.337	0.103	1.1588	0	1.91913	2.45654	0	-1.42642	0	0	0	
84.79	0.337	0.103	1.18309	0	1.90443	2.38059	0	-1.54867	0	0	0	
84.8	0.337	0.103	1.2069	0	1.88894	2.38059	0	-1.54867	0	0	0	
84.81	0.337	0.103	1.23071	0	1.87346	2.38059	0	-1.54867	0	0	0	
84.82	0.337	0.103	1.25451	0	1.85797	2.38059	0	-1.54867	0	0	0	
84.83	0.337	0.103	1.27803	0	1.84207	2.29859	0	-1.66686	0	0	0	
84.84	0.337	0.103	1.30101	0	1.8254	2.29859	0	-1.66686	0	0	0	
84.85	0.337	0.103	1.324	0	1.80873	2.29859	0	-1.66686	0	0	0	
84.86	0.337	0.103	1.34699	0	1.79206	2.29859	0	-1.66686	0	0	0	
84.87	0.337	0.103	1.36966	0	1.77499	2.21075	0	-1.7807	0	0	0	
84.88	0.337	0.103	1.39177	0	1.75718	2.21075	0	-1.7807	0	0	0	
84.89	0.337	0.103	1.41388	0	1.73938	2.21075	0	-1.7807	0	0	0	
84.9	0.337	0.103	1.43598	0	1.72157	2.21075	0	-1.7807	0	0	0	
84.91	0.337	0.103	1.45776	0	1.70338	2.1173	0	-1.88989	0	0	0	
84.92	0.337	0.103	1.47893	0	1.68448	2.1173	0	-1.88989	0	0	0	
84.93	0.337	0.103	1.50011	0	1.66558	2.1173	0	-1.88989	0	0	0	
84.94	0.337	0.103	1.52128	0	1.64668	2.1173	0	-1.88989	0	0	0	
84.95	0.337	0.103	1.54211	0	1.62741	2.01849	0	-1.99417	0	0	0	
84.96	0.337	0.103	1.56229	0	1.60747	2.01849	0	-1.99417	0	0	0	
84.97	0.337	0.103	1.58247	0	1.58753	2.01849	0	-1.99417	0	0	0	
84.98	0.337	0.103	1.60266	0	1.56759	2.01849	0	-1.99417	0	0	0	
84.99	0.337	0.103	1.62248	0	1.5473	1.91457	0	-2.09327	0	0	0	
85	0.337	0.103	1.64162	0	1.52636	1.91457	0	-2.09327	0	0	0	
85.01	0.337	0.103	1.66077	0	1.50543	1.91457	0	-2.09327	0	0	0	
85.02	0.337	0.103	1.67992	0	1.4845	1.91457	0	-2.09327	0	0	0	
85.03	0.337	0.103	1.69868	0	1.46324	1.80582	0	-2.18694	0	0	0	
85.04	0.337	0.103	1.71674	0	1.44137	1.80582	0	-2.18694	0	0	0	
85.05	0.337	0.103	1.73479	0	1.4195	1.80582	0	-2.18694	0	0	0	
85.06	0.337	0.103	1.75285	0	1.39763	1.80582	0	-2.18694	0	0	0	
85.07	0.337	0.103	1.77051	0	1.37545	1.69253	0	-2.27496	0	0	0	
85.08	0.337	0.103	1.78744	0	1.3527	1.69253	0	-2.27496	0	0	0	
85.09	0.337	0.103	1.80436	0	1.32995	1.69253	0	-2.27496	0	0	0	
85.1	0.337	0.103	1.82129	0	1.3072	1.69253	0	-2.27496	0	0	0	
85.11	0.337	0.103	1.8378	0	1.28416	1.57498	0	-2.35709	0	0	0	
85.12	0.337	0.103	1.85355	0	1.26059	1.57498	0	-2.35709	0	0	0	
85.13	0.337	0.103	1.8693	0	1.23702	1.57498	0	-2.35709	0	0	0	
85.14	0.337	0.103	1.88505	0	1.21345	1.57498	0	-2.35709	0	0	0	
85.15	0.337	0.103	1.90037	0	1.18961	1.45349	0	-2.43315	0	0	0	
85.16	0.337	0.103	1.9149	0	1.16528	1.45349	0	-2.43315	0	0	0	
85.17	0.337	0.103	1.92944	0	1.14094	1.45349	0	-2.43315	0	0	0	
85.18	0.337	0.103	1.94397	0	1.11661	1.45349	0	-2.43315	0	0	0	
85.19	0.337	0.103	1.95807	0	1.09204	1.32836	0	-2.50293	0	0	0	
85.2	0.337	0.103	1.97135	0	1.06701	1.32836	0	-2.50293	0	0	0	
85.21	0.337	0.103	1.98463	0	1.04198	1.32836	0	-2.50293	0	0	0	
85.22	0.337	0.103	1.99792	0	1.01695	1.32836	0	-2.50293	0	0	0	
85.23	0.337	0.103	2.01075	0	0.991695	1.19993	0	-2.56627	0	0	0	
85.24	0.337	0.103	2.02275	0	0.966032	1.19993	0	-2.56627	0	0	0	
85.25	0.337	0.103	2.03475	0	0.940369	1.19993	0	-2.56627	0	0	0	
85.26	0.337	0.103	2.04675	0	0.914707	1.19993	0	-2.56627	0	0	0	
85.27	0.337	0.103	2.05828	0	0.888844	1.06852	0	-2.62302	0	0	0	
85.28	0.337	0.103	2.06897	0	0.862613	1.06852	0	-2.62302	0	0	0	
85.29	0.337	0.103	2.07965	0	0.836383	1.06852	0	-2.62302	0	0	0	
85.3	0.337	0.103	2.09034	0	0.810153	1.06852	0	-2.62302	0	0	0	
85.31	0.337	0.103	2.10055	0	0.783746	0.93447	0	-2.67304	0	0	0	
85.32	0.337	0.103	2.10989	0	0.757016	0.93447	0	-2.67304	0	0	0	
85.33	0.337	0.103	2.11924	0	0.730285	0.93447	0	-2.67304	0	0	0	
85.34	0.337	0.103	2.12858	0	0.703555	0.93447	0	-2.67304	0	0	0	
85.35	0.337	0.103	2.13745	0	0.676672	0.798127	0	-2.7162	0	0	0	
85.36	0.337	0.103	2.14543	0	0.64951	0.798127	0	-2.7162	0	0	0	
85.37	0.337	0.103	2.15341	0	0.622348	0.798127	0	-2.7162	0	0	0	
85.38	0.337	0.103	2.16139	0	0.595186	0.798127	0	-2.7162	0	0	0	
85.39	0.337	0.103	2.16888	0	0.567897	0.659841	0	-2.75241	0	0	0	
85.4	0.337	0.103	2.17548	0	0.540372	0.659841	0	-2.75241	0	0	0	
85.41	0.337	0.103	2.18208	0	0.512848	0.659841	0	-2.75241	0	0	0	
85.42	0.337	0.103	2.18868	0	0.485324	0.659841	0	-2.75241	0	0	0	
85.43	0.337	0.103	2.19478	0	0.457697	0.519967	0	-2.78158	0	0	0	
85.44	0.337	0.103	2.19998	0	0.429881	0.519967	0	-2.78158	0	0	0	
85.45	0.337	0.103	2.20518	0	0.402066	0.519967	0	-2.78158	0	0	0	
85.46	0.337	0.103	2.21038	0	0.37425	0.519967	0	-2.78158	0	0	0	
85.47	0.337	0.103	2.21508	0	0.346356	0.378862	0	-2.80364	0	0	0	
85.48	0.337	0.103	2.21887	0	0.31832	0.378862	0	-2.80364	0	0	0	
85.49	0.337	0.103	2.22266	0	0.290283	0.378862	0	-2.80364	0	0	0	
85.5	0.337	0.103	2.22645	0	0.262247	0.378862	0	-2.80364	0	0	0	
85.51	0.337	0.103	2.22974	0	0.234158	0.236888	0	-2.81855	0	0	0	
85.52	0.337	0.103	2.23211	0	0.205972	0.236888	0	-2.81855	0	0	0	
85.53	0.337	0.103	2.23448	0	0.177787	0.236888	0	-2.81855	0	0	0	
85.54	0.337	0.103	2.23685	0	0.149601	0.236888	0	-2.81855	0	0	0	
85.55	0.337	0.103	2.23871	0	0.121389	0.0944065	0	-2.82628	0	0	0	
85.56	0.337	0.103	2.23966	0	0.0931257	0.0944065	0	-2.82628	0	0	0	
85.57	0.337	0.103	2.2406	0	0.0648629	0.0944065	0	-2.82628	0	0	0	
85.58	0.337	0.103	2.24154	0	0.0366002	0.0944065	0	-2.82628	0	0	0	
85.59	0.337	0.103	2.24198	0	0.00833549	-0.0482193	0	-2.82681	0	0	0	
85.6	0.337	0.103	2.2415	0	-0.0199326	-0.0482193	0	-2.82681	0	0	0	
85.61	0.337	0.103	2.24102	0	-0.0482007	-0.0482193	0	-2.82681	0	0	0	
85.62	0.337	0.103	2.24054	0	-0.0764688	-0.0482193	0	-2.82681	0	0	0	
85.63	0.337	0.103	2.23955	0	-0.104713	-0.190626	0	-2.82015	0	0	0	
85.64	0.337	0.103	2.23765	0	-0.132915	-0.190626	0	-2.82015	0	0	0	
85.65	0.337	0.103	2.23574	0	-0.161116	-0.190626	0	-2.82015	0	0	0	
85.66	0.337	0.103	2.23383	0	-0.189318	-0.190626	0	-2.82015	0	0	0	
85.67	0.337	0.103	2.23143	0	-0.217471	-0.332453	0	-2.80633	0	0	0	
85.68	0.337	0.103	2.2281	0	-0.245534	-0.332453	0	-2.80633	0	0	0	
85.69	0.337	0.103	2.22478	0	-0.273597	-0.332453	0	-2.80633	0	0	0	
85.7	0.337	0.103	2.22145	0	-0.30166	-0.332453	0	-2.80633	0	0	0	
85.71	0.337	0.103	2.21763	0	-0.32965	-0.47334	0	-2.78539	0	0	0	
85.72	0.337	0.103	2.2129	0	-0.357504	-0.47334	0	-2.78539	0	0	0	
85.73	0.337	0.103	2.20817	0	-0.385358	-0.47334	0	-2.78539	0	0	0	
85.74	0.337	0.103	2.20343	0	-0.413211	-0.47334	0	-2.78539	0	0	0	
85.75	0.337	0.103	2.19821	0	-0.440967	-0.61293	0	-2.75738	0	0	0	
85.76	0.337	0.103	2.19208	0	-0.46854	-0.61293	0	-2.75738	0	0	0	
85.77	0.337	0.103	2.18595	0	-0.496114	-0.61293	0	-2.75738	0	0	0	
85.78	0.337	0.103	2.17982	0	-0.523688	-0.61293	0	-2.75738	0	0	0	
85.79	0.337	0.103	2.1732	0	-0.551138	-0.750871	0	-2.7224	0	0	0	
85.8	0.337	0.103	2.16569	0	-0.578362	-0.750871	0	-2.7224	0	0	0	
85.81	0.337	0.103	2.15819	0	-0.605586	-0.750871	0	-2.7224	0	0	0	
85.82	0.337	0.103	2.15068	0	-0.63281	-0.750871	0	-2.7224	0	0	0	
85.83	0.337	0.103	2.14269	0	-0.659887	-0.886813	0	-2.68053	0	0	0	
85.84	0.337	0.103	2.13382	0	-0.686692	-0.886813	0	-2.68053	0	0	0	
85.85	0.337	0.103	2.12495	0	-0.713497	-0.886813	0	-2.68053	0	0	0	
85.86	0.337	0.103	2.11608	0	-0.740303	-0.886813	0	-2.68053	0	0	0	
85.87	0.337	0.103	2.10674	0	-0.766937	-1.02042	0	-2.6319	0	0	0	
85.88	0.337	0.103	2.09654	0	-0.793256	-1.02042	0	-2.6319	0	0	0	
85.89	0.337	0.103	2.08634	0	-0.819574	-1.02042	0	-2.6319	0	0	0	
85.9	0.337	0.103	2.07613	0	-0.845893	-1.02042	0	-2.6319	0	0	0	
85.91	0.337	0.103	2.06547	0	-0.872017	-1.15134	0	-2.57662	0	0	0	
85.92	0.337	0.103	2.05395	0	-0.897784	-1.15134	0	-2.57662	0	0	0	
85.93	0.337	0.103	2.04244	0	-0.92355	-1.15134	0	-2.57662	0	0	0	
85.94	0.337	0.103	2.03093	0	-0.949316	-1.15134	0	-2.57662	0	0	0	
85.95	0.337	0.103	2.01896	0	-0.974864	-1.27926	0	-2.51485	0	0	0	
85.96	0.337	0.103	2.00617	0	-1.00001	-1.27926	0	-2.51485	0	0	0	
85.97	0.337	0.103	1.99338	0	-1.02516	-1.27926	0	-2.51485	0	0	0	
85.98	0.337	0.103	1.98058	0	-1.05031	-1.27926	0	-2.51485	0	0	0	
85.99	0.337	0.103	1.96735	0	-1.07522	-1.40386	0	-2.44676	0	0	0	
86	0.337	0.103	1.95331	0	-1.09969	-1.40386	0	-2.44676	0	0	0	
86.01	0.337	0.103	1.93927	0	-1.12415	-1.40386	0	-2.44676	0	0	0	
86.02	0.337	0.103	1.92524	0	-1.14862	-1.40386	0	-2.44676	0	0	0	
86.03	0.337	0.103	1.91077	0	-1.17283	-1.52482	0	-2.37252	0	0	0	
86.04	0.337	0.103	1.89552	0	-1.19655	-1.52482	0	-2.37252	0	0	0	
86.05	0.337	0.103	1.88027	0	-1.22028	-1.52482	0	-2.37252	0	0	0	
86.06	0.337	0.103	1.86503	0	-1.244	-1.52482	0	-2.37252	0	0	0	
86.07	0.337	0.103	1.84936	0	-1.26744	-1.64183	0	-2.29232	0	0	0	
86.08	0.337	0.103	1.83295	0	-1.29037	-1.64183	0	-2.29232	0	0	0	
86.09	0.337	0.103	1.81653	0	-1.31329	-1.64183	0	-2.29232	0	0	0	
86.1	0.337	0.103	1.80011	0	-1.33621	-1.64183	0	-2.29232	0	0	0	
86.11	0.337	0.103	1.78329	0	-1.35883	-1.75462	0	-2.20638	0	0	0	
86.12	0.337	0.103	1.76575	0	-1.3809	-1.75462	0	-2.20638	0	0	0	
86.13	0.337	0.103	1.7482	0	-1.40296	-1.75462	0	-2.20638	0	0	0	
86.14	0.337	0.103	1.73065	0	-1.42503	-1.75462	0	-2.20638	0	0	0	
86.15	0.337	0.103	1.71273	0	-1.44677	-1.8629	0	-2.11491	0	0	0	
86.16	0.337	0.103	1.6941	0	-1.46792	-1.8629	0	-2.11491	0	0	0	
86.17	0.337	0.103	1.67547	0	-1.48906	-1.8629	0	-2.11491	0	0	0	
86.18	0.337	0.103	1.65684	0	-1.51021	-1.8629	0	-2.11491	0	0	0	
86.19	0.337	0.103	1.63785	0	-1.53102	-1.96639	0	-2.01817	0	0	0	
86.2	0.337	0.103	1.61818	0	-1.5512	-1.96639	0	-2.01817	0	0	0	
86.21	0.337	0.103	1.59852	0	-1.57139	-1.96639	0	-2.01817	0	0	0	
86.22	0.337	0.103	1.57885	0	-1.59157	-1.96639	0	-2.01817	0	0	0	
86.23	0.337	0.103	1.55884	0	-1.61139	-2.06485	0	-1.91639	0	0	0	
86.24	0.337	0.103	1.53819	0	-1.63055	-2.06485	0	-1.91639	0	0	0	
86.25	0.337	0.103	1.51754	0	-1.64972	-2.06485	0	-1.91639	0	0	0	
86.26	0.337	0.103	1.4969	0	-1.66888	-2.06485	0	-1.91639	0	0	0	
86.27	0.337	0.103	1.47592	0	-1.68767	-2.15803	0	-1.80984	0	0	0	
86.28	0.337	0.103	1.45434	0	-1.70577	-2.15803	0	-1.80984	0	0	0	
86.29	0.337	0.103	1.43276	0	-1.72387	-2.15803	0	-1.80984	0	0	0	
86.3	0.337	0.103	1.41118	0	-1.74196	-2.15803	0	-1.80984	0	0	0	
86.31	0.337	0.103	1.38929	0	-1.75967	-2.24571	0	-1.69879	0	0	0	
86.32	0.337	0.103	1.36683	0	-1.77666	-2.24571	0	-1.69879	0	0	0	
86.33	0.337	0.103	1.34437	0	-1.79365	-2.24571	0	-1.69879	0	0	0	
86.34	0.337	0.103	1.32192	0	-1.81063	-2.24571	0	-1.69879	0	0	0	
86.35	0.337	0.103	1.29917	0	-1.82722	-2.32766	0	-1.58354	0	0	0	
86.36	0.337	0.103	1.27589	0	-1.84305	-2.32766	0	-1.58354	0	0	0	
86.37	0.337	0.103	1.25262	0	-1.85889	-2.32766	0	-1.58354	0	0	0	
86.38	0.337	0.103	1.22934	0	-1.87472	-2.32766	0	-1.58354	0	0	0	
86.39	0.337	0.103	1.2058	0	-1.89014	-2.40368	0	-1.46437	0	0	0	
86.4	0.337	0.103	1.18176	0	-1.90478	-2.40368	0	-1.46437	0	0	0	
86.41	0.337	0.103	1.15772	0	-1.91942	-2.40368	0	-1.46437	0	0	0	
86.42	0.337	0.103	1.13369	0	-1.93407	-2.40368	0	-1.46437	0	0	0	
86.43	0.337	0.103	1.1094	0	-1.94828	-2.4736	0	-1.34158	0	0	0	
86.44	0.337	0.103	1.08467	0	-1.96169	-2.4736	0	-1.34158	0	0	0	
86.45	0.337	0.103	1.05993	0	-1.97511	-2.4736	0	-1.34158	0	0	0	
86.46	0.337	0.103	1.03519	0	-1.98853	-2.4736	0	-1.34158	0	0	0	
86.47	0.337	0.103	1.01023	0	-2.0015	-2.53724	0	-1.2155	0	0	0	
86.48	0.337	0.103	0.984862	0	-2.01365	-2.53724	0	-1.2155	0	0	0	
86.49	0.337	0.103	0.95949	0	-2.02581	-2.53724	0	-1.2155	0	0	0	
86.5	0.337	0.103	0.934117	0	-2.03796	-2.53724	0	-1.2155	0	0	0	
86.51	0.337	0.103	0.908543	0	-2.04966	-2.59444	0	-1.08644	0	0	0	
86.52	0.337	0.103	0.882599	0	-2.06053	-2.59444	0	-1.08644	0	0	0	
86.53	0.337	0.103	0.856654	0	-2.07139	-2.59444	0	-1.08644	0	0	0	
86.54	0.337	0.103	0.83071	0	-2.08226	-2.59444	0	-1.08644	0	0	0	
86.55	0.337	0.103	0.804587	0	-2.09265	-2.64508	0	-0.954735	0	0	0	
86.56	0.337	0.103	0.778136	0	-2.1022	-2.64508	0	-0.954735	0	0	0	
86.57	0.337	0.103	0.751685	0	-2.11175	-2.64508	0	-0.954735	0	0	0	
86.58	0.337	0.103	0.725234	0	-2.1213	-2.64508	0	-0.954735	0	0	0	
86.59	0.337	0.103	0.698628	0	-2.13037	-2.68903	0	-0.820714	0	0	0	
86.6	0.337	0.103	0.671738	0	-2.13858	-2.68903	0	-0.820714	0	0	0	
86.61	0.337	0.103	0.644848	0	-2.14679	-2.68903	0	-0.820714	0	0	0	
86.62	0.337	0.103	0.617957	0	-2.15499	-2.68903	0	-0.820714	0	0	0	
86.63	0.337	0.103	0.590936	0	-2.16272	-2.72619	0	-0.684718	0	0	0	
86.64	0.337	0.103	0.563674	0	-2.16957	-2.72619	0	-0.684718	0	0	0	
86.65	0.337	0.103	0.536412	0	-2.17641	-2.72619	0	-0.684718	0	0	0	
86.66	0.337	0.103	0.50915	0	-2.18326	-2.72619	0	-0.684718	0	0	0	
86.67	0.337	0.103	0.481782	0	-2.18962	-2.75647	0	-0.547092	0	0	0	
86.68	0.337	0.103	0.454217	0	-2.19509	-2.75647	0	-0.547092	0	0	0	
86.69	0.337	0.103	0.426652	0	-2.20057	-2.75647	0	-0.547092	0	0	0	
86.7	0.337	0.103	0.399087	0	-2.20604	-2.75647	0	-0.547092	0	0	0	
86.71	0.337	0.103	0.37144	0	-2.21102	-2.77981	0	-0.408182	0	0	0	
86.72	0.337	0.103	0.343642	0	-2.2151	-2.77981	0	-0.408182	0	0	0	
86.73	0.337	0.103	0.315844	0	-2.21918	-2.77981	0	-0.408182	0	0	0	
86.74	0.337	0.103	0.288046	0	-2.22326	-2.77981	0	-0.408182	0	0	0	
86.75	0.337	0.103	0.26019	0	-2.22685	-2.79615	0	-0.26834	0	0	0	
86.76	0.337	0.103	0.232229	0	-2.22953	-2.79615	0	-0.26834	0	0	0	
86.77	0.337	0.103	0.204267	0	-2.23222	-2.79615	0	-0.26834	0	0	0	
86.78	0.337	0.103	0.176306	0	-2.2349	-2.79615	0	-0.26834	0	0	0	
86.79	0.337	0.103	0.148311	0	-2.23709	-2.80546	0	-0.127917	0	0	0	
86.8	0.337	0.103	0.120257	0	-2.23837	-2.80546	0	-0.127917	0	0	0	
86.81	0.337	0.103	0.0922023	0	-2.23965	-2.80546	0	-0.127917	0	0	0	
86.82	0.337	0.103	0.0641478	0	-2.24093	-2.80546	0	-0.127917	0	0	0	
86.83	0.337	0.103	0.0360852	0	-2.24171	-2.80772	0	0.0127336	0	0	0	
86.84	0.337	0.103	0.00800796	0	-2.24158	-2.80772	0	0.0127336	0	0	0	
86.85	0.337	0.103	-0.0200693	0	-2.24145	-2.80772	0	0.0127336	0	0	0	
86.86	0.337	0.103	-0.0481465	0	-2.24133	-2.80772	0	0.0127336	0	0	0	
86.87	0.337	0.103	-0.0762068	0	-2.2407	-2.80294	0	0.153259	0	0	0	
86.88	0.337	0.103	-0.104236	0	-2.23917	-2.80294	0	0.153259	0	0	0	
86.89	0.337	0.103	-0.132266	0	-2.23764	-2.80294	0	0.153259	0	0	0	
86.9	0.337	0.103	-0.160295	0	-2.23611	-2.80294	0	0.153259	0	0	0	
86.91	0.337	0.103	-0.188283	0	-2.23408	-2.79114	0	0.293307	0	0	0	
86.92	0.337	0.103	-0.216194	0	-2.23115	-2.79114	0	0.293307	0	0	0	
86.93	0.337	0.103	-0.244106	0	-2.22821	-2.79114	0	0.293307	0	0	0	
86.94	0.337	0.103	-0.272017	0	-2.22528	-2.79114	0	0.293307	0	0	0	
86.95	0.337	0.103	-0.299862	0	-2.22186	-2.77235	0	0.432527	0	0	0	
86.96	0.337	0.103	-0.327586	0	-2.21753	-2.77235	0	0.432527	0	0	0	
86.97	0.337	0.103	-0.355309	0	-2.21321	-2.77235	0	0.432527	0	0	0	
86.98	0.337	0.103	-0.383033	0	-2.20888	-2.77235	0	0.432527	0	0	0	
86.99	0.337	0.103	-0.410665	0	-2.20407	-2.74663	0	0.570572	0	0	0	
87	0.337	0.103	-0.438132	0	-2.19836	-2.74663	0	0.570572	0	0	0	
87.01	0.337	0.103	-0.465598	0	-2.19266	-2.74663	0	0.570572	0	0	0	
87.02	0.337	0.103	-0.493064	0	-2.18695	-2.74663	0	0.570572	0	0	0	
87.03	0.337	0.103	-0.520416	0	-2.18076	-2.71405	0	0.707096	0	0	0	
87.04	0.337	0.103	-0.547556	0	-2.17369	-2.71405	0	0.707096	0	0	0	
87.05	0.337	0.103	-0.574697	0	-2.16662	-2.71405	0	0.707096	0	0	0	
87.06	0.337	0.103	-0.601837	0	-2.15955	-2.71405	0	0.707096	0	0	0	
87.07	0.337	0.103	-0.628839	0	-2.15201	-2.6747	0	0.841761	0	0	0	
87.08	0.337	0.103	-0.655586	0	-2.14359	-2.6747	0	0.841761	0	0	0	
87.09	0.337	0.103	-0.682333	0	-2.13517	-2.6747	0	0.841761	0	0	0	
87.1	0.337	0.103	-0.70908	0	-2.12675	-2.6747	0	0.841761	0	0	0	
87.11	0.337	0.103	-0.735665	0	-2.11787	-2.62868	0	0.974231	0	0	0	
87.12	0.337	0.103	-0.761951	0	-2.10812	-2.62868	0	0.974231	0	0	0	
87.13	0.337	0.103	-0.788238	0	-2.09838	-2.62868	0	0.974231	0	0	0	
87.14	0.337	0.103	-0.814525	0	-2.08864	-2.62868	0	0.974231	0	0	0	
87.15	0.337	0.103	-0.840627	0	-2.07844	-2.57613	0	1.10418	0	0	0	
87.16	0.337	0.103	-0.866388	0	-2.0674	-2.57613	0	1.10418	0	0	0	
87.17	0.337	0.103	-0.892149	0	-2.05636	-2.57613	0	1.10418	0	0	0	
87.18	0.337	0.103	-0.91791	0	-2.04531	-2.57613	0	1.10418	0	0	0	
87.19	0.337	0.103	-0.943464	0	-2.03382	-2.51717	0	1.23128	0	0	0	
87.2	0.337	0.103	-0.968635	0	-2.02151	-2.51717	0	1.23128	0	0	0	
87.21	0.337	0.103	-0.993807	0	-2.0092	-2.51717	0	1.23128	0	0	0	
87.22	0.337	0.103	-1.01898	0	-1.99689	-2.51717	0	1.23128	0	0	0	
87.23	0.337	0.103	-1.04392	0	-1.98414	-2.45196	0	1.35522	0	0	0	
87.24	0.337	0.103	-1.06844	0	-1.97058	-2.45196	0	1.35522	0	0	0	
87.25	0.337	0.103	-1.09296	0	-1.95703	-2.45196	0	1.35522	0	0	0	
87.26	0.337	0.103	-1.11748	0	-1.94348	-2.45196	0	1.35522	0	0	0	
87.27	0.337	0.103	-1.14175	0	-1.9295	-2.38067	0	1.47569	0	0	0	
87.28	0.337	0.103	-1.16555	0	-1.91474	-2.38067	0	1.47569	0	0	0	
87.29	0.337	0.103	-1.18936	0	-1.89999	-2.38067	0	1.47569	0	0	0	
87.3	0.337	0.103	-1.21317	0	-1.88523	-2.38067	0	1.47569	0	0	0	
87.31	0.337	0.103	-1.2367	0	-1.87006	-2.30349	0	1.59241	0	0	0	
87.32	0.337	0.103	-1.25974	0	-1.85414	-2.30349	0	1.59241	0	0	0	
87.33	0.337	0.103	-1.28277	0	-1.83821	-2.30349	0	1.59241	0	0	0	
87.34	0.337	0.103	-1.30581	0	-1.82229	-2.30349	0	1.59241	0	0	0	
87.35	0.337	0.103	-1.32855	0	-1.80597	-2.22061	0	1.70507	0	0	0	
87.36	0.337	0.103	-1.35075	0	-1.78892	-2.22061	0	1.70507	0	0	0	
87.37	0.337	0.103	-1.37296	0	-1.77187	-2.22061	0	1.70507	0	0	0	
87.38	0.337	0.103	-1.39517	0	-1.75482	-2.22061	0	1.70507	0	0	0	
87.39	0.337	0.103	-1.41706	0	-1.73738	-2.13224	0	1.81341	0	0	0	
87.4	0.337	0.103	-1.43838	0	-1.71925	-2.13224	0	1.81341	0	0	0	
87.41	0.337	0.103	-1.45971	0	-1.70112	-2.13224	0	1.81341	0	0	0	
87.42	0.337	0.103	-1.48103	0	-1.68298	-2.13224	0	1.81341	0	0	0	
87.43	0.337	0.103	-1.50202	0	-1.66448	-2.03862	0	1.91715	0	0	0	
87.44	0.337	0.103	-1.52241	0	-1.64531	-2.03862	0	1.91715	0	0	0	
87.45	0.337	0.103	-1.54279	0	-1.62614	-2.03862	0	1.91715	0	0	0	
87.46	0.337	0.103	-1.56318	0	-1.60697	-2.03862	0	1.91715	0	0	0	
87.47	0.337	0.103	-1.58322	0	-1.58745	-1.93999	0	2.01605	0	0	0	
87.48	0.337	0.103	-1.60262	0	-1.56729	-1.93999	0	2.01605	0	0	0	
87.49	0.337	0.103	-1.62202	0	-1.54713	-1.93999	0	2.01605	0	0	0	
87.5	0.337	0.103	-1.64142	0	-1.52697	-1.93999	0	2.01605	0	0	0	
87.51	0.337	0.103	-1.66045	0	-1.50647	-1.83659	0	2.10986	0	0	0	
87.52	0.337	0.103	-1.67882	0	-1.48537	-1.83659	0	2.10986	0	0	0	
87.53	0.337	0.103	-1.69718	0	-1.46428	-1.83659	0	2.10986	0	0	0	
87.54	0.337	0.103	-1.71555	0	-1.44318	-1.83659	0	2.10986	0	0	0	
87.55	0.337	0.103	-1.73353	0	-1.42177	-1.72868	0	2.19836	0	0	0	
87.56	0.337	0.103	-1.75082	0	-1.39978	-1.72868	0	2.19836	0	0	0	
87.57	0.337	0.103	-1.76811	0	-1.3778	-1.72868	0	2.19836	0	0	0	
87.58	0.337	0.103	-1.7854	0	-1.35582	-1.72868	0	2.19836	0	0	0	
87.59	0.337	0.103	-1.80229	0	-1.33354	-1.61654	0	2.28134	0	0	0	
87.6	0.337	0.103	-1.81845	0	-1.31073	-1.61654	0	2.28134	0	0	0	
87.61	0.337	0.103	-1.83462	0	-1.28791	-1.61654	0	2.28134	0	0	0	
87.62	0.337	0.103	-1.85078	0	-1.2651	-1.61654	0	2.28134	0	0	0	
87.63	0.337	0.103	-1.86654	0	-1.24201	-1.50046	0	2.35858	0	0	0	
87.64	0.337	0.103	-1.88154	0	-1.21843	-1.50046	0	2.35858	0	0	0	
87.65	0.337	0.103	-1.89655	0	-1.19484	-1.50046	0	2.35858	0	0	0	
87.66	0.337	0.103	-1.91155	0	-1.17126	-1.50046	0	2.35858	0	0	0	
87.67	0.337	0.103	-1.92613	0	-1.14742	-1.38072	0	2.42991	0	0	0	
87.68	0.337	0.103	-1.93994	0	-1.12312	-1.38072	0	2.42991	0	0	0	
87.69	0.337	0.103	-1.95375	0	-1.09882	-1.38072	0	2.42991	0	0	0	
87.7	0.337	0.103	-1.96756	0	-1.07452	-1.38072	0	2.42991	0	0	0	
87.71	0.337	0.103	-1.98093	0	-1.04999	-1.25763	0	2.49515	0	0	0	
87.72	0.337	0.103	-1.99351	0	-1.02504	-1.25763	0	2.49515	0	0	0	
87.73	0.337	0.103	-2.00608	0	-1.00009	-1.25763	0	2.49515	0	0	0	
87.74	0.337	0.103	-2.01866	0	-0.975138	-1.25763	0	2.49515	0	0	0	
87.75	0.337	0.103	-2.03079	0	-0.949978	-1.1315	0	2.55415	0	0	0	
87.76	0.337	0.103	-2.0421	0	-0.924437	-1.1315	0	2.55415	0	0	0	
87.77	0.337	0.103	-2.05342	0	-0.898895	-1.1315	0	2.55415	0	0	0	
87.78	0.337	0.103	-2.06473	0	-0.873353	-1.1315	0	2.55415	0	0	0	
87.79	0.337	0.103	-2.07559	0	-0.847626	-1.00264	0	2.60678	0	0	0	
87.8	0.337	0.103	-2.08562	0	-0.821559	-1.00264	0	2.60678	0	0	0	
87.81	0.337	0.103	-2.09565	0	-0.795491	-1.00264	0	2.60678	0	0	0	
87.82	0.337	0.103	-2.10567	0	-0.769423	-1.00264	0	2.60678	0	0	0	
87.83	0.337	0.103	-2.11524	0	-0.743192	-0.871379	0	2.6529	0	0	0	
87.84	0.337	0.103	-2.12395	0	-0.716664	-0.871379	0	2.6529	0	0	0	
87.85	0.337	0.103	-2.13266	0	-0.690135	-0.871379	0	2.6529	0	0	0	
87.86	0.337	0.103	-2.14138	0	-0.663606	-0.871379	0	2.6529	0	0	0	
87.87	0.337	0.103	-2.14962	0	-0.636937	-0.738041	0	2.6924	0	0	0	
87.88	0.337	0.103	-2.157	0	-0.610013	-0.738041	0	2.6924	0	0	0	
87.89	0.337	0.103	-2.16438	0	-0.583089	-0.738041	0	2.6924	0	0	0	
87.9	0.337	0.103	-2.17176	0	-0.556165	-0.738041	0	2.6924	0	0	0	
87.91	0.337	0.103	-2.17867	0	-0.529125	-0.602961	0	2.72521	0	0	0	
87.92	0.337	0.103	-2.1847	0	-0.501873	-0.602961	0	2.72521	0	0	0	
87.93	0.337	0.103	-2.19073	0	-0.474621	-0.602961	0	2.72521	0	0	0	
87.94	0.337	0.103	-2.19676	0	-0.447369	-0.602961	0	2.72521	0	0	0	
87.95	0.337	0.103	-2.2023	0	-0.420025	-0.466474	0	2.75124	0	0	0	
87.96	0.337	0.103	-2.20697	0	-0.392513	-0.466474	0	2.75124	0	0	0	
87.97	0.337	0.103	-2.21163	0	-0.365	-0.466474	0	2.75124	0	0	0	
87.98	0.337	0.103	-2.2163	0	-0.337488	-0.466474	0	2.75124	0	0	0	
87.99	0.337	0.103	-2.22048	0	-0.309908	-0.328922	0	2.77044	0	0	0	
88	0.337	0.103	-2.22377	0	-0.282203	-0.328922	0	2.77044	0	0	0	
88.01	0.337	0.103	-2.22706	0	-0.254499	-0.328922	0	2.77044	0	0	0	
88.02	0.337	0.103	-2.23035	0	-0.226794	-0.328922	0	2.77044	0	0	0	
88.03	0.337	0.103	-2.23315	0	-0.199047	-0.190646	0	2.78276	0	0	0	
88.04	0.337	0.103	-2.23505	0	-0.171219	-0.190646	0	2.78276	0	0	0	
88.05	0.337	0.103	-2.23696	0	-0.143391	-0.190646	0	2.78276	0	0	0	
88.06	0.337	0.103	-2.23887	0	-0.115564	-0.190646	0	2.78276	0	0	0	
88.07	0.337	0.103	-2.24028	0	-0.0877168	-0.0519879	0	2.78819	0	0	0	
88.08	0.337	0.103	-2.2408	0	-0.0598349	-0.0519879	0	2.78819	0	0	0	
88.09	0.337	0.103	-2.24132	0	-0.0319529	-0.0519879	0	2.78819	0	0	0	
88.1	0.337	0.103	-2.24184	0	-0.004071	-0.0519879	0	2.78819	0	0	0	
88.11	0.337	0.103	-2.24187	0	0.0238057	0.0867077	0	2.78672	0	0	0	
88.12	0.337	0.103	-2.24101	0	0.051673	0.0867077	0	2.78672	0	0	0	
88.13	0.337	0.103	-2.24014	0	0.0795402	0.0867077	0	2.78672	0	0	0	
88.14	0.337	0.103	-2.23927	0	0.107407	0.0867077	0	2.78672	0	0	0	
88.15	0.337	0.103	-2.23792	0	0.135245	0.225098	0	2.77836	0	0	0	
88.16	0.337	0.103	-2.23567	0	0.163029	0.225098	0	2.77836	0	0	0	
88.17	0.337	0.103	-2.23342	0	0.190812	0.225098	0	2.77836	0	0	0	
88.18	0.337	0.103	-2.23116	0	0.218596	0.225098	0	2.77836	0	0	0	
88.19	0.337	0.103	-2.22843	0	0.246326	0.362842	0	2.76313	0	0	0	
88.2	0.337	0.103	-2.2248	0	0.273957	0.362842	0	2.76313	0	0	0	
88.21	0.337	0.103	-2.22117	0	0.301588	0.362842	0	2.76313	0	0	0	
88.22	0.337	0.103	-2.21754	0	0.32922	0.362842	0	2.76313	0	0	0	
88.23	0.337	0.103	-2.21343	0	0.356773	0.499599	0	2.74109	0	0	0	
88.24	0.337	0.103	-2.20844	0	0.384184	0.499599	0	2.74109	0	0	0	
88.25	0.337	0.103	-2.20344	0	0.411595	0.499599	0	2.74109	0	0	0	
88.26	0.337	0.103	-2.19844	0	0.439006	0.499599	0	2.74109	0	0	0	
88.27	0.337	0.103	-2.19297	0	0.466315	0.635032	0	2.71229	0	0	0	
88.28	0.337	0.103	-2.18662	0	0.493438	0.635032	0	2.71229	0	0	0	
88.29	0.337	0.103	-2.18027	0	0.520561	0.635032	0	2.71229	0	0	0	
88.3	0.337	0.103	-2.17392	0	0.547684	0.635032	0	2.71229	0	0	0	
88.31	0.337	0.103	-2.1671	0	0.574682	0.76881	0	2.67681	0	0	0	
88.32	0.337	0.103	-2.15941	0	0.60145	0.76881	0	2.67681	0	0	0	
88.33	0.337	0.103	-2.15172	0	0.628218	0.76881	0	2.67681	0	0	0	
88.34	0.337	0.103	-2.14403	0	0.654986	0.76881	0	2.67681	0	0	0	
88.35	0.337	0.103	-2.13588	0	0.681606	0.900603	0	2.63476	0	0	0	
88.36	0.337	0.103	-2.12687	0	0.707953	0.900603	0	2.63476	0	0	0	
88.37	0.337	0.103	-2.11787	0	0.734301	0.900603	0	2.63476	0	0	0	
88.38	0.337	0.103	-2.10886	0	0.760648	0.900603	0	2.63476	0	0	0	
88.39	0.337	0.103	-2.0994	0	0.786825	1.03009	0	2.58623	0	0	0	
88.4	0.337	0.103	-2.0891	0	0.812687	1.03009	0	2.58623	0	0	0	
88.41	0.337	0.103	-2.0788	0	0.838549	1.03009	0	2.58623	0	0	0	
88.42	0.337	0.103	-2.0685	0	0.864412	1.03009	0	2.58623	0	0	0	
88.43	0.337	0.103	-2.05775	0	0.89008	1.15695	0	2.53135	0	0	0	
88.44	0.337	0.103	-2.04618	0	0.915394	1.15695	0	2.53135	0	0	0	
88.45	0.337	0.103	-2.03461	0	0.940707	1.15695	0	2.53135	0	0	0	
88.46	0.337	0.103	-2.02304	0	0.966021	1.15695	0	2.53135	0	0	0	
88.47	0.337	0.103	-2.01103	0	0.991119	1.28088	0	2.47028	0	0	0	
88.48	0.337	0.103	-1.99822	0	1.01582	1.28088	0	2.47028	0	0	0	
88.49	0.337	0.103	-1.98541	0	1.04052	1.28088	0	2.47028	0	0	0	
88.5	0.337	0.103	-1.97261	0	1.06523	1.28088	0	2.47028	0	0	0	
88.51	0.337	0.103	-1.95937	0	1.08969	1.40157	0	2.40315	0	0	0	
88.52	0.337	0.103	-1.94535	0	1.11372	1.40157	0	2.40315	0	0	0	
88.53	0.337	0.103	-1.93134	0	1.13776	1.40157	0	2.40315	0	0	0	
88.54	0.337	0.103	-1.91732	0	1.16179	1.40157	0	2.40315	0	0	0	
88.55	0.337	0.103	-1.90289	0	1.18556	1.51873	0	2.33016	0	0	0	
88.56	0.337	0.103	-1.88771	0	1.20886	1.51873	0	2.33016	0	0	0	
88.57	0.337	0.103	-1.87252	0	1.23216	1.51873	0	2.33016	0	0	0	
88.58	0.337	0.103	-1.85733	0	1.25547	1.51873	0	2.33016	0	0	0	
88.59	0.337	0.103	-1.84175	0	1.27849	1.63208	0	2.25148	0	0	0	
88.6	0.337	0.103	-1.82542	0	1.30101	1.63208	0	2.25148	0	0	0	
88.61	0.337	0.103	-1.8091	0	1.32352	1.63208	0	2.25148	0	0	0	
88.62	0.337	0.103	-1.79278	0	1.34603	1.63208	0	2.25148	0	0	0	
88.63	0.337	0.103	-1.77608	0	1.36825	1.74134	0	2.16731	0	0	0	
88.64	0.337	0.103	-1.75866	0	1.38993	1.74134	0	2.16731	0	0	0	
88.65	0.337	0.103	-1.74125	0	1.4116	1.74134	0	2.16731	0	0	0	
88.66	0.337	0.103	-1.72384	0	1.43327	1.74134	0	2.16731	0	0	0	
88.67	0.337	0.103	-1.70605	0	1.45463	1.84624	0	2.07786	0	0	0	
88.68	0.337	0.103	-1.68759	0	1.47541	1.84624	0	2.07786	0	0	0	
88.69	0.337	0.103	-1.66913	0	1.49619	1.84624	0	2.07786	0	0	0	
88.7	0.337	0.103	-1.65067	0	1.51697	1.84624	0	2.07786	0	0	0	
88.71	0.337	0.103	-1.63185	0	1.53741	1.94654	0	1.98337	0	0	0	
88.72	0.337	0.103	-1.61238	0	1.55724	1.94654	0	1.98337	0	0	0	
88.73	0.337	0.103	-1.59292	0	1.57708	1.94654	0	1.98337	0	0	0	
88.74	0.337	0.103	-1.57345	0	1.59691	1.94654	0	1.98337	0	0	0	
88.75	0.337	0.103	-1.55365	0	1.61639	2.04199	0	1.88406	0	0	0	
88.76	0.337	0.103	-1.53323	0	1.63524	2.04199	0	1.88406	0	0	0	
88.77	0.337	0.103	-1.51281	0	1.65408	2.04199	0	1.88406	0	0	0	
88.78	0.337	0.103	-1.49239	0	1.67292	2.04199	0	1.88406	0	0	0	
88.79	0.337	0.103	-1.47165	0	1.69139	2.13237	0	1.78019	0	0	0	
88.8	0.337	0.103	-1.45033	0	1.70919	2.13237	0	1.78019	0	0	0	
88.81	0.337	0.103	-1.42901	0	1.72699	2.13237	0	1.78019	0	0	0	
88.82	0.337	0.103	-1.40768	0	1.7448	2.13237	0	1.78019	0	0	0	
88.83	0.337	0.103	-1.38606	0	1.76222	2.21745	0	1.67202	0	0	0	
88.84	0.337	0.103	-1.36388	0	1.77894	2.21745	0	1.67202	0	0	0	
88.85	0.337	0.103	-1.34171	0	1.79566	2.21745	0	1.67202	0	0	0	
88.86	0.337	0.103	-1.31953	0	1.81238	2.21745	0	1.67202	0	0	0	
88.87	0.337	0.103	-1.29708	0	1.8287	2.29703	0	1.55982	0	0	0	
88.88	0.337	0.103	-1.27411	0	1.8443	2.29703	0	1.55982	0	0	0	
88.89	0.337	0.103	-1.25114	0	1.8599	2.29703	0	1.55982	0	0	0	
88.9	0.337	0.103	-1.22817	0	1.8755	2.29703	0	1.55982	0	0	0	
88.91	0.337	0.103	-1.20494	0	1.89069	2.37093	0	1.44386	0	0	0	
88.92	0.337	0.103	-1.18123	0	1.90512	2.37093	0	1.44386	0	0	0	
88.93	0.337	0.103	-1.15752	0	1.91956	2.37093	0	1.44386	0	0	0	
88.94	0.337	0.103	-1.13381	0	1.934	2.37093	0	1.44386	0	0	0	
88.95	0.337	0.103	-1.10986	0	1.94802	2.43897	0	1.32444	0	0	0	
88.96	0.337	0.103	-1.08547	0	1.96126	2.43897	0	1.32444	0	0	0	
88.97	0.337	0.103	-1.06108	0	1.97451	2.43897	0	1.32444	0	0	0	
88.98	0.337	0.103	-1.03669	0	1.98775	2.43897	0	1.32444	0	0	0	
88.99	0.337	0.103	-1.01208	0	2.00056	2.50099	0	1.20185	0	0	0	
89	0.337	0.103	-0.987073	0	2.01258	2.50099	0	1.20185	0	0	0	
89.01	0.337	0.103	-0.962063	0	2.0246	2.50099	0	1.20185	0	0	0	
89.02	0.337	0.103	-0.937053	0	2.03662	2.50099	0	1.20185	0	0	0	
89.03	0.337	0.103	-0.911846	0	2.04819	2.55684	0	1.0764	0	0	0	
89.04	0.337	0.103	-0.886278	0	2.05896	2.55684	0	1.0764	0	0	0	
89.05	0.337	0.103	-0.860709	0	2.06972	2.55684	0	1.0764	0	0	0	
89.06	0.337	0.103	-0.835141	0	2.08049	2.55684	0	1.0764	0	0	0	
89.07	0.337	0.103	-0.809397	0	2.0908	2.60639	0	0.948388	0	0	0	
89.08	0.337	0.103	-0.783334	0	2.10028	2.60639	0	0.948388	0	0	0	
89.09	0.337	0.103	-0.75727	0	2.10977	2.60639	0	0.948388	0	0	0	
89.1	0.337	0.103	-0.731206	0	2.11925	2.60639	0	0.948388	0	0	0	
89.11	0.337	0.103	-0.70499	0	2.12827	2.64954	0	0.818142	0	0	0	
89.12	0.337	0.103	-0.678494	0	2.13646	2.64954	0	0.818142	0	0	0	
89.13	0.337	0.103	-0.651999	0	2.14464	2.64954	0	0.818142	0	0	0	
89.14	0.337	0.103	-0.625503	0	2.15282	2.64954	0	0.818142	0	0	0	
89.15	0.337	0.103	-0.598879	0	2.16053	2.68617	0	0.685979	0	0	0	
89.16	0.337	0.103	-0.572017	0	2.16739	2.68617	0	0.685979	0	0	0	
89.17	0.337	0.103	-0.545155	0	2.17425	2.68617	0	0.685979	0	0	0	
89.18	0.337	0.103	-0.518294	0	2.18111	2.68617	0	0.685979	0	0	0	
89.19	0.337	0.103	-0.491326	0	2.1875	2.71621	0	0.552224	0	0	0	
89.2	0.337	0.103	-0.464164	0	2.19302	2.71621	0	0.552224	0	0	0	
89.21	0.337	0.103	-0.437002	0	2.19855	2.71621	0	0.552224	0	0	0	
89.22	0.337	0.103	-0.409839	0	2.20407	2.71621	0	0.552224	0	0	0	
89.23	0.337	0.103	-0.382595	0	2.20911	2.7396	0	0.417206	0	0	0	
89.24	0.337	0.103	-0.355199	0	2.21329	2.7396	0	0.417206	0	0	0	
89.25	0.337	0.103	-0.327803	0	2.21746	2.7396	0	0.417206	0	0	0	
89.26	0.337	0.103	-0.300407	0	2.22163	2.7396	0	0.417206	0	0	0	
89.27	0.337	0.103	-0.272952	0	2.22532	2.75627	0	0.281255	0	0	0	
89.28	0.337	0.103	-0.245389	0	2.22814	2.75627	0	0.281255	0	0	0	
89.29	0.337	0.103	-0.217827	0	2.23095	2.75627	0	0.281255	0	0	0	
89.3	0.337	0.103	-0.190264	0	2.23376	2.75627	0	0.281255	0	0	0	
89.31	0.337	0.103	-0.162666	0	2.23609	2.76621	0	0.144706	0	0	0	
89.32	0.337	0.103	-0.135004	0	2.23754	2.76621	0	0.144706	0	0	0	
89.33	0.337	0.103	-0.107342	0	2.23899	2.76621	0	0.144706	0	0	0	
89.34	0.337	0.103	-0.0796798	0	2.24043	2.76621	0	0.144706	0	0	0	
89.35	0.337	0.103	-0.0520065	0	2.2414	2.76938	0	0.00789157	0	0	0	
89.36	0.337	0.103	-0.0243127	0	2.24148	2.76938	0	0.00789157	0	0	0	
89.37	0.337	0.103	0.0033811	0	2.24155	2.76938	0	0.00789157	0	0	0	
89.38	0.337	0.103	0.0310749	0	2.24163	2.76938	0	0.00789157	0	0	0	
89.39	0.337	0.103	0.0587561	0	2.24123	2.7658	0	-0.128854	0	0	0	
89.4	0.337	0.103	0.086414	0	2.23994	2.7658	0	-0.128854	0	0	0	
89.41	0.337	0.103	0.114072	0	2.23865	2.7658	0	-0.128854	0	0	0	
89.42	0.337	0.103	0.14173	0	2.23736	2.7658	0	-0.128854	0	0	0	
89.43	0.337	0.103	0.169352	0	2.23559	2.75547	0	-0.265196	0	0	0	
89.44	0.337	0.103	0.196906	0	2.23294	2.75547	0	-0.265196	0	0	0	
89.45	0.337	0.103	0.224461	0	2.23029	2.75547	0	-0.265196	0	0	0	
89.46	0.337	0.103	0.252016	0	2.22764	2.75547	0	-0.265196	0	0	0	
89.47	0.337	0.103	0.27951	0	2.22451	2.73843	0	-0.400805	0	0	0	
89.48	0.337	0.103	0.306894	0	2.2205	2.73843	0	-0.400805	0	0	0	
89.49	0.337	0.103	0.334279	0	2.21649	2.73843	0	-0.400805	0	0	0	
89.5	0.337	0.103	0.361663	0	2.21248	2.73843	0	-0.400805	0	0	0	
89.51	0.337	0.103	0.388964	0	2.208	2.71473	0	-0.535349	0	0	0	
89.52	0.337	0.103	0.416111	0	2.20265	2.71473	0	-0.535349	0	0	0	
89.53	0.337	0.103	0.443258	0	2.19729	2.71473	0	-0.535349	0	0	0	
89.54	0.337	0.103	0.470405	0	2.19194	2.71473	0	-0.535349	0	0	0	
89.55	0.337	0.103	0.497446	0	2.18612	2.68443	0	-0.668502	0	0	0	
89.56	0.337	0.103	0.52429	0	2.17943	2.68443	0	-0.668502	0	0	0	
89.57	0.337	0.103	0.551134	0	2.17275	2.68443	0	-0.668502	0	0	0	
89.58	0.337	0.103	0.577979	0	2.16606	2.68443	0	-0.668502	0	0	0	
89.59	0.337	0.103	0.604693	0	2.15891	2.64761	0	-0.799942	0	0	0	
89.6	0.337	0.103	0.631169	0	2.15091	2.64761	0	-0.799942	0	0	0	
89.61	0.337	0.103	0.657645	0	2.14292	2.64761	0	-0.799942	0	0	0	
89.62	0.337	0.103	0.684122	0	2.13492	2.64761	0	-0.799942	0	0	0	
89.63	0.337	0.103	0.710445	0	2.12646	2.60438	0	-0.92935	0	0	0	
89.64	0.337	0.103	0.736489	0	2.11717	2.60438	0	-0.92935	0	0	0	
89.65	0.337	0.103	0.762533	0	2.10787	2.60438	0	-0.92935	0	0	0	
89.66	0.337	0.103	0.788577	0	2.09858	2.60438	0	-0.92935	0	0	0	
89.67	0.337	0.103	0.814446	0	2.08884	2.55484	0	-1.05641	0	0	0	
89.68	0.337	0.103	0.839994	0	2.07827	2.55484	0	-1.05641	0	0	0	
89.69	0.337	0.103	0.865542	0	2.06771	2.55484	0	-1.05641	0	0	0	
89.7	0.337	0.103	0.891091	0	2.05715	2.55484	0	-1.05641	0	0	0	
89.71	0.337	0.103	0.916442	0	2.04614	2.49911	0	-1.18083	0	0	0	
89.72	0.337	0.103	0.941434	0	2.03433	2.49911	0	-1.18083	0	0	0	
89.73	0.337	0.103	0.966425	0	2.02253	2.49911	0	-1.18083	0	0	0	
89.74	0.337	0.103	0.991416	0	2.01072	2.49911	0	-1.18083	0	0	0	
89.75	0.337	0.103	1.01619	0	1.99848	2.43735	0	-1.30229	0	0	0	
89.76	0.337	0.103	1.04056	0	1.98546	2.43735	0	-1.30229	0	0	0	
89.77	0.337	0.103	1.06494	0	1.97243	2.43735	0	-1.30229	0	0	0	
89.78	0.337	0.103	1.08931	0	1.95941	2.43735	0	-1.30229	0	0	0	
89.79	0.337	0.103	1.11344	0	1.94597	2.36971	0	-1.42051	0	0	0	
89.8	0.337	0.103	1.13714	0	1.93177	2.36971	0	-1.42051	0	0	0	
89.81	0.337	0.103	1.16084	0	1.91756	2.36971	0	-1.42051	0	0	0	
89.82	0.337	0.103	1.18454	0	1.90336	2.36971	0	-1.42051	0	0	0	
89.83	0.337	0.103	1.20797	0	1.88875	2.29635	0	-1.53521	0	0	0	
89.84	0.337	0.103	1.23094	0	1.87339	2.29635	0	-1.53521	0	0	0	
89.85	0.337	0.103	1.2539	0	1.85804	2.29635	0	-1.53521	0	0	0	
89.86	0.337	0.103	1.27686	0	1.84269	2.29635	0	-1.53521	0	0	0	
89.87	0.337	0.103	1.29955	0	1.82695	2.21747	0	-1.6461	0	0	0	
89.88	0.337	0.103	1.32172	0	1.81049	2.21747	0	-1.6461	0	0	0	
89.89	0.337	0.103	1.3439	0	1.79402	2.21747	0	-1.6461	0	0	0	
89.9	0.337	0.103	1.36607	0	1.77756	2.21747	0	-1.6461	0	0	0	
89.91	0.337	0.103	1.38795	0	1.76073	2.13326	0	-1.75293	0	0	0	
89.92	0.337	0.103	1.40928	0	1.7432	2.13326	0	-1.75293	0	0	0	
89.93	0.337	0.103	1.43062	0	1.72567	2.13326	0	-1.75293	0	0	0	
89.94	0.337	0.103	1.45195	0	1.70814	2.13326	0	-1.75293	0	0	0	
89.95	0.337	0.103	1.47297	0	1.69025	2.04392	0	-1.85544	0	0	0	
89.96	0.337	0.103	1.49341	0	1.67169	2.04392	0	-1.85544	0	0	0	
89.97	0.337	0.103	1.51384	0	1.65314	2.04392	0	-1.85544	0	0	0	
89.98	0.337	0.103	1.53428	0	1.63458	2.04392	0	-1.85544	0	0	0	
89.99	0.337	0.103	1.55439	0	1.61568	1.94969	0	-1.95339	0	0	0	
90	0.337	0.103	1.57389	0	1.59615	1.94969	0	-1.95339	0	0	0	
90.01	0.337	0.103	1.59338	0	1.57662	1.94969	0	-1.95339	0	0	0	
90.02	0.337	0.103	1.61288	0	1.55708	1.94969	0	-1.95339	0	0	0	
90.03	0.337	0.103	1.63203	0	1.53722	1.8508	0	-2.04654	0	0	0	
90.04	0.337	0.103	1.65054	0	1.51675	1.8508	0	-2.04654	0	0	0	
90.05	0.337	0.103	1.66905	0	1.49629	1.8508	0	-2.04654	0	0	0	
90.06	0.337	0.103	1.68755	0	1.47582	1.8508	0	-2.04654	0	0	0	
90.07	0.337	0.103	1.7057	0	1.45505	1.74749	0	-2.13467	0	0	0	
90.08	0.337	0.103	1.72317	0	1.4337	1.74749	0	-2.13467	0	0	0	
90.09	0.337	0.103	1.74065	0	1.41235	1.74749	0	-2.13467	0	0	0	
90.1	0.337	0.103	1.75812	0	1.39101	1.74749	0	-2.13467	0	0	0	
90.11	0.337	0.103	1.77522	0	1.36937	1.64001	0	-2.21758	0	0	0	
90.12	0.337	0.103	1.79162	0	1.34719	1.64001	0	-2.21758	0	0	0	
90.13	0.337	0.103	1.80802	0	1.32502	1.64001	0	-2.21758	0	0	0	
90.14	0.337	0.103	1.82442	0	1.30284	1.64001	0	-2.21758	0	0	0	
90.15	0.337	0.103	1.84042	0	1.28039	1.52863	0	-2.29507	0	0	0	
90.16	0.337	0.103	1.85571	0	1.25744	1.52863	0	-2.29507	0	0	0	
90.17	0.337	0.103	1.871	0	1.23449	1.52863	0	-2.29507	0	0	0	
90.18	0.337	0.103	1.88628	0	1.21154	1.52863	0	-2.29507	0	0	0	
90.19	0.337	0.103	1.90116	0	1.18833	1.41362	0	-2.36695	0	0	0	
90.2	0.337	0.103	1.9153	0	1.16466	1.41362	0	-2.36695	0	0	0	
90.21	0.337	0.103	1.92944	0	1.141	1.41362	0	-2.36695	0	0	0	
90.22	0.337	0.103	1.94357	0	1.11733	1.41362	0	-2.36695	0	0	0	
90.23	0.337	0.103	1.95729	0	1.09342	1.29527	0	-2.43307	0	0	0	
90.24	0.337	0.103	1.97024	0	1.06909	1.29527	0	-2.43307	0	0	0	
90.25	0.337	0.103	1.9832	0	1.04476	1.29527	0	-2.43307	0	0	0	
90.26	0.337	0.103	1.99615	0	1.02043	1.29527	0	-2.43307	0	0	0	
90.27	0.337	0.103	2.00867	0	0.995888	1.17386	0	-2.49326	0	0	0	
90.28	0.337	0.103	2.02041	0	0.970956	1.17386	0	-2.49326	0	0	0	
90.29	0.337	0.103	2.03215	0	0.946023	1.17386	0	-2.49326	0	0	0	
90.3	0.337	0.103	2.04389	0	0.92109	1.17386	0	-2.49326	0	0	0	
90.31	0.337	0.103	2.05519	0	0.895967	1.0497	0	-2.54739	0	0	0	
90.32	0.337	0.103	2.06569	0	0.870493	1.0497	0	-2.54739	0	0	0	
90.33	0.337	0.103	2.07618	0	0.845019	1.0497	0	-2.54739	0	0	0	
90.34	0.337	0.103	2.08668	0	0.819545	1.0497	0	-2.54739	0	0	0	
90.35	0.337	0.103	2.09673	0	0.793902	0.923079	0	-2.59533	0	0	0	
90.36	0.337	0.103	2.10596	0	0.767949	0.923079	0	-2.59533	0	0	0	
90.37	0.337	0.103	2.11519	0	0.741995	0.923079	0	-2.59533	0	0	0	
90.38	0.337	0.103	2.12442	0	0.716042	0.923079	0	-2.59533	0	0	0	
90.39	0.337	0.103	2.1332	0	0.689942	0.794311	0	-2.63698	0	0	0	
90.4	0.337	0.103	2.14114	0	0.663572	0.794311	0	-2.63698	0	0	0	
90.41	0.337	0.103	2.14909	0	0.637202	0.794311	0	-2.63698	0	0	0	
90.42	0.337	0.103	2.15703	0	0.610832	0.794311	0	-2.63698	0	0	0	
90.43	0.337	0.103	2.16451	0	0.584338	0.663709	0	-2.67224	0	0	0	
90.44	0.337	0.103	2.17115	0	0.557616	0.663709	0	-2.67224	0	0	0	
90.45	0.337	0.103	2.17779	0	0.530893	0.663709	0	-2.67224	0	0	0	
90.46	0.337	0.103	2.18442	0	0.504171	0.663709	0	-2.67224	0	0	0	
90.47	0.337	0.103	2.19059	0	0.477347	0.531589	0	-2.70103	0	0	0	
90.48	0.337	0.103	2.19591	0	0.450337	0.531589	0	-2.70103	0	0	0	
90.49	0.337	0.103	2.20123	0	0.423327	0.531589	0	-2.70103	0	0	0	
90.5	0.337	0.103	2.20654	0	0.396316	0.531589	0	-2.70103	0	0	0	
90.51	0.337	0.103	2.21139	0	0.369227	0.398272	0	-2.72329	0	0	0	
90.52	0.337	0.103	2.21537	0	0.341995	0.398272	0	-2.72329	0	0	0	
90.53	0.337	0.103	2.21935	0	0.314762	0.398272	0	-2.72329	0	0	0	
90.54	0.337	0.103	2.22334	0	0.287529	0.398272	0	-2.72329	0	0	0	
90.55	0.337	0.103	2.22685	0	0.260241	0.26408	0	-2.73897	0	0	0	
90.56	0.337	0.103	2.22949	0	0.232851	0.26408	0	-2.73897	0	0	0	
90.57	0.337	0.103	2.23213	0	0.205461	0.26408	0	-2.73897	0	0	0	
90.58	0.337	0.103	2.23477	0	0.178072	0.26408	0	-2.73897	0	0	0	
90.59	0.337	0.103	2.23693	0	0.15065	0.129338	0	-2.74804	0	0	0	
90.6	0.337	0.103	2.23823	0	0.123169	0.129338	0	-2.74804	0	0	0	
90.61	0.337	0.103	2.23952	0	0.0956889	0.129338	0	-2.74804	0	0	0	
90.62	0.337	0.103	2.24081	0	0.0682085	0.129338	0	-2.74804	0	0	0	
90.63	0.337	0.103	2.24163	0	0.0407194	-0.00563041	0	-2.7505	0	0	0	
90.64	0.337	0.103	2.24157	0	0.0132144	-0.00563041	0	-2.7505	0	0	0	
90.65	0.337	0.103	2.24152	0	-0.0142905	-0.00563041	0	-2.7505	0	0	0	
90.66	0.337	0.103	2.24146	0	-0.0417955	-0.00563041	0	-2.7505	0	0	0	
90.67	0.337	0.103	2.24093	0	-0.0692857	-0.140499	0	-2.74633	0	0	0	
90.68	0.337	0.103	2.23952	0	-0.096749	-0.140499	0	-2.74633	0	0	0	
90.69	0.337	0.103	2.23812	0	-0.124212	-0.140499	0	-2.74633	0	0	0	
90.7	0.337	0.103	2.23671	0	-0.151675	-0.140499	0	-2.74633	0	0	0	
90.71	0.337	0.103	2.23483	0	-0.179101	-0.274944	0	-2.73555	0	0	0	
90.72	0.337	0.103	2.23209	0	-0.206456	-0.274944	0	-2.73555	0	0	0	
90.73	0.337	0.103	2.22934	0	-0.233812	-0.274944	0	-2.73555	0	0	0	
90.74	0.337	0.103	2.22659	0	-0.261167	-0.274944	0	-2.73555	0	0	0	
90.75	0.337	0.103	2.22337	0	-0.288462	-0.408641	0	-2.71821	0	0	0	
90.76	0.337	0.103	2.21928	0	-0.315644	-0.408641	0	-2.71821	0	0	0	
90.77	0.337	0.103	2.21519	0	-0.342826	-0.408641	0	-2.71821	0	0	0	
90.78	0.337	0.103	2.21111	0	-0.370008	-0.408641	0	-2.71821	0	0	0	
90.79	0.337	0.103	2.20655	0	-0.397106	-0.541272	0	-2.69434	0	0	0	
90.8	0.337	0.103	2.20114	0	-0.424049	-0.541272	0	-2.69434	0	0	0	
90.81	0.337	0.103	2.19573	0	-0.450992	-0.541272	0	-2.69434	0	0	0	
90.82	0.337	0.103	2.19031	0	-0.477936	-0.541272	0	-2.69434	0	0	0	
90.83	0.337	0.103	2.18444	0	-0.504772	-0.672518	0	-2.66401	0	0	0	
90.84	0.337	0.103	2.17771	0	-0.531412	-0.672518	0	-2.66401	0	0	0	
90.85	0.337	0.103	2.17099	0	-0.558052	-0.672518	0	-2.66401	0	0	0	
90.86	0.337	0.103	2.16426	0	-0.584692	-0.672518	0	-2.66401	0	0	0	
90.87	0.337	0.103	2.15708	0	-0.611203	-0.802065	0	-2.6273	0	0	0	
90.88	0.337	0.103	2.14906	0	-0.637476	-0.802065	0	-2.6273	0	0	0	
90.89	0.337	0.103	2.14104	0	-0.663749	-0.802065	0	-2.6273	0	0	0	
90.9	0.337	0.103	2.13302	0	-0.690022	-0.802065	0	-2.6273	0	0	0	
90.91	0.337	0.103	2.12455	0	-0.716143	-0.929604	0	-2.58431	0	0	0	
90.92	0.337	0.103	2.11525	0	-0.741986	-0.929604	0	-2.58431	0	0	0	
90.93	0.337	0.103	2.10596	0	-0.76783	-0.929604	0	-2.58431	0	0	0	
90.94	0.337	0.103	2.09666	0	-0.793673	-0.929604	0	-2.58431	0	0	0	
90.95	0.337	0.103	2.08692	0	-0.819342	-1.05483	0	-2.53515	0	0	0	
90.96	0.337	0.103	2.07637	0	-0.844694	-1.05483	0	-2.53515	0	0	0	
90.97	0.337	0.103	2.06583	0	-0.870045	-1.05483	0	-2.53515	0	0	0	
90.98	0.337	0.103	2.05528	0	-0.895397	-1.05483	0	-2.53515	0	0	0	
90.99	0.337	0.103	2.0443	0	-0.920553	-1.17745	0	-2.47993	0	0	0	
91	0.337	0.103	2.03252	0	-0.945353	-1.17745	0	-2.47993	0	0	0	
91.01	0.337	0.103	2.02075	0	-0.970152	-1.17745	0	-2.47993	0	0	0	
91.02	0.337	0.103	2.00897	0	-0.994951	-1.17745	0	-2.47993	0	0	0	
91.03	0.337	0.103	1.99678	0	-1.01953	-1.29717	0	-2.4188	0	0	0	
91.04	0.337	0.103	1.9838	0	-1.04372	-1.29717	0	-2.4188	0	0	0	
91.05	0.337	0.103	1.97083	0	-1.06791	-1.29717	0	-2.4188	0	0	0	
91.06	0.337	0.103	1.95786	0	-1.0921	-1.29717	0	-2.4188	0	0	0	
91.07	0.337	0.103	1.94448	0	-1.11605	-1.4137	0	-2.35192	0	0	0	
91.08	0.337	0.103	1.93034	0	-1.13957	-1.4137	0	-2.35192	0	0	0	
91.09	0.337	0.103	1.9162	0	-1.16309	-1.4137	0	-2.35192	0	0	0	
91.1	0.337	0.103	1.90207	0	-1.18661	-1.4137	0	-2.35192	0	0	0	
91.11	0.337	0.103	1.88753	0	-1.20987	-1.52677	0	-2.27944	0	0	0	
91.12	0.337	0.103	1.87226	0	-1.23267	-1.52677	0	-2.27944	0	0	0	
91.13	0.337	0.103	1.857	0	-1.25546	-1.52677	0	-2.27944	0	0	0	
91.14	0.337	0.103	1.84173	0	-1.27826	-1.52677	0	-2.27944	0	0	0	
91.15	0.337	0.103	1.82607	0	-1.30078	-1.63611	0	-2.20155	0	0	0	
91.16	0.337	0.103	1.80971	0	-1.32279	-1.63611	0	-2.20155	0	0	0	
91.17	0.337	0.103	1.79335	0	-1.34481	-1.63611	0	-2.20155	0	0	0	
91.18	0.337	0.103	1.77699	0	-1.36682	-1.63611	0	-2.20155	0	0	0	
91.19	0.337	0.103	1.76026	0	-1.38854	-1.74147	0	-2.11844	0	0	0	
91.2	0.337	0.103	1.74284	0	-1.40973	-1.74147	0	-2.11844	0	0	0	
91.21	0.337	0.103	1.72543	0	-1.43091	-1.74147	0	-2.11844	0	0	0	
91.22	0.337	0.103	1.70801	0	-1.4521	-1.74147	0	-2.11844	0	0	0	
91.23	0.337	0.103	1.69024	0	-1.47297	-1.84259	0	-2.03032	0	0	0	
91.24	0.337	0.103	1.67182	0	-1.49327	-1.84259	0	-2.03032	0	0	0	
91.25	0.337	0.103	1.65339	0	-1.51358	-1.84259	0	-2.03032	0	0	0	
91.26	0.337	0.103	1.63496	0	-1.53388	-1.84259	0	-2.03032	0	0	0	
91.27	0.337	0.103	1.6162	0	-1.55386	-1.93925	0	-1.93739	0	0	0	
91.28	0.337	0.103	1.59681	0	-1.57323	-1.93925	0	-1.93739	0	0	0	
91.29	0.337	0.103	1.57741	0	-1.5926	-1.93925	0	-1.93739	0	0	0	
91.3	0.337	0.103	1.55802	0	-1.61198	-1.93925	0	-1.93739	0	0	0	
91.31	0.337	0.103	1.5383	0	-1.63101	-2.0312	0	-1.8399	0	0	0	
91.32	0.337	0.103	1.51799	0	-1.64941	-2.0312	0	-1.8399	0	0	0	
91.33	0.337	0.103	1.49768	0	-1.66781	-2.0312	0	-1.8399	0	0	0	
91.34	0.337	0.103	1.47737	0	-1.6862	-2.0312	0	-1.8399	0	0	0	
91.35	0.337	0.103	1.45675	0	-1.70424	-2.11825	0	-1.73806	0	0	0	
91.36	0.337	0.103	1.43557	0	-1.72162	-2.11825	0	-1.73806	0	0	0	
91.37	0.337	0.103	1.41438	0	-1.73901	-2.11825	0	-1.73806	0	0	0	
91.38	0.337	0.103	1.3932	0	-1.75639	-2.11825	0	-1.73806	0	0	0	
91.39	0.337	0.103	1.37173	0	-1.77339	-2.20018	0	-1.63214	0	0	0	
91.4	0.337	0.103	1.34973	0	-1.78971	-2.20018	0	-1.63214	0	0	0	
91.41	0.337	0.103	1.32773	0	-1.80604	-2.20018	0	-1.63214	0	0	0	
91.42	0.337	0.103	1.30572	0	-1.82236	-2.20018	0	-1.63214	0	0	0	
91.43	0.337	0.103	1.28345	0	-1.83829	-2.2768	0	-1.52239	0	0	0	
91.44	0.337	0.103	1.26068	0	-1.85352	-2.2768	0	-1.52239	0	0	0	
91.45	0.337	0.103	1.23792	0	-1.86874	-2.2768	0	-1.52239	0	0	0	
91.46	0.337	0.103	1.21515	0	-1.88396	-2.2768	0	-1.52239	0	0	0	
91.47	0.337	0.103	1.19213	0	-1.89879	-2.34795	0	-1.40908	0	0	0	
91.48	0.337	0.103	1.16865	0	-1.91288	-2.34795	0	-1.40908	0	0	0	
91.49	0.337	0.103	1.14517	0	-1.92697	-2.34795	0	-1.40908	0	0	0	
91.5	0.337	0.103	1.12169	0	-1.94106	-2.34795	0	-1.40908	0	0	0	
91.51	0.337	0.103	1.09798	0	-1.95474	-2.41344	0	-1.29247	0	0	0	
91.52	0.337	0.103	1.07385	0	-1.96766	-2.41344	0	-1.29247	0	0	0	
91.53	0.337	0.103	1.04971	0	-1.98059	-2.41344	0	-1.29247	0	0	0	
91.54	0.337	0.103	1.02558	0	-1.99351	-2.41344	0	-1.29247	0	0	0	
91.55	0.337	0.103	1.00123	0	-2.00602	-2.47314	0	-1.17286	0	0	0	
91.56	0.337	0.103	0.9765	0	-2.01774	-2.47314	0	-1.17286	0	0	0	
91.57	0.337	0.103	0.951768	0	-2.02947	-2.47314	0	-1.17286	0	0	0	
91.58	0.337	0.103	0.927037	0	-2.0412	-2.47314	0	-1.17286	0	0	0	
91.59	0.337	0.103	0.902116	0	-2.0525	-2.52691	0	-1.05053	0	0	0	
91.6	0.337	0.103	0.876847	0	-2.063	-2.52691	0	-1.05053	0	0	0	
91.61	0.337	0.103	0.851578	0	-2.07351	-2.52691	0	-1.05053	0	0	0	
91.62	0.337	0.103	0.826308	0	-2.08401	-2.52691	0	-1.05053	0	0	0	
91.63	0.337	0.103	0.800871	0	-2.09408	-2.57463	0	-0.925769	0	0	0	
91.64	0.337	0.103	0.775125	0	-2.10334	-2.57463	0	-0.925769	0	0	0	
91.65	0.337	0.103	0.749378	0	-2.1126	-2.57463	0	-0.925769	0	0	0	
91.66	0.337	0.103	0.723632	0	-2.12185	-2.57463	0	-0.925769	0	0	0	
91.67	0.337	0.103	0.697739	0	-2.13066	-2.61618	0	-0.798884	0	0	0	
91.68	0.337	0.103	0.671578	0	-2.13865	-2.61618	0	-0.798884	0	0	0	
91.69	0.337	0.103	0.645416	0	-2.14664	-2.61618	0	-0.798884	0	0	0	
91.7	0.337	0.103	0.619254	0	-2.15463	-2.61618	0	-0.798884	0	0	0	
91.71	0.337	0.103	0.592968	0	-2.16216	-2.65147	0	-0.670177	0	0	0	
91.72	0.337	0.103	0.566453	0	-2.16887	-2.65147	0	-0.670177	0	0	0	
91.73	0.337	0.103	0.539938	0	-2.17557	-2.65147	0	-0.670177	0	0	0	
91.74	0.337	0.103	0.513423	0	-2.18227	-2.65147	0	-0.670177	0	0	0	
91.75	0.337	0.103	0.486807	0	-2.18851	-2.68044	0	-0.539957	0	0	0	
91.76	0.337	0.103	0.460002	0	-2.19391	-2.68044	0	-0.539957	0	0	0	
91.77	0.337	0.103	0.433198	0	-2.19931	-2.68044	0	-0.539957	0	0	0	
91.78	0.337	0.103	0.406393	0	-2.20471	-2.68044	0	-0.539957	0	0	0	
91.79	0.337	0.103	0.379509	0	-2.20965	-2.70301	0	-0.408534	0	0	0	
91.8	0.337	0.103	0.352479	0	-2.21373	-2.70301	0	-0.408534	0	0	0	
91.81	0.337	0.103	0.325449	0	-2.21782	-2.70301	0	-0.408534	0	0	0	
91.82	0.337	0.103	0.298419	0	-2.2219	-2.70301	0	-0.408534	0	0	0	
91.83	0.337	0.103	0.271332	0	-2.22552	-2.71914	0	-0.276223	0	0	0	
91.84	0.337	0.103	0.24414	0	-2.22828	-2.71914	0	-0.276223	0	0	0	
91.85	0.337	0.103	0.216949	0	-2.23105	-2.71914	0	-0.276223	0	0	0	
91.86	0.337	0.103	0.189758	0	-2.23381	-2.71914	0	-0.276223	0	0	0	
91.87	0.337	0.103	0.162532	0	-2.2361	-2.7288	0	-0.143338	0	0	0	
91.88	0.337	0.103	0.135244	0	-2.23753	-2.7288	0	-0.143338	0	0	0	
91.89	0.337	0.103	0.107956	0	-2.23897	-2.7288	0	-0.143338	0	0	0	
91.9	0.337	0.103	0.0806679	0	-2.2404	-2.7288	0	-0.143338	0	0	0	
91.91	0.337	0.103	0.0533687	0	-2.24136	-2.73197	0	-0.0101964	0	0	0	
91.92	0.337	0.103	0.026049	0	-2.24147	-2.73197	0	-0.0101964	0	0	0	
91.93	0.337	0.103	-0.00127073	0	-2.24157	-2.73197	0	-0.0101964	0	0	0	
91.94	0.337	0.103	-0.0285905	0	-2.24167	-2.73197	0	-0.0101964	0	0	0	
91.95	0.337	0.103	-0.0558985	0	-2.2413	-2.72865	0	0.122886	0	0	0	
91.96	0.337	0.103	-0.083185	0	-2.24007	-2.72865	0	0.122886	0	0	0	
91.97	0.337	0.103	-0.110472	0	-2.23885	-2.72865	0	0.122886	0	0	0	
91.98	0.337	0.103	-0.137758	0	-2.23762	-2.72865	0	0.122886	0	0	0	
91.99	0.337	0.103	-0.16501	0	-2.23592	-2.71886	0	0.255593	0	0	0	
92	0.337	0.103	-0.192199	0	-2.23336	-2.71886	0	0.255593	0	0	0	
92.01	0.337	0.103	-0.219387	0	-2.23081	-2.71886	0	0.255593	0	0	0	
92.02	0.337	0.103	-0.246576	0	-2.22825	-2.71886	0	0.255593	0	0	0	
92.03	0.337	0.103	-0.273707	0	-2.22523	-2.70262	0	0.38761	0	0	0	
92.04	0.337	0.103	-0.300733	0	-2.22135	-2.70262	0	0.38761	0	0	0	
92.05	0.337	0.103	-0.32776	0	-2.21748	-2.70262	0	0.38761	0	0	0	
92.06	0.337	0.103	-0.354786	0	-2.2136	-2.70262	0	0.38761	0	0	0	
92.07	0.337	0.103	-0.381732	0	-2.20926	-2.67998	0	0.518625	0	0	0	
92.08	0.337	0.103	-0.408532	0	-2.20408	-2.67998	0	0.518625	0	0	0	
92.09	0.337	0.103	-0.435332	0	-2.19889	-2.67998	0	0.518625	0	0	0	
92.1	0.337	0.103	-0.462132	0	-2.1937	-2.67998	0	0.518625	0	0	0	
92.11	0.337	0.103	-0.488829	0	-2.18806	-2.65101	0	0.648328	0	0	0	
92.12	0.337	0.103	-0.515339	0	-2.18158	-2.65101	0	0.648328	0	0	0	
92.13	0.337	0.103	-0.541849	0	-2.17509	-2.65101	0	0.648328	0	0	0	
92.14	0.337	0.103	-0.56836	0	-2.16861	-2.65101	0	0.648328	0	0	0	
92.15	0.337	0.103	-0.594745	0	-2.16168	-2.61577	0	0.776414	0	0	0	
92.16	0.337	0.103	-0.620903	0	-2.15391	-2.61577	0	0.776414	0	0	0	
92.17	0.337	0.103	-0.647061	0	-2.14615	-2.61577	0	0.776414	0	0	0	
92.18	0.337	0.103	-0.673218	0	-2.13838	-2.61577	0	0.776414	0	0	0	
92.19	0.337	0.103	-0.69923	0	-2.13017	-2.57435	0	0.90258	0	0	0	
92.2	0.337	0.103	-0.724973	0	-2.12115	-2.57435	0	0.90258	0	0	0	
92.21	0.337	0.103	-0.750717	0	-2.11212	-2.57435	0	0.90258	0	0	0	
92.22	0.337	0.103	-0.77646	0	-2.1031	-2.57435	0	0.90258	0	0	0	
92.23	0.337	0.103	-0.802036	0	-2.09363	-2.52687	0	1.02653	0	0	0	
92.24	0.337	0.103	-0.827305	0	-2.08337	-2.52687	0	1.02653	0	0	0	
92.25	0.337	0.103	-0.852574	0	-2.0731	-2.52687	0	1.02653	0	0	0	
92.26	0.337	0.103	-0.877843	0	-2.06284	-2.52687	0	1.02653	0	0	0	
92.27	0.337	0.103	-0.902923	0	-2.05214	-2.47344	0	1.14797	0	0	0	
92.28	0.337	0.103	-0.927657	0	-2.04066	-2.47344	0	1.14797	0	0	0	
92.29	0.337	0.103	-0.952391	0	-2.02918	-2.47344	0	1.14797	0	0	0	
92.3	0.337	0.103	-0.977126	0	-2.0177	-2.47344	0	1.14797	0	0	0	
92.31	0.337	0.103	-1.00165	0	-2.00581	-2.41418	0	1.26663	0	0	0	
92.32	0.337	0.103	-1.02579	0	-1.99314	-2.41418	0	1.26663	0	0	0	
92.33	0.337	0.103	-1.04993	0	-1.98047	-2.41418	0	1.26663	0	0	0	
92.34	0.337	0.103	-1.07408	0	-1.96781	-2.41418	0	1.26663	0	0	0	
92.35	0.337	0.103	-1.09799	0	-1.95473	-2.34926	0	1.38221	0	0	0	
92.36	0.337	0.103	-1.12148	0	-1.94091	-2.34926	0	1.38221	0	0	0	
92.37	0.337	0.103	-1.14497	0	-1.92709	-2.34926	0	1.38221	0	0	0	
92.38	0.337	0.103	-1.16847	0	-1.91327	-2.34926	0	1.38221	0	0	0	
92.39	0.337	0.103	-1.19171	0	-1.89905	-2.27882	0	1.49445	0	0	0	
92.4	0.337	0.103	-1.2145	0	-1.8841	-2.27882	0	1.49445	0	0	0	
92.41	0.337	0.103	-1.23729	0	-1.86916	-2.27882	0	1.49445	0	0	0	
92.42	0.337	0.103	-1.26008	0	-1.85422	-2.27882	0	1.49445	0	0	0	
92.43	0.337	0.103	-1.2826	0	-1.83889	-2.20305	0	1.60309	0	0	0	
92.44	0.337	0.103	-1.30463	0	-1.82286	-2.20305	0	1.60309	0	0	0	
92.45	0.337	0.103	-1.32666	0	-1.80683	-2.20305	0	1.60309	0	0	0	
92.46	0.337	0.103	-1.34869	0	-1.7908	-2.20305	0	1.60309	0	0	0	
92.47	0.337	0.103	-1.37043	0	-1.77439	-2.12212	0	1.70788	0	0	0	
92.48	0.337	0.103	-1.39165	0	-1.75732	-2.12212	0	1.70788	0	0	0	
92.49	0.337	0.103	-1.41288	0	-1.74024	-2.12212	0	1.70788	0	0	0	
92.5	0.337	0.103	-1.4341	0	-1.72316	-2.12212	0	1.70788	0	0	0	
92.51	0.337	0.103	-1.45502	0	-1.70572	-2.03623	0	1.80857	0	0	0	
92.52	0.337	0.103	-1.47538	0	-1.68764	-2.03623	0	1.80857	0	0	0	
92.53	0.337	0.103	-1.49574	0	-1.66955	-2.03623	0	1.80857	0	0	0	
92.54	0.337	0.103	-1.5161	0	-1.65147	-2.03623	0	1.80857	0	0	0	
92.55	0.337	0.103	-1.53614	0	-1.63304	-1.94558	0	1.90493	0	0	0	
92.56	0.337	0.103	-1.5556	0	-1.61399	-1.94558	0	1.90493	0	0	0	
92.57	0.337	0.103	-1.57506	0	-1.59494	-1.94558	0	1.90493	0	0	0	
92.58	0.337	0.103	-1.59451	0	-1.57589	-1.94558	0	1.90493	0	0	0	
92.59	0.337	0.103	-1.61363	0	-1.55652	-1.85041	0	1.99674	0	0	0	
92.6	0.337	0.103	-1.63214	0	-1.53655	-1.85041	0	1.99674	0	0	0	
92.61	0.337	0.103	-1.65064	0	-1.51659	-1.85041	0	1.99674	0	0	0	
92.62	0.337	0.103	-1.66914	0	-1.49662	-1.85041	0	1.99674	0	0	0	
92.63	0.337	0.103	-1.6873	0	-1.47634	-1.75093	0	2.08378	0	0	0	
92.64	0.337	0.103	-1.70481	0	-1.45551	-1.75093	0	2.08378	0	0	0	
92.65	0.337	0.103	-1.72232	0	-1.43467	-1.75093	0	2.08378	0	0	0	
92.66	0.337	0.103	-1.73983	0	-1.41383	-1.75093	0	2.08378	0	0	0	
92.67	0.337	0.103	-1.75697	0	-1.3927	-1.64739	0	2.16585	0	0	0	
92.68	0.337	0.103	-1.77344	0	-1.37104	-1.64739	0	2.16585	0	0	0	
92.69	0.337	0.103	-1.78992	0	-1.34939	-1.64739	0	2.16585	0	0	0	
92.7	0.337	0.103	-1.80639	0	-1.32773	-1.64739	0	2.16585	0	0	0	
92.71	0.337	0.103	-1.82249	0	-1.3058	-1.54003	0	2.24277	0	0	0	
92.72	0.337	0.103	-1.83789	0	-1.28337	-1.54003	0	2.24277	0	0	0	
92.73	0.337	0.103	-1.85329	0	-1.26094	-1.54003	0	2.24277	0	0	0	
92.74	0.337	0.103	-1.86869	0	-1.23851	-1.54003	0	2.24277	0	0	0	
92.75	0.337	0.103	-1.8837	0	-1.21583	-1.42911	0	2.31437	0	0	0	
92.76	0.337	0.103	-1.89799	0	-1.19269	-1.42911	0	2.31437	0	0	0	
92.77	0.337	0.103	-1.91228	0	-1.16955	-1.42911	0	2.31437	0	0	0	
92.78	0.337	0.103	-1.92657	0	-1.1464	-1.42911	0	2.31437	0	0	0	
92.79	0.337	0.103	-1.94046	0	-1.12303	-1.3149	0	2.38047	0	0	0	
92.8	0.337	0.103	-1.95361	0	-1.09922	-1.3149	0	2.38047	0	0	0	
92.81	0.337	0.103	-1.96676	0	-1.07542	-1.3149	0	2.38047	0	0	0	
92.82	0.337	0.103	-1.9799	0	-1.05161	-1.3149	0	2.38047	0	0	0	
92.83	0.337	0.103	-1.99264	0	-1.02759	-1.19766	0	2.44092	0	0	0	
92.84	0.337	0.103	-2.00462	0	-1.00319	-1.19766	0	2.44092	0	0	0	
92.85	0.337	0.103	-2.01659	0	-0.978776	-1.19766	0	2.44092	0	0	0	
92.86	0.337	0.103	-2.02857	0	-0.954367	-1.19766	0	2.44092	0	0	0	
92.87	0.337	0.103	-2.04012	0	-0.929765	-1.07768	0	2.4956	0	0	0	
92.88	0.337	0.103	-2.0509	0	-0.904809	-1.07768	0	2.4956	0	0	0	
92.89	0.337	0.103	-2.06168	0	-0.879853	-1.07768	0	2.4956	0	0	0	
92.9	0.337	0.103	-2.07245	0	-0.854896	-1.07768	0	2.4956	0	0	0	
92.91	0.337	0.103	-2.0828	0	-0.829768	-0.955242	0	2.54438	0	0	0	
92.92	0.337	0.103	-2.09235	0	-0.804324	-0.955242	0	2.54438	0	0	0	
92.93	0.337	0.103	-2.1019	0	-0.778881	-0.955242	0	2.54438	0	0	0	
92.94	0.337	0.103	-2.11146	0	-0.753437	-0.955242	0	2.54438	0	0	0	
92.95	0.337	0.103	-2.12057	0	-0.727842	-0.830634	0	2.58715	0	0	0	
92.96	0.337	0.103	-2.12887	0	-0.701971	-0.830634	0	2.58715	0	0	0	
92.97	0.337	0.103	-2.13718	0	-0.676099	-0.830634	0	2.58715	0	0	0	
92.98	0.337	0.103	-2.14549	0	-0.650228	-0.830634	0	2.58715	0	0	0	
92.99	0.337	0.103	-2.15335	0	-0.624227	-0.704153	0	2.62382	0	0	0	
93	0.337	0.103	-2.16039	0	-0.597988	-0.704153	0	2.62382	0	0	0	
93.01	0.337	0.103	-2.16743	0	-0.57175	-0.704153	0	2.62382	0	0	0	
93.02	0.337	0.103	-2.17447	0	-0.545512	-0.704153	0	2.62382	0	0	0	
93.03	0.337	0.103	-2.18106	0	-0.519166	-0.576096	0	2.6543	0	0	0	
93.04	0.337	0.103	-2.18682	0	-0.492623	-0.576096	0	2.6543	0	0	0	
93.05	0.337	0.103	-2.19258	0	-0.46608	-0.576096	0	2.6543	0	0	0	
93.06	0.337	0.103	-2.19834	0	-0.439537	-0.576096	0	2.6543	0	0	0	
93.07	0.337	0.103	-2.20365	0	-0.412909	-0.446767	0	2.67853	0	0	0	
93.08	0.337	0.103	-2.20812	0	-0.386124	-0.446767	0	2.67853	0	0	0	
93.09	0.337	0.103	-2.21258	0	-0.359338	-0.446767	0	2.67853	0	0	0	
93.1	0.337	0.103	-2.21705	0	-0.332553	-0.446767	0	2.67853	0	0	0	
93.11	0.337	0.103	-2.22106	0	-0.305704	-0.316471	0	2.69647	0	0	0	
93.12	0.337	0.103	-2.22423	0	-0.27874	-0.316471	0	2.69647	0	0	0	
93.13	0.337	0.103	-2.22739	0	-0.251775	-0.316471	0	2.69647	0	0	0	
93.14	0.337	0.103	-2.23055	0	-0.22481	-0.316471	0	2.69647	0	0	0	
93.15	0.337	0.103	-2.23326	0	-0.197805	-0.185513	0	2.70807	0	0	0	
93.16	0.337	0.103	-2.23511	0	-0.170724	-0.185513	0	2.70807	0	0	0	
93.17	0.337	0.103	-2.23697	0	-0.143643	-0.185513	0	2.70807	0	0	0	
93.18	0.337	0.103	-2.23882	0	-0.116563	-0.185513	0	2.70807	0	0	0	
93.19	0.337	0.103	-2.24021	0	-0.0894636	-0.0542011	0	2.71331	0	0	0	
93.2	0.337	0.103	-2.24076	0	-0.0623306	-0.0542011	0	2.71331	0	0	0	
93.21	0.337	0.103	-2.2413	0	-0.0351975	-0.0542011	0	2.71331	0	0	0	
93.22	0.337	0.103	-2.24184	0	-0.00806436	-0.0542011	0	2.71331	0	0	0	
93.23	0.337	0.103	-2.24192	0	0.0190648	0.0771561	0	2.71219	0	0	0	
93.24	0.337	0.103	-2.24115	0	0.0461867	0.0771561	0	2.71219	0	0	0	
93.25	0.337	0.103	-2.24038	0	0.0733086	0.0771561	0	2.71219	0	0	0	
93.26	0.337	0.103	-2.2396	0	0.100431	0.0771561	0	2.71219	0	0	0	
93.27	0.337	0.103	-2.23837	0	0.127526	0.208251	0	2.70472	0	0	0	
93.28	0.337	0.103	-2.23629	0	0.154573	0.208251	0	2.70472	0	0	0	
93.29	0.337	0.103	-2.23421	0	0.181621	0.208251	0	2.70472	0	0	0	
93.3	0.337	0.103	-2.23212	0	0.208668	0.208251	0	2.70472	0	0	0	
93.31	0.337	0.103	-2.22958	0	0.235666	0.338777	0	2.69093	0	0	0	
93.32	0.337	0.103	-2.22619	0	0.262576	0.338777	0	2.69093	0	0	0	
93.33	0.337	0.103	-2.2228	0	0.289485	0.338777	0	2.69093	0	0	0	
93.34	0.337	0.103	-2.21942	0	0.316394	0.338777	0	2.69093	0	0	0	
93.35	0.337	0.103	-2.21557	0	0.343233	0.46843	0	2.67084	0	0	0	
93.36	0.337	0.103	-2.21089	0	0.369941	0.46843	0	2.67084	0	0	0	
93.37	0.337	0.103	-2.2062	0	0.396649	0.46843	0	2.67084	0	0	0	
93.38	0.337	0.103	-2.20152	0	0.423358	0.46843	0	2.67084	0	0	0	
93.39	0.337	0.103	-2.19638	0	0.449973	0.596907	0	2.64452	0	0	0	
93.4	0.337	0.103	-2.19041	0	0.476419	0.596907	0	2.64452	0	0	0	
93.41	0.337	0.103	-2.18444	0	0.502864	0.596907	0	2.64452	0	0	0	
93.42	0.337	0.103	-2.17847	0	0.529309	0.596907	0	2.64452	0	0	0	
93.43	0.337	0.103	-2.17206	0	0.55564	0.723908	0	2.61203	0	0	0	
93.44	0.337	0.103	-2.16482	0	0.58176	0.723908	0	2.61203	0	0	0	
93.45	0.337	0.103	-2.15758	0	0.60788	0.723908	0	2.61203	0	0	0	
93.46	0.337	0.103	-2.15034	0	0.634001	0.723908	0	2.61203	0	0	0	
93.47	0.337	0.103	-2.14266	0	0.659985	0.849138	0	2.57346	0	0	0	
93.48	0.337	0.103	-2.13417	0	0.685719	0.849138	0	2.57346	0	0	0	
93.49	0.337	0.103	-2.12568	0	0.711454	0.849138	0	2.57346	0	0	0	
93.5	0.337	0.103	-2.11718	0	0.737189	0.849138	0	2.57346	0	0	0	
93.51	0.337	0.103	-2.10826	0	0.762766	0.972308	0	2.5289	0	0	0	
93.52	0.337	0.103	-2.09854	0	0.788055	0.972308	0	2.5289	0	0	0	
93.53	0.337	0.103	-2.08881	0	0.813344	0.972308	0	2.5289	0	0	0	
93.54	0.337	0.103	-2.07909	0	0.838633	0.972308	0	2.5289	0	0	0	
93.55	0.337	0.103	-2.06894	0	0.863744	1.09313	0	2.47845	0	0	0	
93.56	0.337	0.103	-2.05801	0	0.888528	1.09313	0	2.47845	0	0	0	
93.57	0.337	0.103	-2.04708	0	0.913313	1.09313	0	2.47845	0	0	0	
93.58	0.337	0.103	-2.03615	0	0.938097	1.09313	0	2.47845	0	0	0	
93.59	0.337	0.103	-2.0248	0	0.962684	1.21133	0	2.42226	0	0	0	
93.6	0.337	0.103	-2.01268	0	0.986906	1.21133	0	2.42226	0	0	0	
93.61	0.337	0.103	-2.00057	0	1.01113	1.21133	0	2.42226	0	0	0	
93.62	0.337	0.103	-1.98846	0	1.03535	1.21133	0	2.42226	0	0	0	
93.63	0.337	0.103	-1.97594	0	1.05936	1.32662	0	2.36045	0	0	0	
93.64	0.337	0.103	-1.96267	0	1.08296	1.32662	0	2.36045	0	0	0	
93.65	0.337	0.103	-1.94941	0	1.10656	1.32662	0	2.36045	0	0	0	
93.66	0.337	0.103	-1.93614	0	1.13017	1.32662	0	2.36045	0	0	0	
93.67	0.337	0.103	-1.92248	0	1.15354	1.43875	0	2.29316	0	0	0	
93.68	0.337	0.103	-1.90809	0	1.17647	1.43875	0	2.29316	0	0	0	
93.69	0.337	0.103	-1.8937	0	1.1994	1.43875	0	2.29316	0	0	0	
93.7	0.337	0.103	-1.87931	0	1.22233	1.43875	0	2.29316	0	0	0	
93.71	0.337	0.103	-1.86454	0	1.24501	1.54746	0	2.22058	0	0	0	
93.72	0.337	0.103	-1.84907	0	1.26721	1.54746	0	2.22058	0	0	0	
93.73	0.337	0.103	-1.83359	0	1.28942	1.54746	0	2.22058	0	0	0	
93.74	0.337	0.103	-1.81812	0	1.31162	1.54746	0	2.22058	0	0	0	
93.75	0.337	0.103	-1.80227	0	1.33356	1.65249	0	2.14286	0	0	0	
93.76	0.337	0.103	-1.78575	0	1.35498	1.65249	0	2.14286	0	0	0	
93.77	0.337	0.103	-1.76922	0	1.37641	1.65249	0	2.14286	0	0	0	
93.78	0.337	0.103	-1.7527	0	1.39784	1.65249	0	2.14286	0	0	0	
93.79	0.337	0.103	-1.73582	0	1.41898	1.75361	0	2.0602	0	0	0	
93.8	0.337	0.103	-1.71828	0	1.43958	1.75361	0	2.0602	0	0	0	
93.81	0.337	0.103	-1.70075	0	1.46018	1.75361	0	2.0602	0	0	0	
93.82	0.337	0.103	-1.68321	0	1.48078	1.75361	0	2.0602	0	0	0	
93.83	0.337	0.103	-1.66533	0	1.50108	1.85058	0	1.97279	0	0	0	
93.84	0.337	0.103	-1.64683	0	1.52081	1.85058	0	1.97279	0	0	0	
93.85	0.337	0.103	-1.62832	0	1.54053	1.85058	0	1.97279	0	0	0	
93.86	0.337	0.103	-1.60981	0	1.56026	1.85058	0	1.97279	0	0	0	
93.87	0.337	0.103	-1.59098	0	1.57967	1.94319	0	1.88084	0	0	0	
93.88	0.337	0.103	-1.57155	0	1.59847	1.94319	0	1.88084	0	0	0	
93.89	0.337	0.103	-1.55212	0	1.61728	1.94319	0	1.88084	0	0	0	
93.9	0.337	0.103	-1.53269	0	1.63609	1.94319	0	1.88084	0	0	0	
93.91	0.337	0.103	-1.51294	0	1.65456	2.03122	0	1.78458	0	0	0	
93.92	0.337	0.103	-1.49263	0	1.67241	2.03122	0	1.78458	0	0	0	
93.93	0.337	0.103	-1.47232	0	1.69025	2.03122	0	1.78458	0	0	0	
93.94	0.337	0.103	-1.45201	0	1.7081	2.03122	0	1.78458	0	0	0	
93.95	0.337	0.103	-1.4314	0	1.72559	2.11446	0	1.68422	0	0	0	
93.96	0.337	0.103	-1.41026	0	1.74243	2.11446	0	1.68422	0	0	0	
93.97	0.337	0.103	-1.38911	0	1.75927	2.11446	0	1.68422	0	0	0	
93.98	0.337	0.103	-1.36797	0	1.77612	2.11446	0	1.68422	0	0	0	
93.99	0.337	0.103	-1.34655	0	1.79259	2.19274	0	1.58001	0	0	0	
94	0.337	0.103	-1.32462	0	1.80839	2.19274	0	1.58001	0	0	0	
94.01	0.337	0.103	-1.30269	0	1.82419	2.19274	0	1.58001	0	0	0	
94.02	0.337	0.103	-1.28076	0	1.83999	2.19274	0	1.58001	0	0	0	
94.03	0.337	0.103	-1.25858	0	1.85541	2.26588	0	1.47219	0	0	0	
94.04	0.337	0.103	-1.23592	0	1.87013	2.26588	0	1.47219	0	0	0	
94.05	0.337	0.103	-1.21326	0	1.88485	2.26588	0	1.47219	0	0	0	
94.06	0.337	0.103	-1.1906	0	1.89958	2.26588	0	1.47219	0	0	0	
94.07	0.337	0.103	-1.1677	0	1.9139	2.33371	0	1.36102	0	0	0	
94.08	0.337	0.103	-1.14437	0	1.92752	2.33371	0	1.36102	0	0	0	
94.09	0.337	0.103	-1.12103	0	1.94113	2.33371	0	1.36102	0	0	0	
94.1	0.337	0.103	-1.09769	0	1.95474	2.33371	0	1.36102	0	0	0	
94.11	0.337	0.103	-1.07414	0	1.96794	2.39608	0	1.24675	0	0	0	
94.12	0.337	0.103	-1.05017	0	1.98041	2.39608	0	1.24675	0	0	0	
94.13	0.337	0.103	-1.02621	0	1.99288	2.39608	0	1.24675	0	0	0	
94.14	0.337	0.103	-1.00225	0	2.00535	2.39608	0	1.24675	0	0	0	
94.15	0.337	0.103	-0.978092	0	2.0174	2.45285	0	1.12966	0	0	0	
94.16	0.337	0.103	-0.953563	0	2.0287	2.45285	0	1.12966	0	0	0	
94.17	0.337	0.103	-0.929035	0	2.03999	2.45285	0	1.12966	0	0	0	
94.18	0.337	0.103	-0.904506	0	2.05129	2.45285	0	1.12966	0	0	0	
94.19	0.337	0.103	-0.879798	0	2.06216	2.50389	0	1.01002	0	0	0	
94.2	0.337	0.103	-0.854759	0	2.07226	2.50389	0	1.01002	0	0	0	
94.21	0.337	0.103	-0.82972	0	2.08236	2.50389	0	1.01002	0	0	0	
94.22	0.337	0.103	-0.804681	0	2.09246	2.50389	0	1.01002	0	0	0	
94.23	0.337	0.103	-0.779483	0	2.10213	2.54909	0	0.888118	0	0	0	
94.24	0.337	0.103	-0.753992	0	2.11102	2.54909	0	0.888118	0	0	0	
94.25	0.337	0.103	-0.728501	0	2.1199	2.54909	0	0.888118	0	0	0	
94.26	0.337	0.103	-0.70301	0	2.12878	2.54909	0	0.888118	0	0	0	
94.27	0.337	0.103	-0.677381	0	2.13722	2.58836	0	0.764227	0	0	0	
94.28	0.337	0.103	-0.651497	0	2.14486	2.58836	0	0.764227	0	0	0	
94.29	0.337	0.103	-0.625613	0	2.15251	2.58836	0	0.764227	0	0	0	
94.3	0.337	0.103	-0.59973	0	2.16015	2.58836	0	0.764227	0	0	0	
94.31	0.337	0.103	-0.573729	0	2.16735	2.6216	0	0.638641	0	0	0	
94.32	0.337	0.103	-0.547513	0	2.17373	2.6216	0	0.638641	0	0	0	
94.33	0.337	0.103	-0.521297	0	2.18012	2.6216	0	0.638641	0	0	0	
94.34	0.337	0.103	-0.495081	0	2.18651	2.6216	0	0.638641	0	0	0	
94.35	0.337	0.103	-0.468769	0	2.19245	2.64875	0	0.511653	0	0	0	
94.36	0.337	0.103	-0.442282	0	2.19756	2.64875	0	0.511653	0	0	0	
94.37	0.337	0.103	-0.415794	0	2.20268	2.64875	0	0.511653	0	0	0	
94.38	0.337	0.103	-0.389307	0	2.2078	2.64875	0	0.511653	0	0	0	
94.39	0.337	0.103	-0.362745	0	2.21246	2.66976	0	0.383558	0	0	0	
94.4	0.337	0.103	-0.336047	0	2.2163	2.66976	0	0.383558	0	0	0	
94.41	0.337	0.103	-0.30935	0	2.22013	2.66976	0	0.383558	0	0	0	
94.42	0.337	0.103	-0.282652	0	2.22397	2.66976	0	0.383558	0	0	0	
94.43	0.337	0.103	-0.255902	0	2.22735	2.68457	0	0.254654	0	0	0	
94.44	0.337	0.103	-0.229057	0	2.22989	2.68457	0	0.254654	0	0	0	
94.45	0.337	0.103	-0.202211	0	2.23244	2.68457	0	0.254654	0	0	0	
94.46	0.337	0.103	-0.175365	0	2.23499	2.68457	0	0.254654	0	0	0	
94.47	0.337	0.103	-0.148489	0	2.23708	2.69316	0	0.125239	0	0	0	
94.48	0.337	0.103	-0.121558	0	2.23833	2.69316	0	0.125239	0	0	0	
94.49	0.337	0.103	-0.0946263	0	2.23958	2.69316	0	0.125239	0	0	0	
94.5	0.337	0.103	-0.0676948	0	2.24083	2.69316	0	0.125239	0	0	0	
94.51	0.337	0.103	-0.0407549	0	2.24163	2.69551	0	-0.00438574	0	0	0	
94.52	0.337	0.103	-0.0137998	0	2.24159	2.69551	0	-0.00438574	0	0	0	
94.53	0.337	0.103	0.0131554	0	2.24154	2.69551	0	-0.00438574	0	0	0	
94.54	0.337	0.103	0.0401105	0	2.2415	2.69551	0	-0.00438574	0	0	0	
94.55	0.337	0.103	0.067052	0	2.241	2.69164	0	-0.133921	0	0	0	
94.56	0.337	0.103	0.0939683	0	2.23966	2.69164	0	-0.133921	0	0	0	
94.57	0.337	0.103	0.120885	0	2.23832	2.69164	0	-0.133921	0	0	0	
94.58	0.337	0.103	0.147801	0	2.23698	2.69164	0	-0.133921	0	0	0	
94.59	0.337	0.103	0.174682	0	2.23518	2.68154	0	-0.263068	0	0	0	
94.6	0.337	0.103	0.201497	0	2.23255	2.68154	0	-0.263068	0	0	0	
94.61	0.337	0.103	0.228313	0	2.22992	2.68154	0	-0.263068	0	0	0	
94.62	0.337	0.103	0.255128	0	2.22729	2.68154	0	-0.263068	0	0	0	
94.63	0.337	0.103	0.281886	0	2.22421	2.66526	0	-0.391528	0	0	0	
94.64	0.337	0.103	0.308539	0	2.22029	2.66526	0	-0.391528	0	0	0	
94.65	0.337	0.103	0.335191	0	2.21638	2.66526	0	-0.391528	0	0	0	
94.66	0.337	0.103	0.361844	0	2.21246	2.66526	0	-0.391528	0	0	0	
94.67	0.337	0.103	0.388418	0	2.2081	2.64284	0	-0.519006	0	0	0	
94.68	0.337	0.103	0.414846	0	2.20291	2.64284	0	-0.519006	0	0	0	
94.69	0.337	0.103	0.441274	0	2.19772	2.64284	0	-0.519006	0	0	0	
94.7	0.337	0.103	0.467703	0	2.19253	2.64284	0	-0.519006	0	0	0	
94.71	0.337	0.103	0.494031	0	2.18689	2.61433	0	-0.645209	0	0	0	
94.72	0.337	0.103	0.520174	0	2.18044	2.61433	0	-0.645209	0	0	0	
94.73	0.337	0.103	0.546317	0	2.17399	2.61433	0	-0.645209	0	0	0	
94.74	0.337	0.103	0.57246	0	2.16754	2.61433	0	-0.645209	0	0	0	
94.75	0.337	0.103	0.598482	0	2.16064	2.57981	0	-0.769845	0	0	0	
94.76	0.337	0.103	0.62428	0	2.15295	2.57981	0	-0.769845	0	0	0	
94.77	0.337	0.103	0.650078	0	2.14525	2.57981	0	-0.769845	0	0	0	
94.78	0.337	0.103	0.675876	0	2.13755	2.57981	0	-0.769845	0	0	0	
94.79	0.337	0.103	0.701531	0	2.12942	2.53935	0	-0.892631	0	0	0	
94.8	0.337	0.103	0.726925	0	2.12049	2.53935	0	-0.892631	0	0	0	
94.81	0.337	0.103	0.752319	0	2.11156	2.53935	0	-0.892631	0	0	0	
94.82	0.337	0.103	0.777712	0	2.10264	2.53935	0	-0.892631	0	0	0	
94.83	0.337	0.103	0.802942	0	2.09329	2.49307	0	-1.01328	0	0	0	
94.84	0.337	0.103	0.827873	0	2.08315	2.49307	0	-1.01328	0	0	0	
94.85	0.337	0.103	0.852804	0	2.07302	2.49307	0	-1.01328	0	0	0	
94.86	0.337	0.103	0.877735	0	2.06289	2.49307	0	-1.01328	0	0	0	
94.87	0.337	0.103	0.902482	0	2.05234	2.44108	0	-1.13153	0	0	0	
94.88	0.337	0.103	0.926893	0	2.04102	2.44108	0	-1.13153	0	0	0	
94.89	0.337	0.103	0.951304	0	2.02971	2.44108	0	-1.13153	0	0	0	
94.9	0.337	0.103	0.975714	0	2.01839	2.44108	0	-1.13153	0	0	0	
94.91	0.337	0.103	0.999922	0	2.00667	2.38349	0	-1.24709	0	0	0	
94.92	0.337	0.103	1.02376	0	1.9942	2.38349	0	-1.24709	0	0	0	
94.93	0.337	0.103	1.04759	0	1.98173	2.38349	0	-1.24709	0	0	0	
94.94	0.337	0.103	1.07143	0	1.96926	2.38349	0	-1.24709	0	0	0	
94.95	0.337	0.103	1.09504	0	1.95639	2.32045	0	-1.35972	0	0	0	
94.96	0.337	0.103	1.11824	0	1.94279	2.32045	0	-1.35972	0	0	0	
94.97	0.337	0.103	1.14145	0	1.92919	2.32045	0	-1.35972	0	0	0	
94.98	0.337	0.103	1.16465	0	1.9156	2.32045	0	-1.35972	0	0	0	
94.99	0.337	0.103	1.18762	0	1.90161	2.25211	0	-1.46915	0	0	0	
95	0.337	0.103	1.21014	0	1.88692	2.25211	0	-1.46915	0	0	0	
95.01	0.337	0.103	1.23266	0	1.87223	2.25211	0	-1.46915	0	0	0	
95.02	0.337	0.103	1.25518	0	1.85754	2.25211	0	-1.46915	0	0	0	
95.03	0.337	0.103	1.27744	0	1.84247	2.17863	0	-1.57513	0	0	0	
95.04	0.337	0.103	1.29923	0	1.82672	2.17863	0	-1.57513	0	0	0	
95.05	0.337	0.103	1.32101	0	1.81097	2.17863	0	-1.57513	0	0	0	
95.06	0.337	0.103	1.3428	0	1.79522	2.17863	0	-1.57513	0	0	0	
95.07	0.337	0.103	1.36431	0	1.77911	2.10019	0	-1.67742	0	0	0	
95.08	0.337	0.103	1.38531	0	1.76233	2.10019	0	-1.67742	0	0	0	
95.09	0.337	0.103	1.40631	0	1.74556	2.10019	0	-1.67742	0	0	0	
95.1	0.337	0.103	1.42732	0	1.72878	2.10019	0	-1.67742	0	0	0	
95.11	0.337	0.103	1.44802	0	1.71166	2.01696	0	-1.7758	0	0	0	
95.12	0.337	0.103	1.46819	0	1.69391	2.01696	0	-1.7758	0	0	0	
95.13	0.337	0.103	1.48836	0	1.67615	2.01696	0	-1.7758	0	0	0	
95.14	0.337	0.103	1.50853	0	1.65839	2.01696	0	-1.7758	0	0	0	
95.15	0.337	0.103	1.52839	0	1.6403	1.92916	0	-1.87004	0	0	0	
95.16	0.337	0.103	1.54768	0	1.6216	1.92916	0	-1.87004	0	0	0	
95.17	0.337	0.103	1.56698	0	1.6029	1.92916	0	-1.87004	0	0	0	
95.18	0.337	0.103	1.58627	0	1.5842	1.92916	0	-1.87004	0	0	0	
95.19	0.337	0.103	1.60523	0	1.56518	1.83697	0	-1.95992	0	0	0	
95.2	0.337	0.103	1.6236	0	1.54558	1.83697	0	-1.95992	0	0	0	
95.21	0.337	0.103	1.64197	0	1.52598	1.83697	0	-1.95992	0	0	0	
95.22	0.337	0.103	1.66034	0	1.50638	1.83697	0	-1.95992	0	0	0	
95.23	0.337	0.103	1.67837	0	1.48648	1.74062	0	-2.04525	0	0	0	
95.24	0.337	0.103	1.69578	0	1.46603	1.74062	0	-2.04525	0	0	0	
95.25	0.337	0.103	1.71319	0	1.44558	1.74062	0	-2.04525	0	0	0	
95.26	0.337	0.103	1.73059	0	1.42512	1.74062	0	-2.04525	0	0	0	
95.27	0.337	0.103	1.74764	0	1.40439	1.64034	0	-2.12584	0	0	0	
95.28	0.337	0.103	1.76405	0	1.38313	1.64034	0	-2.12584	0	0	0	
95.29	0.337	0.103	1.78045	0	1.36187	1.64034	0	-2.12584	0	0	0	
95.3	0.337	0.103	1.79685	0	1.34061	1.64034	0	-2.12584	0	0	0	
95.31	0.337	0.103	1.81289	0	1.31909	1.53636	0	-2.2015	0	0	0	
95.32	0.337	0.103	1.82825	0	1.29707	1.53636	0	-2.2015	0	0	0	
95.33	0.337	0.103	1.84362	0	1.27506	1.53636	0	-2.2015	0	0	0	
95.34	0.337	0.103	1.85898	0	1.25304	1.53636	0	-2.2015	0	0	0	
95.35	0.337	0.103	1.87397	0	1.23078	1.42892	0	-2.27206	0	0	0	
95.36	0.337	0.103	1.88826	0	1.20806	1.42892	0	-2.27206	0	0	0	
95.37	0.337	0.103	1.90254	0	1.18534	1.42892	0	-2.27206	0	0	0	
95.38	0.337	0.103	1.91683	0	1.16262	1.42892	0	-2.27206	0	0	0	
95.39	0.337	0.103	1.93073	0	1.13967	1.31826	0	-2.33738	0	0	0	
95.4	0.337	0.103	1.94391	0	1.11629	1.31826	0	-2.33738	0	0	0	
95.41	0.337	0.103	1.9571	0	1.09292	1.31826	0	-2.33738	0	0	0	
95.42	0.337	0.103	1.97028	0	1.06954	1.31826	0	-2.33738	0	0	0	
95.43	0.337	0.103	1.98306	0	1.04596	1.20466	0	-2.3973	0	0	0	
95.44	0.337	0.103	1.99511	0	1.02199	1.20466	0	-2.3973	0	0	0	
95.45	0.337	0.103	2.00715	0	0.998013	1.20466	0	-2.3973	0	0	0	
95.46	0.337	0.103	2.0192	0	0.97404	1.20466	0	-2.3973	0	0	0	
95.47	0.337	0.103	2.03084	0	0.949875	1.08836	0	-2.4517	0	0	0	
95.48	0.337	0.103	2.04172	0	0.925358	1.08836	0	-2.4517	0	0	0	
95.49	0.337	0.103	2.0526	0	0.900841	1.08836	0	-2.4517	0	0	0	
95.5	0.337	0.103	2.06349	0	0.876324	1.08836	0	-2.4517	0	0	0	
95.51	0.337	0.103	2.07395	0	0.851635	0.969641	0	-2.50045	0	0	0	
95.52	0.337	0.103	2.08365	0	0.826631	0.969641	0	-2.50045	0	0	0	
95.53	0.337	0.103	2.09335	0	0.801626	0.969641	0	-2.50045	0	0	0	
95.54	0.337	0.103	2.10304	0	0.776622	0.969641	0	-2.50045	0	0	0	
95.55	0.337	0.103	2.11231	0	0.751466	0.848776	0	-2.54344	0	0	0	
95.56	0.337	0.103	2.1208	0	0.726031	0.848776	0	-2.54344	0	0	0	
95.57	0.337	0.103	2.12929	0	0.700597	0.848776	0	-2.54344	0	0	0	
95.58	0.337	0.103	2.13778	0	0.675162	0.848776	0	-2.54344	0	0	0	
95.59	0.337	0.103	2.14583	0	0.649597	0.726044	0	-2.5806	0	0	0	
95.6	0.337	0.103	2.15309	0	0.623791	0.726044	0	-2.5806	0	0	0	
95.61	0.337	0.103	2.16035	0	0.597985	0.726044	0	-2.5806	0	0	0	
95.62	0.337	0.103	2.16761	0	0.572179	0.726044	0	-2.5806	0	0	0	
95.63	0.337	0.103	2.17443	0	0.546263	0.601725	0	-2.61183	0	0	0	
95.64	0.337	0.103	2.18045	0	0.520144	0.601725	0	-2.61183	0	0	0	
95.65	0.337	0.103	2.18647	0	0.494026	0.601725	0	-2.61183	0	0	0	
95.66	0.337	0.103	2.19249	0	0.467908	0.601725	0	-2.61183	0	0	0	
95.67	0.337	0.103	2.19806	0	0.4417	0.476106	0	-2.63707	0	0	0	
95.68	0.337	0.103	2.20282	0	0.41533	0.476106	0	-2.63707	0	0	0	
95.69	0.337	0.103	2.20758	0	0.388959	0.476106	0	-2.63707	0	0	0	
95.7	0.337	0.103	2.21234	0	0.362588	0.476106	0	-2.63707	0	0	0	
95.71	0.337	0.103	2.21666	0	0.33615	0.349476	0	-2.65628	0	0	0	
95.72	0.337	0.103	2.22015	0	0.309587	0.349476	0	-2.65628	0	0	0	
95.73	0.337	0.103	2.22365	0	0.283024	0.349476	0	-2.65628	0	0	0	
95.74	0.337	0.103	2.22714	0	0.256461	0.349476	0	-2.65628	0	0	0	
95.75	0.337	0.103	2.23019	0	0.229852	0.222124	0	-2.6694	0	0	0	
95.76	0.337	0.103	2.23241	0	0.203158	0.222124	0	-2.6694	0	0	0	
95.77	0.337	0.103	2.23463	0	0.176464	0.222124	0	-2.6694	0	0	0	
95.78	0.337	0.103	2.23685	0	0.14977	0.222124	0	-2.6694	0	0	0	
95.79	0.337	0.103	2.23862	0	0.123052	0.0943415	0	-2.67643	0	0	0	
95.8	0.337	0.103	2.23956	0	0.0962873	0.0943415	0	-2.67643	0	0	0	
95.81	0.337	0.103	2.24051	0	0.069523	0.0943415	0	-2.67643	0	0	0	
95.82	0.337	0.103	2.24145	0	0.0427588	0.0943415	0	-2.67643	0	0	0	
95.83	0.337	0.103	2.24194	0	0.0159913	-0.0335788	0	-2.67734	0	0	0	
95.84	0.337	0.103	2.24161	0	-0.0107821	-0.0335788	0	-2.67734	0	0	0	
95.85	0.337	0.103	2.24127	0	-0.0375554	-0.0335788	0	-2.67734	0	0	0	
95.86	0.337	0.103	2.24094	0	-0.0643288	-0.0335788	0	-2.67734	0	0	0	
95.87	0.337	0.103	2.24015	0	-0.0910839	-0.161345	0	-2.67214	0	0	0	
95.88	0.337	0.103	2.23854	0	-0.117805	-0.161345	0	-2.67214	0	0	0	
95.89	0.337	0.103	2.23692	0	-0.144527	-0.161345	0	-2.67214	0	0	0	
95.9	0.337	0.103	2.23531	0	-0.171248	-0.161345	0	-2.67214	0	0	0	
95.91	0.337	0.103	2.23325	0	-0.19793	-0.288667	0	-2.66086	0	0	0	
95.92	0.337	0.103	2.23036	0	-0.224538	-0.288667	0	-2.66086	0	0	0	
95.93	0.337	0.103	2.22747	0	-0.251147	-0.288667	0	-2.66086	0	0	0	
95.94	0.337	0.103	2.22459	0	-0.277756	-0.288667	0	-2.66086	0	0	0	
95.95	0.337	0.103	2.22125	0	-0.304303	-0.415254	0	-2.64352	0	0	0	
95.96	0.337	0.103	2.2171	0	-0.330738	-0.415254	0	-2.64352	0	0	0	
95.97	0.337	0.103	2.21295	0	-0.357173	-0.415254	0	-2.64352	0	0	0	
95.98	0.337	0.103	2.2088	0	-0.383608	-0.415254	0	-2.64352	0	0	0	
95.99	0.337	0.103	2.2042	0	-0.409961	-0.540818	0	-2.62016	0	0	0	
96	0.337	0.103	2.19879	0	-0.436163	-0.540818	0	-2.62016	0	0	0	
96.01	0.337	0.103	2.19338	0	-0.462364	-0.540818	0	-2.62016	0	0	0	
96.02	0.337	0.103	2.18798	0	-0.488566	-0.540818	0	-2.62016	0	0	0	
96.03	0.337	0.103	2.18213	0	-0.514664	-0.665075	0	-2.59086	0	0	0	
96.04	0.337	0.103	2.17548	0	-0.540573	-0.665075	0	-2.59086	0	0	0	
96.05	0.337	0.103	2.16883	0	-0.566481	-0.665075	0	-2.59086	0	0	0	
96.06	0.337	0.103	2.16218	0	-0.59239	-0.665075	0	-2.59086	0	0	0	
96.07	0.337	0.103	2.15509	0	-0.618174	-0.787744	0	-2.55567	0	0	0	
96.08	0.337	0.103	2.14722	0	-0.643731	-0.787744	0	-2.55567	0	0	0	
96.09	0.337	0.103	2.13934	0	-0.669288	-0.787744	0	-2.55567	0	0	0	
96.1	0.337	0.103	2.13146	0	-0.694844	-0.787744	0	-2.55567	0	0	0	
96.11	0.337	0.103	2.12316	0	-0.720257	-0.908546	0	-2.51469	0	0	0	
96.12	0.337	0.103	2.11407	0	-0.745403	-0.908546	0	-2.51469	0	0	0	
96.13	0.337	0.103	2.10499	0	-0.77055	-0.908546	0	-2.51469	0	0	0	
96.14	0.337	0.103	2.0959	0	-0.795697	-0.908546	0	-2.51469	0	0	0	
96.15	0.337	0.103	2.0864	0	-0.820679	-1.02721	0	-2.46801	0	0	0	
96.16	0.337	0.103	2.07612	0	-0.84536	-1.02721	0	-2.46801	0	0	0	
96.17	0.337	0.103	2.06585	0	-0.87004	-1.02721	0	-2.46801	0	0	0	
96.18	0.337	0.103	2.05558	0	-0.89472	-1.02721	0	-2.46801	0	0	0	
96.19	0.337	0.103	2.0449	0	-0.919216	-1.14346	0	-2.41575	0	0	0	
96.2	0.337	0.103	2.03346	0	-0.943373	-1.14346	0	-2.41575	0	0	0	
96.21	0.337	0.103	2.02203	0	-0.967531	-1.14346	0	-2.41575	0	0	0	
96.22	0.337	0.103	2.01059	0	-0.991688	-1.14346	0	-2.41575	0	0	0	
96.23	0.337	0.103	1.99876	0	-1.01564	-1.25705	0	-2.35804	0	0	0	
96.24	0.337	0.103	1.98619	0	-1.03922	-1.25705	0	-2.35804	0	0	0	
96.25	0.337	0.103	1.97362	0	-1.0628	-1.25705	0	-2.35804	0	0	0	
96.26	0.337	0.103	1.96105	0	-1.08638	-1.25705	0	-2.35804	0	0	0	
96.27	0.337	0.103	1.94809	0	-1.10974	-1.36772	0	-2.295	0	0	0	
96.28	0.337	0.103	1.93441	0	-1.13269	-1.36772	0	-2.295	0	0	0	
96.29	0.337	0.103	1.92073	0	-1.15564	-1.36772	0	-2.295	0	0	0	
96.3	0.337	0.103	1.90705	0	-1.17859	-1.36772	0	-2.295	0	0	0	
96.31	0.337	0.103	1.893	0	-1.2013	-1.47521	0	-2.22678	0	0	0	
96.32	0.337	0.103	1.87825	0	-1.22357	-1.47521	0	-2.22678	0	0	0	
96.33	0.337	0.103	1.86349	0	-1.24584	-1.47521	0	-2.22678	0	0	0	
96.34	0.337	0.103	1.84874	0	-1.2681	-1.47521	0	-2.22678	0	0	0	
96.35	0.337	0.103	1.83362	0	-1.29011	-1.57928	0	-2.15355	0	0	0	
96.36	0.337	0.103	1.81783	0	-1.31165	-1.57928	0	-2.15355	0	0	0	
96.37	0.337	0.103	1.80204	0	-1.33318	-1.57928	0	-2.15355	0	0	0	
96.38	0.337	0.103	1.78624	0	-1.35472	-1.57928	0	-2.15355	0	0	0	
96.39	0.337	0.103	1.7701	0	-1.37598	-1.67972	0	-2.07548	0	0	0	
96.4	0.337	0.103	1.7533	0	-1.39673	-1.67972	0	-2.07548	0	0	0	
96.41	0.337	0.103	1.7365	0	-1.41749	-1.67972	0	-2.07548	0	0	0	
96.42	0.337	0.103	1.71971	0	-1.43824	-1.67972	0	-2.07548	0	0	0	
96.43	0.337	0.103	1.70257	0	-1.45871	-1.77628	0	-1.99275	0	0	0	
96.44	0.337	0.103	1.6848	0	-1.47864	-1.77628	0	-1.99275	0	0	0	
96.45	0.337	0.103	1.66704	0	-1.49856	-1.77628	0	-1.99275	0	0	0	
96.46	0.337	0.103	1.64928	0	-1.51849	-1.77628	0	-1.99275	0	0	0	
96.47	0.337	0.103	1.63119	0	-1.53811	-1.86875	0	-1.90555	0	0	0	
96.48	0.337	0.103	1.6125	0	-1.55717	-1.86875	0	-1.90555	0	0	0	
96.49	0.337	0.103	1.59382	0	-1.57622	-1.86875	0	-1.90555	0	0	0	
96.5	0.337	0.103	1.57513	0	-1.59528	-1.86875	0	-1.90555	0	0	0	
96.51	0.337	0.103	1.55613	0	-1.61401	-1.95694	0	-1.81409	0	0	0	
96.52	0.337	0.103	1.53656	0	-1.63215	-1.95694	0	-1.81409	0	0	0	
96.53	0.337	0.103	1.51699	0	-1.65029	-1.95694	0	-1.81409	0	0	0	
96.54	0.337	0.103	1.49742	0	-1.66843	-1.95694	0	-1.81409	0	0	0	
96.55	0.337	0.103	1.47756	0	-1.68624	-2.04064	0	-1.71857	0	0	0	
96.56	0.337	0.103	1.45715	0	-1.70342	-2.04064	0	-1.71857	0	0	0	
96.57	0.337	0.103	1.43674	0	-1.72061	-2.04064	0	-1.71857	0	0	0	
96.58	0.337	0.103	1.41634	0	-1.73779	-2.04064	0	-1.71857	0	0	0	
96.59	0.337	0.103	1.39565	0	-1.75463	-2.11967	0	-1.61921	0	0	0	
96.6	0.337	0.103	1.37446	0	-1.77082	-2.11967	0	-1.61921	0	0	0	
96.61	0.337	0.103	1.35326	0	-1.78701	-2.11967	0	-1.61921	0	0	0	
96.62	0.337	0.103	1.33206	0	-1.8032	-2.11967	0	-1.61921	0	0	0	
96.63	0.337	0.103	1.3106	0	-1.81903	-2.19385	0	-1.51625	0	0	0	
96.64	0.337	0.103	1.28866	0	-1.8342	-2.19385	0	-1.51625	0	0	0	
96.65	0.337	0.103	1.26673	0	-1.84936	-2.19385	0	-1.51625	0	0	0	
96.66	0.337	0.103	1.24479	0	-1.86452	-2.19385	0	-1.51625	0	0	0	
96.67	0.337	0.103	1.22261	0	-1.87931	-2.26302	0	-1.40992	0	0	0	
96.68	0.337	0.103	1.19998	0	-1.89341	-2.26302	0	-1.40992	0	0	0	
96.69	0.337	0.103	1.17735	0	-1.90751	-2.26302	0	-1.40992	0	0	0	
96.7	0.337	0.103	1.15471	0	-1.92161	-2.26302	0	-1.40992	0	0	0	
96.71	0.337	0.103	1.13186	0	-1.93532	-2.32704	0	-1.30047	0	0	0	
96.72	0.337	0.103	1.10859	0	-1.94832	-2.32704	0	-1.30047	0	0	0	
96.73	0.337	0.103	1.08532	0	-1.96133	-2.32704	0	-1.30047	0	0	0	
96.74	0.337	0.103	1.06205	0	-1.97433	-2.32704	0	-1.30047	0	0	0	
96.75	0.337	0.103	1.03857	0	-1.98694	-2.38575	0	-1.18814	0	0	0	
96.76	0.337	0.103	1.01471	0	-1.99882	-2.38575	0	-1.18814	0	0	0	
96.77	0.337	0.103	0.990855	0	-2.0107	-2.38575	0	-1.18814	0	0	0	
96.78	0.337	0.103	0.966998	0	-2.02259	-2.38575	0	-1.18814	0	0	0	
96.79	0.337	0.103	0.942952	0	-2.03406	-2.43904	0	-1.07319	0	0	0	
96.8	0.337	0.103	0.918562	0	-2.04479	-2.43904	0	-1.07319	0	0	0	
96.81	0.337	0.103	0.894171	0	-2.05553	-2.43904	0	-1.07319	0	0	0	
96.82	0.337	0.103	0.869781	0	-2.06626	-2.43904	0	-1.07319	0	0	0	
96.83	0.337	0.103	0.845222	0	-2.07658	-2.48679	0	-0.955885	0	0	0	
96.84	0.337	0.103	0.820354	0	-2.08613	-2.48679	0	-0.955885	0	0	0	
96.85	0.337	0.103	0.795486	0	-2.09569	-2.48679	0	-0.955885	0	0	0	
96.86	0.337	0.103	0.770618	0	-2.10525	-2.48679	0	-0.955885	0	0	0	
96.87	0.337	0.103	0.745602	0	-2.11439	-2.52889	0	-0.836493	0	0	0	
96.88	0.337	0.103	0.720313	0	-2.12275	-2.52889	0	-0.836493	0	0	0	
96.89	0.337	0.103	0.695024	0	-2.13112	-2.52889	0	-0.836493	0	0	0	
96.9	0.337	0.103	0.669735	0	-2.13948	-2.52889	0	-0.836493	0	0	0	
96.91	0.337	0.103	0.644318	0	-2.14742	-2.56525	0	-0.715283	0	0	0	
96.92	0.337	0.103	0.618666	0	-2.15457	-2.56525	0	-0.715283	0	0	0	
96.93	0.337	0.103	0.593013	0	-2.16173	-2.56525	0	-0.715283	0	0	0	
96.94	0.337	0.103	0.567361	0	-2.16888	-2.56525	0	-0.715283	0	0	0	
96.95	0.337	0.103	0.5416	0	-2.1756	-2.59581	0	-0.592533	0	0	0	
96.96	0.337	0.103	0.515642	0	-2.18152	-2.59581	0	-0.592533	0	0	0	
96.97	0.337	0.103	0.489684	0	-2.18745	-2.59581	0	-0.592533	0	0	0	
96.98	0.337	0.103	0.463726	0	-2.19338	-2.59581	0	-0.592533	0	0	0	
96.99	0.337	0.103	0.437681	0	-2.19886	-2.6205	0	-0.468519	0	0	0	
97	0.337	0.103	0.411476	0	-2.20355	-2.6205	0	-0.468519	0	0	0	
97.01	0.337	0.103	0.385271	0	-2.20823	-2.6205	0	-0.468519	0	0	0	
97.02	0.337	0.103	0.359066	0	-2.21292	-2.6205	0	-0.468519	0	0	0	
97.03	0.337	0.103	0.332794	0	-2.21716	-2.63926	0	-0.343522	0	0	0	
97.04	0.337	0.103	0.306402	0	-2.2206	-2.63926	0	-0.343522	0	0	0	
97.05	0.337	0.103	0.280009	0	-2.22403	-2.63926	0	-0.343522	0	0	0	
97.06	0.337	0.103	0.253617	0	-2.22747	-2.63926	0	-0.343522	0	0	0	
97.07	0.337	0.103	0.227179	0	-2.23046	-2.65206	0	-0.217826	0	0	0	
97.08	0.337	0.103	0.200658	0	-2.23264	-2.65206	0	-0.217826	0	0	0	
97.09	0.337	0.103	0.174138	0	-2.23482	-2.65206	0	-0.217826	0	0	0	
97.1	0.337	0.103	0.147617	0	-2.237	-2.65206	0	-0.217826	0	0	0	
97.11	0.337	0.103	0.121072	0	-2.23873	-2.65888	0	-0.0917144	0	0	0	
97.12	0.337	0.103	0.0944836	0	-2.23965	-2.65888	0	-0.0917144	0	0	0	
97.13	0.337	0.103	0.0678948	0	-2.24056	-2.65888	0	-0.0917144	0	0	0	
97.14	0.337	0.103	0.0413059	0	-2.24148	-2.65888	0	-0.0917144	0	0	0	
97.15	0.337	0.103	0.0147142	0	-2.24195	-2.65971	0	0.0345287	0	0	0	
97.16	0.337	0.103	-0.0118829	0	-2.24161	-2.65971	0	0.0345287	0	0	0	
97.17	0.337	0.103	-0.03848	0	-2.24126	-2.65971	0	0.0345287	0	0	0	
97.18	0.337	0.103	-0.0650771	0	-2.24092	-2.65971	0	0.0345287	0	0	0	
97.19	0.337	0.103	-0.091656	0	-2.24013	-2.65455	0	0.160619	0	0	0	
97.2	0.337	0.103	-0.118202	0	-2.23852	-2.65455	0	0.160619	0	0	0	
97.21	0.337	0.103	-0.144747	0	-2.23691	-2.65455	0	0.160619	0	0	0	
97.22	0.337	0.103	-0.171293	0	-2.23531	-2.65455	0	0.160619	0	0	0	
97.23	0.337	0.103	-0.197799	0	-2.23326	-2.64342	0	0.286273	0	0	0	
97.24	0.337	0.103	-0.224233	0	-2.23039	-2.64342	0	0.286273	0	0	0	
97.25	0.337	0.103	-0.250667	0	-2.22753	-2.64342	0	0.286273	0	0	0	
97.26	0.337	0.103	-0.277102	0	-2.22467	-2.64342	0	0.286273	0	0	0	
97.27	0.337	0.103	-0.303476	0	-2.22137	-2.62635	0	0.411208	0	0	0	
97.28	0.337	0.103	-0.329739	0	-2.21725	-2.62635	0	0.411208	0	0	0	
97.29	0.337	0.103	-0.356003	0	-2.21314	-2.62635	0	0.411208	0	0	0	
97.3	0.337	0.103	-0.382266	0	-2.20903	-2.62635	0	0.411208	0	0	0	
97.31	0.337	0.103	-0.408449	0	-2.20448	-2.60339	0	0.535144	0	0	0	
97.32	0.337	0.103	-0.434483	0	-2.19913	-2.60339	0	0.535144	0	0	0	
97.33	0.337	0.103	-0.460517	0	-2.19378	-2.60339	0	0.535144	0	0	0	
97.34	0.337	0.103	-0.48655	0	-2.18843	-2.60339	0	0.535144	0	0	0	
97.35	0.337	0.103	-0.512483	0	-2.18264	-2.57459	0	0.657804	0	0	0	
97.36	0.337	0.103	-0.538229	0	-2.17606	-2.57459	0	0.657804	0	0	0	
97.37	0.337	0.103	-0.563975	0	-2.16949	-2.57459	0	0.657804	0	0	0	
97.38	0.337	0.103	-0.58972	0	-2.16291	-2.57459	0	0.657804	0	0	0	
97.39	0.337	0.103	-0.615344	0	-2.1559	-2.54002	0	0.778913	0	0	0	
97.4	0.337	0.103	-0.640745	0	-2.14811	-2.54002	0	0.778913	0	0	0	
97.41	0.337	0.103	-0.666145	0	-2.14032	-2.54002	0	0.778913	0	0	0	
97.42	0.337	0.103	-0.691545	0	-2.13254	-2.54002	0	0.778913	0	0	0	
97.43	0.337	0.103	-0.716803	0	-2.12433	-2.49977	0	0.8982	0	0	0	
97.44	0.337	0.103	-0.741801	0	-2.11534	-2.49977	0	0.8982	0	0	0	
97.45	0.337	0.103	-0.766799	0	-2.10636	-2.49977	0	0.8982	0	0	0	
97.46	0.337	0.103	-0.791797	0	-2.09738	-2.49977	0	0.8982	0	0	0	
97.47	0.337	0.103	-0.816633	0	-2.08798	-2.45393	0	1.0154	0	0	0	
97.48	0.337	0.103	-0.841172	0	-2.07783	-2.45393	0	1.0154	0	0	0	
97.49	0.337	0.103	-0.865711	0	-2.06768	-2.45393	0	1.0154	0	0	0	
97.5	0.337	0.103	-0.890251	0	-2.05752	-2.45393	0	1.0154	0	0	0	
97.51	0.337	0.103	-0.914609	0	-2.04696	-2.40262	0	1.13025	0	0	0	
97.52	0.337	0.103	-0.938635	0	-2.03566	-2.40262	0	1.13025	0	0	0	
97.53	0.337	0.103	-0.962661	0	-2.02436	-2.40262	0	1.13025	0	0	0	
97.54	0.337	0.103	-0.986687	0	-2.01305	-2.40262	0	1.13025	0	0	0	
97.55	0.337	0.103	-1.01051	0	-2.00136	-2.34594	0	1.2425	0	0	0	
97.56	0.337	0.103	-1.03397	0	-1.98893	-2.34594	0	1.2425	0	0	0	
97.57	0.337	0.103	-1.05743	0	-1.97651	-2.34594	0	1.2425	0	0	0	
97.58	0.337	0.103	-1.08089	0	-1.96408	-2.34594	0	1.2425	0	0	0	
97.59	0.337	0.103	-1.10413	0	-1.95127	-2.28404	0	1.3519	0	0	0	
97.6	0.337	0.103	-1.12697	0	-1.93775	-2.28404	0	1.3519	0	0	0	
97.61	0.337	0.103	-1.14981	0	-1.92423	-2.28404	0	1.3519	0	0	0	
97.62	0.337	0.103	-1.17265	0	-1.91071	-2.28404	0	1.3519	0	0	0	
97.63	0.337	0.103	-1.19526	0	-1.89682	-2.21705	0	1.4582	0	0	0	
97.64	0.337	0.103	-1.21743	0	-1.88224	-2.21705	0	1.4582	0	0	0	
97.65	0.337	0.103	-1.2396	0	-1.86765	-2.21705	0	1.4582	0	0	0	
97.66	0.337	0.103	-1.26177	0	-1.85307	-2.21705	0	1.4582	0	0	0	
97.67	0.337	0.103	-1.28369	0	-1.83813	-2.14514	0	1.56117	0	0	0	
97.68	0.337	0.103	-1.30514	0	-1.82252	-2.14514	0	1.56117	0	0	0	
97.69	0.337	0.103	-1.32659	0	-1.8069	-2.14514	0	1.56117	0	0	0	
97.7	0.337	0.103	-1.34804	0	-1.79129	-2.14514	0	1.56117	0	0	0	
97.71	0.337	0.103	-1.36922	0	-1.77533	-2.06847	0	1.66059	0	0	0	
97.72	0.337	0.103	-1.38991	0	-1.75872	-2.06847	0	1.66059	0	0	0	
97.73	0.337	0.103	-1.41059	0	-1.74212	-2.06847	0	1.66059	0	0	0	
97.74	0.337	0.103	-1.43128	0	-1.72551	-2.06847	0	1.66059	0	0	0	
97.75	0.337	0.103	-1.45167	0	-1.70857	-1.98721	0	1.75623	0	0	0	
97.76	0.337	0.103	-1.47155	0	-1.69101	-1.98721	0	1.75623	0	0	0	
97.77	0.337	0.103	-1.49142	0	-1.67344	-1.98721	0	1.75623	0	0	0	
97.78	0.337	0.103	-1.51129	0	-1.65588	-1.98721	0	1.75623	0	0	0	
97.79	0.337	0.103	-1.53086	0	-1.638	-1.90155	0	1.84788	0	0	0	
97.8	0.337	0.103	-1.54988	0	-1.61952	-1.90155	0	1.84788	0	0	0	
97.81	0.337	0.103	-1.56889	0	-1.60104	-1.90155	0	1.84788	0	0	0	
97.82	0.337	0.103	-1.58791	0	-1.58256	-1.90155	0	1.84788	0	0	0	
97.83	0.337	0.103	-1.6066	0	-1.56377	-1.81169	0	1.93534	0	0	0	
97.84	0.337	0.103	-1.62472	0	-1.54442	-1.81169	0	1.93534	0	0	0	
97.85	0.337	0.103	-1.64284	0	-1.52507	-1.81169	0	1.93534	0	0	0	
97.86	0.337	0.103	-1.66096	0	-1.50571	-1.81169	0	1.93534	0	0	0	
97.87	0.337	0.103	-1.67874	0	-1.48607	-1.71783	0	2.01843	0	0	0	
97.88	0.337	0.103	-1.69592	0	-1.46588	-1.71783	0	2.01843	0	0	0	
97.89	0.337	0.103	-1.7131	0	-1.4457	-1.71783	0	2.01843	0	0	0	
97.9	0.337	0.103	-1.73028	0	-1.42551	-1.71783	0	2.01843	0	0	0	
97.91	0.337	0.103	-1.74711	0	-1.40505	-1.62019	0	2.09695	0	0	0	
97.92	0.337	0.103	-1.76331	0	-1.38408	-1.62019	0	2.09695	0	0	0	
97.93	0.337	0.103	-1.77951	0	-1.36311	-1.62019	0	2.09695	0	0	0	
97.94	0.337	0.103	-1.79572	0	-1.34214	-1.62019	0	2.09695	0	0	0	
97.95	0.337	0.103	-1.81156	0	-1.32091	-1.51899	0	2.17075	0	0	0	
97.96	0.337	0.103	-1.82675	0	-1.29921	-1.51899	0	2.17075	0	0	0	
97.97	0.337	0.103	-1.84194	0	-1.2775	-1.51899	0	2.17075	0	0	0	
97.98	0.337	0.103	-1.85713	0	-1.25579	-1.51899	0	2.17075	0	0	0	
97.99	0.337	0.103	-1.87195	0	-1.23384	-1.41445	0	2.23965	0	0	0	
98	0.337	0.103	-1.8861	0	-1.21144	-1.41445	0	2.23965	0	0	0	
98.01	0.337	0.103	-1.90024	0	-1.18905	-1.41445	0	2.23965	0	0	0	
98.02	0.337	0.103	-1.91438	0	-1.16665	-1.41445	0	2.23965	0	0	0	
98.03	0.337	0.103	-1.92815	0	-1.14403	-1.30682	0	2.30351	0	0	0	
98.04	0.337	0.103	-1.94122	0	-1.12099	-1.30682	0	2.30351	0	0	0	
98.05	0.337	0.103	-1.95429	0	-1.09796	-1.30682	0	2.30351	0	0	0	
98.06	0.337	0.103	-1.96735	0	-1.07492	-1.30682	0	2.30351	0	0	0	
98.07	0.337	0.103	-1.98003	0	-1.05168	-1.19634	0	2.36219	0	0	0	
98.08	0.337	0.103	-1.992	0	-1.02806	-1.19634	0	2.36219	0	0	0	
98.09	0.337	0.103	-2.00396	0	-1.00444	-1.19634	0	2.36219	0	0	0	
98.1	0.337	0.103	-2.01592	0	-0.980816	-1.19634	0	2.36219	0	0	0	
98.11	0.337	0.103	-2.02749	0	-0.957006	-1.08325	0	2.41557	0	0	0	
98.12	0.337	0.103	-2.03832	0	-0.93285	-1.08325	0	2.41557	0	0	0	
98.13	0.337	0.103	-2.04915	0	-0.908694	-1.08325	0	2.41557	0	0	0	
98.14	0.337	0.103	-2.05998	0	-0.884538	-1.08325	0	2.41557	0	0	0	
98.15	0.337	0.103	-2.07041	0	-0.860213	-0.967811	0	2.46353	0	0	0	
98.16	0.337	0.103	-2.08009	0	-0.835578	-0.967811	0	2.46353	0	0	0	
98.17	0.337	0.103	-2.08977	0	-0.810943	-0.967811	0	2.46353	0	0	0	
98.18	0.337	0.103	-2.09944	0	-0.786307	-0.967811	0	2.46353	0	0	0	
98.19	0.337	0.103	-2.10871	0	-0.761522	-0.850285	0	2.50598	0	0	0	
98.2	0.337	0.103	-2.11721	0	-0.736463	-0.850285	0	2.50598	0	0	0	
98.21	0.337	0.103	-2.12571	0	-0.711403	-0.850285	0	2.50598	0	0	0	
98.22	0.337	0.103	-2.13422	0	-0.686343	-0.850285	0	2.50598	0	0	0	
98.23	0.337	0.103	-2.1423	0	-0.661153	-0.730934	0	2.54281	0	0	0	
98.24	0.337	0.103	-2.14961	0	-0.635725	-0.730934	0	2.54281	0	0	0	
98.25	0.337	0.103	-2.15692	0	-0.610297	-0.730934	0	2.54281	0	0	0	
98.26	0.337	0.103	-2.16423	0	-0.584869	-0.730934	0	2.54281	0	0	0	
98.27	0.337	0.103	-2.17111	0	-0.559331	-0.610025	0	2.57396	0	0	0	
98.28	0.337	0.103	-2.17721	0	-0.533591	-0.610025	0	2.57396	0	0	0	
98.29	0.337	0.103	-2.18331	0	-0.507852	-0.610025	0	2.57396	0	0	0	
98.3	0.337	0.103	-2.18941	0	-0.482112	-0.610025	0	2.57396	0	0	0	
98.31	0.337	0.103	-2.19508	0	-0.456283	-0.48783	0	2.59936	0	0	0	
98.32	0.337	0.103	-2.19996	0	-0.430289	-0.48783	0	2.59936	0	0	0	
98.33	0.337	0.103	-2.20484	0	-0.404296	-0.48783	0	2.59936	0	0	0	
98.34	0.337	0.103	-2.20971	0	-0.378302	-0.48783	0	2.59936	0	0	0	
98.35	0.337	0.103	-2.21416	0	-0.352239	-0.364621	0	2.61896	0	0	0	
98.36	0.337	0.103	-2.2178	0	-0.32605	-0.364621	0	2.61896	0	0	0	
98.37	0.337	0.103	-2.22145	0	-0.29986	-0.364621	0	2.61896	0	0	0	
98.38	0.337	0.103	-2.2251	0	-0.273671	-0.364621	0	2.61896	0	0	0	
98.39	0.337	0.103	-2.2283	0	-0.247432	-0.240673	0	2.63272	0	0	0	
98.4	0.337	0.103	-2.23071	0	-0.221105	-0.240673	0	2.63272	0	0	0	
98.41	0.337	0.103	-2.23312	0	-0.194778	-0.240673	0	2.63272	0	0	0	
98.42	0.337	0.103	-2.23552	0	-0.168451	-0.240673	0	2.63272	0	0	0	
98.43	0.337	0.103	-2.23749	0	-0.142096	-0.116263	0	2.64062	0	0	0	
98.44	0.337	0.103	-2.23866	0	-0.115689	-0.116263	0	2.64062	0	0	0	
98.45	0.337	0.103	-2.23982	0	-0.0892831	-0.116263	0	2.64062	0	0	0	
98.46	0.337	0.103	-2.24098	0	-0.0628769	-0.116263	0	2.64062	0	0	0	
98.47	0.337	0.103	-2.2417	0	-0.0364635	0.00833217	0	2.64265	0	0	0	
98.48	0.337	0.103	-2.24162	0	-0.010037	0.00833217	0	2.64265	0	0	0	
98.49	0.337	0.103	-2.24154	0	0.0163896	0.00833217	0	2.64265	0	0	0	
98.5	0.337	0.103	-2.24145	0	0.0428161	0.00833217	0	2.64265	0	0	0	
98.51	0.337	0.103	-2.24093	0	0.069229	0.132836	0	2.63881	0	0	0	
98.52	0.337	0.103	-2.2396	0	0.0956171	0.132836	0	2.63881	0	0	0	
98.53	0.337	0.103	-2.23827	0	0.122005	0.132836	0	2.63881	0	0	0	
98.54	0.337	0.103	-2.23695	0	0.148393	0.132836	0	2.63881	0	0	0	
98.55	0.337	0.103	-2.23518	0	0.174747	0.256971	0	2.6291	0	0	0	
98.56	0.337	0.103	-2.23261	0	0.201038	0.256971	0	2.6291	0	0	0	
98.57	0.337	0.103	-2.23004	0	0.227329	0.256971	0	2.6291	0	0	0	
98.58	0.337	0.103	-2.22747	0	0.25362	0.256971	0	2.6291	0	0	0	
98.59	0.337	0.103	-2.22446	0	0.279856	0.380462	0	2.61356	0	0	0	
98.6	0.337	0.103	-2.22066	0	0.305992	0.380462	0	2.61356	0	0	0	
98.61	0.337	0.103	-2.21686	0	0.332127	0.380462	0	2.61356	0	0	0	
98.62	0.337	0.103	-2.21305	0	0.358263	0.380462	0	2.61356	0	0	0	
98.63	0.337	0.103	-2.20881	0	0.384323	0.503037	0	2.59224	0	0	0	
98.64	0.337	0.103	-2.20378	0	0.410246	0.503037	0	2.59224	0	0	0	
98.65	0.337	0.103	-2.19875	0	0.436168	0.503037	0	2.59224	0	0	0	
98.66	0.337	0.103	-2.19372	0	0.462091	0.503037	0	2.59224	0	0	0	
98.67	0.337	0.103	-2.18826	0	0.487917	0.624424	0	2.56517	0	0	0	
98.68	0.337	0.103	-2.18202	0	0.513569	0.624424	0	2.56517	0	0	0	
98.69	0.337	0.103	-2.17578	0	0.539221	0.624424	0	2.56517	0	0	0	
98.7	0.337	0.103	-2.16953	0	0.564873	0.624424	0	2.56517	0	0	0	
98.71	0.337	0.103	-2.16286	0	0.590409	0.744355	0	2.53243	0	0	0	
98.72	0.337	0.103	-2.15542	0	0.615733	0.744355	0	2.53243	0	0	0	
98.73	0.337	0.103	-2.14798	0	0.641057	0.744355	0	2.53243	0	0	0	
98.74	0.337	0.103	-2.14053	0	0.666382	0.744355	0	2.53243	0	0	0	
98.75	0.337	0.103	-2.13267	0	0.691571	0.862566	0	2.4941	0	0	0	
98.76	0.337	0.103	-2.12405	0	0.716512	0.862566	0	2.4941	0	0	0	
98.77	0.337	0.103	-2.11542	0	0.741453	0.862566	0	2.4941	0	0	0	
98.78	0.337	0.103	-2.1068	0	0.766394	0.862566	0	2.4941	0	0	0	
98.79	0.337	0.103	-2.09776	0	0.79118	0.978796	0	2.45026	0	0	0	
98.8	0.337	0.103	-2.08797	0	0.815683	0.978796	0	2.45026	0	0	0	
98.81	0.337	0.103	-2.07818	0	0.840185	0.978796	0	2.45026	0	0	0	
98.82	0.337	0.103	-2.0684	0	0.864688	0.978796	0	2.45026	0	0	0	
98.83	0.337	0.103	-2.05821	0	0.889017	1.09279	0	2.40103	0	0	0	
98.84	0.337	0.103	-2.04728	0	0.913027	1.09279	0	2.40103	0	0	0	
98.85	0.337	0.103	-2.03635	0	0.937037	1.09279	0	2.40103	0	0	0	
98.86	0.337	0.103	-2.02542	0	0.961048	1.09279	0	2.40103	0	0	0	
98.87	0.337	0.103	-2.0141	0	0.984866	1.2043	0	2.3465	0	0	0	
98.88	0.337	0.103	-2.00206	0	1.00833	1.2043	0	2.3465	0	0	0	
98.89	0.337	0.103	-1.99002	0	1.0318	1.2043	0	2.3465	0	0	0	
98.9	0.337	0.103	-1.97797	0	1.05526	1.2043	0	2.3465	0	0	0	
98.91	0.337	0.103	-1.96555	0	1.07852	1.31307	0	2.28681	0	0	0	
98.92	0.337	0.103	-1.95241	0	1.10138	1.31307	0	2.28681	0	0	0	
98.93	0.337	0.103	-1.93928	0	1.12425	1.31307	0	2.28681	0	0	0	
98.94	0.337	0.103	-1.92615	0	1.14712	1.31307	0	2.28681	0	0	0	
98.95	0.337	0.103	-1.91265	0	1.16976	1.41888	0	2.2221	0	0	0	
98.96	0.337	0.103	-1.89846	0	1.19198	1.41888	0	2.2221	0	0	0	
98.97	0.337	0.103	-1.88427	0	1.2142	1.41888	0	2.2221	0	0	0	
98.98	0.337	0.103	-1.87008	0	1.23642	1.41888	0	2.2221	0	0	0	
98.99	0.337	0.103	-1.85553	0	1.2584	1.52149	0	2.15251	0	0	0	
99	0.337	0.103	-1.84032	0	1.27992	1.52149	0	2.15251	0	0	0	
99.01	0.337	0.103	-1.8251	0	1.30145	1.52149	0	2.15251	0	0	0	
99.02	0.337	0.103	-1.80989	0	1.32297	1.52149	0	2.15251	0	0	0	
99.03	0.337	0.103	-1.79432	0	1.34424	1.62067	0	2.07821	0	0	0	
99.04	0.337	0.103	-1.77812	0	1.36502	1.62067	0	2.07821	0	0	0	
99.05	0.337	0.103	-1.76191	0	1.3858	1.62067	0	2.07821	0	0	0	
99.06	0.337	0.103	-1.7457	0	1.40658	1.62067	0	2.07821	0	0	0	
99.07	0.337	0.103	-1.72916	0	1.42709	1.71622	0	1.99935	0	0	0	
99.08	0.337	0.103	-1.712	0	1.44708	1.71622	0	1.99935	0	0	0	
99.09	0.337	0.103	-1.69483	0	1.46707	1.71622	0	1.99935	0	0	0	
99.1	0.337	0.103	-1.67767	0	1.48707	1.71622	0	1.99935	0	0	0	
99.11	0.337	0.103	-1.66019	0	1.50677	1.80792	0	1.91613	0	0	0	
99.12	0.337	0.103	-1.64211	0	1.52593	1.80792	0	1.91613	0	0	0	
99.13	0.337	0.103	-1.62403	0	1.54509	1.80792	0	1.91613	0	0	0	
99.14	0.337	0.103	-1.60595	0	1.56425	1.80792	0	1.91613	0	0	0	
99.15	0.337	0.103	-1.58756	0	1.5831	1.89557	0	1.82872	0	0	0	
99.16	0.337	0.103	-1.5686	0	1.60139	1.89557	0	1.82872	0	0	0	
99.17	0.337	0.103	-1.54965	0	1.61968	1.89557	0	1.82872	0	0	0	
99.18	0.337	0.103	-1.53069	0	1.63797	1.89557	0	1.82872	0	0	0	
99.19	0.337	0.103	-1.51144	0	1.65593	1.97899	0	1.73733	0	0	0	
99.2	0.337	0.103	-1.49165	0	1.6733	1.97899	0	1.73733	0	0	0	
99.21	0.337	0.103	-1.47186	0	1.69068	1.97899	0	1.73733	0	0	0	
99.22	0.337	0.103	-1.45207	0	1.70805	1.97899	0	1.73733	0	0	0	
99.23	0.337	0.103	-1.432	0	1.72509	2.05799	0	1.64216	0	0	0	
99.24	0.337	0.103	-1.41142	0	1.74151	2.05799	0	1.64216	0	0	0	
99.25	0.337	0.103	-1.39084	0	1.75793	2.05799	0	1.64216	0	0	0	
99.26	0.337	0.103	-1.37026	0	1.77435	2.05799	0	1.64216	0	0	0	
99.27	0.337	0.103	-1.34942	0	1.79043	2.13241	0	1.54342	0	0	0	
99.28	0.337	0.103	-1.3281	0	1.80586	2.13241	0	1.54342	0	0	0	
99.29	0.337	0.103	-1.30677	0	1.82129	2.13241	0	1.54342	0	0	0	
99.3	0.337	0.103	-1.28545	0	1.83673	2.13241	0	1.54342	0	0	0	
99.31	0.337	0.103	-1.26388	0	1.8518	2.20208	0	1.44134	0	0	0	
99.32	0.337	0.103	-1.24186	0	1.86622	2.20208	0	1.44134	0	0	0	
99.33	0.337	0.103	-1.21984	0	1.88063	2.20208	0	1.44134	0	0	0	
99.34	0.337	0.103	-1.19782	0	1.89504	2.20208	0	1.44134	0	0	0	
99.35	0.337	0.103	-1.17557	0	1.90908	2.26686	0	1.33614	0	0	0	
99.36	0.337	0.103	-1.1529	0	1.92245	2.26686	0	1.33614	0	0	0	
99.37	0.337	0.103	-1.13023	0	1.93581	2.26686	0	1.33614	0	0	0	
99.38	0.337	0.103	-1.10756	0	1.94917	2.26686	0	1.33614	0	0	0	
99.39	0.337	0.103	-1.08468	0	1.96215	2.32661	0	1.22805	0	0	0	
99.4	0.337	0.103	-1.06142	0	1.97443	2.32661	0	1.22805	0	0	0	
99.41	0.337	0.103	-1.03815	0	1.98671	2.32661	0	1.22805	0	0	0	
99.42	0.337	0.103	-1.01488	0	1.99899	2.32661	0	1.22805	0	0	0	
99.43	0.337	0.103	-0.991426	0	2.01088	2.3812	0	1.11733	0	0	0	
99.44	0.337	0.103	-0.967614	0	2.02205	2.3812	0	1.11733	0	0	0	
99.45	0.337	0.103	-0.943802	0	2.03323	2.3812	0	1.11733	0	0	0	
99.46	0.337	0.103	-0.91999	0	2.0444	2.3812	0	1.11733	0	0	0	
99.47	0.337	0.103	-0.896004	0	2.05517	2.43052	0	1.00421	0	0	0	
99.48	0.337	0.103	-0.871699	0	2.06522	2.43052	0	1.00421	0	0	0	
99.49	0.337	0.103	-0.847393	0	2.07526	2.43052	0	1.00421	0	0	0	
99.5	0.337	0.103	-0.823088	0	2.0853	2.43052	0	1.00421	0	0	0	
99.51	0.337	0.103	-0.798628	0	2.09494	2.47446	0	0.888951	0	0	0	
99.52	0.337	0.103	-0.773883	0	2.10383	2.47446	0	0.888951	0	0	0	
99.53	0.337	0.103	-0.749139	0	2.11272	2.47446	0	0.888951	0	0	0	
99.54	0.337	0.103	-0.724394	0	2.1216	2.47446	0	0.888951	0	0	0	
99.55	0.337	0.103	-0.699514	0	2.13008	2.51293	0	0.7718	0	0	0	
99.56	0.337	0.103	-0.674385	0	2.1378	2.51293	0	0.7718	0	0	0	
99.57	0.337	0.103	-0.649255	0	2.14552	2.51293	0	0.7718	0	0	0	
99.58	0.337	0.103	-0.624126	0	2.15323	2.51293	0	0.7718	0	0	0	
99.59	0.337	0.103	-0.598881	0	2.16053	2.54585	0	0.653021	0	0	0	
99.6	0.337	0.103	-0.573422	0	2.16706	2.54585	0	0.653021	0	0	0	
99.61	0.337	0.103	-0.547964	0	2.17359	2.54585	0	0.653021	0	0	0	
99.62	0.337	0.103	-0.522505	0	2.18012	2.54585	0	0.653021	0	0	0	
99.63	0.337	0.103	-0.49695	0	2.18623	2.57316	0	0.532876	0	0	0	
99.64	0.337	0.103	-0.471218	0	2.19156	2.57316	0	0.532876	0	0	0	
99.65	0.337	0.103	-0.445487	0	2.19689	2.57316	0	0.532876	0	0	0	
99.66	0.337	0.103	-0.419755	0	2.20222	2.57316	0	0.532876	0	0	0	
99.67	0.337	0.103	-0.393947	0	2.20712	2.59481	0	0.41163	0	0	0	
99.68	0.337	0.103	-0.367999	0	2.21123	2.59481	0	0.41163	0	0	0	
99.69	0.337	0.103	-0.342051	0	2.21535	2.59481	0	0.41163	0	0	0	
99.7	0.337	0.103	-0.316103	0	2.21947	2.59481	0	0.41163	0	0	0	
99.71	0.337	0.103	-0.290099	0	2.22315	2.61074	0	0.28955	0	0	0	
99.72	0.337	0.103	-0.263991	0	2.22605	2.61074	0	0.28955	0	0	0	
99.73	0.337	0.103	-0.237884	0	2.22894	2.61074	0	0.28955	0	0	0	
99.74	0.337	0.103	-0.211777	0	2.23184	2.61074	0	0.28955	0	0	0	
99.75	0.337	0.103	-0.185633	0	2.2343	2.62093	0	0.166906	0	0	0	
99.76	0.337	0.103	-0.159424	0	2.23597	2.62093	0	0.166906	0	0	0	
99.77	0.337	0.103	-0.133215	0	2.23764	2.62093	0	0.166906	0	0	0	
99.78	0.337	0.103	-0.107006	0	2.23931	2.62093	0	0.166906	0	0	0	
99.79	0.337	0.103	-0.0807806	0	2.24054	2.62536	0	0.0439669	0	0	0	
99.8	0.337	0.103	-0.0545271	0	2.24098	2.62536	0	0.0439669	0	0	0	
99.81	0.337	0.103	-0.0282735	0	2.24142	2.62536	0	0.0439669	0	0	0	
99.82	0.337	0.103	-0.0020199	0	2.24186	2.62536	0	0.0439669	0	0	0	
99.83	0.337	0.103	0.024229	0	2.24187	2.62403	0	-0.0789975	0	0	0	
99.84	0.337	0.103	0.0504693	0	2.24108	2.62403	0	-0.0789975	0	0	0	
99.85	0.337	0.103	0.0767096	0	2.24029	2.62403	0	-0.0789975	0	0	0	
99.86	0.337	0.103	0.10295	0	2.2395	2.62403	0	-0.0789975	0	0	0	
99.87	0.337	0.103	0.129165	0	2.23828	2.61695	0	-0.201717	0	0	0	
99.88	0.337	0.103	0.155335	0	2.23626	2.61695	0	-0.201717	0	0	0	
99.89	0.337	0.103	0.181504	0	2.23424	2.61695	0	-0.201717	0	0	0	
99.9	0.337	0.103	0.207674	0	2.23222	2.61695	0	-0.201717	0	0	0	
99.91	0.337	0.103	0.233798	0	2.22978	2.60413	0	-0.323924	0	0	0	
99.92	0.337	0.103	0.259839	0	2.22654	2.60413	0	-0.323924	0	0	0	
99.93	0.337	0.103	0.285881	0	2.2233	2.60413	0	-0.323924	0	0	0	
99.94	0.337	0.103	0.311922	0	2.22006	2.60413	0	-0.323924	0	0	0	
99.95	0.337	0.103	0.337898	0	2.21639	2.58562	0	-0.44535	0	0	0	
99.96	0.337	0.103	0.363754	0	2.21194	2.58562	0	-0.44535	0	0	0	
99.97	0.337	0.103	0.38961	0	2.20748	2.58562	0	-0.44535	0	0	0	
99.98	0.337	0.103	0.415467	0	2.20303	2.58562	0	-0.44535	0	0	0	
99.99	0.337	0.103	0.441238	0	2.19815	2.56146	0	-0.56573	0	0	0	
100	0.337	0.103	0.466852	0	2.19249	2.56146	0	-0.56573	0	0	0	
100.01	0.337	0.103	0.492467	0	2.18684	2.56146	0	-0.56573	0	0	0	
100.02	0.337	0.103	0.518081	0	2.18118	2.56146	0	-0.56573	0	0	0	
100.03	0.337	0.103	0.543591	0	2.1751	2.5317	0	-0.684802	0	0	0	
100.04	0.337	0.103	0.568908	0	2.16825	2.5317	0	-0.684802	0	0	0	
100.05	0.337	0.103	0.594225	0	2.16141	2.5317	0	-0.684802	0	0	0	
100.06	0.337	0.103	0.619542	0	2.15456	2.5317	0	-0.684802	0	0	0	
100.07	0.337	0.103	0.644734	0	2.1473	2.49642	0	-0.802306	0	0	0	
100.08	0.337	0.103	0.669699	0	2.13927	2.49642	0	-0.802306	0	0	0	
100.09	0.337	0.103	0.694663	0	2.13125	2.49642	0	-0.802306	0	0	0	
100.1	0.337	0.103	0.719627	0	2.12323	2.49642	0	-0.802306	0	0	0	
100.11	0.337	0.103	0.744447	0	2.1148	2.4557	0	-0.917987	0	0	0	
100.12	0.337	0.103	0.769004	0	2.10562	2.4557	0	-0.917987	0	0	0	
100.13	0.337	0.103	0.793561	0	2.09644	2.4557	0	-0.917987	0	0	0	
100.14	0.337	0.103	0.818118	0	2.08726	2.4557	0	-0.917987	0	0	0	
100.15	0.337	0.103	0.842513	0	2.07768	2.40963	0	-1.03159	0	0	0	
100.16	0.337	0.103	0.866609	0	2.06736	2.40963	0	-1.03159	0	0	0	
100.17	0.337	0.103	0.890705	0	2.05704	2.40963	0	-1.03159	0	0	0	
100.18	0.337	0.103	0.914802	0	2.04673	2.40963	0	-1.03159	0	0	0	
100.19	0.337	0.103	0.938717	0	2.03602	2.35832	0	-1.14288	0	0	0	
100.2	0.337	0.103	0.9623	0	2.02459	2.35832	0	-1.14288	0	0	0	
100.21	0.337	0.103	0.985883	0	2.01316	2.35832	0	-1.14288	0	0	0	
100.22	0.337	0.103	1.00947	0	2.00173	2.35832	0	-1.14288	0	0	0	
100.23	0.337	0.103	1.03285	0	1.98992	2.30189	0	-1.2516	0	0	0	
100.24	0.337	0.103	1.05587	0	1.9774	2.30189	0	-1.2516	0	0	0	
100.25	0.337	0.103	1.07889	0	1.96489	2.30189	0	-1.2516	0	0	0	
100.26	0.337	0.103	1.10191	0	1.95237	2.30189	0	-1.2516	0	0	0	
100.27	0.337	0.103	1.12471	0	1.93948	2.24046	0	-1.35753	0	0	0	
100.28	0.337	0.103	1.14711	0	1.92591	2.24046	0	-1.35753	0	0	0	
100.29	0.337	0.103	1.16952	0	1.91233	2.24046	0	-1.35753	0	0	0	
100.3	0.337	0.103	1.19192	0	1.89876	2.24046	0	-1.35753	0	0	0	
100.31	0.337	0.103	1.21409	0	1.88482	2.17418	0	-1.46043	0	0	0	
100.32	0.337	0.103	1.23584	0	1.87021	2.17418	0	-1.46043	0	0	0	
100.33	0.337	0.103	1.25758	0	1.85561	2.17418	0	-1.46043	0	0	0	
100.34	0.337	0.103	1.27932	0	1.84101	2.17418	0	-1.46043	0	0	0	
100.35	0.337	0.103	1.30081	0	1.82605	2.10318	0	-1.56009	0	0	0	
100.36	0.337	0.103	1.32184	0	1.81045	2.10318	0	-1.56009	0	0	0	
100.37	0.337	0.103	1.34287	0	1.79485	2.10318	0	-1.56009	0	0	0	
100.38	0.337	0.103	1.36391	0	1.77925	2.10318	0	-1.56009	0	0	0	
100.39	0.337	0.103	1.38467	0	1.76331	2.02765	0	-1.65628	0	0	0	
100.4	0.337	0.103	1.40495	0	1.74674	2.02765	0	-1.65628	0	0	0	
100.41	0.337	0.103	1.42522	0	1.73018	2.02765	0	-1.65628	0	0	0	
100.42	0.337	0.103	1.4455	0	1.71362	2.02765	0	-1.65628	0	0	0	
100.43	0.337	0.103	1.4655	0	1.69673	1.94773	0	-1.74881	0	0	0	
100.44	0.337	0.103	1.48497	0	1.67924	1.94773	0	-1.74881	0	0	0	
100.45	0.337	0.103	1.50445	0	1.66175	1.94773	0	-1.74881	0	0	0	
100.46	0.337	0.103	1.52393	0	1.64426	1.94773	0	-1.74881	0	0	0	
100.47	0.337	0.103	1.54311	0	1.62646	1.86361	0	-1.83747	0	0	0	
100.48	0.337	0.103	1.56174	0	1.60809	1.86361	0	-1.83747	0	0	0	
100.49	0.337	0.103	1.58038	0	1.58971	1.86361	0	-1.83747	0	0	0	
100.5	0.337	0.103	1.59902	0	1.57134	1.86361	0	-1.83747	0	0	0	
100.51	0.337	0.103	1.61734	0	1.55267	1.77548	0	-1.92208	0	0	0	
100.52	0.337	0.103	1.6351	0	1.53345	1.77548	0	-1.92208	0	0	0	
100.53	0.337	0.103	1.65285	0	1.51422	1.77548	0	-1.92208	0	0	0	
100.54	0.337	0.103	1.67061	0	1.495	1.77548	0	-1.92208	0	0	0	
100.55	0.337	0.103	1.68804	0	1.4755	1.68354	0	-2.00245	0	0	0	
100.56	0.337	0.103	1.70487	0	1.45547	1.68354	0	-2.00245	0	0	0	
100.57	0.337	0.103	1.72171	0	1.43545	1.68354	0	-2.00245	0	0	0	
100.58	0.337	0.103	1.73854	0	1.41543	1.68354	0	-2.00245	0	0	0	
100.59	0.337	0.103	1.75504	0	1.39513	1.58798	0	-2.07841	0	0	0	
100.6	0.337	0.103	1.77092	0	1.37435	1.58798	0	-2.07841	0	0	0	
100.61	0.337	0.103	1.7868	0	1.35357	1.58798	0	-2.07841	0	0	0	
100.62	0.337	0.103	1.80268	0	1.33278	1.58798	0	-2.07841	0	0	0	
100.63	0.337	0.103	1.81821	0	1.31175	1.48902	0	-2.1498	0	0	0	
100.64	0.337	0.103	1.8331	0	1.29025	1.48902	0	-2.1498	0	0	0	
100.65	0.337	0.103	1.84799	0	1.26875	1.48902	0	-2.1498	0	0	0	
100.66	0.337	0.103	1.86288	0	1.24725	1.48902	0	-2.1498	0	0	0	
100.67	0.337	0.103	1.87741	0	1.22552	1.38687	0	-2.21648	0	0	0	
100.68	0.337	0.103	1.89128	0	1.20335	1.38687	0	-2.21648	0	0	0	
100.69	0.337	0.103	1.90515	0	1.18119	1.38687	0	-2.21648	0	0	0	
100.7	0.337	0.103	1.91902	0	1.15902	1.38687	0	-2.21648	0	0	0	
100.71	0.337	0.103	1.93251	0	1.13664	1.28177	0	-2.2783	0	0	0	
100.72	0.337	0.103	1.94533	0	1.11386	1.28177	0	-2.2783	0	0	0	
100.73	0.337	0.103	1.95815	0	1.09107	1.28177	0	-2.2783	0	0	0	
100.74	0.337	0.103	1.97097	0	1.06829	1.28177	0	-2.2783	0	0	0	
100.75	0.337	0.103	1.9834	0	1.04531	1.17394	0	-2.33513	0	0	0	
100.76	0.337	0.103	1.99514	0	1.02196	1.17394	0	-2.33513	0	0	0	
100.77	0.337	0.103	2.00688	0	0.998605	1.17394	0	-2.33513	0	0	0	
100.78	0.337	0.103	2.01862	0	0.975254	1.17394	0	-2.33513	0	0	0	
100.79	0.337	0.103	2.02997	0	0.95172	1.06363	0	-2.38685	0	0	0	
100.8	0.337	0.103	2.04061	0	0.927852	1.06363	0	-2.38685	0	0	0	
100.81	0.337	0.103	2.05125	0	0.903984	1.06363	0	-2.38685	0	0	0	
100.82	0.337	0.103	2.06188	0	0.880115	1.06363	0	-2.38685	0	0	0	
100.83	0.337	0.103	2.07212	0	0.856083	0.951061	0	-2.43335	0	0	0	
100.84	0.337	0.103	2.08163	0	0.831749	0.951061	0	-2.43335	0	0	0	
100.85	0.337	0.103	2.09114	0	0.807415	0.951061	0	-2.43335	0	0	0	
100.86	0.337	0.103	2.10065	0	0.783082	0.951061	0	-2.43335	0	0	0	
